Sequences,Secondary structure,Scores
AGGGTGTCTTTATACTAGCAGTCGATAACT,.((.((.((.......)))).)).......,120.83022315202231
CGTTTAAGTGAGTTCGTTACTTGAGATCTG,..(((((((((.....))))))))).....,120.17032775453278
TTAATTGATACCGCGGACTATCCAGCAAAA,............(((((...))).))....,119.0491910739191
TGCGTTGAAACTTTTACGTCGTATGAGATC,.((((..........))))...........,116.08624825662483
CCGGACAATATGATGTCAAAGCTGTCGCTC,...((((......))))..(((....))).,106.63958856345886
CACAAGTAAAGAGTTAGGGTTAATTTCTTT,.......(((((((((....))).)))))),106.05535564853557
CGCTAACATTTTGGGGTCAGACTGTCTCTC,.....(((.((((....)))).))).....,105.00918410041841
CTATTAGAGCTAAATGTTGTAATGCACGTG,.(((((.(((.....))).)))))......,102.3571408647141
AGTGTATTTTATACTATCTCTAGTAATACA,..(((((....(((((....)))))))))),100.5773640167364
AATGGGCTGTTTGATAATTTCGTTTGGCGT,.....(((...(((.....)))...)))..,99.5960529986053
GTATTAAATTTAAATGTGGGATTATTCGTA,................((.((....)).)),99.33036262203626
GTAAATGTTAGAATAGTTAGCCTTTAAGAA,.((((.(((((.....))))).))))....,99.24723849372386
TTAATGTCATTTAAATTAATGGCATAAAGT,...((((((((......)))))))).....,98.89636680613668
TCATATCTTATTAATTTATTATGTGCGTTT,.(((((..((......))..))))).....,97.74514644351464
TTATTTGACTGGAAATGTAAAGTATCTAGG,........(((((.((.....)).))))).,97.73624128312413
CTCGTATTTGGTTAGTTGTTGTAGCACGGG,(((((.....((((.......))))))))),97.6960529986053
TTACATTATTCTGCGCACATATGCAGATAT,.........((((((......))))))...,97.64570432357044
TTTTATTATACTGTATAGTGAGATTTTTTC,((((((((((...)))))))))).......,97.31770571827056
TAAATGTATACATTGCGATTATCCGCAAAA,............(((((......)))))..,97.27555090655508
GGTGTCATTTTGTACTATGACGTAGATGAT,...((((((((((......))).))))))),97.24723849372386
AAATAGTATTGGGGTATTGGGTCTTTTGTC,...((((((....))))))...........,97.11350767085077
CTACTTAGAGGTTAATTTTTGAATTAGGGG,(((.((((((......))))))..)))...,96.88768479776847
AAAGTCTGTTTGTTGATTATCAATTGCCGC,..((((........))))............,96.78894002789401
TCTACTGTTATATATATGTGGAGATTTCAT,((((((((.....))).)))))........,96.73159693165968
ATTGGGTTTTTATAATGCTTTCGTTCTGAC,...(.(((.....))).)............,96.69437935843793
AGATTAGGAATAGGCCCTATATGTAAGTTC,....((((.......))))...........,96.46130404463041
ATATAATTTAATACTATGTTGAGTTACGAT,...((((((((((...))))))))))....,96.4473570432357
AATGGGGAATATAATGGTTATTGTTTGTTG,((((((.((((.......)))).)))))).,96.40798465829846
AATAGGGTTTGACTGACTTTTTTAGCGTCG,...((((((.....))))))..........,96.40442119944211
TTTTTTGAATCTGTTAGTAAGAATTTTTAT,.........(((.......)))........,96.18688284518828
TTCTTTTAAAATTTAATTTTAAGACAAGGC,...(((((((((...)))))))))......,96.0756450488145
TTTATGGATTTACATATAACGTACATGAAT,..((((......))))..............,95.96596234309624
TTGTTTGGTTTACAGGGCCGGCCGTATGGT,.....((((((...))))))(((....))),95.96357740585773
ACATAAACGTTGGAAGCCTTTTAAGGCGAT,...............((((....))))...,95.95504881450489
GGGTCATATTGCCAGCTAGGCTTACGCCAA,.(((......(((.....)))....)))..,95.95253835425385
CTTAAGTTATGGTTATGATTAAGTTATTGT,(((((.((((....))))))))).......,95.84587168758716
CGTCTTGATATGATTACGTGTTATTAGATG,((((((((((((....)))))))..))))),95.83624825662481
TGCTTATGTTAAGTTTTAATTTTAGTTAAG,.(((...(((((...)))))...)))....,95.83127615062762
CTATACTTTCATACCTGTGGTATAGTTCAT,(((((((..((....)).))))))).....,95.81988145048814
CATTTATGGATTTGGTTATATCTAAAACAT,......(((((........)))))......,95.73235006973502
TATTTAATTTGACTTGTTAAATTTTAAGAT,.(((((((.......)))))))........,95.72534867503487
AAAGAGGTATTAATTGGTTTTGTTTGTTGG,..((((.((.....)).)))).........,95.5650278940028
ATAAATGGCTTAGATAGTTCATTAACATAC,...(((((((.....)).))))).......,95.4684379358438
AAGCTAAATTTAATGTATTCTTTATATTAG,..........(((((((.....))))))).,95.4613179916318
TAAATATAACTTAGTTTTAAGTTACTATTA,..(((((((((((....))))))).)))).,95.4597489539749
TTGTATTTTACATTTAAATACTGTACATGT,..((((((.......)))))).........,95.3626150627615
GGTGAATAATGGGGTTCGACCTTATCGTTA,....(((.(((((((...))))))).))).,95.32673640167364
TCTGTGCTGTTGGGTATTATCATTCGAAGT,...(((((....))))).............,95.27847977684799
CTATCCGTGCTAAACGTTTGGAATGTCAGA,...((((.((.....)).))))........,95.21781032078104
ATAATATTATCTTGAATGCTTTGAAAGTAC,................(((((...))))).,95.2162761506276
TTGATTGTTTACATTATAATGATCAAAATT,(((((((((........)))))))))....,95.15089958158995
AATGGAGTGTGGGATAGAATTTTTTGACCG,......(.((.(((........))).))).,95.10567642956764
TTTTAGTTTTAAATGTTAATTGAAGATAAG,((((((((.........)))))))).....,94.99332287308229
AAAGTATTGGGTCTGTAGTTGGGTAGATTG,.........((((((........)))))).,94.89914225941422
CGTTATTTAAGTTTTGTGTAGTTTAGATTG,....(((((((((......)))))))))..,94.89696652719665
TACAAATTACATTAATGAAAAATGTGTTTA,....((.((((((.......)))))).)).,94.79382147838216
TGGTTATACTGTTATTTACGTATGAGTCGC,.(.((((((.((.....)))))))).)...,94.78422594142259
CTGATAATTTCAGAACCATATGATATGTTC,((((.....)))).................,94.71151324965133
AATTGATTGTTTCAGTGTAATCTAAGTGTT,.(((((.....)))))..............,94.6399930264993
GGGCATATATGCCGTACGATCTTACCTCTA,.((((....)))).................,94.49089260808927
TGAATAGTTTAACTTTTATGAGTATAGGTC,...........((((....)))).......,94.48834030683403
TTTTAGGGTAATAATTTAATTATGCTATTA,...(((.(((((......))))).)))...,94.44306933652122
TGTTTCAGAGTAATTTTTAACTTAAATTTT,.......((((........)))).......,94.37935146443515
AAAATTATTATGGCTGTCTCTGTCTTTATT,...........(((.......)))......,94.3418479776848
AATACTTCATAGTGTAGTGTAGTTCGTTTT,.(((((....)))))...............,94.30300557880055
CTATTAATGTTAAACGATTGGACAGTACGT,.......((((.........))))......,94.2076290097629
TGCTTTAAAATTCTAATTCTGAATATGAGC,.((((....((((.......))))..)))),94.18645746164574
TTTAATAAAGTGTATTATTACGCTCTTGCA,........((((((....))))))......,94.00186590954374
TAGTAAGTATAGTCGTATAGTTGCTTACAG,.(((((.((((....)))).))))).....,93.98471408647141
ATTATATTTTGTTAATTTTGATGAACTAGG,.......(((((((....))))))).....,93.90509762900976
GTGTATACTTACGTGGTAAGTTCGGTAATA,......((((((...)))))).........,93.83324965132496
TATTAGGTAGGACACTATTATAGGTAATTC,.....(((((....)))))...........,93.82936541143654
CTGATAGTTCTAACCTTTGCTATGCAGCTG,((((((((..........))))).)))...,93.80735006973501
GGGATATCCAGTATCGATGTTCACCCTTCT,.(((((((.......)))))))........,93.77624825662483
CTGTCAGATGTAGATCTAGTAATGCATAAT,.......(((((..........)))))...,93.76174337517435
TTGATTAGGTGAACGTGTAATGCCTTCGTC,..(((.((((...........))))..))),93.75297768479777
TAAATTTTGTTTTATCCTAATTGGGGTAAG,...........(((((((....))))))).,93.746059972106
ATTTGGAAGTTGTTGTTTCTTGAGTTTCTG,....((((.(((........))).))))..,93.6647489539749
GCATTTAATTGGAATTTCAGTAATCTAAAC,.......(((((....))))).........,93.66098326359833
AGATTTTGATGGCTGGGTCTATGATTTAGT,...........((((((((...)))))))),93.64059274755928
ATGATATTTCATATCTAAGGTCTAGTTTGG,((((....))))..(((((......))))),93.59672942817295
TTATTTGGTGAACATGGTCGAAAGCCTAGG,...............(((.....)))....,93.5607880055788
TAACAAAAGATTTTAGATCGTCTTTTTTGA,....(((((((........)))))))....,93.55141562064156
CTTTGATTAATTTACGTTAGTCTTATGTGA,....(((((((....)))))))........,93.49630703327357
TCCCTTAGTTTTAATATTACTTAAACTAAG,...((((((((...........)))))))),93.49393305439331
CGTAAGTGTTTTCAAAGCACTGATTTAAGT,....(((((((...))))))).........,93.47407949790795
TTTTTGACGTATATTGTAAGTTAATATATG,.......(((((((((.....))))))))),93.41867154811715
GGTCATACCATCGTACATAATTTACAGCTA,(((...))).....................,93.40274755927476
TAGCATGGTAAGAATGTTTTAAGTTTTTTT,.(((((.......)))))............,93.34643753735804
GATAAATAATGGATTTGTACAGTTTGTCAG,(((((((..((........)))))))))..,93.34580195258019
GGAAACATTATAACTTTTGGTATTGTTCAC,(..((((.(((........))).))))..),93.30119246861926
ATAATAGTATCCCAGGTTGCTTTCTAGTAC,.....((((.(....).)))).........,93.26216178521618
CGGTACTGACGTCGGTTATTTAGATGTCTG,.......((((((.........))))))..,93.25066248256624
ATAAAAGTTAGGTAGACCCTTTCAAGGTAC,......(..(((.....)))..).......,93.24124128312413
GTGGAGATAGTTTTATAAATTGTCACAGAA,.((..((((((((...)))))))).))...,93.21723152022315
GATCGAAGTATAAAAGATTGGTTAATCTTT,............(((((((....))))))),93.10800557880054
GTAAGTGTTTGTTTAAAGAGGCTTTAGAAT,..((((.(((......))).))))......,93.08122733612274
TTTTATCAGAATGTGGAACGTAAGATTTTG,......((((((.(........).)))))),93.06233612273363
GCCATGTTCACTTATGTTTTTAGTTTAATA,..((((......))))..............,93.03443514644351
GTTTATACGAGACGTTATTTCTTGTTAATA,......((((((.......)))))).....,92.97006973500697
TATATGGATTTATCCATTTTACGAAGAAAA,...(((((....))))).............,92.93988145048814
TATATATTTAGCTCGTTTGGTATCTACGAG,...........(((((.........))))),92.91734907352063
TTAAGTTAGATTTTAATTGTAATTAGCTAG,...((((.((((........))))))))..,92.90974546722454
GATGAAGGAATGGACGTTAATGTAAGGTCG,............(((.(((...))).))).,92.8633960948396
TTTAATTTTATCCAACGCTATGGAAGTTTC,..........((((......))))......,92.79579497907949
TCAATTAGTTAGATATTAGTTAGTCTTTGA,..(((((((.....))))))).........,92.71358139071528
TTCGTCAAGTACCATCTATTTGATTGTTGA,...((((((((.....))))))))......,92.68756624825662
TATAATGATTTATGGTGTGGGTGTATTATT,.((((((((((((...)))))).)))))).,92.66646443514644
TTTTGTACGTATAAATTATTAATATGGGCG,....((.(((((.........))))).)).,92.63091552102013
AGTGTATACTTGGTGTGTAAGGGTTCACTT,((((....((((.....))))....)))).,92.52404463040446
TAATTATAACGGTCTTACAGTTGCTGTCAT,........((((.(........)))))...,92.51707112970712
AAATCATATGGATTATTAGGGTCTGTCTCG,.......(((((((.....)))))))....,92.4768270571827
GTATATTGTTACAGGGGAACATACTGAAAA,...........(((.........)))....,92.45881450488145
TCGCATCGTATAGTAGTTGGCCTGTGCATT,.......((((((........))))))...,92.45281729428173
TTTTAATTTATTAAAGTTCATTAAAGGTCG,(((((((..((....))..)))))))....,92.42264644351464
CTTAATTTACATAATAAATTGGTACAAATG,.((((((((.....))))))))........,92.15215481171549
GAAGTCTATTTGACTTAGCCTCAGTTTATT,.(((((.....)))))..............,92.00516736401673
GGAGGTGATTTGATTACGGCATATGTGATC,...........(((((((.....))))))),91.98987447698744
ATAGGATTTAAATAGTGTATCAAAATTATC,...........(((((........))))).,91.96774058577405
GTATCCTTTGGCATTCGAGTGGTAGGGTAT,(((((((.(.((......)).).))))))),91.88166666666666
CGCAGTGAGCAACTGTTTTGACTTTTTTAG,.(((((.....)))))..............,91.86636182506476
TGGTATGACAAGCACTCTTGTTTTGGAATA,......((((((....))))))........,91.84960948396095
ATTATATAGGATCTTACAGTTGTGATGATT,.........((((((((....)))).)))),91.8365969316597
TCTATAGATTATTCGTATGATATTTATTAG,.......(((((....))))).........,91.80047320183303
TGTGTGACGCTATACATGATAGCGTTGAAT,.....((((((((.....))))))))....,91.7705648535565
TATATGGAGTTATTTGTAACTAAACATATC,.(((((.(((((....)))))...))))).,91.74978382147839
CCCGATAGTTACCGTTCAATCTTATGTCTA,...((((.................))))..,91.72492329149233
GTGTATATTTAACAGTGGGTATTTGGTATT,....(((((((....)))))))........,91.6765550906555
AATGTCATTAAAAATGGTTTAGGCCTTCAG,...............(((....))).....,91.63824965132497
CAGAGTGGTAATGTTTATAGCTGTTTTTAT,(((.((((......))))..))).......,91.62978083283524
GTTGGTTAAAATTAACGTTTTGAATCTAAT,((((((((((((....)))))))..))))),91.58399581589958
AGTATAGGTTGGCCAATATGTGCAAGGTTA,.(((((.(((....))).))))).......,91.53034170153417
GTAGGTGATATAATGGTTTTAGTCAATACG,(((..((((.(((.....))))))).))).,91.51091352859135
GTTTAGTTCTTTTAAAGAAAGAGTAGAAAC,.((((.(((((((...)))))))))))...,91.43684797768479
TTTTATATCTAATAGATAATTTCATCTTAA,.....(((((...)))))............,91.386902769476
AAATTATGGTTATATATAAACATTGGAGAT,...(((((......)))))...........,91.3308158995816
AGATTAGTAATTGTACCTTACTGCTACGTT,....((((((.......)))))).......,91.32671548117155
TTGTTGACAAACTTGTATGACATATGTTTA,.((((.(((....)))..))))........,91.31543933054394
TTTTGTACTAATGAATTACTTAGTCTTTCA,......(((((........)))))......,91.30939729029689
GGGTTGTTAAATTCAGTAGCTGAAAAAGCC,(((((....)))))....(((.....))).,91.25811715481171
TTTTTCAAGTGTCTTTTTACATGAGATTGA,..(((((.(((......))).)))))....,91.22137377963737
GTAGTTATTTAACGGTCTAGTTGCTGTAAC,...(((((.((((......))))..))))),91.20493723849373
GAGTTGTATAAGTTTAAATGCTGACTTTTA,(((((((((........)))).)))))...,91.18835823869297
ATTATTAGGCTGCTCCTATGTGTAGGTATT,.......(.((((........)))).)...,91.12336820083682
CGTGCTTAATTGAGTTATTGACTTATATAT,..........((((((...)))))).....,91.11663179916319
TTTTGTGTGGGTTCGAAGTTGAGATCCTAG,.......((((.((........)).)))).,91.10840306834031
GATTTCGTGTAATGATACTTATTATGTTAA,........(((((((...))))))).....,91.07855449292688
ACATTACGGATTGGCCGTCTATGGTAGTAA,.(((.((((.....))))..))).......,91.03187587168759
AGAAATAGGTATGGCTGTATACTGGTCTTT,(((....((((((....))))))..)))..,91.01221059972106
TTATATTCTAATTGTGTAATTGTATTATGA,((((((.......))))))...........,91.00221408647141
TGGCTCGTATTGAGCCGTATCCAAACTGTA,.(((((.....)))))..............,90.98315202231521
ATAAAATAGTATGTATAACGTAAAACTATG,.....(((((((((...))))...))))).,90.97586471408647
GATAAGGAATACCTATAATGGAACCGCCTC,....(((....((......)).....))).,90.95544630404463
TATAATGAATGTATTATGTAGTATTCTTAT,(((((((....)))))))............,90.9249591552102
TTGAATTAATATGTGTTAAGATCTGTAAAT,..((.(((((....)))))..)).......,90.90375174337518
ACTGCCTTTCTACAAGAACAGTTCGTTAAT,((((...((((...))))))))........,90.89577405857742
TTTTTGTCATCAAGTATAATTGAGACAATC,...(((((.((((......)))))))))..,90.84084728033473
AGAGAGCAATGCTTTATAAAGTCACCGACA,..(((((...))))).....(((...))).,90.83996513249652
TCGTTTTGAATTAAATTGTTGATTGGATCG,.....((.((((((....)))))).))...,90.8002789400279
TGATGAAACTGTTACGGAGTATTATGAATA,(.((((.(((.......))).)))).)...,90.77885634588563
CTTTTTTGTTTTAAGGTGTTATGATCTGAG,.............((((......))))...,90.74658298465829
GTTATCAGGACGTGAGTTCGTATATTTTTG,.......((((....))))...........,90.73444211994422
GCGTAGAGCATTTTAAGCTGATTAAAAAGA,((.....)).((((((.....))))))...,90.72624825662483
CCGTCTATTCATTGTGGAAAGTGGTAATAG,((((((((.....)))))...)))......,90.70221757322176
GAATAGAATCGATATGTAGTCCTGTCGTAT,.........(((((........)))))...,90.68001394700138
TAAGATTCTAACGTTGTAATCAATTTTATA,........(((.((((....)))).)))..,90.67679916317992
ATAGCAAAATAAGTGTTTCATTTATGTAAC,........(((((((...))))))).....,90.66014644351465
TAAGTATTTAAATTTTGGTCGCATTACCAG,...............((((......)))).,90.61591452480573
CTTTCGATGGTTCATACAAGGAGTATGAAT,.........((((((((.....)))))))),90.50877963737796
GGGTTTAAATCTAGCCGAATCAAAACTATC,.((((.......))))..............,90.50867503486751
TACGACTACCAGAATATATGTTATTCCGCA,...........(((((.....)))))....,90.50707112970711
TGGATACTCTTATATGATAATTTAGGTAAT,(((((..((......))..)))))......,90.50486750348675
CGGTCACATATTGGTTATCGCTTTTTTTAT,((((.((......)).))))..........,90.4872624028691
TGATTAAGTGAGAATGTTATCTTGCATTGT,.......((((((......)))))).....,90.47255927475592
TTTCTGACATATGAATTATAATATTACAAT,.(((........)))...............,90.4712024307631
TTGATTAGGAACTGTTAAATGTTAGTTAAG,.........(((((........)))))...,90.44534518828452
ATAGTTAGAGCGGTCCCTGATCAGTTTATT,.......((((((((...)))).))))...,90.3375941422594
TACAAATAATCTGACCAATATTGGAGTATA,..............(((....)))......,90.33677824267782
TGATCGTTCAAAGGGAATTTTTAAAGATTA,(((..((((.....))))..))).......,90.32569037656904
CTGATTTGAAAGGTATTTCGTCGTTGAGTC,.((((..((((....)))))))).......,90.3128870292887
GTATTTGATTGGTTTCGGAATCTATGCCTT,((((..((((........)))).))))...,90.27493026499303
AAGCAAAGGTATAGATAATATTGTATAATA,........(((((........)))))....,90.245
CATATAAGTAGTTGGTATGTTTCTTGAGAG,(((((.........)))))...........,90.21942119944211
TTAACCTAAAATTTTTGAAATGCATTCATA,...............((((.....))))..,90.1755439330544
TTATAAGTACTTATAATTACATCGTGATTA,.............(((((((...))))))),90.16486650727236
GGAGTTTAATGTAGACATCAAATAATACTC,((.(((((...))))).))...........,90.14347280334728
CTTGGCTATCAATTGATGTATTTATATTAA,............(((((((....))))))),90.14202231520223
TAACCACAATTATATTTGACAATAATTCAT,.......((((((........))))))...,90.05099721059972
TGGTTGACAAAGGGACTTGTTGTAGGACTA,((((((((((......)))))....))))),89.96669456066945
AGAGGCAGTGTTTAAAATGTTAATGCACAA,.......((((((((....)))).))))..,89.94247559274756
TTGCTAGTATGAAGGAAATATTATATTTCA,..............((((((...)))))).,89.92888324367404
CGTTTATTAGTGTTGTTCTGAGGATATATG,.........(((((........)))))...,89.90533472803347
TCACTAGAGTTATCAAGAAATTTTACTATA,....(((((((.......))))))).....,89.88056485355648
TATATTTTCACTGGCTATTTTGAAAATAAG,..((((((((..........))))))))..,89.87601115760111
CGGTGGGCGCAAAACTTACAGTGCGAATAC,..(((..((((..........))))..))),89.85911436541144
AGAGGTAGAATTGTTATAATTCACTGAAAC,...(((.((((((...))))))))).....,89.84331241283124
TGTTATGCACTTTAAATATGACGAAGTATA,(((((((.........))))))).......,89.77168061366805
ATCTGTTACGAGGTGACATGTGAGATTTTG,...((((((...))))))............,89.75410739191074
GAAATAACTGATTTTATGAAAACCATATTA,..............((((.....))))...,89.74053695955371
AATTTTGTTTACAATGTCAATAAAATAATG,.((((((((.((...)).))))))))....,89.73443165969317
GGTTTTATCTAATTACTTATCTGAGTTTCA,..............((((....))))....,89.72661187487549
GATCTTGTATTAGTTTCGAGATCTGCTTTT,(((((((.........))))))).......,89.72541841004184
GTTGGTATACTATGGTGAGTTTGTGGAGTT,.........((((((.....))))))....,89.72425383542539
CGCTGGGGCAATTACAATATGCGAAGTTAG,.(((...(((.........)))..)))...,89.71727336122734
AGTATTAAATGGGGAACTAGGTGAATTTTG,....(((..(((....)))..)))......,89.70431659693166
TACGTTGATGTGAGTTTTGACATGTATTTG,.......((((........)))).......,89.65638075313808
CTTTATGGCTAGTTCATGTAATGTAAATTA,...(((((.....)))))............,89.59357740585773
TCGCAACAGTTTATTAGTAATACTGAAATC,......((((...........)))).....,89.57582287308229
TGAGTAAAGGTTATTTCATACTCTAACTAT,.(((((..((.....)).))))).......,89.57568340306834
TATTTAGTGGTTTAGTATTGTAGAGATCTG,....(((...((((......))))...))),89.56405160390516
TACGTTCTAATGTTATTTCGTAGTGTTTCA,((((..............))))........,89.56012452679816
TTCAATACTTATATGACTATATCTGTTATA,...........((((((.......)))))),89.5381659693166
TTAGTAGTACTCTAATATTAGTGGTTTTCA,(((.(((((......))))).)))......,89.52362323171947
AATTTATCAGAAGGTATAATAAGCTGTTAG,....((((....))))..............,89.49329846582985
TTCCTATATTTAACTACGATGGTTTGTGAG,..............(((((....)))))..,89.46881350866707
GTGAAGTCAATTAAAAATGGTGTCAGACCT,..................(((.....))).,89.44643189214318
CAGGATAAGGTTTAATGAGCCAGATTATAT,...(((..(((((...)))))..)))....,89.43330743175932
ATATAAGTGAGTTGCTACTGCAGAATCTCT,........(((((((....))))...))).,89.39557182705718
ATTATCTTGATACTCTGCTTTTAAGTTCAT,.....(((((..........))))).....,89.38375871687587
CATTTTACTAAAGTGTATTAGCGGTTTTTT,.........(((.(((....))).)))...,89.31196851962542
TGCTTGTGTAGTCTCAACGTGCGAATTGAG,(((.(((.........))).))).......,89.29216875871687
AAGATGATAAATGTAGAGTTTTGGTGTAAG,(((((..((....))..)))))........,89.27883542538353
TTTATTTACGATAGAACTGATACGTAAAAT,....((((((.((.......))))))))..,89.24281032078103
AAGGGTGTAACTGGACATGTTTATGGTGTG,(((.((((......)))).)))........,89.2176080892608
GGGAATATTTCTACGTCGCAAATTGGAATA,.....((((((.............)))))),89.20326359832636
TGTAATTTTTCGATACTTAAGTAGCTGTCA,...........((((((.....)).)))).,89.17090655509065
ATAGGTTAAGAATGAATATTAATGGTCTAG,.(((((((..(((....)))..))))))).,89.11119246861925
TTTTATTATTTAGACTGAAAAATTAAGTAA,.....((((((((.........)))))))),89.10720013947002
GTAATACTATCGCGGTATCTTCCGGTGTTA,.((((((.....(((......))))))))),89.07690376569037
TTTATCTAGAATTTGGGGGCCTACATTTTT,.......(((((.(((....))).))))).,88.98493026499303
TTTTAAGGTATTTAGATTCATTTAACTTAA,..(((((..................))))),88.98457112970712
TACGATGGCTGATTGTTCTTGTGTAGGAAT,(((((.(((.....))).))))).......,88.97339609483961
GATGCAGCGTTTAAAGCATGTTTTAAGTGG,...(((((.......)).))).........,88.87993723849372
CAGGTAATATTCATTAGTCTGTTTGTGTTA,((((((((....)))).)))).........,88.87789798764695
GGGTTAAGCTAGCCACGATTTCAAATATAT,.(((((...)))))................,88.8655090655509
TCAAGTTATACTTAATTAATTGGAGAAAAG,((.(((((........))))).))......,88.859850069735
AATTTTAGCTTTTAATTAGGATTGAGGAAC,...((((((((......))).)))))....,88.85148186889819
TCTTATTACTTAAATTAATCGGTAGTTATG,....((((((..........))))))....,88.84429916317993
TAATTCAAAATTATTTGGGGTACTTCAACA,...((((((....))))))...........,88.82589260808926
TCGTCTTATGTGGCTTCGTTAATTTGTTCG,..(((......)))................,88.80742677824267
CTATGTTTTACATGTTCATTAAAATAGTAG,((((((((((.........))))))).))),88.77520920502091
GAGAACGGTTATAAAGTTAACACCGCTACA,.....((((............)))).....,88.77246164574616
TAATGATGAAAAGATCTTTCAACTTTCATA,.....((((((.((....))...)))))).,88.74932357043235
TTTTATATTTAAAGGCTTTATGCTGAGAGG,.............(((.....)))......,88.73467573221757
GGAGCTGTGTGACAAATTGTTGGAAGACTA,......((.(..(((....)))..).))..,88.72569037656905
GTTATACATTTATGTTAGGTGTCTGCAAGT,((...(((((((...)))))))..))....,88.72340605698346
CTAGGAACATTGCGTGTGAAATTTTGAATA,......((((...)))).............,88.58795676429568
AGAGCAATGTTTTACTAAATAGTCTTAAAA,.(((...(((((....)))))..)))....,88.57943514644352
ATTATCACTTTCGGTGATATCTTAACAAGA,..(((((((...)))))))...........,88.55178521617853
CACAGAGAATGTATTATGGACTATTTTTCT,...((((((...............)))))),88.53021916716477
ATTCCTTTCTTGTTATTTCATAACGTATTA,...........(((((...)))))......,88.51412831241284
TTTGGATTGTCTATAGATTCGTATATGAGC,...(((((.......)))))..........,88.51310320781032
TTTGAGTTTCAATTATTGTTTAGTAATAAA,...........((((((....))))))...,88.47196652719666
TAACTGGTATTAAATCTTAATCATGTTAAG,((((..(.(((((...))))))..))))..,88.43964435146444
GATATATGTCGCTCTTTAGGGGTTATAGAA,......(((.(((((...))))).)))...,88.4392060171349
CCTTTGTTTAAATGCTAACTAAAGATTAGC,.(((((((........))).))))......,88.4160390516039
TATAAGCCTTAAACAAGTTTGCTTACGTAA,..((((((((....)))...))))).....,88.38670850767085
TTTTATGTGTAAACATTATATTACGTTATG,....((((....))))..............,88.37482566248256
TGGTCTAACTCAGGGCACTGTTTTAATACA,.....(((..(((....)))..))).....,88.34061366806137
TTTTCTCAGGTTTAAATTCAAATGAGAATG,..((((((..............))))))..,88.3069560669456
TTATGTTAGAATCTGTAAATTCACATTGTT,..((((..((((......))))))))....,88.29957461645746
TGCGTCTGGGAAACGGCCTTCCTATGAATC,....((((((((......)))))).))...,88.28896792189678
ATATAGGTATAGAAACTTTTGGTCTCTAAG,.........((((.(((...))).))))..,88.2787158796573
CGTAATTTAACCCATCGCTTTGACCGTTGA,......(((((.((......))...))))),88.26985355648534
GGTAGTACTGTTGTATAGGGGTTTGTATAA,..........((((((((....)))))))),88.26835425383543
TTAAAATCCACTATCTTGCTTGTGTCGTAT,........(((..........)))......,88.25239888423988
TAGCTAAGTAGAATTATATAGGTTTGTTAT,...(((.(((....))).))).........,88.24827057182705
ATGCTAAACAATTTTTAAGCTAGTCTAAAG,..(((............)))..........,88.22617852161785
AGAAGTAGATTTAAAAGGTCTGTTAAGTTG,.....(((((((...)))))))........,88.0671059972106
CTAAGTGTTACAAAGCTAATTATATGTTAT,...(((........))).............,87.99611576011158
AATTATATATCAGGCTTGCTTGTAACTATT,..........((((....))))........,87.99268479776848
TCTGAGTTTATAAAGATTACATTGAGCTTG,...(((((((............))))))).,87.9725069735007
GGAATAGTAATGGTTTAAAGCTTTTGACTT,.....(((...((((...))))....))).,87.96397091053996
GGTTTAGTTCGAGGTAACTTCAGGTGAGTG,..((((.((.(((....))).)).))))..,87.95849372384937
TACTATCTAAGGTTTTCCAGTTGTTTTTAC,..........((....))............,87.94426778242678
TAATATAATAAATCGGTTTCCGGGCTGTCA,.......(((..((((...))))..)))..,87.92223152022316
GCATTTGATTGTTAGTTAAATTCCATGTTT,((((..((((........))))..))))..,87.89264295676429
GGGATTATATTCGAAGAAACACAATCCATC,.(((((...(((...)))....)))))...,87.88489539748954
AACTATGTCATTAAAAAATGGTTTAAATCT,((((((...........)))))).......,87.87323337982333
CTAAAGCGCTTTTAATACGAGAGAAATAAG,........(((((.....))))).......,87.8634170153417
TATGTTTGTAGTTGTTTGGTTCGGAATGAG,...........((((((......)))))).,87.84825164375374
GTACGCAAATAGTGTGATACCTTTTGAATA,(((((((.....)))).)))..........,87.84430264993027
AGCGTTGCTATTTCTTTTCGTAGATAAATC,.......((((........)))).......,87.83401673640168
TGCTTTTGCATGAATATATCCTTATTTATG,........((((((((......)))))))),87.81902370990237
AAAGTGAGTGAGAGATTTCTTTATTGTAAT,..((((((.(((....))))))))).....,87.81370292887028
TTATTGTAGAGGGTTAATTCGTCTTTCAGG,...(((.(((.((.....)).)))..))).,87.80571129707113
TATAGTTACAGCATTTAGGAAATGATTTTG,...........(((((...)))))......,87.79817991631799
ATTATAGTTTAAGATGTTAATCGAGTTTGG,............(((....)))........,87.745380055788
GCACTTTGTGATTTCTTACTGAGAACTCTG,...(((.((((....)))).))).......,87.69961645746164
ACCACAATCCTTTATAAAGTGAGCGTAGTA,((.((..(((((....))).))..)).)).,87.67427475592747
TAGACGGGTCCTGTTTATGCGTTTACTTAA,((((((.((.......)).)))))).....,87.65659892408846
GTGTGTGATTAGTTTATATCGTCCATGCTT,(((((((((........))))..)))))..,87.58817991631798
ATGTTAAGGATATTTCATAGGAAGATGAAT,.............(((((......))))).,87.57042538354254
AAGGATGCTTATGCTTGAATCATTTTTTAT,......((....))................,87.56504682207611
TATTTTTCTATTAACTACTTCGTGTATTGA,...............(((.....)))....,87.54701434548716
TTTAAGCGATTCATGAACCTACGTGGATGG,......(.(((((((......))))))).),87.53360529986054
CATAGTGCGTAAAGATTAAGCGTGATATGT,((((..((((.........))))..)))).,87.51862323171946
GTTTAATCCGTAGGGGTACATAAGAAGTTG,.....((((....)))).............,87.50278242677824
TTGTGCCAAACTATGTAACATATTATTGTG,.................(((......))).,87.50041143654114
CAAAGTGTTAATTCTTTAGTTACAGTTGAT,..((.(((.((((....))))))).))...,87.43340705319785
GGCATACTTAGAACGTGTAATGGCTAATTA,(.(((((.........)).))).)......,87.42718270571827
TAGTACAAGTTCTTACGTTCTTGGTAATAT,.....((((..(....)..)))).......,87.38251743375174
TAACAGATCTGATATGAATCTTGTGTAATT,..(((((((......).))).)))......,87.36996513249652
TTTCTTTGTAAATAGTTAAATACGATAATG,.....(((((..........))))).....,87.3543410041841
TTAGACTGGACGGTTTGATCTGTGTGTATA,(((((((....)))))))............,87.35191771269177
TAGTTATAACGATTACACGTGGCATGTGAT,...............(((((...)))))..,87.28373779637377
CGTTAATAGTGTTCAGAAGCTTGTTTTACG,(((.(((((.(((....))))))))..))),87.25047419804741
TTATGCAATTAATTTCGTAATTAATGTCCT,....(((.((((((....)))))))))...,87.17088563458856
TTTTATGTAAGAACGTGGAATGTGAATAAG,((((((((....))))))))..........,87.1655160390516
ATATGCTCTCCTACAGCTCGTAGAATACAT,..........((((.....)))).......,87.13466527196653
AGAAGTGATCGTGGATGTTCGTCATTACTT,...(((((.((........)))))))....,87.13152719665271
AGTTGGTTTTAACTGTTAACCGTCTTTAAC,((.(((((.........))))).)).....,87.09748953974895
TTTAATGGAACTGTGCTAGTCAGAATTTGT,..........(((.......))).......,87.03960251046026
TTTAGTTCGAACATTCTAATTAAAGGTAAC,(((((((.((....)).)))))))......,87.03052649930265
TTTTGGTTGTTACAGAATCGTAACCTGCAT,.....((.(((((......)))))..))..,86.95215481171549
CTTAGTTGAGTCTTTATAGCTGTCATATAG,..((((((........))))))........,86.93165371587966
TGTGTGGGATTACATAGAACTTACTCGGCG,((((((....))))))..............,86.88758019525802
TGGTTACATTACAAGCTTGTTATACGACGA,..(((.....(((....))).....)))..,86.88656903765691
TAATTAAAACAGTGCTATTAAGTAACCGAT,............((((....))))......,86.87062761506277
GAGGGCAAAGCTCTTACTTAGTATCCGATA,((((((...))))))...............,86.68013249651325
AATTTATTAAAATGGGCTAATGGTTCATCG,...........(((((((...)))))))..,86.64882612738262
TGTAAGTAATTTGGAAATGCATTGCTTTAA,...((((((..((......))))))))...,86.6455230125523
TTGTCATGTGATATTTCGAGAATCTATGGC,..((((((.(((.........))))))))),86.58141562064156
TTAGGAGAATTAATATAACGTTCAACAGTG,...(..((((.........))))..)....,86.58088563458855
GTACCTTTTTGGTTTATTATCTATACGTGT,..(((.....))).................,86.52855648535564
ATGCGGTAAGAGGATGATTTGACATGTAAG,.((((((.(((......))).)).))))..,86.50045327754532
TAACAAAAGCTATTACAAATCTTGTGTGTT,.............(((((...)))))....,86.46731520223153
TATCAGTGTTTTCATACAATGTAGTTACAT,...((.(((......))).)).........,86.40915620641562
TGAATAAGTGTTATCAAGGCAGCATTAGCT,......((((((........))))))....,86.38837517433751
GTATTTAATTATGCTTCGGGTTATCGGCCT,((((......))))...(((((...))))),86.38720362622036
TTTTAAAGACGATGGACTAAGTAAGGTTTT,.............(((((......))))).,86.27628312412831
TTTTGTTGAAATGTTCGTTTGTAAGGAATG,............((((.((...)).)))).,86.20312064156207
CTAATAGACATATACCTATGACGTAAATGT,.......((((.(((.......))).)))),86.19706415620641
TGTTAAATAGCGGCGAAACAAAACATCGAG,..........(((.(........).)))..,86.0708089260809
TTTGTTTTGGATGTTCACTAAGCGATAAAA,.((((((.(........).)))))).....,86.0682531380753
TTTGAATAGTGCCGTTATTGTAGAACTCTA,.....((((((....)))))).........,86.06718270571827
CAGGTAGAGTTCTTATGAGAAACATTTAAT,.........((((....)))).........,86.00608786610879
GCGTTAGTCGGAGAGTACATTACTGATCTG,........((((.((((...))))..)))),85.75456764295677
TTATACACAGGTCATAGAAGTTTCTGTTAA,......(((((...........)))))...,85.74496513249652
CAGCAGCAAGAATACCTAGACCGTGCTTAT,.((((..................))))...,85.59005578800557
ACTTAGTGTTTCGTACGAACAGATTTCTGT,..................((((....)))),85.51870990237099
GTTTAGACGATTGTGGTATGCAAGCCTTGG,..............(((......)))....,85.45494421199443
AGAACGTTTGGCTCTTAGTCGTATCATATC,.........((((...))))..........,85.41769874476987
TTCAAAGTTGACTGATGACTTTCTTTTTCA,...((((((.......))))))........,85.38271866905758
TTCAAGTGTGATCGTTAATCTTCCAGATGG,..((..((.((..........))))..)).,85.35512552301255
ATTTGCTTTAAATCTTCATTTGCAGGAAAT,((((.((.(((((....))))).)).)))),85.31408647140864
GGCAGTTTACATTTACCGTAGTCTAAGATC,...((.((((.......)))).))......,85.30626220362622
GTAACACACAATCATCTACCTGTCAGATAT,.............((((.......))))..,85.15979079497907
TTTCATCAACATGTTAACGGTATGATAATT,....((((((.((....)))).))))....,85.11352161785216
TATTTGAAATGTAGTTTGGGAACGAATCTT,.............(((((....)))))...,84.99389818688982
ATTGGTTATTAAAATTATGATATAGGTAAG,....(((((.......))))).........,84.89252673175267
TATGCTACTGCTTATTGTGATCTGTAAATA,...((....))...................,84.88349372384937
CTGTGTGGTAAGGTGTTGAATAGGTTAGAT,((((...............)))).......,84.86315401474397
TTTTGTAACCCATTACGTAGGCTTGTACAG,...((((..((........))....)))).,84.67719964136282
ATTGAATTTTTTCGGAATCAAGTGCTTTAA,..((((....))))................,84.56802649930265
GTCTAACTTCGAATGTGCTATAAGACTTTG,((((..................))))....,84.40724546722456
AATGTAAATTAAAAAGTGTTTTGAGAGCGT,.((((...((((((....))))))..)))),84.22730125523012
TTTTAGTTGGACAAGTAAATTGCAGATTGG,...(((((.(.(((.....)))).))))).,84.22043235704324
TTTATTAACCTATGATACTTCGATCGATCA,.............(((......))).....,84.21180812910939
GTACTTCATTAATATGTTTGGGATATCCTT,...................(((....))).,84.16460948396094
GTCGCCAGCATGCGCAAGGCTCAGGAAGAT,...(((.((....))..)))..........,83.84428571428572
ATTCTTGATTTAGAGTGATGAGCAGATAAG,(((((......)))))..............,83.83662831241284
AGCGAGCGTTGTTAGAGCAGTAGATTAAGT,.((..((.........)).)).........,83.777880055788
TTCTAGTTTAGGATGGTAAGTGGAGCTACA,(((((.((((......))))))))).....,83.12925383542537
CAGCATGTATATGTTGGTGCATAATTTTTT,((((((....))))))..............,83.0755090655509
AATATAACAAGCTAGAATGGGTATCTATGG,................((((....))))..,83.0315351663678
TACTGACTGGATTAGGTATACGATTGCCTT,.............(((((......))))).,82.87039748953974
TTGTAGAGATTATGGGTAATCGGACATAAG,.(((...(((((....)))))..)))....,82.40948396094839
TTTCCTAGTTATGAACCAATTGAAGGTGAT,..............(((.......)))...,82.4063458856346
GTAATCTGGTCGTTTAGGATATCAGGACTT,.....((((((......)))..))).....,82.37214086471408
AGGGACTAATGCTTTCGCTAATCTACGACA,((.((.........)).))...........,82.35809623430963
GACGAAGGCAGGCGGATAGTTGAGGCAGAT,......(.(.(((.....)))..).)....,82.1768420003985
AATTAGCCTTAAAAGTTGGTGGGACAAAAG,.((((((.......))))))..........,82.05496861924686
GATTTAATCAAAGCAAAATGGTTTATACAG,.....(((((........))))).......,81.46663179916318
GTCAGCAAAACGGTTAACGAAAACTCAATC,((.(((......))).))............,81.29144351464436
TCTTTGGTTCTTGGGGAATATATGCTCGTT,......(((((...)))))...........,81.26907252440725
AATAGTGTATCACCTTTTATTTATTATTAA,(((((((..............)))))))..,81.23396792189679
TTTCTGCTTTTTCGGCCAAACAATGCACTT,.....(((.....)))..............,80.6744421199442
GAAGTAAAGAGGTAAGATTATTTATGTTGT,........((.((((......)))).))..,80.32181311018131
ACTAGTTAAGGAAAGGGACAATTTTCTTTG,......(((((((((......))))))))),80.12829846582984
AGTATCATATTTGTGATTACGCAATTATCA,......(((.(((((....))))).)))..,79.62267085076708
AAGCATGTCATCTAAAAACTGGTTATAGCT,.(((.(((.(((........))).)))))),79.54515341701534
ATCTTACGGCTTATTATCCTGTCTGCTAAT,.......(((..((......))..)))...,79.38091352859135
AATGTGAACACATGGTGGAGGCCATTTCAA,....((((...(((((....))))))))).,79.36240120874012
ATTCGTGTTATTTTTGATATCTATACTTAA,....((((((....))))))..........,79.301820083682
GCTTTCCAGTAAAGATGGTTCGGCCATTAG,.............((((((...))))))..,78.76263365876336
CATAGGAAATAATGAGTTATGCTTAGTTTC,.....(((((..(((((...)))))))))),78.4723709902371
ATTCCCTTTGTTAATTTACATTATTATCGA,........(((......)))..........,78.35705020920503
CATGTGGATTTGGATAATATCATAATTATA,......((((..(((...)))..))))...,78.22964435146443
ATGTTGAATTATGATATTTCTTTGTCTATA,............((((......))))....,78.2039609483961
TTGTATTATTGTCCTATTTTATAAGTACTA,..(((((..((........))..)))))..,78.12741283124129
CACATATAATGCCGAAGGGAGCATTTGTTT,.(((...((((((.....).))))))))..,78.09364016736401
ATCCTTTCAGTGTTAAGTGTATTAATTTGA,......((((.(((((.....))))))))),78.083410041841
ATACTTCAGTCTTTTGTATATTTAATTGGT,((((...........))))...........,78.08128312412832
TTTTTTATCAGTTCGCTGATTTCAAATTAA,......(((((....)))))..........,77.72082287308228
ACCTAACACTTATTATGTGATAATTGGATT,..(((((((.......)))....))))...,77.09784518828452
ATGTAAATGATTTCGTATTTGATCATCGGA,......((((((........))))))....,76.98640864714086
TAAGTCATCATAGAATAGTTTAGTACTACA,...............((((.....))))..,76.9771850302185
TTGCATCTGTCATTGTGTATATTTAGTTAG,.(((((........)))))...........,76.75806136680613
AAGTCTCATGAAAAATTGGTGTTGTCGTCA,.......((((..(((....))).))))..,76.54524639702464
TGACACTAAAGGAATGGAAGAGGCATTCAC,...........(((((.......)))))..,76.28480939098094
CTCATGTAAAAAGGTATAATTCCCGCATTT,............((........))......,76.21163179916317
GAGGACCTAAGATATGCATATCATATTAGA,..........((((((.....))))))...,75.39184797768479
AAGCTCGGTTAGACATGTTTATGCTCTTAG,..........((((((....))).)))...,75.37439562993957
ATTAAGCATATGATTTGTTCTATTGATAGA,....((((.......))))...........,74.37971408647141
AATGTACATATGTCATATCATACTTAAACA,........((((......))))........,74.14038354253836
GGTATTTATTGTTTGTATGATTCTCACCAT,(((....(((((....)))))....)))..,73.71993026499302
AGATGAATATCCTTTTAATGTCATAACTTA,..((((.(((.......)))))))......,73.33926778242679
ACATATACTTGACAATATTATTCTGTCAAG,.......(((((((.........))))))),73.33063458856347
CGTTATTACACTATTATATATCGTGTAGAA,......(((((.((.....)).)))))...,73.00096234309623
ATGCTTATCATTAGGATTCCATCTAGTTTA,.........(((((........)))))...,72.66377963737796
ATTTATCCTATTGATTATAATTCTGGGTAT,...(((((................))))).,72.38746861924686
GTATTTTCGCGATGACATGACCTGTCTTAT,.............((((.....))))....,71.85985355648536
TAGTTATTTAGAGGTTAGATATCCATCTAC,........((((((........)).)))).,71.09960251046026
CTAATTACTATTGGTATATATCTTTCGAGG,(((((....)))))................,70.47561366806137
AATGTATTTAATGATCAGTATTCTGGAATG,...............(((....))).....,70.25284518828452
AGATATATAATGCTTCATTTACATGTTATT,.(((((.(((........))).)))))...,70.13963040446305
ATTTTTAGTAATCTATAATATCTGCTATTG,.....(((((............)))))...,69.7252649930265
TAGTCTCGGCCAAAGCTTTACTGTAATCTC,((((...(((....)))..)))).......,69.6184170153417
AGTAGTATTACTAATTAAATTCGATTGTAT,((((....))))..................,69.02603207810321
TGATTTTTCATCCTGACTATATATTCTATG,(((....)))....................,68.96117852161785
TTAAGAATTTAGATTGTGTATCCTGCGATA,............(((((.......))))).,68.37523012552302
ACTGTTTACAGTTTATTGGGATCTTTCTTG,((((....)))).....((((....)))).,68.14810320781032
ATTTACTGATTATGAATTGTGTCTCTGTGA,..((((.((.(((.....)))..)).)))),67.45594839609484
ATATTTGCATTATTATGGCCTGTAACTATT,....(((((...........))))).....,67.0902231520223
AGTATTTACTGATTATATATCCTGTCTATG,..............................,67.02460251046026
GTTTTCACGATTATGAGACCTTTTCTATGT,..(((((......)))))............,65.97191771269178
TACAAATACCATTGAACAATTTTTTGCGTA,..............................,64.68364016736402
GGTACTCAATGATGTAAATTCTGCTCTCTG,..(((........)))..............,64.46086471408648
AGTAACTAAACTGAAATGTATCGTGTATAT,...............((((((...)))))),64.43910739191074
CTTAAGACATTTTCAAGCGATAGTAAAAAC,..............................,60.99919107391911
TTTGATTTTATATTTAATTTATTTGAAAAC,..............................,46.69764644351464
AGGTTATTCGTATTTTATCATATTATTAGA,..............................,46.566847977684795
CATTAAGAAAGAGTTAAAGTATAATTAATT,..............................,45.29231520223152
CGCTGGTAAAATGTTAATTGTTTGTGTAAG,..............................,44.87520920502092
TAAGCAAAAGTTATTATGAAATCTTTAATA,..............................,44.60357740585774
AAATCAAATTATTATTCAATTTTACGTAGA,..............................,44.53942119944212
TTTACTTTAAATTTAATATATTGTCTGAGT,..............................,44.25592050209205
ATAGGGTGAAATGATTGTTTTGTGTGTAAG,..............................,44.176185495118546
TAATATATTTATGTTTATTATCTTACCCAT,..............................,44.13518131101813
TGTTGACAAGTACTTATTATGAAATTTTTA,..............................,44.13007670850767
TATATATTTATATAAACTTATTTCTAAAAG,..............................,44.02211097828253
AGGGAATTTCTATGTATAAGTGCGATAAAC,..............................,43.81892608089261
TATTCTTATTACTTTTTTATTCATAATTTA,..............................,43.51541841004184
ACATATTAGTTTATTGTCGTCTTTTGTCAT,..............................,43.28672942817295
AAAGAATTATTATAACGCTCGGTTTTATTT,..............................,43.096589958158994
ATGTGAAGTATGATTTTTGTTTTAAGTAAG,..............................,43.08441422594142
TTAGGAAGACTCTGTAATATGTAATGTTCT,..............................,42.468974895397494
TTGTTTTTTAAATCCTAATGTTAAAGTTAA,..............................,41.955840306834034
CTATATATTAAACTTTTTTGAATGTTCTAG,..............................,41.949985056784215
ATGCCTATCATTTGTTATTTCATAATTAGA,..............................,41.93016736401674
TGTTTATTTTCTATAATATAATTTGATTAG,..............................,41.84243375174337
TAACAATTATTAAATCATCCTGTTCGTTAG,..............................,41.643891213389125
ATTATTTAATTACAATATCGTATAATAATG,..............................,41.643152022315206
TATTACGTTCTAATGATTTATTTATTCTCT,..............................,41.58461147638972
TGTATTTATTGTTGTTTTTCCGTGTTTGTT,..............................,41.282622036262204
GCTCATTAAAAATTGTTTATAAGGTTACTG,..............................,41.05824035332404
TATAAGGGAGGTTATTATTACATCATTTTA,..............................,40.954344490934446
TCTTATACCACGCAATATCCATTTCATAAA,..............................,40.779874476987445
CTAAAACGTTAAGAAGGGATAATTTATTAT,..............................,40.42062761506276
ATCTAATAGAATGAATTAATAAAGTCTTCA,..............................,40.35956664674238
ATAATCAAAAGTAAGTATAAATATATAAAA,..............................,40.333702928870295
TTGTTAAAAGTATATGGAATAAATAGATTG,..............................,40.264149232914924
CTTTGTATAATAATAACAGTCTAATTAAGC,..............................,40.04346782227535
AATATTAAAAATGGTCTTATAACTCTAAAC,..............................,39.2693049744305
TTGCATATTATCATTGACTTTAATCATTAG,..............................,39.13728033472803
AACAAATGTCTTCATGAAATATTAATAGAT,..............................,39.083354253835424
TAAGTTTACAAAGTAGTGTTTTAATCTAGT,..............................,38.95357740585774
TAACAACTCGATTATTTAGCCTGTGCGTAT,..............................,38.92562064156206
CCATTAAGAATCAGTAATCTAAGTAAGTTT,..............................,38.87831938633194
TTTTATCAGTTCATTTAGACCCTATAGATT,..............................,38.69915620641562
ATTATAAGTCTTTACAGTTTAGCTATAACC,..............................,38.640641562064154
CGTATAGAGTTATAAAGTAGTTATATAATG,..............................,38.36170153417015
TGTAATTTCCCGATAGCATTAGACATTTAA,..............................,38.17654811715481
ATTTGGTAATTAATGATAAATAAAAGATAA,..............................,38.15423640167364
TAGAACAAAATTATATTGAAACCGTAATCG,..............................,38.01501394700139
TATTACGATTTTAAATAGTTATACTGAGGA,..............................,38.00971059972106
TGATCTATAACCGTATTACTTTATTTCAAT,..............................,37.97425383542539
GCGTTAGTTGTGTGTCTTAAGTTGGGTAAT,..............................,37.88087866108786
TTTATATCGTTAATCTAAACCTAAAATTTT,..............................,37.80877963737797
CTGAGGTTTGGAAAGTTTAATTGAATAAAG,..............................,37.727545327754534
CGATTTGTAAAATTTAGAGGATGTGTTTAT,..............................,37.61955967324168
TTTATATTTTAAAAAGTACTTGGGAGATAG,..............................,37.574564156206414
TCTGCATATTAAGGTTGTTTTGTTCTATAG,..............................,37.31031579996015
CATGTATTTATCTCGTTATAGAATCAGGAA,..............................,37.18768180912532
TTATGTATTTACTGAAACGAACGATATTAA,..............................,37.145320781032076
TTTTGACGTTATTTGATTCATTAAGATTAG,..............................,36.86344142259414
AGGAATAATATGCATGGTAAGTCTCGTAAA,..............................,36.80207810320781
CAGAATAAATGAGAGTTAGTGGCAAGTTCT,..............................,36.698521617852165
AGCATTGAATGATAATAAAAATTGGGTTTG,..............................,36.66755927475593
AACACTCCTCATAGAACTATTTGATGCTTA,..............................,36.528828451882845
TTATGAATATGTAGTTTGATTGGTTCCGTG,..............................,36.4683154014744
GTTTTACTGTGTACGTTTTTGGATCCTATG,..............................,36.42625523012552
AGAGTACTAGTTGATGATATCCTATTTATA,..............................,36.20382147838215
TGTTATTAGTATGAGAAAGCAAAGCATTTG,..............................,36.00933751743375
TTTCAATATTATAAGGTAACTAAAGTAAGT,..............................,35.73800557880055
TTTTGTCAATATATGTACCATAAGAGCTTT,..............................,35.61575313807531
ATTCTTAAAATTGATTCACTAGGCTTTTAT,..............................,35.45642724314273
TTGTTGTACCTTTAAACGTCCTCATGAGTG,..............................,35.072649930264994
AGCTTGTAACAATTTTCTTCGTGGTGGATC,..............................,35.06114365411436
CGTTCCTAGTATTGTGTTCTTAGTCTTACA,..............................,35.06090157401873
ACAGCACAATTATCTATAGAGGTCTTAAAT,..............................,34.91180613668062
ATGGTGAAATGTTGGGTTGGGGGTGGTAGA,..............................,34.52764993026499
ATTAATGCAAGAACTTAGTAAATCCTTAAA,..............................,33.950857740585775
GTATTATACGATTTGTCTTCTGTCCTAATG,..............................,33.77495118549512
CGTTAAATGTTTACAGAGTATTGGGGTAGT,..............................,33.69677824267782
TTTTAATTCAAACGTTACCTTTACAGAAAT,..............................,33.17951534170153
GTTGTAAACCTGAATATACTCCTGTGAATG,..............................,33.11944211994421
TTTTCCATACAGTGTTACTCTTTCTTTCTA,..............................,33.066978481769276
ACATTTCATGCTAATATGTCCGTACTTATG,..............................,32.17906555090656
ATGTGTCACTATGTATCATTCTTCTTTCGA,..............................,32.11559374377366
ATAGTCTACCTCATTTAGCAATCTACGATG,..............................,31.270566845985254
AGATATTTTTTACTTAAATATATGAAATGG,..((((((.......)))))).........,0.0
TAGCTGTAAAGACACTAGATCGTACTGCTG,((((.(((..(((....).)).))).)))),0.0
CTTAAAATAGGCACATTGCTTATGACATGT,......(((((((...))))))).......,0.0
ATGTGCACCTGGGAGATTATAGATTGTAAA,...((((.(((........)))..))))..,0.0
ATTGTGTCCTGGTGCTCCACTTCTGGTCGT,.....(.((.((((...))))...)).)..,0.0
TCGAGCTGGTGTAGACTTTCTAGATAAAGT,....(((.((.((((...)))).))..))),0.0
CAGAGTATTACTTCTGTTACGTTTTTATGT,(((((......)))))..............,0.0
GGATACGTACTTTATTACTTGCAGCCCAAG,.................((((.....)))),0.0
ATCTATCGTATGGGCACAAGGCTGATACTT,.......((((.(((.....))).))))..,0.0
CAAAGTTTCTAGTAAGATTGGAGATTTCAA,..(((((((((((...)))))))))))...,0.0
GGACGAAAACTGCTTGCGGTCTTTAGGGTA,((((..............))))........,0.0
CATTAAGGTAAATTCTATGTGTCAAGACAA,.................(((......))).,0.0
TTTAACATCAACGCTTCTCGTATACAGCCG,............(((..........)))..,0.0
AGTATTTTTAGTTAGTAATGGCTAACGCAT,..........((((((....))))))....,0.0
CCTGGCCTATAAACCAATGTGTGTAACATA,..(((........)))((((.....)))).,0.0
AGGAGTTTGTTTACATAAGGAAGGAACACA,....((((.(((.......))).))))...,0.0
GTGGGATATGGTTCTCTTTGTACTGAACAA,..((((......))))..............,0.0
TAAGACCTGGTTTGTTGGAAGTCCACGGAC,.........((((((.((....)))))))),0.0
GTCGCTAGTGTAAAATGGCATCATATAGGT,(..((((........))))..)........,0.0
AGACTTTCGGATTGAATGGTGACTGCAGAG,...(((((((............))).)))),0.0
ACGGCATCTTGGATTTTACAGGAATTATTA,......(((((.......))))).......,0.0
TGAGATTGGTCACAGGCGCCAGGTCCTAGG,...(((((((.......)))).))).....,0.0
TACTATAATATTACAATTTTAATTTCTAAT,..............................,0.0
TGAGACTAATGCTTTGGGCGATTTACACAT,.....((((....)))).............,0.0
GGTAAAACGACTGTCAACATCTCTGTAAGT,.........(((..((.......))..))),0.0
ATTCACCATTGGCAAGTATGCTAGTATTAT,.......(((((((....))))))).....,0.0
AAAGGGCTAGTATCTCATTCTCTCCTGTTA,...(((..((.........))..)))....,0.0
TTTTTCTTTTAGTAATTTATGGATACAATT,..............................,0.0
GCCACGTGCTTTATCGACTTTTTAACATGT,...(((((.................))))),0.0
GTGTTTCTGTTAGACGTTTGGGTGTAGGGA,.......(.(((.((......)).))).).,0.0
GAAAAGTTATCTATGGTTTATAATATGAAG,..............................,0.0
TGGAGTATTAGTAAGGTTATTTCACATACC,(((((((..........)))))))......,0.0
TGTCGACTTATATAGTTAATTCATCGTATG,....((((.....)))).............,0.0
TTTAGATTTTTTGTGGAGTTTTTGAGGCAA,...(((((((....))))))).........,0.0
CTATGCTTAGAATTTGGAAACAAAATTTGC,.......((((.((((....)))).)))).,0.0
CTTGTTGGTAATTTAGCGAATCGTTACTGT,.(((((((....)))))))...........,0.0
ACTTCTGGGTTTGTGCATTAGTCATTACTG,(((..((........))..)))........,0.0
ACATACGTTTGTTGACTGGCCATATACGGG,...............(((........))).,0.0
GATTGAACTTATTCTGATTACCTCATGTCT,...............(((........))).,0.0
CTATGAGCACATAAAGAATTTCATTTACCA,.((((....)))).................,0.0
CCTTTTCTGGACTCGCAAAATATATAGTCC,........(((((............))))),0.0
TGCTTGTGGCTTGCGTTGTAAGTGTATAGT,.(((....((((((...))))))....))),0.0
ATTCCGAGCTTATGGCGTGTTTGAATATTC,....(((((.........))))).......,0.0
GTTCAGTTGTTTCGGATCATTTAGTGATAT,...............(((((...)))))..,0.0
TCACAGGGTGTGTCTAGGTTTCTAGTAGGA,.((((...)))).((((....)))).....,0.0
GAAGGTAAGCAACTTCGAAGATCGGGGGGC,........((..((((((...)))))).)),0.0
TAATTCATTTGTAAATTTACTGTGGCCAAG,....((((..(((....))).)))).....,0.0
TTAGAGGAGAAGAAAACTGTCTAAAAACTT,(((((.(..........).)))))......,0.0
TTTATGTTGAATGAGAAGGACTAGGCGTAA,.(((((((...............))))))),0.0
GAGTTATTGGGACCAATGGGACTTAAGACG,..(((...((..((...))..))...))).,0.0
TGTGGAGGCAGTTTACGGCTGTACTCAGTC,....(((((((((...)))))).)))....,0.0
GATTAGTAATTTACGATGTTGCCTTAGAAT,.....(((((.......)))))........,0.0
GTAGACAATCATCCAATAGTGTACTCTCAA,(((.((............)).)))......,0.0
TCGTCTGGAAGGTGAAGGTTTGAGATAGTC,..((((.(((........))).))))....,0.0
GACACCTATCCGTATTTTCGCCTTGGATTT,.......(((((...........)))))..,0.0
AGTAGACCATTAATAGACTAATTTAAATGG,......(((((..((((....))))))))),0.0
ATTATGTCCAAATATTTAATTTATAAACTT,..............................,0.0
ACTCAAGAGTATAAGTGTTCTGTCCCACTG,.............((((........)))).,0.0
TTGAACTGTTATGTAGATATTAATTGTGTA,....((.((((.........)))).))...,0.0
AGAGAGCTACAAATGTAAGTTTAGTCAGTT,...(((((((....)).)))))........,0.0
CCATGTTAAGTTCAAAGTCTTGTTAATGTC,.(((..((((........))))...)))..,0.0
ACAAGGAGATACAGTGTGCTCTGATCTTAT,.....(((((.(((......))))))))..,0.0
TCTAGATCTCTATATGTCGTTCTAAGTAAA,..((((..............))))......,0.0
TAATGCCGTCTACTGATATTCGATTACTTC,.......(((....))).............,0.0
TTTCTTCAACAATTTTGATGGTCACGTCTT,................((((....))))..,0.0
TGTGATCGTTTCTTCGTTAAGTTAACCGCA,((((...(((.(((....)))..))))))),0.0
TCGTTGTTGATGAATAAAATCGGTATTAAT,......(((((.......))))).......,0.0
GATATGCACGAAGTATTAAGGAAAGTACAG,............(((((......)))))..,0.0
TAGATTTGTTGTGGCTTTGTTTGATTGGGA,..............................,0.0
TTATGTCTTTAACACGAGTTGTAGATTCCA,....((((.((((....)))).))))....,0.0
TGGTGGGGGGTGATACATTTGCTATGTTCC,..((((.(((((...))))).)))).....,0.0
AGGGTCTTAGTTCCCTATAGTGCTTTGTCC,((((........))))..............,0.0
TAGAAATTTAGAAAAATCGTAAGCGGAGGG,..............................,0.0
CTGTGAAATTGTTTAGCTTAATATATTAAG,..............................,0.0
GGGAAAGATTTATTCATCACTGTTTGGTGG,..............(((((.....))))).,0.0
TACGTAAGGGTTAAGTCAAGGAAAATACTC,.......((((....((...))....)))),0.0
AAGAAGTACAAGAATGTTATTGTACGAAGT,.....((((((........)))))).....,0.0
TTAAATGCGTTTTTGAGTATCGAGGCATTA,...(((((.((..........)).))))).,0.0
GGACGGTTAGGCGATTAAGATCAGGGGTGT,...((......)).................,0.0
TCGTAATTGATATTAAAAAAGCAAGGCCTT,..............................,0.0
TATAAGCTTTAAGGCCGAGTAACAGTGCGG,.............(((........).))..,0.0
GATAAGGACGTATGCTTTAATTCCCCGCAA,.....(((..((.....))..)))......,0.0
TCACACTTCTCTCGTTATGGACTTACGAGA,.........((((((.........)))))),0.0
TCATGCTAATTGGGCTGGTTCTTAGTCTGA,.........((((((((.....)))))))),0.0
AGATATATATTTTCCATTGTTTAAGGTGTT,..............((((......))))..,0.0
CTTTCGGTTTGCAAACAATTAACTCCAACA,..............................,0.0
GGTATGACAATCTTCAACCATTTTCTTGTA,(((.(((......))))))...........,0.0
GAGAGCACGTCAATTTGTTCATCAATATTA,(((((((........))))).)).......,0.0
TAAAGTACTTAGATGGTCACGGATGTGGTG,................((((....))))..,0.0
ATGCATGGTATTACTCTGGGAGCGTCAAGA,.............(((...)))........,0.0
ATTAGAGTATCAAAATACTGGCAAAAGACC,.....(((((....)))))...........,0.0
TGACGATTATACAATGACATTGGTCGACTA,...((((((...........))))))....,0.0
TTGGAATGCAGAGTTTGGTTACTACGTAAG,......(((..(((......)))..)))..,0.0
GGCCCAAACGCTTCTATCTGTAGTTTAGCT,(((..((((((........)).)))).))),0.0
GAGTTAGGAGTAGGCATTGGAGCACAAGCA,.............((.(((.....))))).,0.0
TAGAACCGTCCAGCAATCAGCGAGATGAGG,......((((..((.....))..))))...,0.0
TGCACCGATTATTTATATAGCTATGTATAG,.............((((((....)))))).,0.0
TGATCGTGTCTTTACTCTTACTTCTTGTAT,..................(((.....))).,0.0
ATTGTACGGTTCTGAGGTAGTTTATACTCC,...............((.(((....))))),0.0
TGTTATTTGATCCATTAGAAAATTATATTT,..............................,0.0
ATTTGTCAATAACTTTAAGTTAATTAACGT,.........(((((...)))))........,0.0
AACTCTTCTGACTATATTGGATTATGCATG,......(((((.....))))).........,0.0
GATGTTGCATTGAGATCTTCATGCTCAGCC,......((((.((.....))))))......,0.0
ACGAAGCGTGTATAAAATTGCCAGACCGTT,(((....(.(((......))))....))).,0.0
AGCGCTAGTGATGTCACTGCCAGTATTTGA,...((.((((....))))))..........,0.0
ATGAAATGATGCCATAATTGGCATTGTGTG,.....(((((((((....)))))))))...,0.0
TATCTTGACTCACACATAGTATATATATTA,..............................,0.0
TCAACCTTTGAACCGCGAGTCGTCCGTGTC,.............((((.......))))..,0.0
TATGTGGTGGTGAAATTGTGGAAATTGACC,........(((.((.((....)).)).))),0.0
ACTCGTATAATCATTATACGGTCAACGTTG,..((((((((...)))))))).........,0.0
GTCCTTGGTCAGGGAAAATTGTATCGTATA,.(((((....)))))...............,0.0
TGACATGTAATGGTGGAATATATGTTCACC,...........((((((.......)))))),0.0
GTGAGTTATCTTGTCACGATTTCCTTTTGA,((((.........)))).............,0.0
GAGTGGTTTGAATTTATCATTTATAACTGA,(((((((........)))))))........,0.0
ATTTCTTGTACATTTTGGTTGTTGTGATCA,...............(((((.....))))),0.0
AGAATTTTGGCATCGGATGCATGGTATTTA,.((((....((((...)))).....)))).,0.0
TTAGTCAATATAGATTTTTTCCCATCAACC,..((((......))))..............,0.0
TTCGTTCCCTTTTGCTGTTTTCCTTAAACA,...............(((((.....))))),0.0
TCCCTAGAGTTAGAGACTTTCCAATCGATT,.....((((((...))))))..........,0.0
TGGGCGCTTGGCTGCTTTATCTTTGTTGTT,.((((((...)).)))).............,0.0
GTTAATAGGCAAAGATTGCATGCTTTGATA,.........(((((........)))))...,0.0
ATGGAGATGATGAATGTTTAGCTTGATTCG,((.(((.(((.......))).))).))...,0.0
ATAACAACTGGTCTAGATGAAGTATGAAAT,..............................,0.0
GATACTACCATTCTATCGTCACTGTGTGCG,................((.(((...))))),0.0
TCCGACAATAAAGACACCGCGGAACATACT,((((...............)))).......,0.0
AGATCCATCTCCCACACCCCTTCCGCTGAG,..............................,0.0
TACTCATATTATACACATTATATTTTACGA,..............................,0.0
GTTGAAAAATATAACGTGGTTATGTCTATC,........(((((((...))))))).....,0.0
CTTGTTTTATAGTAAAGCTTATATCACCAC,...((((((...))))))............,0.0
TATTCCAATTCGTTAATATACATCATTTGA,..............................,0.0
ATTACGGTCCACTTTCTCAGTTTAGGTCTA,.....((.(((((.....)))...)).)).,0.0
GATCTGTCAGTTGGATGTAGCTGGATCTTC,((((...((((((....))))))))))...,0.0
GTTAGTAGCATAGGTTTTTTGTTTTTGATG,(((((.((((.........)))).))))).,0.0
CAATGAGAGACGCGGTCATAAAGAAAAACA,..((((.........))))...........,0.0
ATTATGTTGATCTGCTTATATTGGTCACTC,.......(((((..........)))))...,0.0
ACTTACCAGGGTTATTACAGTCTTCTAAAT,..............................,0.0
TTCAAAGCTAGGTAGGTCTTCCTGGATAGA,.......(((((........))))).....,0.0
TACATTTATTTTAACATAAATGAAAGGATA,..(((((((......)))))))........,0.0
GATCGATTATACTCTGGTATAAGTACGTAC,......((((((....))))))........,0.0
GTGATGTTAAGTAATTAGCGAAGTACTCTG,(((.((((((....))))))...)))....,0.0
TCGGGATTGTAGGTTTCGCTGGAATCTTTT,..((((((.(((......))).))))))..,0.0
TGTTATTGACCGGTATTCTAAGGATCATGG,......(((((..........)).)))...,0.0
TATCTGAACAAGTCAGCGCATTTGTTTTAT,.....((((((((......))))))))...,0.0
GCTTAGTTACAGAAGGGTGTACATATAGTG,(((((..((((......))))..)).))).,0.0
AGGCAACGTTTTGCTATTTTTAGATTTTAC,.(((((....)))))...............,0.0
TTGTGTCATGCTGCATAAGAGCGTTAGTGC,.......(((((.......)))))......,0.0
GATTCTTGATAAAAAAATTCACTAAGGACA,..((((((..............))))))..,0.0
AGCAGTAACATATTGCGTTAATCTTATCTT,.((((((...))))))..............,0.0
AAAATCAGTAAGTTACATACTATATTGAGA,....(((((((((.....))).))))))..,0.0
GAGTGATATAGACGGAATCTGTACTAGATT,......((((((.....)))))).......,0.0
ACTTTTAACCAGTTGGCCTTGTTTCGGGGG,........((....))(((((...))))).,0.0
GCATTGCTCACATAACGCTCACTGATCAAT,..((((.(((............))).)))),0.0
AAAATTATTTTAGAATGATGCTAGTTTTAA,.........(((((((.......))))))),0.0
AATTTTTGTTTGAAAAACTTAAATCGCGAT,.((((..((((...))))..))))......,0.0
GGAAATGTGTTATTATATTGTGAGAGTCAG,...((((((....))))))...........,0.0
AGCCAATAGGTGTACATCGCGAGGACATGC,.(((....)))(((..((.....))..))),0.0
AGAGTAGTCTTATTCTCTTATCATAATATC,((((((....))))))..............,0.0
ATTGTTCTGCCCAGTTAAAACGGATAAATA,(((..((((...........))))..))).,0.0
GTTGAGATGGACAATACTTGTCTTAGAAAA,........((((((...)))))).......,0.0
CAGTCAGATTCCATAGTATATATTCCGGTG,..............................,0.0
TTATGCGAGCCCAGCTTGTATAAATCTATT,((((((((((...)))))))))).......,0.0
GTAAACATAGTAAACACATGGATAATTTCA,..................((((....)))),0.0
GATGATATACATGCTAATTGGTTCATCGAT,(((((....((.......))..)))))...,0.0
AAATAGACAAATGAAGGAGGGCGTTTTTGG,........(((((........)))))....,0.0
GGTCTCGTAATTGGGGTCTTCGGGCCTCTA,............((((((....))))))..,0.0
AGTCTGAATTTGGAATCTTTGGAGTCGTCC,....................(((....))),0.0
TATTAATGTGGAATAAGTATTTGGTTGGTT,..............................,0.0
AAGGTGGTACAGCGTCGGATAGAAGTTGAG,.........((((.((.....)).))))..,0.0
ACTGATGTATCGTTATTAGGTAGTTCAAGT,..(((..((((.......))))..)))...,0.0
GCTTTCTCTTTGCCCGTGGGTTATTGTAGT,...........(((....))).........,0.0
GTGGGCGGGAATTATAAGTAAGTTTCGTTA,...(((((((.(((....))).))))))).,0.0
GGTTTCATTATATTATTTTCGGAAACAATC,.(((((...............)))))....,0.0
CTAACCGAGGACTAATAAGTCTCAGCAAAG,........(((((....)))))........,0.0
AGATCCATTTGCGATTCATGTTTGAGGGAA,...(((....((.......)).....))).,0.0
CACTTCAGTGCTTGATCTGTAGTTCCATAG,.(((.(((........))).))).......,0.0
ACTGATGAGTATTAATATATGAAGTGTTGG,(((....)))..((((((.....)))))).,0.0
GAAAATTAACTAGATGAATGTAGTATTACT,........((((........))))......,0.0
TTGGTCTTTTGTTATGTCTCTAAATAAATT,..............................,0.0
TATATGAGTATAATTACATTAGACAACTAC,.......(((....))).............,0.0
CTGATTCCGTGATTTAGATATTTTAATGTC,((((.((...)).)))).............,0.0
AGTTTTTGATAAGGGATTAGCAGATATCAT,......(((((..(......)...))))).,0.0
CCCAAGGGCTGCTCGTGACTTAGTATAATT,((....)).((((........)))).....,0.0
TGAATATTTGTTTTAAGGGTTCTATGGAAA,.((((.((((...)))).))))........,0.0
TTAAAAGAACGGTAGCGGAATATTGTTGCA,...........((((((......)))))).,0.0
AAGTTTGGGAATTCAGTATTACTCTAACAT,..(((.((((((.....))).))).)))..,0.0
ACGTTTTTGACATATGTTATTGTCTCAAAA,........((((........))))......,0.0
AAGGTAAGACTCATATTATTGGTTGCGTGG,.(.((((...(((......))))))).)..,0.0
CCGATGAGCATCAATGCATGTTAGTGCAGA,..............(((((....)))))..,0.0
ATACATTCCTTATGTAATAACCATTCATAT,.(((((.....)))))..............,0.0
AAGTTACTGGAAAGTAGATATATGTTTGCT,............(((((((....))))))),0.0
CCCAATCGTCGTTGCAATGTGAAAAGCCTA,.....(((.(((....))))))........,0.0
TTTTATTATTTACTAACCAATTAAGTTTGT,..............................,0.0
TTTAACGTTTTCATCAGTGAAGTGGTAGAT,..........((((((......)))).)).,0.0
TAGGGAAGCTACTTACTGTAATGCATGAAG,.......(((((.....)))..))......,0.0
GAGCTGTTCAAGCATATTCGTTGTCACATG,..(((.....))).................,0.0
GGGTGGCAACGGATAACGGTGGCTGGCTCG,((((.((..((.....))...))..)))).,0.0
GCCCGGATATTGTTGTACTCTAGATGCAAT,...........((((((.......)))))),0.0
GCGGACCGACTCAGATACTATCCCTATTTG,...........((((((.......)))))),0.0
GAAATCCATTAGAGGCTCAAAATGCCCGTG,.............(((.......)))....,0.0
AGCGATTTTATTAACTTAAGTTGTAGCTCT,.(((((((.........)))))))......,0.0
TTGAATTTCCTACAGTGCATAATGTTTCCA,..............................,0.0
ATGTAATATTCTATCATTGAATTCCATTTA,.......((((.......))))........,0.0
AATGGAAATTCTATATTATTTAGGCAGTTT,.(((((...)))))................,0.0
TTGTGCTGTGCTACAAATCCTCAATCATGG,((((((...)).))))..............,0.0
TCTTAGCTGTAAATGGATATATTACTGTAT,.....((.((((.........)))).))..,0.0
CAAAAAATATTATGTCTAACCTGGAAGTTG,..............................,0.0
GGCTTGTCCAATTTTAAATATGATCCAAGT,.(((((....((.......))....))))),0.0
AACGATTCATCTTTTAGGATCAGTAACATG,...(((((........))))).........,0.0
CGCATCTTCTTTCTCCTGCCATTTCTAGGT,..............((((.......)))).,0.0
ATGCAACGGGAAGAATAACTAAAGATCCCT,.......((((..............)))).,0.0
AGCTGTAAAAACCGAGATTTTCCATGGGGG,...........(((.(......).)))...,0.0
TCAGCTATCAGAAAGCTCAGGCAGTGGTCA,..((((.......))))..(((....))).,0.0
TGTTAATGTGTTATCGGTCACTTCTGCCTA,.((....(((........)))....))...,0.0
GTACGATCATCTTCTACTTCTGAAAAAACA,(((.((......))))).............,0.0
GTTATCGACCATTTCAAAGCGTCCTTATGA,......((((........).))).......,0.0
GGGCTGAAGCCATTAAGCAAATATCGTGAA,.(((....)))...................,0.0
TTAATGTTCAGTTCTATGATTATAATGTGA,...(((.(((......))).))).......,0.0
TTGAGATTTGCCGTAGGACTGAATAGGACG,...............(..((....))..).,0.0
GTTTAGACGTTCAATCCTCGTAGACGAACT,(((((((.(......).)).))))).....,0.0
TTAGGATAGGTAAGTACGTCAAAATTAATC,..............................,0.0
GAATTTGGACCGTGCTGCTGCATTCTTTCA,(((...(((..((((....)))))))))).,0.0
TATTTATAAAATTTAAACTCGGGGACTTTA,..............................,0.0
CTTGTAGACCATTTTGATTTATGTTGATAT,..............................,0.0
GTGCATAATCTTAAGTAAGGGCTTCAGATT,......(((((.((((....)))).))))),0.0
TGCTCTTTGGTATATATGTTTAGATCTGGT,((((....))))..................,0.0
TCTCGTTATAGTATAGAATTGACTTGGGAA,(((((...((((.....))))...))))).,0.0
CCGTATCACAATAGATATGTCTTCTATTTC,.((((((......))))))...........,0.0
GTGAGGTTATTCTAGTATGGATCTACACGT,((((((((...........))))).)))..,0.0
AGTCGGTTTTATTCACCCGTAAAAGCGTTA,...((.((((((......)))))).))...,0.0
TTGTACATTTAAATATGGTAAGAGGCGCAT,.....(((......))).............,0.0
CGAATCTTCGGAATTATTCGTGGATTTAGG,.((((((.((((....)))).))))))...,0.0
TGCACCCTGTAGAATTTTTGGGTTCAAATG,((.((((............)))).))....,0.0
TTCAATAACTTCCAGCGTAGATTTTATTTA,...(((((..((.......))..)))))..,0.0
GTCCATAAGATATCTGATATAGTCCCTCAA,..............................,0.0
AATATATGATTTTATACCGACTTACAGCTC,..............................,0.0
TAAGTAGAAACCGAGACAGTAGGGTGCCTT,.....((..(((..........)))..)).,0.0
GTGGGCTTTATCACCCTTTGTTAGATTAAG,..(((........)))..............,0.0
CCTAAGGTATGAGAATTTTACTATTGACGT,.....((((.........))))........,0.0
AAAACATAATAGCATGCACGTGTTTCGAAA,..........(((((....)))))......,0.0
TCTGAGGTTAAATGGTTACCTTTAGAAGGG,(((((((.(((....))).)))))))....,0.0
TAGGTAGAAAATTACAAATAGTCTGCATGT,...(((((..(((...)))..)))))....,0.0
GTTCACTATTGGGGGTATATTTTTAGATTA,..............................,0.0
ATTAATCATCTTCCTCGAAGCGTGGTATAG,....(((((((((...)))).)))))....,0.0
TCTGTTGATACACGGATGATTTAATCTGTG,..........(((((((......))))))),0.0
TCTAAGCCTTTACTTTGTAGTTATATTTGT,..............................,0.0
TCGCAGTGAATCAACGTGCTATACCCTAAT,..(((((......)).)))...........,0.0
GGTAATACAGTATAGACTGGCAACAAATTT,.......((((....))))...........,0.0
CAGAACAACACGGCTAGATGAGGTTTTTAA,.(((((..(((.....).))..)))))...,0.0
TTGGGTTAGCGTAAGATTTAAGACAGTAGA,(((..((((........))))..)))....,0.0
CTATTCACATTAAATAAATTTTTGCGCGGT,..............................,0.0
GCTATAAAGTAACAAGCTGGATATTCTTGG,..(((..(((.....)))..))).......,0.0
GTAATTGCTTCTTAAGTGCCCTTGCTTTTG,((((..((.........))..)))).....,0.0
AAATTATTTATTAATTGGAGCTTCTCCGGT,.............(((((((...))))))),0.0
TTTGTCCGGTAATTATTAATACGTAATAGC,..............................,0.0
ACAATATTAATGCTAGTTCCGTATACATTC,.........((((.......))))......,0.0
ACCGCCATTGTTATGTCATTACGATATCGG,.(((..(((((.........)))))..))),0.0
TACCTAAATGTCGAGTAAAGAGGTGCTCGA,..........(((((((......))))))),0.0
GGGCCGAAATCTAAAATGACAGAAACCTAA,(((......((......))......)))..,0.0
GATTCTGGCTGTAGTTTGTCGGAGTTGAAA,(((((((((........)))))))))....,0.0
CGGAAAGATGTAATTCGTAGAGAGTTTTTC,...........(((((.....)))))....,0.0
TCTTAGATCTTACAGTGAGTTTTAATTGTA,..........((((((........)))))),0.0
CTTGTTCTGTTCGAGGTCGGCTGGTGGTAG,((((.......))))...............,0.0
GACCCTAAACATTCCTGAGGCTTCGGAGTT,..........(((((.((....))))))).,0.0
GAGCATACCAAGCACGTGATTTATTAGTAT,..((.......)).................,0.0
TAGTGTCTTTAGTGGTTTTTTTGTAGATTG,....((((.(((........))).))))..,0.0
TTTATTGGACCACTTTGATATGAAACAACG,..(((((((....)))))))..........,0.0
AATTTATGTTGTTGGACTAAGTGAAGCCGG,.(((((.(((....))))))))........,0.0
CTGCTCGCCTTATGGGGGGGTTCCATAAAA,..((((.(((...))).)))).........,0.0
CGCCACTTGTTGGGGACGTAAAACTAGCAA,.......((((((..........)))))).,0.0
CCTTAGGGCCCAGAATGCGTGGTGTTAATA,..((((.((((.......).))).))))..,0.0
AAAGAAAATGGGGAACGTCAGTGATATATC,..............................,0.0
AGCGACTGGTCGAAAACCCATTGATACTTG,..(((.(((........)))))).......,0.0
AAATGTGTTATGTTGATATACATCTGAGCC,..((((((.........)))))).......,0.0
CTCCTACTAGACTGATCTGGTATGGTTGTC,..(((((((((....))))))).)).....,0.0
CCCATTTAGTTTTCGTAAATATATAACGAA,...........(((((.........))))),0.0
AGGTTTATGTTGCATTAAGTTAAAGTGGAG,..........(.((((.......)))).).,0.0
ATTATCTTGAACATTCACTCGAATGATGAT,...........(((((....))))).....,0.0
TATGGTATTAAATAATATATTTTTGGAATT,..............................,0.0
TGTGATATGCCCAGTTATTCGAGTTTGAAA,..............................,0.0
GTGAGAACTCCGTTAAGAAAGTACTATCTC,..(((((((..........)))....)))),0.0
TATGGGTTATTCGGTGGTCCAAACCCGGTG,...(((((....((....)).)))))....,0.0
TACCGATTATCTTATACCTAAAGACCTTGC,..............................,0.0
GAAACGTAATTTCTGGCTGCTGTTAGTGCA,.....(((....(((((....)))))))).,0.0
TGCATGTAAGGGTTCAGGGAAAGTAGCTGG,..............(((.........))).,0.0
GAGGGGCTTACTGTCAGTGATGTTACATGG,((.((.....)).))...............,0.0
ATTCTAGAATTTCCTCAAATGACAACTCAG,..............................,0.0
TGAGCTGAATCGTCTCCCCGTGCCTAGGCC,...(((....((......))......))).,0.0
TTTGTGTGAACGTTAAATTAATGTAGCTTT,.....((..((((((...)))))).))...,0.0
TTGAGGCTATACGAGAGGTGTCGGATCTGG,((((.(((........))).))))......,0.0
TACGTAATTTTTATTCCAAATCCAAATATT,..............................,0.0
TTCAATTATGTTTGTTACTGTAAAAGGAAA,..............................,0.0
ATTATAGAGGTAATGATATTTAGTAAAGTT,..............................,0.0
TAAGAAGCATCTGCATCTATAACTATGGGT,..(((.((....)).)))............,0.0
TCGGTGTCGTTAGGAGGTCTATATACCCTC,..(((((...(((.....))).)))))...,0.0
TTTTAGTATTATGGCTACGTTTATACTTCA,....(((((.(((....)))..)))))...,0.0
TAATCATTTTCAATACCTAAGTGAGAGGTC,...((((((.........))))))......,0.0
AATTTATGATGTTAAAAGGTACGTCGTATT,....((((((((........))))))))..,0.0
TGAACTGTTTGTGTTCAAATTAGCCCGTAA,(((((.......))))).............,0.0
TATGCGATGTAAATAGTGGTCCGTCGTTCA,...((((((............))))))...,0.0
TGATCCCATTTGATACTGGAAACGGCTTAT,.....(((........)))...........,0.0
TTTGTCACATCCGCCCCTCTTAAGTGATAA,.(((((((...............))))))),0.0
ATAAGATGCTATCCTAAAGGGATTGATATT,....(((((.(((((...))))).).)))),0.0
ATATATAAACAGTATACTGACAGTAATAGC,.........(((....)))...........,0.0
AAAGTAAGACAGAGAACGAGGTGATGAGCC,...................(((.....))),0.0
GCTATTAGCTGACAATTTGAACGCTTTTGT,(((...))).....................,0.0
TTTCAAAGGCATCTTGTGCGTCTCCTGTAC,........((((...))))...........,0.0
AGGTTTGTTTTTGCTAGCTCTTTTTGTCGA,.((((.((....)).))))...........,0.0
ATTAGTTACCTACAATTTAAAATGCAACCC,..............................,0.0
TGATACAGTGTCATTATAGGAGTCCGTGTG,..((((.(..((.......))..).)))).,0.0
TAGAAATTTATTGAACGTCAACCGGGGTCG,..............((.((....)).))..,0.0
AGTCCAATACGTTATTGCGATTATGGACGT,.(((((...(((....)))....)))))..,0.0
TGATTCCTATTGTTTCTCAGCCTCTTGTAA,..............................,0.0
AACTAATGGCACAAAAGCTGACTAAAGTTT,..............(((((......))))),0.0
GTCAGTTGTTAGAAGTTCAAGGGTGTAGTT,..............................,0.0
AAATTTATATATTGAGGTGAAGTTCGATAA,.........(((((((......))))))).,0.0
TTTCTGGTATAGGTGTAAATACGTATTATG,........(((.(((....))).)))....,0.0
TTTGGTTGGTTTTCTAGCTGTCATATATTG,...((((((....))))))...........,0.0
TGGCATTACCTTTAGTGCACGCAGTATTAT,..((((((....))))))............,0.0
ATGTAATATCAGGCACGAGAAATACGCCAA,...........(((...........)))..,0.0
AAATTGTACCACAGCATGTATTACATTCTT,....((((..(((...)))..)))).....,0.0
TCACATAAATTTCCTATTAGGAGAAGAAAA,.........((((((...))))))......,0.0
ATGAGCATCACGAGAACGGAGTTTAGGGCT,.(((((.((.((....))))))))).....,0.0
AAGGACCAGATTCTTTCTGTAAAGCCTGCG,.(((..((((.....)))).....)))...,0.0
TAATCGATGGGATAGGCAATTGTTCATGTC,.....(((.((((((....))))))..))),0.0
TTGATAGGCAAGTTTCACCAATTGTAGAAG,.......((((..........)))).....,0.0
AAATCTATAAGTTGGTAAATGGTACCGTAT,.............((((.....))))....,0.0
TTTAAGGCCTAGCAATGCTTCGGTATGATA,......(((.(((...)))..)))......,0.0
AGCTATGAAATTGATGATTCGTTGGCTGCG,(((((((((........)))).)))))...,0.0
AGTATAAATACGGACTGCACTAAAGCGCGG,..............((((........)))),0.0
ACTACTGCCTATCGGTTATGAAATTGACGG,........((.((((((....)))))).)),0.0
CACTTCAGGATTGCGTGCAAATTCGTGTGA,(((....(((((.......)))))..))).,0.0
AACAGTCTTTATTACCATAATATTCCTGGA,..(((....(((((...)))))...)))..,0.0
AACTGAACCCTAGTAATTATTTATGTCATT,.((((.....))))................,0.0
ACTACCTCGGATCTAATGTCATTGGCAAGC,....((...(((.....)))...)).....,0.0
CGAGCTGTTTACTGTTCGATAGTGCTTTGT,(((((........)))))............,0.0
CTTTTTTTTGGGTTAGTATTTCAAAAATTT,....((((((((.......))))))))...,0.0
ACAGGGGGATAACACTGTCAGTGCTGTCAG,.......((((.((((...)))).))))..,0.0
AAGTTAGAAAAGGACGCAATTTTTTCTGAG,...(((((((((........))))))))).,0.0
AGTCCACCGATACAGGTATGAACATATGAG,.....(((......))).............,0.0
TTATTTACGATTATGAGTTTATCTGGACCG,..............................,0.0
TCTTGTCTAATAGATTTTTCGTTAATATAT,..............................,0.0
CGAATCACGGTGAGTAATATAAGTGTGGTC,...((((((.(..........).)))))).,0.0
TGGATTTAGGCTGAGCTCATTACTAATACC,.((..((((..((....))...))))..)),0.0
TTTAAATTAAGAGAGGGTATGTTGTGGAAT,..............................,0.0
GGACAAGGAACTGAATTATATACTCACTAA,..............................,0.0
AATGATAGTTTGCATATCTTACCAATCAAT,...((((.......))))............,0.0
TCTGGCGAACAGCAATGATTTATTACTGCC,.(((.....)))..................,0.0
TTATGTTACCGGTGGGTATCGGAAACCAAA,....(((.(((((....))))).)))....,0.0
GATTTTTGCGGAGGAATTCACTTGAGGGTA,(((((((....)))))))............,0.0
ATCAGGCGATGATAATTAAAGGCTAACAAG,....(((..............)))......,0.0
CTTAAACTTTAAAACTTTGAAGATATAACA,......((((((....))))))........,0.0
GTGCTTACGTGAGCTTGAACTATGCCTCAA,..((((....))))................,0.0
ACGCTATATTAATAATAATCTTCATGAGAT,.................(((((...))))),0.0
TATTGGCAGCACTTAGTAACAGTCGTACTT,.((((...((.....))..)))).......,0.0
TTCGTGTAACATGTGATAGGCCTTTGATTT,...((.((........)).)).........,0.0
GAGAAAGGAGAAAAGCTATGGTTCCATGAG,......((((...........)))).....,0.0
GCTGAATATTCTGTTGAGTGGTATATAAAA,(((.((((...)))).)))...........,0.0
GCTTAGCTTTTAATGAAACCTTTTTGTATG,..............................,0.0
TGCGAATACTTGGTATAATGCTCTTTTTGT,.(((.((((...))))..))).........,0.0
TATATATTCGTACGTTACTCATACAACATG,..............................,0.0
AAAGATTTAAGAGCCGATACAGTGACATAG,..............................,0.0
TTTCTAAGGAACTGTGCGAGTCATATTAGT,...((((...(((.....)))....)))).,0.0
TTTCAATTAAAAACAGTATTGCTTGGGTGG,..............................,0.0
TCTGCGGTTAATTAATATTTTCAAGTTTAT,..............................,0.0
ATTGGCCGTATATTGGAACATGGTAGATGT,(((.(((((..........))))).)))..,0.0
TTCAATGTAATGTTGCTAAGTTGTGAATGA,............((((......))))....,0.0
AACGGGAAAAATGTATTAGTCGATAAGGCA,..................(((.....))).,0.0
GGAGACAAGTTCGAAACAGGTCACTGTTAA,(((......)))..(((((....)))))..,0.0
CATTGCAGTAATTGATTTGTAAATTTGTCC,..((((((........))))))........,0.0
TGAACAATTCTGAGGTTACGTCTTGCGTTG,....((((..(((((.....))))).)))),0.0
TCTGAGATTATAATGGTGTGATTCGTGGCG,.....(((((((....))))))).......,0.0
TTGTAACAATCTTGATAAGAGTACTCTCTG,.................((((....)))).,0.0
AATTAGGGTTATTATATAGTAGAGGTGGAG,..............................,0.0
ACTTGAACAACATGCGCGAACAATACATTG,..............................,0.0
TTATAGTTTTGGGGCAAAATGGGGGATGTC,.....((((((...))))))..........,0.0
GTTCGTATTTAGTGTCCAATTGCTTAGCTG,..............................,0.0
TTCAGAAACCTTCAAACAATTTAGGCCCCA,........(((...........))).....,0.0
CTAGGGATATGGGAGTAAACACTAGTTTGA,(((((..(((....)))..).)))).....,0.0
TTAATTATTATCAACGTGTCAGTGGACCTT,...............(.(((....))))..,0.0
GGAGTGTCATTCTTCACCTTTATGGCACTT,.(((((((((...........))))))))),0.0
GATTCCTATGCGACTTGTGAGGAGTAAAAC,.((((((..((.....)).)))))).....,0.0
GATTAGAGTTATGTGTCGTCTCTGTATAGA,...(((((...........)))))......,0.0
AGATAATTTGTAATTAATGGAAACACTAGT,............((((.((....)).)))),0.0
TGACTACCCTTATAGTTCTTGAAGGACCCA,..............(((((...)))))...,0.0
TCCGATCTATATTCGATAGGGGACTATTGT,.............((((((....)))))).,0.0
TTCCTCGTAAAAGTGAGTGCATTCTCATTT,..........(((((((......))))))),0.0
TTGATATGAACCGTATTTAGGGTACGGGAG,..........(((((((...)))))))...,0.0
TTACCCGGAGGGAACAGTGATGGGTCGTGT,..(((((..(.......)..))))).....,0.0
AATCAAAGAGAAATTTATAAGTTTCCTCGT,.......((((((((....))))).)))..,0.0
GAGTTGTTACCAAACTCTCTCAGGGGCATA,(((((.......))))).............,0.0
CTTTATTGCGACGTGATTATAGTTCGTTCG,.......((((..((....))..))))...,0.0
GTTGCGGAGTAATCGTAAGAGTTCGTCATG,.((((((.....))))))............,0.0
AGTTTTAATCTTCATTTGTTAAGTCATTCA,..............................,0.0
TAAGTAGAACGCTTGTAAGGAGGAAGGGTG,........((.(((.(.....).))).)).,0.0
AGTACGTCGTAACCCGATAACGATCGTTCT,((.(((((((.........)))).))).)),0.0
AGTGGGATTATTGAGACATTCTTCGAGCTC,..........(((((......)))))....,0.0
TAGAAAGCAATTAAAGTCCGAATAGTACAG,..............................,0.0
ATATGAATGAATACGTATCTTAATTTTAAC,(((((........)))))............,0.0
TTGTTTCATCAAGAAAAGTGTTTTACTTTT,.............(((((((...))))))),0.0
TATAGTGTGTGTTATATGACTAATCAATTG,..((((((((...)))).))))........,0.0
TCTTAGTATACTGGGCTCTTCGAGACCGAA,...........(.(((((...))).)).).,0.0
TTGTTTCCTACCACAGTACTTAATCTTCGT,..............................,0.0
CGATTGTGCCTCATAAGGGATACGTCATAG,.((((((.(((....))).))).)))....,0.0
GGTCCTCAAGATTTGTTGATAAATGGGTCG,.........((((((((....)))))))).,0.0
GTGACGGTTTCTCAGACTTTCAGATATTAG,.(((.(((((...))))).)))........,0.0
CATTCTGATAAGTAGAATTTTGTTTTGTAT,.((((((.....))))))............,0.0
AAATGTTTCCAATTATGAAAATACTAGAGG,..............................,0.0
TATCTTCGTTTGAACGTCTTTATATCTACG,..............................,0.0
AAACATTGTCATGAATTTCGCTTCTGTCTA,.......(.((.(((......))))).)..,0.0
GTAAACTAAACCTATTATTCGGTTTGTTTA,.(((((.(((((........)))))))))),0.0
TTAAGCTGTGAAGCTACGCACTCCACAAAT,...((((....))))...............,0.0
AGTTTAGGTTCAAATCTTTGTCATTATTCT,((..(((...(((....)))...)))..)),0.0
ATAGGCCTGCAATCCAGTAATCAATCCTAA,.((((..(((......)))......)))).,0.0
CCGTGTTAGTCTGTTTTTGTTATAGCGCTC,..((((((..............))))))..,0.0
CTTTACTACTTTTTATTATAGTTGTCTGCA,..............................,0.0
ACTGGGTAAAGTAAGATGCTTATTAGGTTT,..((((((........))))))........,0.0
TTGAATTGTTAGTAAGGACATCGCGTGTTA,................(((((...))))).,0.0
TTGTTAATATTCATGATCCGAAAAAGTATC,..............................,0.0
TTTTAGACATAGATTTTAAAATGTTTACTT,...(((((((..........)))))))...,0.0
GAGTTTACAGGCGGCAGTTTTTTAAGTAGC,........((((....))))..........,0.0
GAGTGCGCCTTATCCTTACTTTTTTTGATG,..............................,0.0
TCTAGTCAAAAAACTTAACTAGTTATAAAT,.(((((.((.....)).)))))........,0.0
GTTTATATAAATATTTTCAATAAGAGTATA,..........(((((((.....))))))).,0.0
TACGGCGTTCCTTCGGCATCGAAGTGATGG,.....((((.(((((....))))).)))).,0.0
CAATAAGATTACGTGCTTGCAGATAAATGA,..............................,0.0
ATTTTATATCGTTTTTCCATGTCTCTGTCT,..............................,0.0
GGTCGCATGGCTGGATCTATTAAATGGGAT,.(((.(((...............))).))),0.0
ATTAAAAATTACGGAGTTTTCTACTCTATA,............(((((.....)))))...,0.0
GGTTTGTACTTAGATTGTCGAGTAAGTGTT,......((((((..........))))))..,0.0
CGAGATTTGATGAAATGGAGTACAAAATGT,..............................,0.0
CGTTTCCAATAGTTTGTGTTACATCGTCTG,.((..((((....))).)..))........,0.0
CTTGGATATACAGGTAATCAATGCTGCTAT,((((......))))................,0.0
AGTCAATATAGTCGTCACGGTCGTCTGCAT,........(((.((.......)).)))...,0.0
GATCGACACAGTTGGATTCGATTGAGAATC,...((((...))))(((((......))))),0.0
ATGTGCTTTGTATGCAAGCGGTTTCAACGC,...(((.......))).(((.......))),0.0
AAAAATGAATCATGTAGTATCTGATGTCAA,.....(((((((.(......))))).))).,0.0
TGTTTGGATATAAGTAGGTAGCTTGTCCGC,....((((((..(((.....))))))))).,0.0
TCGAACTTAGTAGCTTCTATAGTGAAATAT,....((((((......))).))).......,0.0
TTTATGCTTGACTTGTAAGAGCGTTAGAAA,...((((((.........))))))......,0.0
TGTGAATATCTAGCGTTGGGTCCGGGCCCA,................(((((....))))),0.0
TCACCTGACTGCATCTGTTTGTTTTAAAGG,...(((....(((......))).....))),0.0
AAAGGCAACTTGAACTTTCTGGCTCGAAGT,.......((((((.((....)).)).)))),0.0
CATACACATTAAGGGCGCGAGAGGTGGCAT,.............(.(((.....))).)..,0.0
GTTACCCTAGGTAAATTCTTACTTGTTGTA,..(((..(((((((....)))))))..))),0.0
CCGTTAGTAGTTCGGTACGCAATATCTTGC,(((.........)))...((((....)))),0.0
GTTATATGTATGCTAACGGCGTGTCCTTAG,........((((((...)))))).......,0.0
AAACGTTGCAAAACCATATATAAAGTACGA,....(((....)))................,0.0
TCTACAAGTATCTATGCTGACTTCTTTTGA,......((((....))))............,0.0
GGGTGTCTTATGTGAGTTTTTTTTTGCAAG,..........((((((......))))))..,0.0
TCAATCGAAACATAGGTTACTCTTTAATCA,..............(((((.....))))).,0.0
GAATACTTGCACCCAATTGTATTTATTTGT,(((((..((((......))))..)))))..,0.0
CTATTAATTTGTACGTAGTAAATTAAGTTG,...((((((((.......))))))))....,0.0
GCGCTTTTTTAATTAACAGATTCAATCACA,..............................,0.0
GTAAATTATTCCTAATAAGTTCATACTAGT,.................(((....)))...,0.0
TGCTCGGACGTCCACGGTGCGGTAAGTTTT,(((.((.((.......)).)))))......,0.0
GGTATAATAAAATGGCTTAAAAAATTCATT,..............................,0.0
ATGTAAGGACGCCGTAACATAGGCGTAAAG,........(((((........)))))....,0.0
AGAGAATGAGAGCGTGGGACGTATGTAGTC,.......((..(((((.....)))))..)),0.0
GTGGCTCAAACAAGCTTTTGAGATTAATTA,....((((((......))))))........,0.0
GCATGTAATTAAAATCATTCTCTTTTGTAG,..............................,0.0
TGTATTAAACGTATTCGTAATCGCCATAAT,........(((....)))............,0.0
TGGTTCATTTTTTATTTTCATACCCTTTAT,.(((.................)))......,0.0
ATTTTTTTCCTCTATCTGCGGATTCTGATC,.......(((.(.....).)))........,0.0
TTTAGTTCGGGCAGCGTAGCATTACGTATT,.............(((((....)))))...,0.0
TTATATCCTTCGTGACGTGATTGGCGTTGG,......((..(((.(......).)))..)),0.0
TAGAGTTATCCTTGGGAGAGATCATGTTTT,..((....(((...)))....)).......,0.0
TAACGTCGTTTTTACATTTAGGTCGTTTTC,.((((.(.(..........).).))))...,0.0
TGTACATGATTGTTCAGCGGTTTATCATGA,....((((((.............)))))).,0.0
TCAAGGCTTGTCCTACGTAACCACGGCTCC,....((((.((........))...))))..,0.0
TTAATAAGTGCTTCTAATTAATGTTACTAT,(((((.((.....)).))))).........,0.0
GGTTTTATTTTGCTCGACTTTGTGCGCAAT,.........((((.((......)).)))).,0.0
ATTTTGGTTTCGACATCTTGTATACAGTAC,..............................,0.0
TTTAGACATTATTCCACTTATCTAGGAATT,..........(((((.........))))).,0.0
GGGGTGAAACATAGATAGTAATCAAATATT,..............................,0.0
CGTTACTACAATGATGAAAAACAATTTCAC,..............(((((.....))))).,0.0
TAATACAAGTTGTTTATGGTGTTTCCTGAA,.................((.....))....,0.0
TAATCAATAAGATCCGGTGTTTCCTGTTAC,...............((.....))......,0.0
TCTAATTCGTATCCGTAGATCTTAACTAGA,((((......(((....)))......)))),0.0
ACTATTTTATCTTTTTCAATCACTAATTAA,..............................,0.0
ATAGCGATTAAGCATACTCGTATTGATTGA,....(((((((((......)).))))))).,0.0
AATAGTGATAACAGTGCCTGGTTAAATCTT,........((((........))))......,0.0
GCACGTAGTAGCTTTTAATGACTAATTGCT,(((..((((...........))))..))).,0.0
AAGTAAGAGAAGAGCTTAATAGACAGGAAA,..............................,0.0
GTGTATGGTTAGATTTATAGAAACATTGAG,.(.(((((......))))).).........,0.0
GCGTCAGCGCTAAGCTCATCGAGAGAAACC,(((....)))....(((.....))).....,0.0
TAGAATTTGTCCAATGTTGTAAAATTGTGG,..........(((..(((....)))..))),0.0
TGATCTATAACACCATATGGGACAAGATAT,((.((((((......)))))).))......,0.0
TTTTACATGTGAAACGTCATGGATCAAATA,.....((((........)))).........,0.0
ATTGTTTTCGACAAGTCTGAGGTTGATTAG,.......(((((.........)))))....,0.0
TGTAGTTCGACTAATGAAGTAAAACTAGAG,(.(((((..(((.....)))..))))).).,0.0
TAAGCCCCTTTAGCTTTATTGATTCATCCA,.((((.......))))..............,0.0
ACTTTTGAAGGGTCAAATTTTAATACTTAA,...(((((....))))).............,0.0
TTACATTTCGACCCCACAGAAATATACAAT,....(((((.........))))).......,0.0
AAGTCGTTAATGTGTATCAATGGCTTTTCT,((((((((.((....)).))))))))....,0.0
CTTAACGTGACTAGCATACAGGGGAGTCTT,........((((..(......)..))))..,0.0
CCAAAGGTAATTAAACTATACTTTAGTCTG,...((((((.........))))))......,0.0
AATATTCTTTTCGTTTGATTTTAAAAACAT,............((((........))))..,0.0
TTTTAGGAACAGAGTATGTAAGGTTTACGT,...............((((((...)))))),0.0
TTTTTGCATTCTTGTCAGGTTTTTGATCTG,.....(((....)))((((((...)))))),0.0
GCCGGGTGAACTATTCCGCGTCGGTTCTAC,((((((((........))).))))).....,0.0
TATGTTCTCAAATATTTCTGAAGTGCTCAT,...((.((((........)).)).))....,0.0
AAACAAGGAGATTTCACTGTTATCATGTTT,(((((.((.(((......))).)).))))),0.0
ACAATGTAACGTCATCGGAGGAAGGTAATC,.........(.((....)).).........,0.0
TAGGTAAGTCTCGATTTAGCTATAGGTGTG,(((.(((((....))))).)))........,0.0
ATGTTTCTGCATCGGATTCTGAATCTTTGT,........(((..(((((...))))).))),0.0
GGTTTGCCGTATCATCAGCGCGCTGTAGGA,.....(((((.......))).)).......,0.0
AAACATTCGGCAATAAAGTTCTGTAATTGG,..(((...(((......))).)))......,0.0
TAGAAATAAAGTTTTTCTATCGACTGTATT,((((((.......))))))...........,0.0
TCCCAAAGGATCGTTGTATTTTATAAACCT,(((....)))....................,0.0
GATTTTCAGTGTGACTCTGTGAGAAGTGGT,..((((((..(.....)..)))))).....,0.0
TGTTCAACGTGGTGATTGATCTGGATCACT,..........(((((((......))))))),0.0
TGAATTCAGTTGACGGCCTCTTCGATAAGG,........(((((........)))))....,0.0
TGAATAACACGATTATACTAAGGTTCCGTT,..............................,0.0
TGATTGGAAGCTAGGGAGTCTTCTGCACGT,.....(((((((....)).)))))......,0.0
ATCTCTATACCAGTATTGATTTCAAGTATT,...........((((((.......)))))),0.0
TGAATGTTATCTAAGGACTGTGAGACGTGA,...(((((.((..........)))))))..,0.0
TAGGGGGCCACTGCATTGAGGTCGGGTTTA,.....((((.(......).)))).......,0.0
CACCAGTAACTGCAGTTGTACAAAGGACAT,..............(((........)))..,0.0
GATCTGTTATTTTTCTTCGTGCCGAGATTC,.............((((......))))...,0.0
TTGCAAACACAAGGAATATGTTTGTTTGAG,..(((((((.........))))))).....,0.0
TAGGTGGTCCACCTTGGACAGGATGTCAAT,.(((((...)))))..((((...))))...,0.0
AAAGTGTAATGTCATTCCGCGCAAATGAGA,...((((...........))))........,0.0
TAAACCTACGATACTTTTCTAAAGTTTATT,(((((....((......))....)))))..,0.0
CAACCCAGATACATCACGGTACGAACTACT,..(((..((....))..)))..........,0.0
GTATAGTGTACGTATTTGTATGTTATCAGT,(.((((((((((....)))))))))))...,0.0
AGGATTAGTGTGTAAAGATATGAGATACGA,.......((((.(.........).))))..,0.0
ACAGCGGCAAACAAGTAACATGATTGTGGA,....(.((((.((.......)).)))).).,0.0
TCATCCTATCTTTGATGGCTACAAGTTCGG,.((((........)))).............,0.0
ATTGCTGCATTTTAGGCACAACTGTATCGG,..((((........))))............,0.0
TCAAAAGTAGATTTCTCTCGATACCCGTTA,..............................,0.0
TATAAGGTTCCATGTCATTAATTTTGTTGC,.((((((((..........))))))))...,0.0
TTATACTACATATTTTACAGTATGATTACA,(((((((...........))))))).....,0.0
CGTCCGAAAAAGAGTTACCTTATAAATAAT,..............................,0.0
TTGTTTAAAACGTATGTAACCTAATCAATC,..............................,0.0
TCATGAGAGATATGTCTCTCTTATGTCAGT,.(((((((((......))))))))).....,0.0
TATACTCAGGCTGAATTATTGCAATGCCAA,........(((..............)))..,0.0
CGTGCACATATATAAGAAGAAGTTATTGTG,....((((...((((.......)))))))),0.0
ATCGTAATTCTGTGTTTGCAATTCGGCACT,...........(((((........))))).,0.0
TCCATGCATATGACTGATAAATGCATACTT,...((((((...........))))))....,0.0
AGATCGGGGTAGTCAACGTTGTATAAACAG,....(((.((.....)).))).........,0.0
TTGCATATGCAATTTGAATTGGAGAGAGTT,((((....))))..................,0.0
TAGAATCGTTTGCATGCTAGCATTGATCTT,.(((.(((..(((......))).)))))).,0.0
GAAGGTCTCATGGTAGCATGGTTCCTCTCA,(((((..(((((....)))))..))).)).,0.0
TTTCAATACGTAACACTTGTTCGCAGGAAT,.(((....((.(((....)))))...))).,0.0
AGCTTCGTTAAACTGGATGTTAGTCGACAA,....(((...(((.....)))...)))...,0.0
TGTAATACATAACCGTTAGGTCAGGGTTAA,.........(((((.(......).))))).,0.0
GTCTGTGATCATTGCGTAACTGTACATCCT,......(((...(((......))).)))..,0.0
AGCTTATCGGATGTGCGAGGTGTTTTCCAA,.((...(((......)))...)).......,0.0
CCAAACTTATAGTAATTTGTAATCTGGTTA,(((...((((((....))))))..)))...,0.0
ATTAAATTATATTGACAGGCCCTACAACAG,..............................,0.0
TTGGTCAAGAGATACGTTGCTAAGTTATTG,((((.(((........))))))).......,0.0
GCCAAGTAGATGAGTCTCCGCAGCGCTTTA,((...(.(((....))).)...))......,0.0
AATGAAAAGAGGATTGTGTCTATCACTATG,...............(((.....)))....,0.0
TTTGGAATTTTCGTTGTTTTGTAGGTTTAT,....((((((.((......)).))))))..,0.0
GAAAAATCAAAATATTACCCAGTTTGTTTA,..............................,0.0
CAGGCATTCATTCGCTCATGAGTCGCTTTG,.((((((((((......)))))).))))..,0.0
TATATAGCTTTTTTTAGAACCACCTCAAGT,..............................,0.0
TGCTGAGTATACTTTATATTAAAACTCATT,...(((((...............)))))..,0.0
TTCGGCGCCTGTGCGATATACGAGACATAT,.....(((....)))...............,0.0
GGTAAATAAGTTGATAGCTATGGTTTAGTA,................((((.....)))).,0.0
GCAGGAAGTCATTGAGATTCATTTTCCTGA,.(((((((..............))))))).,0.0
GTAGTATCTTCTACACAAGGAATGACGGTC,((((......))))................,0.0
CCAAAGAGGACTGATAGTAATTCCCATAGA,.......(((...........)))......,0.0
CCTGTATGAATATGGTGTTTCGTTCTTTTT,.....(((((........))))).......,0.0
GAAGTCAATGATTAAATTAAACTCTCCCAT,..............................,0.0
AACAGCAATTCTGTTCATTTCTTATCGGTG,(((((.....)))))...............,0.0
TCTTACTGTCTAGGTATACTCATTTAAGGT,...((((.....))))..............,0.0
TTACATGAAGAACTTCTATGAGGGTTCAGA,.........((((((......))))))...,0.0
CCGGGAGGTTAAACGACAAGACATGTACTT,((....))......................,0.0
AGCTTCTTTTATGCAGGTCTTACTGGTGTC,.............(((......))).....,0.0
GGCTAGCTTTCAGGCGAGGTTTTTCGTTTG,..........((((((((....)))))))),0.0
ATTGTGAAATATTAGGAATATGGAATTCAG,...............((((.....))))..,0.0
GGGGATTATTTGACTTGCACGTTAAGGGAT,....(((.((((((......)))))).))),0.0
TTAAATAGTGCCTCTAGGGTGAACTTTTTC,..(((.(((((((...))))..))).))).,0.0
TATTTTGGGGTGGGTCGGTGTCTTCTGGAG,....((.(((.((.......)).))).)).,0.0
TTCCCGTTTTTTCCCGACACTGACGTAAGT,....((((.............)))).....,0.0
GTAGAAGTCAGCATAAAAGGATTGGTCTTT,...(((((((((.......).)))).)))),0.0
CGCCTCGTACGAGTTTCAGATGAATTGTTG,...(((....))).................,0.0
TGTCGCGGTCGGTTTATCATGTGCGTGATT,.((((((..((........))..)))))).,0.0
CTCTTTGTCCGTTAGGGTCTTGGACCCAAG,..............(((((...)))))...,0.0
CTAGCTATTCTTAAGTCTCTGTGCTACGAT,.((((.................))))....,0.0
ATAAGGGAAAAATCAGGAGGAGTTCTTGGG,............((((((.....)))))).,0.0
TCACAATCAGCAGACGCGCTTTGCTTCTGG,..........((((.((.....)).)))).,0.0
TTTTTGTTGAAGTAGATTCAATCAGGATAT,.((((((((((.....))))).)))))...,0.0
ATATTAGCTCTTAACAGCCGAGAATGTTGT,...........(((((........))))).,0.0
GTCCACGTAGGAATATTTTTGCAAGATATC,.(((.....)))(((((((...))))))).,0.0
TTTTCCCTGGTAGTACAGCAGTTGGTCGCT,......(((......)))............,0.0
ACTGTTTGAGCTTCAATGTTCTATAGATGG,.((((..((((......)))).))))....,0.0
TAATATTATAATTAGGATTGTTGGTTTTTC,..............................,0.0
TGTGTTAGCGAATATGGGTCTGTGTGCTAG,.....(((((.(((......))).))))).,0.0
ACGAGGCATGGTTACTTTTTTTCAAAATAT,..............................,0.0
GGGGTGGTTTACGCGATGTGAAAATATGAC,...(((.....))).((((....))))...,0.0
TCGGTTGCATTGTTGACCTGGGGGATGAGT,..((((........))))............,0.0
CGGACTATAGATCATAGAACACAGGTGTGA,....((((.....))))..(((....))).,0.0
TATTTCTTTTTACAGGCTGTTAACCGATAA,..............................,0.0
TGTGGTGAAGTTAAAGACAAAGGAAACACT,.(((......................))).,0.0
ATTAATACCGTATGATACAATAAATTAATA,..............................,0.0
TACAGTTCTGCTACTGTTCGCTGGGAAATA,.(((((......))))).............,0.0
AATACGAAGAAGTACTTTATTAACGAATAT,..(((......)))................,0.0
GTAGTTGTTAAGGTTAAAAAAGTTACGCCA,...........((((((.....))).))).,0.0
GTTTTTACTGACTACCTTTGGTGTGATCGA,........((((((((...)))).).))).,0.0
TTAGGTCTAGCACATTACGGCTTTCGGGGT,..(((((...........))))).......,0.0
TCTTGTGGAGCTGGAGAATAACGGATAACT,....((....(((........)))...)).,0.0
GTTTGTAACCTATTGATGCACGAAGACTAA,..............................,0.0
TTATCGGTCCAAGGATAGACTTCTCCTCGT,...........((((........))))...,0.0
ATAGATATTTTTTGGGACAGGATCCTAACA,...........((((((.....))))))..,0.0
ATACAGCGTGTGACTTATATGTATTATAGA,.....(((((((...)))))))........,0.0
CATGATGTTTCATCTTATAAGTGGAATTGT,......(((((((.......)))))))...,0.0
GCTGGGGGTACGGTGAAATTATTAACACAC,((((......))))................,0.0
AGAGCGAATCTCTTAAGCTCGTATGATAAG,.((((...........))))..........,0.0
CCTGGTTTGATGATGTGTTAAGTCATTTTG,........((((((.......))))))...,0.0
AAGGTAAAGGTTGTACATCTACAAAAATGA,..........(((((....)))))......,0.0
AATAGTAAATCTAAAATGTGGTGAGGTTCA,........(((........)))........,0.0
GTACTAATCGAATAGTAGAGTTCTTGAGTT,.(((((......))))).............,0.0
GTGGAACTACATAACAGTGTGTAACGATGT,.......((((((....)))))).......,0.0
CGTCTTGCACACGAATTTTTGTAAATCTTA,....(((((..........)))))......,0.0
GGGTGATTCCAGGTGGTACTGCTGGTTCAC,..((((..((((.........)))).)))),0.0
CTCTGATAAAGAATTCTGGTTTGCGGTGTT,.(((.....)))((.(((.....))).)).,0.0
TTTCATCGTACTTGGTTATATTCAATATGA,.....(((((.((((......))))))))),0.0
TAATTCAGGTAACAGAGTAAATAGGCTTGG,.....(((((..............))))).,0.0
TTATATTTATTAGATTATTCAAATGGACAA,.....((((((.((....)).))))))...,0.0
AGTTGACCACATGCAAAATGGGTTATTCTG,...(((((.(((.....)))))))).....,0.0
AATGAACTCGGGAAGAGCGAAAAGAGGCGG,......(((.....))).............,0.0
CGAATATCGATTGACAGTCTGACCGGAGGC,................((((......)))),0.0
ATCCTAGGTGGAACGGAGATTTTATTCTGC,.(((.....))).((((........)))).,0.0
GGATTTTGTGGGGGCCAAATTATTCTGTAC,((((....(((...)))....)))).....,0.0
GACATTGCGTAAGTGAAGTTGGTTTCGTAT,(((.((((....)))).)))..........,0.0
AAAAAGGCTATAATGTAAAGTTTCATCTGT,..............................,0.0
TTTGAGGCCCACGTAATTTTATTGAAGCAG,..............................,0.0
AAGGATTTCGCGAGTTCTTGGAATATAAAT,((((((((...))))))))...........,0.0
CGCCCATATAGCGGAGAATGCGTCAGCTAT,.......(((((.((.......)).))))),0.0
TAATTACATTATTTTGACTAAGTAACACGT,........((((((.....)))))).....,0.0
AGTTCATCTTCACTATTTGAACGGCACAGT,.(((((...........)))))........,0.0
GTGTCATTTTCATCCATGTTAAGTTAGAGG,..............................,0.0
ACGAATTTCTGTCCCTGTTTAATATTGGGG,............(((((........))))),0.0
AATTGCATGTTATACATTGGAGTTATGCCT,....(((((..............)))))..,0.0
CCTCCTTATATGATTCTATCAAAAATTTTG,..............................,0.0
TATGATATATCCATCAAAAAGCAAAAATAA,..((((......))))..............,0.0
CACTATAGTACCTTAATATTCCTTGTTTAG,..............................,0.0
GCCGTTTAATGTATCAATCGCAGAGTACAG,.........((((((.......)).)))).,0.0
GAATTTAGTAATTTGATAAAGTCAAATCAG,..........(((((((...)))))))...,0.0
AACGTCTACATCTCACGGTCTAATTGTAAT,......((((..............))))..,0.0
TAGCTTAAAGAAAATTTGCTTTTTCTTCTG,.......(((((((......)))))))...,0.0
TTGTGGTTTAGATAGATGGGGACGATTACC,..((.((((..........)))).))....,0.0
TTTGTGAATCGGTTCAAATTTACATAACCT,..(((((((........)))))))......,0.0
TTCCGGGACAGTGTAGTGTAAACATCTGCG,............((((((....)).)))).,0.0
TGTGTTTATACGAGTGGCAAGAATTGAGTA,..............................,0.0
GTTAACTAGGCGCTGGTACTTAACATCTGT,(((((((((...)))))...))))......,0.0
GCGGACGCCGTATGTAAATCGGCTGTGAGT,((..((((((.((....)))))).))..)),0.0
CCTTTTTTTTCTTACGGGTTTAATTCACAT,..............................,0.0
TTTCATTAAGCTGCAGACCCTTACACTGGA,..................((.......)).,0.0
GGCATAATAGATGCTTGAGATTGCTTCATG,(((((.....)))))((((.....))))..,0.0
ATAAGCCATGGTATTCTTATAAACCAGAGT,....((..((((..........))))..)),0.0
CTAGGATGTATAGAGGTTGTTTGTCAGACA,...(..((.(((((.....)))))))..).,0.0
AGTTGCTAACAACGAGGAAAGACTTTACTT,.((((....))))(((......))).....,0.0
ATGGTTAGAGGTCTGTCAGATATACAAGGT,..........((((...)))).........,0.0
GGATGATAGAAGGGTTAGAAATTGTATGTG,..............................,0.0
TTTTTTTATCCTTCTAAAATTTACATTATG,..............................,0.0
TACCTTGATGACATTAGGGTCACGATTGCC,.((((((((...))))))))..........,0.0
TATGTTTAACATATGCAAATAAGGATAAAT,(((((...))))).................,0.0
TAGTTCTAGGCAATCAAATGACATTGATTC,...........((((((......)))))).,0.0
GGTTTATGTCAAGCTAATAATTATGCTATG,...........(((..........)))...,0.0
CGACGATCAAGGCTTATCGAAATCAGAGGA,...((((........))))...........,0.0
ACACCTATCGTAAAATTCTTGCTTTAATTT,.........((((.....))))........,0.0
ATTGTCCATTTAAATACCAGATTGATTTGT,..............................,0.0
CCTAACTGAGAATTCTTTTCGAAGTAGCGG,....(((..(((.....)))..))).....,0.0
GCTTTGAGTCATAATCCAGGCCGCTCCTTG,((((.((.......)).)))).........,0.0
ATAAACGAATTAACGTTTGTAAGGAGCCCG,(((((((......)))))))..........,0.0
TATTTTACTTATAAAAAATCAACTATGGTT,................(((((....))))),0.0
ATTTTTACTAACGAGTTTTATTTTAACGTT,..............................,0.0
ACATACCATAAACGTTCATTCAGTTGATAA,...............(((......)))...,0.0
ATTAGTATTTCCAATTAAACATTGTATACA,....((((...((((.....)))).)))).,0.0
CTTTTTGGAACGGCTTTGTAAATGCGCCTA,...........(((...........)))..,0.0
TAAAGCCGGAAGCGTAGTATGATATTCCCG,.......((((.............))))..,0.0
GTTATTTAGAAGAGTTGAATAATTCGCTTT,(((((((((.....))))))))).......,0.0
TTGGCTTGTTGTCGAAAGTTTTGGAAATGT,(((((.....)))))...............,0.0
GGTAGTAACTCGCATTTTTTGTTCCCACAT,...........(((.....)))........,0.0
CGGATTATTTGCCACATATATAGTGTAGTT,..........((.((((.....)))).)).,0.0
GTCATTAATAGTTGTAAGGCAGTAGTGTCC,.................((((....)))).,0.0
GTCGGGGGGGGTGTTTAATAAAAAAATTTT,..............................,0.0
ATCGACCATGGGTGGTCCAGGGAAACTTAG,...(((((....))))).............,0.0
GTTGACGTAGTATAGGTTATCTAGACACGC,.....(((.((.(((.....))).))))).,0.0
TTATCTGCCATTCAGACTATCTCTTATAAT,...((((.....))))..............,0.0
TTGAAATCATCCATTTAATTCTATCCCTTA,..............................,0.0
GTTAACAATAGCAACAGTCTCACGAGAATT,((((....))))..................,0.0
GAGCTACGCGGCTTTGGATGGGACGGTCGA,(((((....)))))..(((......)))..,0.0
TCGTAGAGATGCTATCTAGAACCTCGTCGG,.((..(((...((....))...)))..)).,0.0
GTAAGTTGGGTAAGTATCGTGAATTTGCAG,(((((((.(..........).)))))))..,0.0
TAGTACGATGTGTAGTGAACTAACACTTCG,.....(((.((((((....)).)))).))),0.0
ATTTCGTGGAGATTGGAGAAGAAACCCAGT,...........(((((.(......)))))),0.0
GCTATGGGGGGACCGGATGGGTATTGTATG,.((((.((....))..))))..........,0.0
TTAACGAGATAGGCTCAGTTACTAGGCTAC,.(((((((.....))).)))).........,0.0
CAAAGCATCGGACTATTCGTGGTGTTTGAA,..((((((((((....)).))))))))...,0.0
TGATTTGTTGTACCTAGACATGGCAGCGGT,....((((((..((.......)))))))).,0.0
GTGGGTGTGTTCGGTCAAAAAGCTTCTACT,(((((.((.............)).))))).,0.0
CGCTATGAGTTATTTAAATGAATAGACTTG,..((((..(((.....)))..)))).....,0.0
AAATAGAATTAGAACGTAGTCTGGTAATCA,.......((((((......)))))).....,0.0
ACGATACAATCCCTGGTAAGTGTAGATTCT,..............................,0.0
GCATTCCGTTATAAACTTTTACGTCTAGAA,..............................,0.0
TGAGCTACTGTATACCCACCTGAATGGTTG,.................(((.....)))..,0.0
TTAAAGTGACTGCGTCATGAATGCTTATTT,.....(((((...)))))............,0.0
GGTCGTAGTTCGAAAACTGAGAGGAACGCA,..((.(((((....))))).))........,0.0
TGTATGGAGGGATATATTGTGGGGTAACGG,(((((......))))).(((......))).,0.0
CGAAATCATGTGTATATGTATGTTTACGAT,((.((.((((........)))).)).))..,0.0
GGGGACATGATAAACTGTAACTGATGGAGC,((..(((........)))..))........,0.0
AAGGAGGGGTTTTAAATGTTCAGCTAGTTT,...(((.(........).))).........,0.0
CAGGCATTCACGTTATGTGTTCCTGGTAGT,((((....(((.....)))..)))).....,0.0
AAGTGACTACCGTCGTGTCTGGTCTTCACT,.(((((..((((.......))))..))))),0.0
GCATGCGTATTTCAATACCAAAGTCAAGCA,((.(((((((....))))....).)).)).,0.0
TATTAATGACAGGTAGGTCTAGTATGAGAG,(((((..(((......))))))))......,0.0
TAGAGGAGGTCATTAGCATTAACTATTTGT,..............................,0.0
CAGGCGTATTCCACCATATTCATCATGGTT,............(((((.......))))).,0.0
TTCTTATGTTATGCGTGCCTGTTCCCATAG,....((((....((......))...)))).,0.0
TGTGATGATTGGAGGGATGTCTGTTACAGA,(((((((((.........))).))))))..,0.0
CACAACCTACCATTAGAAGCAAATTAAGGA,..............................,0.0
AATAATGGCCATAATTGTAATATATGTTTT,.(((((.......)))))............,0.0
TTGAACTCTAAGCACTATATACACACTATG,..............................,0.0
TTGAACATGAGGAAGCACATTACGGCAAAT,..............((........))....,0.0
TTGTTCTGCTGTAATAATTGGTGGTTATTT,.....((((((.......))))))......,0.0
GTGCGTCGGAAACCCAATGCAGATTAAGTA,.(((((.((....)).))))).........,0.0
GGCTGCAATGTCAAGTTAGTATACTTCGAA,(((......)))((((......))))....,0.0
CTCTTGTTCGATTGTGGTCCATTGAGATGT,.(((((...(((....)))...)))))...,0.0
ATGATAATTTCATCTGTGAAAGTGTTCCTC,..((((.(((((....))))).))))....,0.0
TTGAGGTAGAAATTGACGGAGTATTCTGGG,................((((....))))..,0.0
GTTGACTGGGACGGTGTTAAGGTTACATAC,..(((((..(((...)))..))))).....,0.0
TAAACTGGTGGATTGTCCATAGGAGGTTCT,....((.(((((...))))).)).......,0.0
TAGTTATTGTTGATATTTCTTCTGTATTCA,....(((.(..((....))..).)))....,0.0
TTGGGTCTGGTGAATTTTAGAATTCGTTCT,..((((((((......)))).)))).....,0.0
CTTTGGGTCTATATTATTTATTGAGTTGAT,..((((.((.(((.....))).)).)))).,0.0
TATACGTTCGGGTATAGAAGTTCAACTCTG,(((((......)))))..............,0.0
TTTGGTTAGTGCGGGTTGCATATTGACATT,....(((((((.(.....).)))))))...,0.0
TATCTTAGGGACCATCGCGATTAGCGTATT,...............(((.....)))....,0.0
ATGGTGTGCTTATGATAGGTTCTAATATGC,.....(.(((((...))))).)........,0.0
TATTGTTTCAAGGGAAATACTTTGTTTGCG,....((..(((((......)))))...)).,0.0
ATATAGTGGGTTCGGTTCTCGTAGTTGTAC,.(((((((((.......))))...))))).,0.0
TAATCATTCTTTAAAGTAGAGGTTAGCGTA,(((((..(((.......)))))))).....,0.0
TAACGATTATATTATTGGTTTTAAAGAGGG,...((((......)))).............,0.0
GTGGTTAATTTTGTACTAGTCTGATGCTAG,...............(((((.....))))),0.0
AAATCATGTAGTTGTGGCGATGTTCAATGC,...(((((....))))).............,0.0
AATGTGTTTCTCGAACATAGTATCGCGAGC,..(((((((...)))))))...........,0.0
TTGAAATTATAAGTTAGAAATTATTACATA,..............................,0.0
AGCCCAGGAAAAGTTGTTTTGATGTGGGTG,.(((((..((((....))))....))))).,0.0
AGGTAATCGGTTTTAGGACCAATTACGCAT,..(((((.((((....)))).)))))....,0.0
ATCGAGAGTCCTTGCTCAGATAGATGCACG,(((..((((....)))).))).........,0.0
ACTCAACGAAAGTAGGTTTTAAATTGAGAA,.(((((.((((.....))))...)))))..,0.0
TCAGTTTTTGAGTTTAGAGTAGGGTTAGGA,.....((((((.((((...)))).)))))),0.0
TACAGTGAGGCCGTCTAAATTTAAATCATG,..............................,0.0
GTAATTAGTAATTTCGGGTTGATTTTCTAT,.....(((.((..((.....))..))))).,0.0
ATCTTTTTTGTTTACCTCAAGATTAATTAC,.....(((((.......)))))........,0.0
TCATAGGTCTCTGGGCATTATGATGGAGAA,(((((((((....))).)))))).......,0.0
TGTACTAACACGTACATCCTTTTGGGAAAT,(((((......)))))((((...))))...,0.0
AGTTGCAGGTAAGAAAATGGTCAGCCGGAT,.......(((..((......)).)))....,0.0
CTATCTCTTTCACAAAAGATACATTAACCA,.....(((((....)))))...........,0.0
CTATAGAGAGCTTACTGTATATCGTGGCAC,.((((.((......)).)))).........,0.0
TAGTAAGTATATCTTTATCGGACACTGAAA,.................((((...))))..,0.0
TGTATTTCAGATTGATCAGCTATGTATTTT,..............................,0.0
AGGTCTAATTTGGGACTTGTAATTATGTAA,((((((......))))))............,0.0
TGTGCACACAGACCATGTTTTGTTGAGACG,.((.((.(((((......)))))))..)).,0.0
GTTACTTATAAGGTCATGGTCATATAAGCT,....((((((.((......)).))))))..,0.0
CTTCAATGTAGATAATGGACGTTAAACCAT,..............((((........)))),0.0
TTGCAGAATGCATCTGTTGTGCTGGTTGGA,..(((.(((......))).)))........,0.0
CCCGTACGCTAAATTAATTTAGAATTGCAA,...(((..(((((....)))))...)))..,0.0
ATTATCTGTGATTGCAGACTGTCCTCATGT,....(((((....)))))............,0.0
ATAGAAGTTTTCGAAAGTAAGATTACTTAT,....((((..((........))..))))..,0.0
TACATCTACTTAACTAAGTGTATTTATATG,(((((.((......)).)))))........,0.0
TAAGTAGAGCAACGTTCATATAGGTTATTA,..........(((.(......).)))....,0.0
ACATTTTCCATTCCATTTTCGACCTCAATT,..............................,0.0
AGAGGTCCTGGACGTGATTTGGTCGAATAA,........(.(((........))).)....,0.0
AGTTAATCATGCGATATTCGCGTTATTAAG,..(((((.((((((...)))))).))))).,0.0
ACGTAAGCTAATCATCAAGGGTTACATATT,..((((.((.........)).)))).....,0.0
GTCTGGGTATCTGAACGTTTGCAAGTTGTC,.............(((........)))...,0.0
TTCGTGATTCATAGTGGAACTTGACGTAAT,..(((.((((......)))..).)))....,0.0
CGACTTTTACATTGCAGCAATGTATGAGCT,...(((.(((((((...))))))).)))..,0.0
TGCGGCTGGTTCCGTGGTTGCTAACGGAAG,.........((((((........)))))).,0.0
GCAATGCTTAATATCCTATATAGAGGGGTA,...........((((((.......)))))),0.0
TGAATTGGAGATTGCAGTCAGTAGAGTTTG,(((.(((.......))))))..........,0.0
TCAAGATCCCTGTCAAAGAGGTGTTGAGTG,((((.(((.((.....)).))).))))...,0.0
TTCTTAAACTAGATTGTTCCCTTAGAATAT,.(((......))).(((((.....))))).,0.0
TCTGTTTAACTAGGAATGAGGAACGTTGAA,....((((((..............)))))),0.0
GAAGAGTAGGGTTGGAAAACTAAAGATGGC,.........((((....)))).........,0.0
TTTCTGCTACTGTTTTAATATTATGGATAA,..............................,0.0
TCTCTCTATTTTTGTAGAGTTTATTACTAA,...((((((....))))))...........,0.0
GTATTTTACCTTTCTTTTACACTCTCGCTA,..............................,0.0
GTGCCTTAATCGAATGTAGTCCTGCATATA,.............(((((....)))))...,0.0
GCTTAGCCGTATGGTTTTATTATAATCCTG,....((((....))))..............,0.0
TCTCGCAATCTAGCAGGGGTGGCTATTTAC,....((.((((.....)))).)).......,0.0
GAGGCATATCCAGGACGTGACAAGGCGTCA,.............(((((......))))).,0.0
GGGGTAGGAGGTAATAGAAAATGTCGTAAA,....((.((.((........)).)).))..,0.0
TAAGGTTATCATCTATAGAACAATCATGTA,..............................,0.0
TTAACAATCAACTTTGTAGACAGAAAAATA,...((((......)))).............,0.0
TATAATATTTGTCGATGACTGTACAGACTT,..........(((............)))..,0.0
TGGCTTTTAATTATCCGCAATGCCGGGTCA,............(((((......)))))..,0.0
TTTTTTTATTTTATAGACGAGTTATAAGTG,.........(((((((.....)))))))..,0.0
GAACTGTTGTTGTGCCAGTTATCGAGTAAG,.(((((.........)))))..........,0.0
AGCTTTAAGTTTATAGAAGGATGACCATAC,..................((....))....,0.0
AAAATCAGTTTTATTTGAGAATGCCATCAG,....((((......))))............,0.0
TCTATCAGATTTTGCTGCTTCAACATCACA,.......(((.(((......))).)))...,0.0
GACCGTTCACGGACGCGAATAAGTAGTTGT,..(((....)))..................,0.0
GTCGCGCTTTACTGTCTTAAAGAGCACTGT,((.((.(((((......))))).))))...,0.0
TTTGGTTAATTCAACATTGGCACAATACCC,.(((((((((.....)))))).))).....,0.0
ATCCACGATTGCAGATTGGAATGGTTTTGG,....((.(((.((...)).))).)).....,0.0
ATTTCAGGCCTACTCATCGCTAGGGCAGAT,...((.(.((((........)))).).)).,0.0
TTTTGACTGTGATTACGTTCTATATCTTTT,..............................,0.0
TATAAGGGGCCTAGAGTAATTCTCCCCGGA,.....((((...(((.....)))))))...,0.0
AAATTGTGGTGGGGATAGAATCGTTACAGG,........((((.(((...))).))))...,0.0
CATTACCTAATGAAGTCTAATGTTATGGGG,.....((((.(((.........))))))).,0.0
AATGCTTTGGTTTATATATTGCTGTATAAG,...........(((((((....))))))).,0.0
CGGCCGGTGGTACAATAGGATGGTGGAAAA,(.((((..............)))).)....,0.0
GGCCCGTTTGAATATCTGGGTGTGCTACGA,.(((((..........))))).........,0.0
ACACTTCAATGAATGGTTTCAACCAAGGTC,.............((((....)))).....,0.0
CCTGGTGTTTCGTGCAGGAAGAATGAATTT,((((..........))))............,0.0
CTATTGTATAAATGACATGTTCGGACTTTA,..............................,0.0
TGGTCTACTTTTAAAATCATTGTTCTTTTT,..............................,0.0
GAGCCATAGGGTGCAATGTGGTAATTTTGT,..((((((........))))))........,0.0
AGCGGACACTTGCAAGAGAGCCATACCCTG,...((.(.(((....))).)))........,0.0
TGTTTTTAAATTGGGTTGTGTTGAATAGTG,..............................,0.0
CAGTTCTGGGTACTATACTCGGCAAGTTTT,.....(((((((...)))))))........,0.0
GTTCACCTGACTAAAAATGATGTAGGTCAG,......((((((............)))))),0.0
TCAGCTGAACCCTATAAACACAAAGTTGTT,.(((((.................)))))..,0.0
GTTTTTAGAGTCTCCGTGCGGTATACTTTG,.....((((((..((....))...)))))),0.0
TAATGTTGTCAGGTGGCCAACGGTTTTTGT,....((((((....)).)))).........,0.0
TTATAGGATAAAGACTGGACTGTGGACTTA,((((((..((.....))..)))))).....,0.0
ATATAGGTAAACGCGTGTATGGTCGACACA,(((((.((....)).)))))..........,0.0
CTGACGTCGTTTGTTAATATGAAGGACATC,.....(((.(((((....))))).)))...,0.0
AGGTGCTCACTTTAACCAAGATTGTAGTTG,.(((..........))).............,0.0
AGACTTGCTAGTTTTTTTGGTAGGGGAGTG,...((((((((.....))))))))......,0.0
GGTAAAGTAATCAGGCTTTCGAGTTGGAGG,.(.(((((......))))))..........,0.0
TTGATGGTTAGAATATGGTGATATCTGTCG,..(((((.((..((...))..)).))))).,0.0
ATGATTGTAACATTCGGTATAGGTTCTTCG,..............................,0.0
ATAAGTTTATGCAGTTTTTAACATCGTGAA,.....((((((..(((...)))..)))))),0.0
TTTTTAGTTTATTCCAATCAACTCCCCGGC,..............................,0.0
GTTTTTGAACGAAGTTGTAGGTGCTAGATT,..............................,0.0
TTCATTGAAAGTGTGATATGTGTTAAACGT,.((((.......)))).((((.....)))),0.0
TTAGAAAATATTTTGTTGTCTTGCAATTCA,............((((......))))....,0.0
CGAACCTTTTTCACGATTGATAATTGCACC,..............................,0.0
ATGACAACTTATGAACTTTCAAGGCGGTTG,..(((..(((.(((....))))))..))).,0.0
TATTAAGATGATTATTCACGGTAGAGAACT,........(((....)))............,0.0
ATTTTGTGCTTTGTTAGACATCGTCCTTGG,....(((.((.....)))))..........,0.0
TTTGCGGCCCATTCTTATCGATTGTGTCGC,...(((((.((.((.....)).)).))))),0.0
TCGCAGTATTAAAGAGAGTTTTGTGTAGGT,.(((((.(((......))).))))).....,0.0
AAATTGGTTCCATCCAATGACTAATCCTTT,..(((((......)))))............,0.0
GTGTCTCCTTTAGGTGTTTGGTAGACTTTC,..((((((...........)).))))....,0.0
TAATATCGCATATATTAGGCTATGTCCCTG,.......(((((........))))).....,0.0
GTCTACTTAGCTTTTCGATAGTATACTGTC,................(((((....))))),0.0
AGTGTATCGGATACTGTTAATTAGGGTCTG,.......(((((.(((.....))).))))),0.0
GGGAAATTGTAAAAATAAGGAGAAAGTCTC,...................((((...)))),0.0
TCAAATTATAATCGCATACAATCATTCGCG,............(((............))),0.0
GTATAGATGATTTACTTGGAGTAGAGCCTT,..........((((((...)))))).....,0.0
TAATCTGCATCACCTAGAAGATTGGGTATT,...........(((((......)))))...,0.0
GCCCGTCAGAACTCATATGTACAAATCTCA,..............................,0.0
GTAATCCTGTCATTAGGTTCATGCATTTAC,(((..((((....))))....)))......,0.0
TTTAAGTGTATAATTTGGAGTAACTCTGGT,(((((((.....)))))))...........,0.0
AAGACTGGTTCAGCTTTATAGTATATCGGT,...((((((...(((....)))..)))))),0.0
CGTCATACATCAATCTAATACTTTAGGGTA,.............(((((....)))))...,0.0
GGATTTTTGGCATCATAGTCCACTCAAACT,(((((..((....)).))))).........,0.0
TTTTTCTACTAATCCATTGGGTGAGTTCAG,.......(((.((((...)))).)))....,0.0
TCCGGTTTAAACGGTTATTTGGTTTATTTG,.(((.......)))................,0.0
AGATTCCCTCAGGCACTACTCAAACCTATA,..........(((...........)))...,0.0
GGTATTGCAATGTTCTATCTACCCAAATGC,((((...............)))).......,0.0
CAACTAAAAAATTTGACACAGTGGATAAAA,..............................,0.0
TATTACGTATTAGATAAGGTATGCATCCAA,.....((((((......)))))).......,0.0
GCTACGTTGGATGGAGATTAATTATCGATG,....((((((((........)))..))))),0.0
TTTAGCCCAATGACCTTTACGCCCCCTGGT,....................(((....))),0.0
ATACTATTAAATGATTTACGAGTATAAGCA,(((((..((((...))))..))))).....,0.0
GAGTTATGTGGTCGCTGCCAAATAAAGTGT,...((((.((((....)))).)))).....,0.0
CACATCCGTTATACACTCACTTGTACGACA,.......(((.((((......)))).))).,0.0
AATATTTGTAAGCCAACTCATATTTAGTCG,(((((..((......))..)))))......,0.0
ACTTGTTCAATGTTATAAGCTCTACTCTTC,.(((((........)))))...........,0.0
TTAAAACTTTAGATTGGATTGCTATTCTTG,..........(((.(((....))).)))..,0.0
ATGTTATCAGTCGTCTAGAATCGAAGAAGG,..........(((........)))......,0.0
ACATTTTATTGAGAATAGATATTTTAATTA,.......(((((((.......)))))))..,0.0
ATTTGAGAAGAGGGTTGTGGCTGATTTTTG,....(((((..((.......))..))))).,0.0
CTAAATGGTTGAGGTAACAATCAGTGTCTT,.....((((((......)))))).......,0.0
AGTTATTCTATAATAATGTGGCTTTGTCGA,((((((...........)))))).......,0.0
TGGTCCACCATAGAACATTATATAGGCTGA,.....(((((((........))).)).)).,0.0
TAAATCTTTTTGTGTTGCTGACGGTATTAC,...........(((.((((...)))).))),0.0
ACTATGAGGAATTACTGCGTGTTTAATTAT,..((((((......)).)))).........,0.0
GTTTCAAGTTTTGTATCCTAAAAATTGGAT,..............((((........)))),0.0
AGTTTATAAAAGCTATGAAAGATTGGATAA,(((((....)))))................,0.0
GTATGCTAGCATTATCGAGGGCTAATACTG,((((..((((..........))))))))..,0.0
AATCGGACAAACAGGTAAAGAGTGTAATCG,..............................,0.0
TTGGTTGAAGTACTTGGTGTAAGTGCATTA,.........(((((((...)))))))....,0.0
TCATTGTAAGTTAGATTTAGAGGGATTTTT,((.((.(((((...))))).)).)).....,0.0
AATCGAATGTATGTTAGTAACTCTCGGTAG,.(((((..((((....)).))..)))))..,0.0
CACTTCGCAGTGGATCACCAACGGACCTTA,...((((...(((....))).)))).....,0.0
ACTACGTTCACAATCGTTAAAGACGTTCAG,...(((((.............)))))....,0.0
ACTCATAATCAGCAAAAGTTTATAACCATA,..............................,0.0
AGAGGATAAAGATGTCCGGGGTAAAGAGTC,...(((((....))))).............,0.0
TTAGGGTTGCTTTCCCTATGTGCATAACAA,.(((((.......)))))(((.....))).,0.0
CGGAGTCGATGGTAGTGCAGTAGGATATGT,....(((..((......))....)))....,0.0
ACAAGAGTTTAACTAGGGAATTTAAGGAAT,....((((((.......)))))).......,0.0
TAGGGAAATAGAGTGGTAGGTCAGTAAAAT,..............................,0.0
TTGTGGGATAGAAAGCTATAAAGTAAACTT,((((((.........)))))).........,0.0
ACAGTTTGATATGTTGGTTACGTTACTGTG,(((((.....((((.....)))).))))).,0.0
GAGGTAGTGTCTCAGATTATTAGATGTATA,((((.....)))).................,0.0
TTGAGACATTTCAAAGTCATGTGCTTTTGC,....(((........)))............,0.0
TCTATGATCATTTAGTATGTGTATAGTTGA,.(((((..(((.....)))..)))))....,0.0
ACAGCGCGGAGCACGGTAAGAGTGATAAAG,...........(((.......)))......,0.0
GGATGATTGCAGACTAAGAGCGTGAGCTAG,(..((....))..)....(((....)))..,0.0
TGATCTCTTGGATCTATATTGGTTATGTTC,.(((((...)))))................,0.0
GGAAGCGAATGGTTAATTTAATTATGTCTT,......(((((((((...))))))).))..,0.0
TTCTTACAAATGTAATTTACGTCAACGGTC,...((((....))))...............,0.0
AGGTTTATATGAGTTCGTAAAGGAAGCATG,.......((((..(((.....)))..)))),0.0
TATGTTGGTATATTGTTAAAACTAACTTAT,...((((((...........))))))....,0.0
TTCCAGCTGATCTCGCAATGAGGTAGGTGT,...((.((.(((((.....))))))).)).,0.0
AGTTTCTTGGTGGTCTGTCTGATATTCGAC,......((((..(((.....)))..)))).,0.0
GCGCGTAGGATCATATTCGGCAATCCTTGA,...((.(((((...........))))))).,0.0
TTCATATGTAACAATTTGGAACTTAGGGCG,((((.((......)).))))..........,0.0
CGATTAAATGTGTATTCAATTTGTGGTTAT,..............................,0.0
TCGATGATCACTTGAGAGGTTGAGATTGTT,(((((..((....))...))))).......,0.0
ACCGGTTTTCATCGACACCGGGCTATTTAA,.(((((.((....)).))))).........,0.0
TCCATGTGTTTGCGCTGCGAATAATCGGAA,(((...(((((((...)))))))...))).,0.0
ATCGATATGAATGTTGGGTAATTTGTGATT,.((((((....)))))).............,0.0
AGTACTATGAGAAATGAAGTATCGAGAATA,.(((((...........)))))........,0.0
AGTAGGTATAACGCTAGTGCATTTAACTAT,.((((....((.((....)).))...)))),0.0
TACCCTCAATTGTGTTTTAAGATTGGTTAT,.....((((((.........))))))....,0.0
TTTCTACGCAGACAACAAATGTATCAAAAC,..............................,0.0
ATTAGTCATGATTATCGGTATGATAATGTA,....((((((........))))))......,0.0
GAGATTCAGATACCTATTCTCCAAAATCGA,((((.............)))).........,0.0
GAACAGTGTCCAAGTGCAACTAACTTGTCC,..........(((((.......)))))...,0.0
GGTGATTGTTTTAGAGGGATTTCATTGTCG,(((((..(((((...))))).)))))....,0.0
AGGTATTCCATCTAGGACGTGAGAGGTAAA,.......((.(((........)))))....,0.0
CACATGAGTGCGTCGTCAACAATTCCTACA,...((((.....))))..............,0.0
ACTGGACCAGTTTTGAGCAATAAATGATTT,((((...))))...................,0.0
GTCTAGAATCTGCTGAATGTGTGGACATGG,(((((.(.((....))...).)))))....,0.0
CTCAATGTAATATTGATGGAGGTCAGTTAC,...........((((((....))))))...,0.0
ACGTGCACAGGTGAAGGGTAAGTATAGGAA,((.(((.(........)))).)).......,0.0
TAGAAAACATTAGGTCCCAGCGCACTATAT,..........(((((......)).)))...,0.0
GCCAGAAACGGATTATAGGAATTTTGATTC,.........((((((.........)))))),0.0
TTTTGGAAAATCCATTTGTACAAACCCATA,...((((...))))................,0.0
CGGTGCGGGACTACCCATCGTGCGTTCTAT,(((((.((.....)))))))..........,0.0
GTGAGGCTTCTATTTGACTTTAAATGGACT,........((((((((....))))))))..,0.0
TAAACATGTCGTGTAATTTTAATATGTAGG,...((((((.(........).))))))...,0.0
ATTGCATTAGTGAAACGATGTCTGATAGGT,...(((((........))))).........,0.0
TCGAGGTTAATTATTTGTCAGCCGCAATTC,..(.((((.((.....)).)))).).....,0.0
GATTGTTGTTCATGGGAAGTAAGATAGCTA,....((((((............))))))..,0.0
TTAATTTTTTACTTATTAGTTCATTGCGTA,..............................,0.0
GTGTGGATAACGGCAGAACGAACCCCCCTT,.(((.(....).)))...............,0.0
GGGTACCTAAACAAATATACGTTTGGGGTG,.....(((((((........)))))))...,0.0
GTGCTGTATAATTTTTGTATACCGTGTTAG,..((.(((((.......))))).)).....,0.0
GGTTTTTTCAACGATTGATTCGTCGAGATT,.....((((.((((.....)))).))))..,0.0
TCGTCTCAGGATTAAGGATAAAGGTAGTGT,..............................,0.0
GTGACCGGATACGATGGGGGAGATGCAAGA,....(((.......))).............,0.0
AAATCATGTCCCTAAGTAACTGGAGTATAT,..........((.........)).......,0.0
TCTAAGGTACTGTTAAGTATTCAAGGCGCT,.((..((((((....))))))..)).....,0.0
AAAGTAAGATGTAGACGTTATTTAATAGGA,.((((((..(....)..)))))).......,0.0
CAAGATAACGCGTTTGGTTTCAGTGTGCTA,.......((((...........))))....,0.0
AAGGGGACATTCGTAAGAGATGTAGGTAAT,......((((((....)).)))).......,0.0
CTTCTGCATTACAATTAAAGTAATGGGATG,..(((.((((((.......)))))))))..,0.0
GTAGCCACGTATTTGTGATAATTAGAGATG,.....((((....)))).............,0.0
TATTTGTTGAGGACGCTGGGGTGATAAGTG,((((((((....((......)))))))))),0.0
ACTTAGGTTATAGGTGAGGGATAAGTAAGT,(((((.....)))))...............,0.0
TAGGTATGAGTTAGTTTAGCAAAATTGTGA,..............................,0.0
TGTGCGAAAAATAGGCGTGTTTTAAGTAGA,..(((..((((((....))))))..)))..,0.0
ACTTCTTCTTATAAATATGAAACCAAGAGT,..............................,0.0
CGAAATGATTTTCCGTCTCTTCCTGGACTA,.((((....)))).((((......))))..,0.0
CCAGTGTACGTAATAGCCTATATCATTATA,...(((((.((....)).))))).......,0.0
AGGATTCCTTGACTATCTAATTGCTGAAGT,.((((.........))))............,0.0
GACGCTTAAGGTAATCTAGGATTTTTCTGA,................(((((...))))).,0.0
CATTAACCTTTTGCGTTTATAGATAAGATA,..............................,0.0
GTGACTTAATTAAAGAAGACTTGTGTTGAT,.....(((((..(((....)))..))))).,0.0
TAATTAAGTTAGCAGGTCTTTGGTTCATCT,..............................,0.0
TTCTAGGTATACGATACATCGTAATATTTA,...(((((((((((....)))).))))))),0.0
TTACGTGCGGTGAAGGGGTTAAAAGTATCC,((((.....))))..((((.......)))),0.0
CAATCTGGCAAGTTTACCGAATCACGTAAG,.....(((........)))...........,0.0
TCATATGGGCAATACTTTCTTTCGGCTAGA,.......(((..............)))...,0.0
TGGCACAAAAAGAACCTCTATACCTCTTTC,........(((((...........))))).,0.0
GTAGTGTATTAAGTTTGTTAGAGTCAAATG,............(((((.......))))).,0.0
TAGTGATGTAATAATCCATCGATATCAGGT,...(((((........))))).........,0.0
GCTGCTTGATAGTAGAGCTTAGACATAGGG,.(((((....)))))..((((....)))).,0.0
TTACTCCATTTAAGCGCACGCTGGTAATCT,(((((.......(((....))))))))...,0.0
AGGCCTAGTTTAGTGCGTTCTCTAAGTGTT,..(((((...))).))..............,0.0
GTCCTGGGTAAATTCAAAGGCATCTAAGTT,(.(((..(......)..)))).........,0.0
TCGGCACGATCAGCAACCTTAGCACGACTT,(((((................)).)))...,0.0
TTTTCAAATTTCTATAGTTATGATACATTT,..............................,0.0
CGGAGTGATTTTCGGTTAATTCTTACTAGA,(((((....)))))................,0.0
ATTGAGTATTTAATGTTTGATCGATTTATA,(((((...............))))).....,0.0
AGAACTTTCTAAAGATTCATGTTTTTGCGG,.........(((((((....)))))))...,0.0
AAAAAAATACTCAGCCGGATAAAAAATAAC,..............................,0.0
AAATTGCTCATAGAGATAAACAGACATTTT,......(((...)))...............,0.0
CAGTATGGTACTCCTGTTAGTGAAGAAATT,((.((.((....))...)).))........,0.0
TTGGGTTTCTTCTTGCATTTGGTGCTTTCG,..............((((...)))).....,0.0
ACTCCTTATTCACGTTGGTCGGTCAACGCT,............(((((......)))))..,0.0
ATATGTATAATTAGCTTTCCAGTTTGTACA,...(((((((...(((....)))))))))),0.0
TTCTTGCTTTGCGATGGTTGAAAATAATAT,...((((...))))................,0.0
TATCAATCTTGTTACGAGGTTACATATTTA,....(((((((...))))))).........,0.0
AATATGCTTTACAACCATTGCATCTTGCCA,...((((............)))).......,0.0
GGTATAATTTTTAATATATTTAGTCAACTA,.(((((........)))))...........,0.0
AGCCGCAAACAAGGGTAGCGTTATCGACTA,.(((.........)))((((....)).)).,0.0
CAATTAAGTCAACAAACTTGAGACAACTTG,...((((((......)))))).........,0.0
TGGAATAAAACGGAAATTTAGGACGGATGA,..............................,0.0
TTGCGAGAGATGGATGTGATTTACCTCTTA,....(((((.(((((...))))).))))).,0.0
GTATAGGTTACCGGATGAACTGGGATTTAC,...((((((.((((.....)))))))))).,0.0
GTTTCTTGCAGTCGTTTAGCGGTGTCATTA,.......(((.((((...))))))).....,0.0
GCAAGAGGTCGAGCGTGATACGTGCTACCG,......(((.(.((((...)))).).))).,0.0
ATAATCTTCCTAGAGGTTAATGTCAGGTAA,.(((((((....)))))))...........,0.0
GGAATCAAAGTATGTTAGTTATTTCTCTAG,..............................,0.0
CTATGGTGGTGTGTTTCATAATGGTGATGG,((((.((((......)))).))))......,0.0
TTTCACGTGATCTATGGATCCGTCGAATCT,.((((((.((((....))))))).)))...,0.0
AATTCAGCTTTGATTGGCTAAGAAACCATA,.....((((......))))...........,0.0
AAATTAACGATGTGCTTATGTTCTTTTTAA,..............................,0.0
GTTTCCTATATCTTCATAAGGTGCGGCATT,.....((.((((((...)))))).))....,0.0
ATTAGATGCGATTCTGGTCTCTACTGATTG,..((((.((.......)).)))).......,0.0
ATGCCTGGCAGTCTAGTGTATTTTTCCGGG,...(((((.((((....).)))...))))),0.0
GAACTTTTATGTATTATTTTAGATATGGTT,.((((..(((.((......)).))).)))),0.0
ACATTAGGGTATACTGTACTAATTAAGGGT,.......(((((...)))))..........,0.0
AATCTGGCTGGTTACAGATCCATTGATTGG,.(((((........)))))(((.....))),0.0
CCACTCTGAATAATCGGAACAGTGCATGTT,.((((((((....)))))...)))......,0.0
TGACTTTAATAACATTAATTCGGGCACCCG,....................(((....))),0.0
ACTTAATATTGCCAGGTTAATTCTGATCTG,............(((((((....))))))),0.0
TCCTGGTGCACAGTACAAGTCGGGTGTCTA,.((((((((...))))....))))......,0.0
TATGTGAACCAAGGGATGGTACGATGTACT,((((((.((((.....)))).).)))))..,0.0
CGGCTTGTTTTCATCGGGGACAGTGGAGCA,(.(((.((((((...))))))))).)....,0.0
AAAGGTGTATCTTTGAAAACGCAAACTAAG,....((((..........))))........,0.0
GTTAACAATCAAAGTAATACTTTAAAGGGT,..........(((((...))))).......,0.0
TAGTTCTTATCGGATGAGATAATAAAAGAA,......(((((......)))))........,0.0
ACGCACCTGTAACATACTTTTCACAGTGAA,...(((.(((............))))))..,0.0
TGTAGGAGGCGGGGCGGCTAGCAGTGTAGG,....(..(((......)))..)........,0.0
ATACGTATTCAAATTGGATAACGCAGGGTA,...((((((((...))))).))).......,0.0
TCACGTTCTTGTAAAGTTATTGCACGTCTT,..((((....((((.....))))))))...,0.0
TATCGCTTTTCCACCCTCTTCGCTCCTCTA,..............................,0.0
CTTAATTTTTCCTCCCTTGCCCCCTCTCTC,..............................,0.0
ATTTAGTTTTCCGCGTTATCCAGTTGCCTA,............(((.........)))...,0.0
GCATATTCTTACGCATTGTGCTACCTCCTT,(((((...........))))).........,0.0
AACAAGAAATACCAATCGAACTTATGTGTT,..............................,0.0
ATTAAGAGCTAAAATAAGTCAATATCGTGT,..............................,0.0
CGTTTCTCATGATTTTTAGCTCGCGTGCTG,................((((......)))),0.0
GGAAGTCGTGGTAGGCACGGCAGCATGGGT,....((((((.....)))))).........,0.0
ACTAACTTGGCCTATGGATGTTAACCTCGG,..((((....((...))..)))).......,0.0
TTTTTAGGAGATTTAATTAGGGAATGGTGA,..............................,0.0
CCCCATTCTTGTATTGGGAAGCGCTTTTGT,.((((.........))))............,0.0
TGAAGGGATGTATAAATATCTTAAGTAACG,....(((((((....)))))))........,0.0
AATTAAATTGAATCTATAGTCCTACGTGAT,..............................,0.0
TCATTAGGCTTTAAATATGCATCTTTCTTA,.......((.........))..........,0.0
GTGAAACATTGCCTAATAATGTGATGGAAA,......((((((........))))))....,0.0
GAGTTTACTGCCGAAGCCGAAATTATGATG,.(((((.(.((....)).))))))......,0.0
GGGATAATAGTGGGCTCCACGTGTGTAACC,(..(((...((((...))))...)))..).,0.0
CATTTTTTAAAGTCTATGTACGTAGAATTG,............(((((....)))))....,0.0
ATTCTATGTATTATCGATATATTTAGATTT,..((((.((((.......)))).))))...,0.0
CCAGAATAGTCGTAATACAATTGACCGTAA,........((((.........)))).....,0.0
CATATACTTGTACTTTTCAGGATAATAATA,..(((.((((.......)))))))......,0.0
GATTCGTTTGAACAAAAAATAGAGCAAGTA,(.(((..((........))..)))).....,0.0
TTGTCTAACTGGAAGCACACAGGTATTATA,........(((........)))........,0.0
AAACAATTGCAGAATCAATAACATCATTTA,..............................,0.0
AGTGTACCTTAAACATTAATAAGTCAAGTG,(((((.......))))).............,0.0
TTACGGTTGAATGTGGCTTTACTATTCTGT,........(((((.(......))))))...,0.0
AACGTACCGATTAAAATGAGATGCATTTCA,.............(((((.....)))))..,0.0
GGTACTTTCGAAGCCTGCTGGTTTGTTTAG,..........(((((....)))))......,0.0
GGTTATAATTGATTGGGATAGTAGGGCGAA,..............................,0.0
TGTAATCTTAACATATCTGATAAATTCAAG,.................(((.....)))..,0.0
AAGGAGATTATAAGCATCACTGTTAGATAT,............((((....))))......,0.0
TTTTGGTGTAGGCGCACTCAATTTGTGAGG,..(((((((....)))).))).........,0.0
ATGTTACAAGGCTCAGTTTATCGTGATCAT,..(((((.((((...))))...)))))...,0.0
TCTACAGTGGATAGATGCATATTCTTTTCT,........(((((......)))))......,0.0
ATCATAAGTTATACTATGATGGTAATGTCC,((((((........))))))..........,0.0
GGATTATAGTTCTGTTTATCCATTGTTAAT,((((.(((....)))..)))).........,0.0
AAGATTTTAACAACGAAAGGTAGTACACCG,..................(((.....))).,0.0
TCCGTTCCTTAGGTTACCAAGATGATATAG,.((........)).................,0.0
CGAAGAGGTCGACGGTTTCGCTAGCAGGCG,(((.....))).......((((....)))),0.0
CTACGTATTGAAAACTTTAGCAATCGTAAA,.((((.((((..........))))))))..,0.0
AGTAGTAATGTTTGGGAGAATCTAGGGAGG,........(.(((((......))))).)..,0.0
CAGGATTTGTACTGAATTAATTTCTTGCGT,(((........)))................,0.0
GAATTGTTTTCGTAAGGTGCGTAAGGCAAA,...(((((((((((...)))).))))))).,0.0
AAATCTATCGTCGTTAGAGCGTATGGATGT,..((((((((((....)).)).))))))..,0.0
CATTTAATTATGTCAGCATAAACGTAACTA,.......((((((........))))))...,0.0
GTGGAAAAGAGTATGGGCTGTTATTATCAC,((((((((.(((....))).)).)).)))),0.0
GACGATGCCCACAGTGCTGCAAGATGTGTT,.........((((...........))))..,0.0
AAGTTCGTAGTACGCATTTAGATAAAACGG,((((.(((...))).))))...........,0.0
ATGTCTGAGTCTTCAGGTAAACAGTGTAAC,...(((((....))))).............,0.0
TTTAAATAATTGTCAATTCCTTTAACAAAT,..............................,0.0
AATAAACTGCAGCTTCGTAACGTTTAAAGA,..((((((((......)))..)))))....,0.0
AATGGTTACAACGAGTAAAGGGATTACATG,.....((((.....))))............,0.0
TATTTGCCTTTTCTTGATTAAGGTAATGAT,...(((((((.........)))))))....,0.0
TAAATATTATTTACCAAGTGAAATGAGGCA,......((((((........))))))....,0.0
TCAATTGTCTGCTTTACTGAAACAATACCT,...(((((.............)))))....,0.0
ATAACCTAAGGATATTTCAGTCCAGTCCGG,.........((((......)))).......,0.0
ACTGGTGCTTTTCAGTTGAAATATTTCACT,(((((......)))))((((....))))..,0.0
CATGTAAGAATAAAACTATTTGTTTGTTGT,.......(((((((....))))))).....,0.0
TTGTTTTAAGGAAGTGTCAACGGAAATTCA,..............................,0.0
AAAACAGACTGCTAACTCTATGGGGCTTCG,......((..(((..(.....).))).)).,0.0
CAACAAGATATTAGAAAACAGCTTCAGGTC,..............................,0.0
TCACCTGAAGTACGAGATTACGTGGCATTG,..........((((......))))......,0.0
TACTCATCATTAATGGTTTCGCTGGGGACT,..............((((((....)))))),0.0
GTAAGCAAAATGTAATACATATTGGTATAA,...(.(((.((((...)))).))).)....,0.0
AGTAGGCTTAATGCTCATAAAAAGTCTCTT,((.((((((............)))))))).,0.0
TCAGCCTATTTCCACAACAATTAAATAATA,..............................,0.0
GGTACTAAAAGAATTCCCTCATGAGGTATC,((((((..(.((......)).)..)))))),0.0
ATGGTAATATAAAAACTGTAAGGCGCTCGT,..............................,0.0
TGTTGCTTAGCTGACGAACAATTACACTAC,((((((...)).))))..............,0.0
TCTTATCTCTTTGGTGCGCTATGTATACGG,.............((((.....))))....,0.0
TTTAAGATCCTTGAAACTTTCATTGGCTTA,..((((.((..((((...))))..)))))),0.0
CAGGAGTCAAAGGGGGAAAGGGGAATGGAT,..............................,0.0
ATCATACTTAAGGTATTTATTTGACAATAT,...(((((...)))))..............,0.0
AGGTTTGCAAGTACATACCTGTATCTATGA,((((.((......)).))))..........,0.0
GATTTAAATAAATCTAGTTCTCCTCGTCTC,(((((....)))))................,0.0
GTTTAGTTTGATTCTCGAAAGTATTTGATT,..............(((((....)))))..,0.0
TGGGAGCGGGCTTGGTGGTCATTAGGATCA,........((((....))))..........,0.0
GTCTCAGAGTCTAACTCAACCGGAACAAGG,......((((...))))..((.......)),0.0
AATGATTGAAAAGTTAGTAGAGTTGATAAG,..(((((....)))))..............,0.0
TATGACAGCGAAAGTTCATTGTAAGGTGAT,....((((.((....)).))))........,0.0
TATTTGTATGATGCTTGTAGAGCTAGGACT,............((((...)))).......,0.0
CTATATTTGTTTACTGAGGGAATGTTTATT,..((((((.(((...))).)))))).....,0.0
CGGGAAAGAATAAATGATCTGGGGGCACCC,....................(((....))),0.0
TGGTCGTGTATGTAAGTTAAGTCTGGAAGG,..............................,0.0
CTTCAGTGGGAGAGACAGATTAAGTCATAT,((((....)))).(((.......)))....,0.0
GTTCCAAGACAGGAAAGAGGGTGATATATT,.((((......))))...............,0.0
AAAAGACACTATACTAGCAGTAATCTAATT,...(((.(((........)))..)))....,0.0
TCTGGTCCTTAATCCAATGTGACTCCTTAT,..(((........)))..............,0.0
GTACCGTCAAAGATATCGGCGGGTTCTTAT,...(((((.........)))))........,0.0
CAATGTATGCCTCATCAGACCTTAGTTGAC,..............................,0.0
ATATATCCGATCAGTACATACTGTAGCAAA,...........((((....)))).......,0.0
TTGTATTCAATAGTAAATTCTAAAGTCGAT,..............................,0.0
ACTAGATCCCATCACTTATAGCAGCAATTA,..............................,0.0
TCGTCTTCGCTAGATGTGCTCGTGTTTAAT,.(((((.....)))))..............,0.0
AGATTAGTTTGTTTTTAGTAAGTCAGAGAT,..............................,0.0
TTACAGGGTATATTGAGCTCGGCCAACTAA,.....((((.......))))..........,0.0
TTATGCAGAATATTAGGATACAGCACTATA,...(((................))).....,0.0
AAGTTCTATGGTCGTGTCACCGTGGCTTCG,.....(((((((......))))))).....,0.0
TGGCTTAGAATGATTATACAGGAACTTGCG,..((......((......)).......)).,0.0
GGGTCTCATATAGTGCATTTCCGCTCTTAC,...........((.((......)).))...,0.0
AGAACAACAGATTGGAATGTTATTCCATTT,............((((((...))))))...,0.0
ATAAACCAATAGTATGCTGGATCTTAATCA,.....(((.........)))..........,0.0
CTGACGAAATATATACTAAGTTTCACGAAG,.....(((((.........)))))......,0.0
TTCATCCATACAAGAAATCTCACAAATGTT,..............................,0.0
TTTTAAATCTAAGTTTACTTTGTGGAATAC,..............................,0.0
TTTAATCTAATCTGTAGCACTTTAACAAAA,..............................,0.0
TTGTGAAAATGATAGGTACGCTTAGGGGTG,..................((((....)))),0.0
AAAAGATGATGAGTAAGCAATGTGATTATC,....((((((.(..........).)))))),0.0
AATGGTTTCGCCAAAATGCATCTTGTTGCT,..((((...))))....(((......))).,0.0
TTTAAAAGCGTTGAGTCAATAGAAAAAAAT,..............................,0.0
GAGTAAGCTGTGTTAACTCTGACATGAAAG,((((.(((...))).))))...........,0.0
CTAGGATTAAGGATTTCACGTCATGGGTAT,(((.(((............))).)))....,0.0
GGATAAATTCCCTTGTGAGTTTGTCGGACG,.(((((((((......))))))))).....,0.0
CGTGCAATTTTTGTACGATACATCAATATT,(((((((...))))))).............,0.0
CCCAGAGCAGATGGTTTGATATAGCTCTAA,...(((((..(((......))).)))))..,0.0
GCACGATTTTATCGAGTTTTTTATCTTGCT,(((.(((...............))).))).,0.0
TAACTAAAGTAATATGTATCTACTATGGTT,.(((((.((((.........)))).))))),0.0
TATATTTAATACTCGTCGAGAGTTCTCAGT,..........((((.....)))).......,0.0
TTCTCTTATTTACACAAACATATAGTTTTT,..............................,0.0
AGGTTTGTTTCAAATTCATAATCTTTTAAT,.((((((...))))))..............,0.0
AATTTGTATGAGTAGACCGTTACCAGCATA,....(((.((.((((....)))))))))..,0.0
ATATTTATAAAGACTTCGTGATATATTATT,..............................,0.0
TTATACCGACCGATTAGCGATCGCGTCAAA,.......((((((((...))))).)))...,0.0
CGTATCCCTTAGTGTTTACCTGAAAAGTCA,..............................,0.0
TGTCAGCTATAACTATAAAGTCTTGGACGA,..((..(((..(((....)))..)))..)),0.0
AGGTATGGTGTTATAAATGTCATTTGTTAA,..............................,0.0
TTAATTTATAGAACCCATATTACAGCTTAA,..............................,0.0
TTATCTCGTTGTAGAGACATTACCTACTGA,...((((......)))).............,0.0
TGTAGGTGGTTGAACAGCGTTAATATGTTT,....(.((......)).)............,0.0
TCCTGGGATATTAGTACACAACTTGCAAAT,..............................,0.0
CTAATGGAATAGAATGTTGTACGCTGGACT,...............(((........))).,0.0
TATACTTAAAAGTGGATAGAGTGAAGTTTT,..(((((...........))))).......,0.0
TTGATCCGTAGAATAAGTCCTACGCGAAAT,....(((((((........))))).))...,0.0
GTATTTCACGTATTTAATAGGGGACTTAAT,....(((.(.(((...))).))))......,0.0
AGTATTAGAAGCCTTAGGCACTATATATCA,.(((((((..(((...))).))).))))..,0.0
TCGTAAAGATACATCGATAGTATTTTCGGC,.((..(((((((.......)))))))))..,0.0
ATGCAAACGATCTTATCATAATCACCCTTC,..............................,0.0
TAGAGCTAATGAGAACTGTGTATTGCTTTG,((((((.((((.........)))))))))),0.0
GTAGGGAGCTGATTGATGGATTAGTCGCAT,...(.((.((((((....)))))))).)..,0.0
TTACTACGTAACTCTTGGCAGTAGACCGGA,...((((((........)).))))......,0.0
TTCGGGAAGGAAGTAAGTATTGATTCATAA,(((......)))..................,0.0
CAGTATTTAGACAGGTATAAGGAAACCGTA,.............(((........)))...,0.0
ACGTTATCGTTTTATGGAAAATTTACAAAA,(((....)))....................,0.0
ATGCTGATTTATGAATTGGGGTACAATACA,((.((((((....)))))).))........,0.0
GGGATCGTCGCAAATATGATAAAGTTACTA,...(((((.......)))))..........,0.0
TAGTCTGAAATTCTTTATTTGATTACGTGT,(((((...............))))).....,0.0
TCATGAAAGTATTTGTGTGCTTAAATGGTT,((((..((((((....))))))..))))..,0.0
TCTCCTATGGGTGTAGTTATGATTTCATAT,....((((....)))).((((....)))).,0.0
TCCATCAGCTTATAAAATTGGGCGTTAACG,.......(((((......))))).......,0.0
TTGAAAACTGGTTATTCAATCATTCGGATG,(((((...(((((....))))))))))...,0.0
CTAAAGGGTATATTATTTAGTGCTGGTGGA,(((...(((((........)))))..))).,0.0
TGTTTAGTTGTCATGGTATACCGTAAGCCA,......(((...((((....)))).)))..,0.0
TCTTTACGATTTTATGTATTTTATTATAAC,..............................,0.0
CTCACACCTGAATATGAGGGGCACTATGGC,......(((.......)))...........,0.0
ACATAAAAAAATAATGTTTTCCTGAGTATT,..............................,0.0
AAGGGTGACAGGTCCAACAGAGTGCTCCCA,..(((.(.((..((.....)).))).))).,0.0
TCGGCGTTTTGTAATATCGGGGTAGATTTG,((((.(((....))).))))..........,0.0
AATTGTCGGGAATCGGTACAAAGAGGGTCA,..(((((.(....).).)))).........,0.0
TCTTTGTTTAAGCATTAAAGGAGTCAGCTT,((((((.........)))))).........,0.0
CAGTATGCAAGTGGAAAAGGAGCAGACAAA,..((.(((.............))).))...,0.0
ATCCAATTGTCTCGTCATATAGACCCTTTG,........((((........))))......,0.0
CTGGTTGTAGTGTTGTTTATTGTGGGAATT,..............................,0.0
GAAATTCCCGGAGATTGCTACGAAGAGCCA,................(((......)))..,0.0
ATTAGAAAAAAATTTATGTCATTCAGCAAC,..............................,0.0
CTATGCTTGATGTTATGAAGTACTTAAGGG,.....(((((.((........)))))))..,0.0
TCAAGTCGCGTGCCGTTCCGCTGTAGTGTG,.......(((........))).........,0.0
AATTGCTTACTCATTACCACTGACAGGCTC,....((((..(((.......))).))))..,0.0
TGAAACTGGTGCGCCAAGAATATGGTGTCA,..........((((((......))))))..,0.0
CGAATTATCATTTTTCCATTGTCGCGTTTC,..............................,0.0
AATATAGGTGTAGGATATATGAAACGTTAT,.(((((.........)))))..........,0.0
GTTTGTGAATTAAGTTAGTATTTTTTATCA,..............................,0.0
TCTCAGTTGAAATTAATGTATGGAACTTAG,.((.((((...............)))).)),0.0
TGCTATCGCGTATAATGGTATAGTGATGTA,...((((((((((....)))).))))))..,0.0
TTCCATCATTACATATAAGATGCATTGGGT,.((((.((((........))))...)))).,0.0
GACCATAGGTAATTCTCATACTAACTTTGT,.(((...)))....................,0.0
CACAAATCTAATGTATCCATTCACACGGGG,...............(((........))).,0.0
TTGTCAGCATGAAAACAAAGCCAGGAGTAG,..............................,0.0
CGTAACGACATTGGGAAAAATTATGATTGG,.....((((((...........))).))).,0.0
GCAATAGCATCTGTTAAAAAATGGGCTGTC,...(((((..(((((....)))))))))).,0.0
TAACGGCGTCTCTGACTGTCGTGAAGACTA,..((((((((...))).)))))........,0.0
AATTAAAAATGGTACATTTATTTAGATGAT,..............(((((....)))))..,0.0
TAGAAAGTCGCTAAGTATGACACTGAGCTT,.........(((.(((.....))).)))..,0.0
TGCAAAGGATTGGATTGATAAAAATGGATT,............((((.((....)).)))),0.0
CGTAGAGGTAGGTTGTAGGTGCGAGTCGGG,((((...............)))).......,0.0
AAAATACCTCCACATAGAGGTATTGGGTTA,..((((((((......))))))))......,0.0
TGCTTAGTTGGTTTCAAAACGGAATGTCTC,..........(((((.....))))).....,0.0
TCTATATTGCTGATTACGAAATCAAGGGTA,....((((..(((((....)))))..)))),0.0
GTGGTCCTAGATTAAATACAAGGATGAGTA,.(.(((((.(........).))))).)...,0.0
CACAAACCAAATACAATATGCATATCAAGA,..............................,0.0
TATGTGCTAACGTGTCGACATCTCGAATAC,(((((....)))))((((....))))....,0.0
CTCGGAAATGTTAATTGGGTTTTATTGATA,........(((((((........))))))),0.0
TTGTTTTGATTAGGAGCGCGCATACGTGAT,................((((....))))..,0.0
TTACTCGCTAGTCTGTCAGCTGAGTAGGTC,(((((((((........))).))))))...,0.0
ATTGTCAAGGCGTCAATCATTACCCATTAG,........((.((........)))).....,0.0
TCCTAATGTTATTGTAAGTGGGTAGCCATG,.................((((....)))).,0.0
ATATTTTAAGCGAAGGACCTATGTCTAGGC,.........((...((((....))))..)),0.0
AACATACAGGTAGCTGACCCACTGGGGAGT,......(((....))).(((....)))...,0.0
GAAAACATCTACTGACACGAGAGCGTCTTT,.............(((.(....).)))...,0.0
TCCATTTTCTCGGCGTACTATTTCTAGTAT,..............((((((....)))))),0.0
TTGATCGGAAATAAGTCATTGCGACAGACC,(((.(((.((........)).))))))...,0.0
TAAGACTTAGAAGGAATAATTTAAGAAATA,.....((((((........)))))).....,0.0
GTAGTCACATTAATTGCATCTTAAAAAATT,(((((.......))))).............,0.0
CGAGTCAATAGTGCTATAGCGGTGTCCCGG,.......(((.(((....))).))).....,0.0
AAAGATTGAGGTACGTACCAAGTAGTATTA,.........(((((.(((...)))))))).,0.0
TGACTCCTAAACTAAACTATACTTGGGTAC,.....(((((............)))))...,0.0
CTTTGGTAAGAGGCCACAATATTTCACTGT,...((((.....))))..............,0.0
TAAAATGAAATAGTTGTACACTGAGCGCAT,............(((........)))....,0.0
TTAGAGATTAAAAGTGTACTCCCTCCACGG,...(((((.......)).))).........,0.0
GTAGAACTTGTACCCAACTTGATCGTGGCA,.............(((.(......))))..,0.0
CACATGACAAATTTTTTATCACTTTTTTTA,..............................,0.0
AATTGACGTGAATTGTGTTGATGAGCAAAC,.(((((((.......)))))))........,0.0
GTAGGATTAAGAGGCGAACTTTCAAGCCAT,............(((..........)))..,0.0
CAATATCTGTTTCTACATAAAAAAACAAAA,.......(((((..........)))))...,0.0
ATTATGGAACTGTACATCAGATCGATTGTT,...((.((.(((.....))).)).))....,0.0
AGATAGTAATTTAATTTCCATTCTGACGCA,..............................,0.0
AATATAAAATTACGGTACTGTTATTATATG,.((((((....(((....)))..)))))).,0.0
AAGACGTGAATAATAGATTGTACCCATGGG,....((((.((((....))))...))))..,0.0
CTCTCATAATGAAGTATCAGTTATAGTGCC,.............((((........)))).,0.0
CATGTTTAAAGTACGCTTTTATAAAACCTG,..............................,0.0
TGGTATTCTGATTTTGACATGCGTTGTTTA,..((((((.......)).))))........,0.0
TGGGTTCGAGCTGCGATAATTGCACTACGT,......((((.(((((...))))))).)).,0.0
CTCTTGCAGCTCACTTCGCCTGTATATTGT,....((((((.......).)))))......,0.0
TGTTGGGTTTAAAAGGACGCGTTATAAATG,....(.((((....)))).)..........,0.0
TTATATTTCTCTTGTGTCATTCTCGCGATG,...........(((((.......)))))..,0.0
AGTTTAGTTTTTTTTGTAATTCGTTTCACC,..............................,0.0
TATTTAAAGTTTTGACCCTCCAGGGGGAGG,................(((((....))))),0.0
ATCATATCACGGTTTCATATGAACGGGTTA,.((((((.........))))))........,0.0
GTTAAAGGCTTACGCATTCTGGGTTGAGTA,.......((((((.((...)).).))))).,0.0
AGTAACCATTCTCATAGGGTCGATAGTAGC,....(((..........)))..........,0.0
CTAAAAACACGGTTCGTAGGCCTAGTTTCC,....((((..((((....))))..))))..,0.0
GCAAGTTATAGGGTGCCAGCGGGTCATACG,............(((((....)).)))...,0.0
GTTGAGCTAATTTTGGGGTATGGTATTCAT,..(((((((...........))))..))).,0.0
AAGGAAGTGTAACAAAAGGTAAAAATTAAA,..............................,0.0
AATGTAGCGTAGTTGGAGGTTACTTGACAG,...(((((.(......).))))).......,0.0
TAACATGACACTTTCAGTGTCTAAAACTTA,......((((((...)))))).........,0.0
GTGTAGTTCACTTTTGTCTTCCACTGTGAA,......(((((..............))))),0.0
AAACTCTTCAGGTAATTTGGAGAATGTTAA,....(((((((.....))))))).......,0.0
GTAAGGATATGATTCTGCGAGCAAGAGAAC,(((.((((...)))))))............,0.0
CAACGCAAGTTATTATTCGTTATGACATTA,........(((((........)))))....,0.0
TTTGGGTATTTGGCCTCAAGTTCACTTTAA,(((((((.....))).))))..........,0.0
GATACTGTGGATCTGGGCATCTTAAGGTTG,.(..((..((((......))))..))..).,0.0
CGCTTTCAGCTTGTATAAAGATTATGGTGT,((((.....(((.....))).....)))).,0.0
AATGACTCTGTGGTTAAAATGGAGTCTTGG,...((((((((.......))))))))....,0.0
TTTCTCGATCATGATGTAGGATAGTGCTTG,...............(((......)))...,0.0
GCAATTTTTTTAATGAGAATCAGAAGTCTG,...((((((.....))))))(((....))),0.0
ATTCGCTAGAAATGTAGCCATTTCTATCTT,......((((((((....))))))))....,0.0
CTCGATCAGAAATCATGATTTAGTGTACTT,((.(((((.......))))).)).......,0.0
CAATCATAGTAACTTCGCCTATTTTACCTC,..............................,0.0
CGTTATCTTGAAGGTACCTATGCTGTTATG,........(((.((((....)))).)))..,0.0
AACAGTTAAATCTTTGTTGATCAGCTTTGT,...((((..(((......))).))))....,0.0
ATACGGAGGATAATTTCAACGCATCGTATT,((((((.(.............).)))))).,0.0
TATCCTTTTTCCTAGGGTTTAAGTGCGAAA,.(((((.......)))))............,0.0
TTATAGTCGATCTTCCACTGTAGATTCTAT,(((((((.((...)).))))))).......,0.0
TATACGTTGCTCCTTTAGATTATAGCAATA,.....((((((............)))))).,0.0
CTTATCAATATCTCAGTTTGGGTTTACTTA,...........((((...))))........,0.0
ATTGTGGGTGCTAGTTTAACCTTTTTTTTT,.....((((.........))))........,0.0
TCTTGTAATGGTGGTAATCTCTAGGCATGT,...(((..(((.(.....).))).)))...,0.0
GATTTGCATGTTGGAAATCTACAGACAGCA,(((((.((...)).)))))...........,0.0
TGACCAGTTTATATGCTCAACAAAGGTGAG,(.((((((......))).......))).).,0.0
TTACATGCAATTCGTTTATGGCCTTTACAT,..............................,0.0
CGTTTTTCAGATCATTTTTGAATTATGAAA,(((..((((((.....))))))..)))...,0.0
CGGGTTTCTCTTGGTTTAAATAGGTTTGTT,((((.....)))).................,0.0
CCAGGTGAATGGTTGCATTCTACCTTATCG,..(((((((((....))))).)))).....,0.0
GAGTAGTTAAGGTTAAGCTTCGTTTACCTT,........(((((.((((...))))))))),0.0
GACTAATAAAATTGGTCTTGAATATGTAGT,(((((((...))))))).............,0.0
GACAAGCCATTTTTCTGCAGCTATATTGAA,....(((............)))........,0.0
TAATGGTTTATCATTGAGAACTTTTAAATC,(((.(((((........))))).)))....,0.0
GGATACAAGATTATATTGAATTGGTGAAAA,..............................,0.0
TAGATACGGGGGATGTCCCAATTTGTTTCG,..((.(((((((....)))...)))).)).,0.0
ACTCTTCTTTACCTCACTTGGTTAATGCTT,..........(((......)))........,0.0
TGCGCAACTGAGATGTTGATTGTCTTCACT,....((((......))))............,0.0
GAGATCTATTCTGCGTCGAATGTGTCTTGG,(((((.(((((......))))).)))))..,0.0
AAACCATCAGTCCCTGGTCCGGTGCTATGA,....(((.(((.((......)).)))))).,0.0
TTTGAAGAGAAGGTATGGGGGGGGATCAGT,..............................,0.0
TATGTATCAACTCAACTCAATGGATCTATC,..............................,0.0
CATGTGTATTTTGGGCAATTTATTACTGAT,..(((.((...)).))).............,0.0
AAGTTAACACGAGTCACTGGAGGGGCTCCG,..........(((((........)))))..,0.0
ATATAAGTTAAATAGCGATTTTGGCTTTTT,....((((((((.......))))))))...,0.0
AATGGATGAAGCCCTAAGTATGCTAGAAGT,.........(((.........)))......,0.0
GTAGGTATATATTGGTAAATGTAAGCTTGT,.(((((.((((((....)))))).))))).,0.0
AGCTATTTTAAATCTTGTACTCCAATAATG,..............................,0.0
TATCTCGATAGTATTTTTCCCTTTAGTTAG,..............................,0.0
ATTGCTTTGTTGTTTAATTGTGAGACAGTT,.........((((((.......))))))..,0.0
GGATTCTATTAGTATGGTTTTCGTGTTGTT,(((..((((....))))..)))........,0.0
TGTGAGTAGAGAGATTTTAACGATCTCGAA,..........((((((.....))))))...,0.0
GTTAATATGTTGTGACCTCTTAAGCGGTTA,............(((((........))))),0.0
AGACACAGGCTCTAGGCTAGTTACCGTGAA,.(((...((((...)))).)))........,0.0
CTGTTGTCTATGGAAAGTACGAAGAAATGT,...((((((......)).))))........,0.0
GGCAATTACTATGGGGTGCTGTCCCCGGCA,............((((......))))....,0.0
TGTTTGTGGATTGAAGCTACCGATCAAGGT,.((((........)))).(((......))),0.0
TTATCGGTGTCGTGTTAACAATCCCAACGA,.....((.((.((....)).)).)).....,0.0
TGAGGGACTATAATTGTCTGTATTATATAA,..(.((((.......)))).).........,0.0
ACAATAGGTCTGAAAAGTTTTCAGCCCTAA,....((((.((((((...)))))).)))).,0.0
TCTGTTAGTTCTTTTGTCCAAGTGGCCCGA,...((((.((.........)).))))....,0.0
TTCAAATGGCAGCTAATTGAGAGCGAAGAG,(((((.(((...))).))))).........,0.0
CAAATCGCCAGCGTGCATTCATCTTAAGGG,......((......))..............,0.0
AATTGTTAGGTAACGGGTATTGATACCCCC,..............(((((....)))))..,0.0
GAACGTAGTCCTGCCGGCGTAAAAGTTTAA,..((((.((...))..))))..........,0.0
GTGAATCGATACTTCGATATCCTATCCTCT,....(((((....)))))............,0.0
TAGACAATTAGCCGCGTTTCAAAGTGTTTT,............(((........)))....,0.0
AAGGTCGCAACTGTTGGCGCTAAATGCAAG,..((.(((........))))).........,0.0
ACAATGATACTTTCTAATGATACACGATAA,..............................,0.0
TACTTAAAGATACTGCATAACTACTAGAGC,..............................,0.0
GCATTGTGTGTTTTTTTTTATAACAAAGGT,...(((((((........))).))))....,0.0
ATGTGCAGATATTGTTCCAGAGATAGTATC,.......(((((((((.....))))))))),0.0
TAAGTAGAAAATTCAGGTCTCTGGAGGAGT,...........(((((....))))).....,0.0
TTTTTTTTCCTTCTTATACTGTTAATGTCT,..............................,0.0
TGATATCTGACTAAGAGTTGATAAACATCT,...((((.((((...)))))))).......,0.0
ATCGGAGGTGGGAAATATGGGGGAATTGGC,..............................,0.0
AAAGGAAAATCTCGAAATTCAGATCAAGCT,........((((.((...))))))......,0.0
TTGGCGCTTATCGGCCTTGTCGTATTTTGA,..(((........)))..............,0.0
TTTATGTAGTTACCATTAACTTGTCCGTTG,.......(((((....))))).........,0.0
AAACATCCGTAATTCTGATGTGGCCTGCAG,..(((((.(.....).))))).........,0.0
AGGATTATACATTCCCAAGCAACGACTTTC,.(((........)))...............,0.0
AAAATTTTACTTTTCTTACGTGTTCTTTCG,..............................,0.0
TGCAATAAAGAAAATATGTTCTCTAAAGTA,(((..((.((((......)))).))..))),0.0
TATAAAGGCCATAATTAACACACCGTTTGC,..............................,0.0
TGACTGTTCAAACCAATATAAGTTGGGTAC,............(((((....)))))....,0.0
TTGCTAGTCACCGAGAGTTAATTATGTCCG,..............................,0.0
AGGTATTGAGCATCACAGATTAATGTTGCA,.........(((..(((......)))))).,0.0
TGTGACTTGGTCTACACTAGCGAGATGTAC,((((((...))).)))..............,0.0
TTTGTTTTTTATATATCGATCGGAAGGATT,.................((((.....)))),0.0
TGATTAAAATTATAAGTCCATGGATCCTTT,..............................,0.0
GGAGCTTCTTATGAGTCAATGGAGTCAGTA,...........(((.((....)).)))...,0.0
GTCGTTTATCAAGCGCGATTGACACGGTAT,.((((...((((......)))).))))...,0.0
CGTATTTCATACGTTTATTTATGACTTTCC,......(((((........)))))......,0.0
AATAGCTTTATGAAAGCTATGCGTATGCAA,.((((((((...))))))))((....))..,0.0
CAACATCTATTATGCAAATCTTGTACCTGC,............(((((...))))).....,0.0
TATGATTGTTTATAAGCCAGTTATGATCGC,((((((((.........)))))))).....,0.0
CCCACCCATTTGGGTGCCTGGCCATGGGGG,.((.(((((...(((.....)))))))))),0.0
CTCGTGTTATGTTCAAGTTGGCGAGTTCGG,(((((...............))))).....,0.0
GTTGTCTTCTAAAAACTTGGGTTTATGTCC,.......(((((....))))).........,0.0
GGCACCGCGATTTAGGCGAAGTACACTAAG,.((..(((.......)))..))........,0.0
CGTTGTTAGAATGGAATCGATTTAATTCCA,...........((((((.......)))))),0.0
TTTGTTTAGCGTTTTTTCTTCGTGGATGTC,........((((((.........)))))).,0.0
TAGGCGTTCTAAAATGCGCTGCGTGTCAAG,..(((((........)))))..........,0.0
ACGTTTCTCACAGTTACGACATTGAAGATT,.(((..((...))..)))............,0.0
TAATATCTAGGCGTCTTTCTTGTTTGGAAA,.....((((((((.......))))))))..,0.0
CAATTGTGCCGAGGGTGTCGTTCTGGTTGA,.......((((((.(...).))).)))...,0.0
AAAGTGGCAAGTTACGTGAGGTAATCTGGA,.......((.(((((.....))))).))..,0.0
AATGACAATGTTTAGGAGTAATCAAATCTA,..............................,0.0
CTAAATATGGCGGGGCTATGCGACTGCGGA,.........((((.((...))..))))...,0.0
CTTTACAAAGACTGCTGTGGCGTGAAGATA,((((((....((....))...))))))...,0.0
GATAACCCATAATGCCGGAAAGTAATTTTC,......((........))............,0.0
TGGAATGCGGGATGCTTTGGACGACTATTC,(.(((.((.....))))).)..........,0.0
ATTTAGTTATTATATTAACACAAATCGCCG,.....((((......))))...........,0.0
AAGGGTCGGATATTTATTATACTGCCCAAA,..(((.((((((.....))).))))))...,0.0
TTTGTAAGGTATATGGAAGCTAGGAAACAA,.......(((........))).........,0.0
GGGAGTTTACATCTGGGAGTTACATGTGTA,.......(((((.((.......)).))))),0.0
CCTAAATACTGCACACAAGATGTTACACAA,..............................,0.0
ATCTTTATGTTGGGTAATGGGATTTTCGAG,((((((((.....))))..)))).......,0.0
TGGTCAATAGTTTTTCCGGTATCAGGTATT,(((..((....))..)))............,0.0
GTCTGTTTTACCATGTTGCCGTGTTACAGG,..((((.....((((....))))..)))).,0.0
GTATAGACAAGACGACCTACTACTAGGAGA,...............((((....))))...,0.0
GTCCGTTTAAGTAATTATTTGATAGTCGGT,..(((.((((((....))))))....))).,0.0
GGTCAAGGCATTAGCTTTCTGGTTAGAGAA,.....((((....))))(((......))).,0.0
CGAATAAATCCCATTAGATTTAGTATAAAA,....((((((......))))))........,0.0
TACGGAGTCCACTACAAAATCTTTCGATAG,..(((((..............)))))....,0.0
AAAGTGTATGCACCGCTATCGGTGACTACG,.....(((..(((((....)))))..))).,0.0
TCTTCATATCAGGGTCGATTCTTTAGGAAG,.((((.....((((.....))))...)))),0.0
TACGTGATTTAGCCAAGATGCATTGGGTCT,............((((......))))....,0.0
ATGAAGTATCCTGGGCTTGTGCGGTAGTAA,..........(((.((....))..)))...,0.0
AATACAACTCCTTTAGTGTGTATAAGATTA,.((((((((.....))).))))).......,0.0
CAGCGGCCTATTTCCTTAAGACTGCCGTTA,.((((((................)))))).,0.0
TAGGTAAAATCAAATAATCCCGAAAATTGC,..............................,0.0
TCACAGTATTCGTGCTTTCGACTCGTTTTT,.........(((......))).........,0.0
ATCTGAGGATAAAATGTTCAGTGAAGTAGT,..(((((.((...)).))))).........,0.0
GTTTGGGTATCTGATCTCTGCTATGAGGAA,...............(((......)))...,0.0
AGAACGCTTGCTTATGAGCGATCCAATTTA,.((.(((((......))))).)).......,0.0
GCGTCCCCGCTTTAGTATAAAAAGTGAAGT,.......((((((.......))))))....,0.0
ATCCTAATATATCAGTACAAACTGATTTGG,...((((...((((((....)))))))))),0.0
GAGTTGAGCGTATGTATTTGTCACACACGA,........(((.(((.......))).))).,0.0
AGTCACATGGTTCGAAGTCAGTCAGTTCGG,............((((.(.....).)))).,0.0
AACCAACAATTCTCGCTGATTGTCTGTCTT,.((..((((((......))))))..))...,0.0
TTTATTGTTTTTGATTTAGGCATTACGAAT,.....(((((.......)))))........,0.0
TTATTTGGATAATGCACGTGCATCTGAGTA,.((((((((...(((....))))))))))),0.0
ATGCAATATGGCGGCAGAACGACTAGAAAC,........(((((......)).))).....,0.0
CAGAGTCTAACGTATATAACCTTCGCTGGG,...................((......)).,0.0
TTTGTGCATGCGTTAATGCGTGCGATCACA,....(((((((......)))))))......,0.0
TAGCAAACGATCAGTTAACGCGTCCATAGG,..((.(((.....)))...)).........,0.0
AGTGGGGACTTAACACAGAGGTCATTATAC,.((((.(((((.......))))).))))..,0.0
CGTTATGGATACTATTTAGATATACCTGGC,.((((.(((((((....)).))).)))))),0.0
TGTAATCAAATGCGTGCGGTTATTGTTGAT,....(((((..((.....)).....))))),0.0
CCACACCATGGTTAATGGTTTTTATTTGAT,....(((((.....)))))...........,0.0
GCTCTTAATAATCTCTACATATAAGTAAAA,...............(((......)))...,0.0
TTATTCACTATGCACCTTGTGGGTTAGCTA,..((((((..........))))))......,0.0
AGGATTAAGTGATGCATGAGTGGTAAGATG,..............................,0.0
TAGTTCTGCTTATACTTTCGAGCTGATAAT,....((.((((........)))).))....,0.0
CAAGGAACTTAAAAGCTTTAATTGGGGGGG,..............................,0.0
GCAGAAGTGTCATGGTAGTGATAAATATTC,.......((((((....)))))).......,0.0
CGAATAAATTATTGACTAAAGCAGATCACT,..............................,0.0
GTAAAGCTTGGATTTTTCTAGAAGTCTTTG,.(((((((((((....))))..)).))))),0.0
GATAGTTTGTGTGGCGACGCTTGTGATAAG,........((((....))))..........,0.0
ATTTCTCAAGGCTGTCGTGAATGACCGGCT,.........(((((((......)).))))),0.0
TGATCCGCTGTTGTTTCCATTATGGCTAGT,......(((((..........)))))....,0.0
TACAAGGTCTTTGTATTTAATATATATGTT,(((((.....)))))...............,0.0
AGATAATCGCTTTGATTGTAGGTTTGTTCC,..((((((.....))))))...........,0.0
ATGAACTTTTTTATCGTTGATTAGCGTCGG,..............((((....))))....,0.0
TCTGGTGCACGCATTAGATTTGAGACTTGC,(((((((....)))))))............,0.0
TAAGTATCGAACGGAGTAAGATTTTAGGAT,..............................,0.0
AGAAAATGACACGGGAGCGATTACTCTTAA,............(((((......)))))..,0.0
TTATCCAGCGAGACCGAATATTAGTTTTAA,.........(((((.........)))))..,0.0
TAGTATAACGATTAGACATAACCTTAGAAA,..............................,0.0
CCCTGGTTAGTTACTTAGCCAGTTTACATA,..((((((((....))))))))........,0.0
TACTAATTCGGTGGTACGATAGTGGACATT,(((((..(((......))))))))......,0.0
TTATGTTGTCAGGCGAATCGCAGGACTATT,.......(((..(((...)))..)))....,0.0
TGAGGTACGTGGTTGAATTAGTTGCGTATT,...((((((((((((...)))))))))))),0.0
AGGAGGTTTAGTATTCTGCGTAATGAGCAT,................(((.......))).,0.0
GAGCGTAATAGTCATAATTGGGGTTTTTCT,((.(.((((.......)))).).)).....,0.0
TGTGTAACTGGCCGTTCATGGAATGGGATT,...........((((((...))))))....,0.0
CGTAATCGGAACGTTCTTAGGTTAATAGTA,..((((((((....)))..)))))......,0.0
AAGGGTGGTATTCTGTCAAATGTATTCATG,.(((((...)))))................,0.0
TATGGGAAGTGGGGACATATATGGCTCTTT,...(((..(((........)))..)))...,0.0
CGAAATCAGACGAAATAGGAACGGGCTTTA,..............................,0.0
GTTTTCTATCGATGTGTTTGGATACGTTCA,..........(((((((....)))))))..,0.0
TTATTAGTTTTGTACGGGGTTATATATTTT,..............................,0.0
AATAAATAAGTTTTACTATAATTTTTGTCT,..............................,0.0
AGTGTGTCATTAAATTTCGCCTGAGCTGTT,((.(((...........)))))........,0.0
ATGTCAGTATCAAGGGATCTCTGTACCGTT,..(((((.(((....)))..))).))....,0.0
GAGAATAGGATAAAAAGCGTTACTATGTAT,................((((....))))..,0.0
CGGTACTGAGTGGTCAGATGCTTGCTATAA,.((((((((....)))).))))........,0.0
TGGTAGAAATTCGTCTTTGCGGGTACAGGT,........((((((....))))))......,0.0
AATTAGTTTGAGGTAGTATAAATTGAGACA,..((((((((........))))))))....,0.0
TAGCGGATTTATCTACCTCACGTGTGGATG,.........((((((((....).))))))),0.0
ATGGTCACCAGATTAATGTTAGCCGTTGTC,(((((...((......))...)))))....,0.0
CTTTTAAAGGGGCTATATTATTTAAACAAT,..............................,0.0
TGGCTCGGGTTAGCACTGAGTATGGTTGGG,..((((((.......)))))).........,0.0
GAATCTAAGCACAATCGCGTTCTATATCGA,((((....((......))))))........,0.0
GTTATTAAATAAAAATTAATTGTGATGTGG,..............................,0.0
CTCAAAAGGCAATAGTCAGTTAGGCGAGTG,.......(((....))).............,0.0
TATATGACGAGTGTTGCTTTATTGGGGATG,..(((..(.((((......)))).)..))),0.0
ATTAATAAGATGGTCACGTGAAAAATCGGG,.........(((....)))...........,0.0
GTAATCGACTGTGTTTCAGATTGTCAGTAG,.....((((((.....))).))).......,0.0
TAATAAATAAATGCTCTGATCTATTATGTG,..............................,0.0
ATTTGTGGGGTCCTCAAACGGAAGGTTAGC,.((((.((...)).))))............,0.0
AATGGATACAAAAATTTAGGGGACTAGGAA,...............((((....))))...,0.0
TTGCTCTTCATTAGGTGTCTAGTTAAGTAC,.....(((.(((((....))))).)))...,0.0
GCGAATCTTGGCCAAGTATATTACTCTTCA,((........))..................,0.0
ATGGTATCTTGAGGTTAATTTTATAGTGGA,..............................,0.0
TGTCAAGGACGCAAGCGCTGGGCTTTGACT,.(((((((.(.((.....)).)))))))).,0.0
ATTTTGTCAATCCGTTTTTTTATAGACTTG,.............((((......))))...,0.0
GAATTAATAGGATTTTTATGGTGTGAAAAA,............(((((((...))))))).,0.0
ATTTATTCCATTTCATAGAAAGCATAGTTT,..............................,0.0
TATGTTTACGGTTGGACTTTCTTACGTACT,......((((...(((...)))..))))..,0.0
CAGGTAAATATCTACGACAAGCTAGCGTGG,...........(((((.(......)))))),0.0
ACGGGTCTGGGAGGTCCTCACATAACTAAG,..(((.((....)).)))............,0.0
TAATTATGCAGTAATTCTTGAGGGAACCTC,...................((((...)))),0.0
GAGCACATTTCGGTTTTATCTGGAGTTGTC,..(((.(((((((......)))))))))).,0.0
TACTTTCGTAAAGCTTATTGATAGGTATCT,((((((((..........))).)))))...,0.0
AGTTTCCCCATTAAACTAATTATATGTTTA,...........(((((.........))))),0.0
ATGGCGAAGTAGGCAATTCCGTGATATAGC,((.(((.(((.....))).))).)).....,0.0
CTAGCTTGGGCTCCGTTGCCAAAATGTAAT,........(((......)))..........,0.0
GTTTAATGCAGAGTGATTAGTTACAGTCTG,........((((.((........)).)))),0.0
ATGGTAGCGAGTGGCTCGTATAACGCTTCC,..((.((((.(((.....)))..)))).)),0.0
CCTAGTGAAAATAGGATATTTGGCGTACAA,((((.......))))...............,0.0
GCTTCAAGTACATCTCTGTCTGAAAGAGTG,..........((.((((.......)))))),0.0
TTAACAACAAGGGTTCTAATCAAGATCATA,...........((((........))))...,0.0
GGGAAAAATATAAGAGCGTTATATATCCAA,.(((...((((((.....)))))).)))..,0.0
GGTAACCATGCGCGTCACTATCTCGTTGGA,.....(((.(((.(.......).)))))).,0.0
GATCGTTTACATTATGGAAGGAGATTGCAG,..((.(((........))).))........,0.0
TTCCATACCATGACGATGTTAAAACACTAG,........(((....)))............,0.0
TCGTAAATTTTACTAAGTTCCAAGATGGGG,..................((((...)))).,0.0
TCATTACCTTATTAATATGAATAAATAATT,((((............))))..........,0.0
CAGAAACCAATATCGATATTATTATCTTGA,..............((((....))))....,0.0
CCTTCTGGGAGTTTGATATACTGAACAGTG,....(((..(((.......)))...)))..,0.0
GACTGTTAGGCATTCAATGGCAAGATATCA,((.((((..((........))..)))))).,0.0
ATTGTTGTTAAAATTCTTGCAGAATTAAAC,...........((((((...))))))....,0.0
GTCTTACTAGCATCATTAATTATTGCTTTG,........((((...........))))...,0.0
