Sequences,Secondary structure,Scores
TGTGGTCGGGTGGTGGGCCTCTAGAGGGGT,.(.((((........)))).).........,121.51326086956522
GGATGAAGGGGGATTTTCGCCGTTTGCTAT,((.((((.((.((...)).)).))))))..,115.57709569818266
GGGGGAGGTCCGGCATGCCAGCTCAAATGA,.(((..(((.......)))..)))......,84.12290660225443
GAAGGAGTAATGCGTCGCCATTCTCGTTTG,(((.(((.((((......))))))).))).,82.29473429951692
GGGAGGAGTGTACTGCCTCCGTATGTTTAT,.(((((((....)).)))))..........,81.87153784219001
CGGACTGCAGTGCTTTGCAGTGTGGTTTGT,(((((((((.(((...))).))))))))).,78.58496779388084
CGAAACAGTGTGATCTCACAACTGGTTTGT,(((..(((((((....))).))))..))).,78.51477455716585
GGGAGGAGTGTACTGCCTCCGTATGTTCAT,.(((((((....)).)))))..........,77.90370370370371
GAAGATCCAATTATAGGTGTTGGATGTTTG,(((.(((((((.......))))))).))).,77.88565217391304
CGAAGCCAATGCAGTTGCACATGGGTTTGT,((((.(((.(((....)))..))).)))).,77.80610305958132
GGGAGGAGTGTACTGCCTCCGTATGTTTTA,.(((((((....)).)))))..........,76.35644122383252
GGGGGAGGTCCGGCATGCCAGCTCAAATGG,.(((..(((.......)))..)))......,76.31549919484702
GAAGCACGGCAGTATACGTGTTGGGGTTTG,..((((((........))))))........,76.22892914653785
GAAGGAGTAATGCGCCGCCATTCTCGTTTG,(((.(((.((((......))))))).))).,76.22066022544284
GTTTGCGATGAGACGGGCCAAATTGGATCG,((((......)))).(((((...))).)).,75.47950080515298
GAAGCACGGCAGTATACGTGTCGGGGTTTG,.((((.(((((.......)))))..)))).,74.72977455716585
CGAAACAGTGTGATCTCACTACTGGTTTGT,(((..(((((((....))).))))..))).,73.58421900161031
GGGGGGGGTCCGGCATGCCAGCTCAAATGA,.(((..(((.......)))..)))......,73.29049919484702
CGAAACAGTGTGATCTCACAGCTGGTTTGT,(((..(((((((....)))).)))..))).,72.83421900161031
GGGGGAGCCACTCAAGCAAGTGTCGGAGGA,((.....)).(((..((....))..)))..,72.66386748337538
CGAAGCCAGATTCATCGAGCTGTGGTTTGT,..((((((.((((...))).).))))))..,72.12969404186796
TGTGGTCGGGTGGTGGGCCTCTAGGGGGGT,.(.((((........)))).).........,71.4403542673108
GTTTGCGATGAGAAACGTAATACATTGGTT,(((((((........))))).)).......,71.06218258392171
GGATGAAGGGGGATCTTCGCCGTTTGCTAT,((.((((((....)))))))).........,70.2964021164021
GGGGGAGAGAGGGGATGTGGTGTGTCAATT,......((.(.(........).).))....,69.61590982286634
GGATGAAGGGGGATTCTCGCCGTTTGCTAT,((.((((.((.((...)).)).))))))..,69.04878881987578
GAAACCATATTATCGAAAGTAATGGGTTTG,.(((((.((((((.....))))))))))).,69.03895330112721
GAGAGTGCAATTATATGGGGATGTATGTAT,....(((((..(((((....)))))))))),68.50380837359099
GGAGAGCCGAATTATTAGTTTGGATGGGGA,......(((((((...))))))).......,68.08061996779388
GACAGTCGATTTTTATATTTGTTGGTTGTT,((((((((((..........)))))))))),66.90477455716587
GAGGTACATTATATGTGAGGTTGGCGGTGA,....(((((...))))).............,66.35363929146537
GGATGAAGGGGGAGGCTCGCCGTTTGCTAT,((.((((.((.((...)).)).))))))..,65.97407062341846
ACGAACTAATGCCAAGCAATATGGTTTTGT,..((((((.(((...)))...))))))...,65.7320692431562
TGTGGCCGGGTGGTGGGCCTCTAGAGGGGT,.(.((((........)))).).........,65.33528180354267
GAGGTACATTATATGTGAAGTTGGCGGTGA,....(((((...))))).............,65.2978421900161
CGAATGCGATGCAATTGCCTTCCTTTTGTT,.(((.(((((...))))).)))........,65.25719001610305
GTGGTGGACTGGGGATGTCGTGGGTTCGTG,.....(((((.(.(....).).)))))...,64.9621658615137
GGGGGAGAGAGGGGATGTGGTGTGTCAACT,.........((..(((.......)))..)),64.8202576489533
GGGGGAGCCCGGCTAGGCAGGTACGGAGGA,(((....)))....................,64.80373207453755
GAAATCGGCAATTTGATAGCTGCGAGTTTG,.((((..(((..........)))..)))).,64.14958132045089
GGGGTAGGGGGGATTGCGGTGTGTTCTCGT,........((((((........))))))..,64.13450885668277
GGGGGAGCCCATGCTTGCTTTGGAGGAGGA,(((....)))...(((.((....)).))).,63.97874589741338
TGGGGGGCTGATGGGTGTGTGTGTTGTCTT,.(((.(((..(((....)))..))).))).,63.740789049919485
GGGTGGTGGGTCGGGCTGTTGTGGGTCATG,.....((((.(((........))).)))).,62.97182769726248
GGGGGAGATCGTAGGGGATAGCGATGATTG,.......(((((........))))).....,62.81808373590982
GTTTGCGATGAGAATACCGGTTACGTGTGT,.............((((((....)).)))),62.641307444568326
TGTGGTCGGGTGGTGGACCTCTAGAGGGGT,.(.((((........)))).).........,62.47996779388084
GCGGAGCAAATTAAGTAACAGTTGGATTTG,......((((((............)))))),62.430740740740745
GGGAGGTTTGTTATGAGACGTTCCGGCGAA,((((.((((......)))).))))......,62.11374801859233
GGAGGAGATGAGCGCTTGTGGGTTGGTACT,.......((.(((.(....).))).))...,62.0660305958132
GGAGGTGGTGATGTTGTTGTGATGTCAGTT,......(.(((((((.....))))))).).,62.0500885668277
GTTTGCGATGAAACGGGCCAAATTGGATCG,((((......)))).(((((...))).)).,62.04709339774557
GGGGGAGGACGAGCCGTGTTAATGTCATTG,((.(.((.(((...))).))..).))....,62.01607085346215
GGGGGTGACTGGTGGGGGTGTGTCGATTCA,..(((((((............))).)))).,61.86313204508857
GAAGGCTCTTAGAAAGAGGGTTTGCGATGA,..((((((((.....)))))))).......,61.814701111503865
GGGGGAGGCCGTTTGGTGACGGAAGGAGGA,........(((((....)))))........,61.67813978292239
GTTTGCGATGAGACGTAAACTATGTGCGCG,(((((((......)))))))..........,61.6063235476279
GAAATGATCCCTGTGTTCAGTTTGTAATGA,..........(((....)))..........,61.5704267310789
GGGGTACTTTGAGGAAGTAGTGTGTCAGGA,(.(.((((((...)))))).).).......,60.896586151368766
GGGGGAGAGCCGCGGTAAGCAATCAGAGGA,(.((.....)).).................,60.85388038761286
GGAGGAAGGAGTTATAAACTTCCTGGGGGA,..((((((..........))))))......,60.08609500805153
GGATGAAGGGGGAGGGTCGCCGTTTGCTAT,((.((((.((.((...)).)).))))))..,59.61665746491833
GGGGGAACTCAATCTTAATTTTGTGGAGGA,(((....)))....................,59.474630301922346
GGGGGAAACCAACTTGTTGTAATTGGAGGA,((......))....................,59.31684057298653
GAAGGAGTATGCGTCGCCATTCTCGTTTGC,(((.(((.(((......))).))).)))..,59.31667471819646
AAGGAGTAATGCGCCGCCATTCTCGTTTGC,((.(((.((((......))))))).))...,59.26929146537842
GTTTGCGATGAGACGTAAACCATGTGCGCG,(((((((......)))))))..........,59.2627492877493
GGGGGAAACCTAGTTAACTAATTTGGAGGA,.(((....)))...................,59.21684027943424
GGGGTACATTTATATGTAAGAGGGAGAGGA,....(((((....)))))............,58.998325281803545
GTTTGCGATGAGAAACGCAATACATTGGTT,(((((((........))))).)).......,58.82478013130188
GGGGGAGAGGCCTATTAGGGTCACAGAGGA,........(((((....)))))........,58.79993746993746
ATCGGTGGAGAAGGGGATGTATGGTTATTG,..(.(((.(........).))).)......,58.783904991948475
GAGGAAACCGTCCTGGTTTGTTGGCCGTGA,.((((.....))))((((....))))....,58.537616747181964
GGGTGGACGGGGCTATGGTGGTTTTAAATT,........(((((((...))))))).....,58.390305958132046
GGTGGTCGGGTGGTGGGCCTCTAGAGGGGT,((.((((........)))).))........,58.21028180354267
GGATGAAGGGGGAGCGTCGCCGTTTGCCAT,((.((((.((.((...)).)).))))))..,58.12726247987118
GGGGGAGGTCCGGCGTGCCAGCTCAAATGA,.(((..(((.......)))..)))......,57.84883252818035
CGAAACAGGGCTAATAGAGCAGTGGTTTGT,(((..((..(((.....)))..))..))).,57.84404186795491
GGAGGAAGTCATAAAGTTATGAATAGGGGA,........(((((....)))))........,57.61283873936048
GGAGGAGGAAATTTCGAGATTGATGGGGGA,...((((....))))...............,57.56303484434194
GGGGGAGAACGTCGTTACAAGTTTGGAGGA,((.(.....).)).................,57.291201973607045
GAAGGAGTAATGCGCCGCCATGCTCGTGTG,..(.(((((..((...))..))))).)...,56.86832528180354
CGGGGGAGGCCGTTTGGTGACGGAAGGAGG,.........(((((....))))).......,56.44920864964344
GGGGCCATTATGCTTATGGGTGTGTAAGGA,....((.((((((........)))))))).,56.421940418679554
GGGGGAGAGATCCCTGGTGTTCTAGGAGGA,.(((((....)))))...............,55.586255939019544
GAAGGAGTAATGCGCCGCCATTCCCGTGTG,...(((((...((...)).)))))......,55.55721417069243
GGGGGAGAACGTCGTTGCAAGTTTGGAGGA,((.(.....).)).................,55.429952428461725
GGGGGAGAACGTCGTTACAGGTTTGGAGGA,((.(.....).)).................,55.427246619184956
GGAGGAAGTCACGGTAACGGAACTGGGGGA,......(((..((....))..)))......,55.33379605512144
GAAGGCTCTTAGAAAGAGGGCTTGCGATGA,..((((((((.....)))))))).......,55.16341777620675
GAAATCCGGTTATTCGGAAGTTTGTAATGA,....(((((....)))))............,54.673123993558775
GGGGGAGCCAACAATCTTATTTGCGGAGGA,((.....)).....................,54.08176011396362
GTATGAAGGGGGATTTTCGCCGTTTGCTAT,....(((.((.((...)).)).))).....,53.47162065792501
GAAGGAGGGCCCCGTAAGGGTACTCGTTTG,(((.(((.((((.....)))).))).))).,53.45830112721417
GGGGGAACTCAAAGAAGGTTTGGTGGTGGA,(((....)))....................,53.43097835363099
GGGGGAACCATTTATCAACATGTTGGAGGA,((.....)).....................,53.4027067047476
GGGGGAGAGTGTGGGGAAACCCTTAGAGGA,............(((....)))........,52.979235312444885
GAAGCCTGTGTAAAACGGGTTTGTTCATGA,.((((((((.....))))))))........,52.975262362043914
GGGTGAGGTACCAGAAGGGGGAACGAAGGA,.((((...))))..................,52.92570067947056
GGAGGAGTCGGGCTTTTGTTTGGCGGGGGA,......(((((((....)))))))......,52.79748792270531
GGAGGAGTAGTGCTTATGTACTGTGGGGGA,.......((((((....)))))).......,52.477856023545385
GGAGGAGTTGTGCTTATGCGCCATGGGGGA,.........((((....)))).........,52.43381010005622
GAAAACCTTGCTGAAGTGTGTTTGAAATGA,....(((((....))).))...........,52.394460547504025
CGAAACAGTGTGGTCTCACTACTGGCTTGT,(((..(((((((....))).))))..))).,52.332286634460544
GAAGCTCCGTTTTCGGCCGGTTTGTTATGA,.((((((((....)))..))))).......,52.18940948902243
GGGGGAAGGGGGCATAAGCTCCGTGGTGGA,......(.(((((....))))).)......,52.1393203330584
GGGGGAGCCACATGAAACTGACGCGGAGGA,((.....)).....................,52.01872574999321
GGGGGAGCCCATGCCTGCTGTGGAGGAGGA,(((....)))...(((.((....)).))).,52.008654223126086
GAAACCACTTATATGTGGGATTTGTAATGA,....((((......))))............,51.881175523349434
GGGGGAGGTTATTCTATGTAAAACGGAGGA,...((((....))))...............,51.85598162535489
GAAGTCCAGTATTCTGGAGTTTGTATATGA,(((.(((((....))))).)))........,51.783209811083616
GAAGGAGGACTCCGTAAGGGTACTCGTTTG,(((.(((.((.((....)))).))).))).,51.742117552334946
GGAGGAGAGTGATTGTAAAATCCCGGAGGA,..........((((....))))........,51.68553592676983
GGAGGAGCCAGTTCGTAAGAGGGTGGGGGA,.......(((.(((....)))..)))....,51.48988365249623
GGAGGAGTAATTGTCAACAATTTAGGGGGA,.((.((....)).))...............,51.300844990405636
GAGGAAGGAGTTATAAACTTCCTGGGGGAG,.((((((..........)))))).......,51.220837359098226
GGGGTTACGTAAGTGAAAGATGGTGAGGAG,....((((....))))..............,51.21944444444444
GGAAGGAGAATTTCTTTCAAATTGGGAGGA,(((((((....)))))))............,51.161830239850836
GGGTGAGCTTTAGCAGTGCTAAACAAAGGA,........((((((...)))))).......,51.14936137622246
GGGGGAGCCTTTATAAAAGAAAGCGGTGGA,(((....)))....................,51.1274972601492
TGGAGGAGTAATGTTCACGTAAAGGGGGAA,..(((.(....).)))..............,51.05460779704933
GGGGGAACCTAGTAGAGGCTTAGTGGAGGA,(((....)))....................,51.03114824056564
GAAATCTTGATTCATCGGAGTTTGTAATGA,........(((((....)))))........,50.985925925925926
GGGGGAGTATTTTCCATGAAAGCCGGGGGA,...((((....))))...............,50.773759917095155
GGGGTTGTCAACTTGACAGGTCGGTGAGGA,.((.((((((...)))))).))........,50.25119967793881
GGAGGAGGTTGTCCCCATGGTAACGGGGGA,...........(((((.((....))))))),50.23079771668245
GGGGGAAGCGCCTAGGAAGAAGTTGGAGGA,((.(....).))..................,50.201810683987745
GAAGAAACGTAAATTGTTTGTTTGCCATGA,(((.(((((.....))))).))).......,50.190112721417066
GGAGGATAATTCAGCCTGTAATTTGGAGGA,((..((....))..))..............,50.182561310970584
GGGATGAGATTGAATTCTCACTCGAAAGGA,(((.(((((......)))))))).......,50.13538895082373
GGAGGAAATTCTGAAAAAGATATTGGGGGA,((((....))))..................,50.11948138247533
GAAAGCTTCTTAAAGAGGGGTTTGTAATGA,..(((((((((...))))))))).......,50.04858921487765
GGAGGAGAAATCCAATTTGTTATCGGGGGA,...(((....))).................,50.02961176708004
GAAGCAGTTTTAGAAACTGGTTTGTGATGA,(((.((((((...)))))).))).......,49.98097403872589
GAGGTCATACCTGGTGTGAGTTGGTAATGA,.((.((((((...)))))).))........,49.94216586151369
GGGGGAGAGTATATTTAGCATACCGGAGGA,..((.....((....)).....))......,49.76378296421774
GGAGTGGGTACATTATTGTGTACAGGGGGA,.......((((((....)))))).......,49.7602162410858
GGGGGAGTTATCCGAAAGGAGAGTGGAGGA,...(((....))).................,49.74844570931977
GGAGGAGGAGTAATGCTTTACCACGGAGGA,((.((((.(....).)))).))........,49.699806609692445
GGGGGAGAGTATATTTAACATACCGGAGGA,..((.....((....)).....))......,49.655416692808
GGAGGAGATATTGTCATGAATTTTGGGGGA,.((.((....)).))...............,49.62625639101601
GGAGGAGAATACTTTAGTACCGTCGGGGGA,((((.......))))....((....))...,49.62302001115123
GGGGGAGTAATCGCTCGCAAGTTCGGAGGA,(((.((....)).)))..............,49.51440295986855
GGGTGAAGTTTACCCATAGTATACGAAGGA,((((((...))))))...............,49.49041141353442
GGGTAATGGGAGTTTTAACTCATCTAAGGA,.........((((....)))).........,49.472323795367274
GGGGGAACGCAGATATGAAAAGTGGAGGAG,(.(....).)....................,49.460921016456545
GGGGATCCTGGCTCAGGATGGTGGTATGGA,....((((((...))))))...........,49.45656199677939
GGGGCAGGTCATGGACCTGGTTGGTACGGA,.((.((((((...)))))).))........,49.44006441223832
GTTTGCGATGAGAACACCGGTTACGTGTGT,.............((((((....)).)))),49.437414839588754
GGAGGAGATGTCTATAAGATGATCGGGGGA,......(((((((...)))).)))......,49.340592117412626
GTCTGCGATGAGACGAATTTGTGCTTTCGT,((((......))))(((........)))..,49.30349436392915
GGAAGAGGGTGTCTTTTGTATCCCGTAGGA,......(((...(....)...)))......,49.236658615136875
GGAAGAGAAATCTTTAAAAATTTTGTGGGA,.(((((....)))))...............,49.18465531299048
GGGGTTACTCCAAGATTAAGCTGGTGAGGA,((((...))))...................,48.968325281803544
GGAGGAATAAGTATTTCTAATTTGGGGGAG,..((((((....))))))............,48.94178974005061
GGAGGAGTAGTTTCCACAACTTTCGGGGGA,...((((....))))...............,48.93276566820356
AGAAGAGAAATCTTTAAAAATTTTGTGGGA,.(((((....)))))...............,48.85630730345095
GAGGACTACTGTAGGTAGTGTTGGAGATGA,.((.((((((...)))))).))........,48.84095813204509
GGATGAAGGGGGAGCGTCGCCGTTGGCCAT,((.(.((.((.((...)).)).)).)))..,48.80345295606166
GGAAGGAGAAATACTAGGTGTTTAGGAGGG,........((((((...)))))).......,48.79552801084838
GGAGGAGATATCCTGGGTGATAGTGGGGGA,..((((....))))................,48.72726209016336
GGGGTCACTCAGAGGGTGAGGTGGTGGGGA,....((((((...))))))...........,48.70697262479871
GGAGGAGGGGGGTAATATATTCCCGGGGGA,.......(((((((...)))))))......,48.62753697301921
GGGGGAGTTGGGCTGGTGCGAAACGGAGGA,......(((..((....))..)))......,48.59153616914486
GGATGAAGGGGGATTTTCACCGTTTGCTAT,((.((((((....)))))))).........,48.557800782148604
GGAGGAGAGGTTCTTCATAACGCCGGGGGA,((((((....))))))..............,48.463872962719634
GAAATCTTTGTTCCTAAAAGTTTGTAATGA,.(((.((((.......))))))).......,48.38141706924315
GAAGCTGTAATCATTACTGGTTTGTTATGA,.(((((((((...)))).))))).......,48.31937689014571
GGAGGAGAGATCTTCAATCGTTACGGGGGA,.(((((....)))))...............,48.30770558471853
GGCGGGTCAGTTTGAGTTGTTGGGGGGGGT,(((((.(((...))).))))).........,48.29924315619968
GGAAGAGGTATAGGATTCTGTGCCGTAGGA,......(((((((....)))))))......,48.28841257733706
GGAGAAGAAGTAGTATTCTATTTGGGGGGA,.......((((((....)))))).......,48.20740395675178
GGGAGAGCGTTATCCTGTATAGGCGTAGGA,((((........))))..............,48.17568438003221
GGAGGAGACATCGGTAACGGTGTTGGGGGA,......(((((((....)))))))......,48.169673745228124
GGGGGAGCCACTCAGGCAAGTGTCGGAGGA,((.....)).(((.(((....))).)))..,48.16379729746685
GGAGGAGATATCACTTGTAATGTTAGGGGA,.(((((....)).)))..............,48.15032668136293
GGAGGAGGAGAGCTAACGTTCAACGGGGGA,......(..((((....))))..)......,48.1491531697781
GGGGGAGAGCCATATCTATTGAACGGAGGA,.((......))...................,48.094964286977415
GGGGGAGGATGGTGAAAATGGTCCGGAGGA,......((((.((....)).))))......,48.000537416402814
GGGGGAGGCAATTTGTCGAATTACGGAGGA,......((((...)))).............,47.98683078137198
GGGGGAGAGTGTACTTTGTAGGCCGGAGGA,........((.(((...))).)).......,47.98433538734589
GGGGGAGGAGCTTGTAGAGTTCTCGGAGGA,......(((((((...))))))).......,47.972123404306
GGAAGGAGTTGAACTCTTTCACCGGGGGGA,.((((((((...)))))))).((....)).,47.96418302400119
GAAGGGCTTGTAAAAAGTCGTTTGATATGA,(((.(((((.....))))).))).......,47.95048034248458
GGGGGAGCTCATGCCTGCTTTGGAGGAGGA,(((....)))...(((.((....)).))).,47.94374983941741
GGGGGGTGTTTATAGAATGAATACTAAGGA,....(((((((((...))))))))).....,47.778494363929155
GAAGTCAGCCTTATTCTGTGTTTGTTATGA,(((..(((.......)))..))).......,47.69679549114332
GGGTGAGCTGTGATTTATTACGGTGACGGA,..((..(((((((....))))))).))...,47.671085806303196
GAAAGCATCTATAGTAATAGAAGGTTTTTG,((((((.(((((....)))))..)))))).,47.5337547621853
GAAGGGTATTTCAAGTGCCGTTTGCGATGA,(((.((((((...)))))).))).......,47.42812556458898
GGAGGAGGCGGTCCAATACCCGATGGGGGA,(((........)))....(((....)))..,47.3586998867949
GGGGACAAAATATGTAATATTGGGGAGGAG,.....(..(((((...)))))..)......,47.28564412238325
GGAAGGAGTTATTATTGAATAATGGTAGGA,........((((((((....))))))))..,47.18743410458514
GGGGTGTCTAGTAAGACAGTGGGTTCAGGA,..(.(((((....))))).)..........,47.17687561368367
GGAGGAAGGAGTTATAAACTCCCTGGGGGA,.......((((((...))))))........,47.137161843004826
GGGGTATGGGCTCTCCAGAAACATAGAGGA,((((........))))..............,47.065740740740736
GGGGGAAAATGGCAAAGCCTATTTGGTGGA,......(((((((...))).))))......,47.0634317190998
GGGGGAGGCTACCCGTTGGTTGGTGGAGGA,(((........)))................,47.05411542098695
GGATGAAGGGGGATCCCCGCCGTTTGCTAT,(((((..((((...))))..))))).....,47.02550264550265
GTTTGCGATGAGACGAATTTGTGCGTTCGT,............((((((......)))))),46.98746129072216
GGGGGAGAGGTCTAACAAGTCCTTGGAGGA,......((((.((....)).))))......,46.98473119843763
CGGAGGAGGAGAGCTAATGTTCAACGGGGG,.......(..((((....))))..).....,46.90796104807619
GGAGGAAGGGGTTATAAACTTCCTGGGGGA,..((((((..........))))))......,46.90139291465378
GGTTGCGATGAGAAACGTAATACAATGGTT,.((((((........)))))).........,46.87684256162517
GGGAGTGTGCTCAGAATGAGTATAGAAGGA,.....((((((((...))))))))......,46.87168276972625
GGGGAGTAGTTTCACAGGGTGAAGAAAGGA,.........((((((...))))))......,46.85788519696791
GGAGTATAATGTAATTGTAGTTTGTGGGGA,(((.((((((...)))))).))).......,46.84349436392915
GGAGGAGGATAGTTATAGGTTTCCGGGGGA,(((((....((....))..)))))......,46.79812191964258
CGAAACAGGGCTAGTAGAGCAGTGGTTTGT,(((..((..(((.....)))..))..))).,46.78385668276972
CGAAACAGGGCTAAGAGAGCAGTGGTTTGT,(((..((..(((.....)))..))..))).,46.78385668276972
GGGAGTTGGTTACACTGTGACTAAGAAGGA,.....((((((((...))))))))......,46.715619967793884
GAAGTTGTATATTTATAAGTTTGTGTATGA,(((.(((((....))))).)))........,46.70985644711519
GGAGCTGTCAGTTTGATAGGTGAGTGGGGA,..(.((((((...)))))).).........,46.70919829767656
GGGGGAACCGGTGGTTAGGGAGGTGGAGGA,.((....)).....................,46.65150803976346
GGGGGAATTATTTCTTGTTTGTGTCAGCTG,..(((((....)))))..............,46.64337359098229
GGGGGAGAACCCTAATATAGAGTTGGAGGA,((((.....)))).................,46.64155080514327
GGGGGAGTAATTTCCTTATAATTTGGAGGA,.((((((....)))))).............,46.63875628237841
ACGGAGGCTTGTTGTGCCTTCACACCAAAT,..((((((.......)))))).........,46.632246376811594
GGGTGTGCCACATCTTTGATGTTGTAAGGA,.....(((.(((((...))))).)))....,46.619122383252815
GAAACTAAGAGTAGCTCAGGTTTGTAATGA,.(((((..(((...))).))))).......,46.44996484819921
GGGAGAGCGTTATCCTGTATAGGCGAAGGA,((((........))))..............,46.44400161030596
GGAGGAGTGGATCCTAATAGCCAAGGGGGA,..((((.....)))).....((....))..,46.43272496774046
GGAGGATATCCGTTAATACGAATAGGGGGA,(((.....)))...................,46.43180589921842
GGGAGGGAGTACGGCACGTATGGGTTAGGA,........(((((...))))).........,46.428421900161034
GGAGGGAGAAATAGAATAGTTCTGGAAGGA,...........(((((...)))))......,46.37976820069497
GGAGGAGGGTTACTTTAAGTACACGGGGGA,....((((....))))..............,46.362636541326815
GGCGGAACGCGGTATAACTTGAGTGGGGGA,.(((...)))....................,46.322020933977456
GGGAGGTTCTTGTAGTACAAGATCAAAGGA,.....(.((((((...)))))).)......,46.3126483641648
GGGGGGAGCATACTATTATATGGGGAAGGA,........((((......))))........,46.298888465124165
GGGGGGAGGAACCTATACAGTCCGGAAGGA,..(((......)))......(((....))),46.2884150269039
GGGAGGGAGTACGGCACGTATGGATTAGGA,........(((((...))))).........,46.27697262479871
GGAGGAGGGGATTAAAATAGCCCTGGGGGA,.....((((...........))))......,46.276312399355874
GGGGGAGGAGAGTATTAATAATCCGGAGGA,......(((..((....))..)))......,46.27577242403329
GGAGGAGTAAAATCTTCGTTCTTCGGGGGA,.(((((......))))).............,46.25166463662468
GTTTGCGATGAGAAGTTACGTCCGTACCCT,...(((((((........))).))))....,46.22499690325777
GGGGGATATGCCACAATGGAAGTAGGAGGA,((.(....).))..................,46.205460802542305
GAAACCTGTCCTAGGAGGGGTTTGTAATGA,.((((((.((....)).)))))).......,46.158077255410234
GGGGGAGAGCCGCGGGAAGCAATCAGAGGA,(.((.....)).).................,46.15094955854262
GGGGGAGCCACTCATGCAAGTGTCGGAGGA,((.....)).(((..((....))..)))..,46.13751438957249
GGGGGAGTAATTTGCAGTAAATACGGAGGA,.(.(((....))).)...............,46.11624074685608
GGAGGAGTAGTAATACCTTACCTTGGGGGA,(((((.(((....)))))).))........,46.05378976127745
GGAGGAGGAGTAATTTTATGTTCTGGGGGA,((((.(.(((....))).).))))......,46.043725661244665
GGGAGGGAAAATATTCAGATTTTTGAAGGA,.............(((((....)))))...,46.00872192558691
GAAGCATGTTCATTGCATGGTTTGTTATGA,(((.(((((.....))))).))).......,45.98704508856682
GGGGGAGTTTAATGCTTTTGAGCCGGAGGA,((((((((.....))))))...))......,45.97282368195412
GGAGGAGATAGCTTTTTGGCGTATGGGGGA,..........(((....)))..........,45.93809673551597
GGAGGAGTCCAAAAATGTGTTGGTGGGGGA,(((....)))....................,45.92434462354844
GGAGGAGTTATACGTAAGTAGACCGGAGGA,....(.(((.(((....)))))))......,45.900087874510724
GAAGAGTTTTAAAAAAGCTGTTTGATATGA,(((.((((((...)))))).))).......,45.89807666627391
GGAGGAGGTTCTAGTAACTTAAACGGGGGA,((((....))))..................,45.87605331543376
GGAGGACGCGTAGAAACTACGTAGGGGGGA,.......((((((...))))))........,45.875563999842896
GGGTGAATGGGAAGTCACTTCTCAAAAGGA,.......(((((((...)))))))......,45.850603245385855
GGAGGATAGTCCGATAAGAGAATAGGGGGA,(((......)))..................,45.84453124386316
GAAACTAGATTAAAGTTAGGTTTGTAATGA,.(((((.(((....))).))))).......,45.843823101999135
GGAGGAAGAAGTGCGTAAGCCAAGGGGGGA,..........(.((....))).........,45.841192305495284
GGGGGAGAAATTGCCTAGGAGTTCGGTGGA,(((.((....)).)))..............,45.74532608029247
GGAGGAGTATAACTTCTGAAATATGGGGGA,..((((((...)))))).............,45.728450154213064
GGAGGAAATAGGCACGTTCTTATGGGGGGA,..............(.(((....))).)..,45.68552266156444
GGAGGATAATCTTCTCAGCGGTTAGGGGGA,((((((...))))))...............,45.62922218869542
GGGGTGTAAGTTTATTTGAAGTTACGAGGA,....(((((.(((....))).)))))....,45.537542164590214
GGAGGAGTTACAGGTTTACCGTGCGGGGGA,..................((......))..,45.43158785045719
GGGGGAGTAACTTGTAAAAGTGATGGAGGA,.........((((....)))).........,45.3510234365024
GGGGGAGTTTAATGCTCTTGAGCCGGAGGA,((((((((.....))))))...))......,45.32999790869356
GGAGGAGTAGTAATACAGTGTTATGGGGGA,......(((....)))..............,45.32269743850731
GAAGCATAGTTGTACGGTGGTTTGTTATGA,(((.(((.((...)).))).))).......,45.28860139036173
GGAAGGAGTAAATTTCTTTTTGCGGAAGGA,(.((((((.......)))))).).......,45.26445546232731
GGGGGAGGTCAGTTTAACTGTTACAGAGGA,.........((((...))))..........,45.22267363071711
GAAGACGTTTTTTAACGGGTTTGCTCATGA,(((..((((....))))..)))........,45.14972035662386
GAAGTGTAGAGGAGCTAAAGTTTGTGATGA,.........(.((((....)))).).....,45.12601940222301
GAAGGAGACCCTGCTGATTGGTCTCGTTTG,(((.((((((.........)))))).))).,45.117479871175526
GAAAATCGTAGTACCGTATGTTTGAAATGA,..(((.((((......))))))).......,45.10279388083736
GGGGGAGTATGTTTTTGTTAATACGGAGGA,...........(((((((....))))))).,45.08921733091846
GGAGGAATATTATTGTTCTTGTATGGGGGA,(.(((((((....))))))).)........,45.06848852466583
GGAGGAGTGAGGTGTACCTAGAGCGGGGGA,................(((......)))..,45.03066748932042
GGAGGAGTCATTATTTTTAGTGCGGGGGAG,......(.(((((....)))))).......,45.028083735909824
GGAGGAGAAACATGTAAGTGGAAGGGGGGA,..........(((....)))..........,45.026615848233966
GGGGGAGGTTATTAGCCCAATACCGGAGGA,(((............)))............,45.015430468646095
GGAAGAGAGATGTTCGACCATCTTGTAGGA,......((((((......))))))......,45.007935418255784
GGGGGAGCCCTATGTTCCTTAGGTGGAGGA,(((....))).....(((((.....))))),45.001621560746145
GGAGGAAGTTCCTTTCGAAGGCCTGGGGGA,.(((((...)))))................,44.965764681179074
GGAGGAATTAGAGCATAGCTCACTGGAGGA,..........((((...)))).........,44.955238360063696
GGGGAGGGGTGAATTTATTTGCCGAAAGGA,.......((((((....)))))).......,44.88132602502167
GGAGTCTGTTGCATTTATGTTAAAGGGGGA,....(((...(((....)))...)))....,44.87127559236255
GGAGGAAAACATTACTAATGTATTGGGGGA,.........((.(((....))).)).....,44.86635764928948
GGAGGAATTCAGTTACATCTTAATGGGGGA,(((....)))....................,44.804785495733995
GGAGGAAATATAGTTTACCTCAGTGGGGGA,.((((((((...)))).)))).........,44.77743887654893
GGGGGATCAATGCCCAGCAAATGAGGAGGA,.(((........)))...............,44.76855720337071
GGAAGGAGGAAATATGTATTACCGGGAGGA,.....................((....)).,44.757957568710204
GGAATACCTTGCTATGAGTTTTTGGTTGAC,.....(((..(((...)))....)))....,44.74772141706924
GGAGGATTGAATAGTAATGTTCATGGGGGA,.......((((((....)))))).......,44.746596762199516
GGGAAAACGTTATGTACTGTCGTTTAAGGA,....(((((...........))))).....,44.73564412238325
GGAGGATTAAATCTTCAGGTTTATGGGGGA,.((((((...))))))..............,44.73004934510496
GGAGGATTGAATATTAATGTTCATGGGGGA,.(((.(((((...))))).)))........,44.72264859167612
GGGGGAGAATTCCATACATAATTAGGAGGA,((((.....)))).................,44.712307397870674
GGGGGAGAGTGATCTTAGCAGAACGGAGGA,....((((....))))..............,44.698029678540784
GGCGGATCAGTATTTTGTTACTGAGGGGGA,..(...((((((......))))))...)..,44.69089256958822
GGGGGAGAGCCGATTTCTCGGATAGGAGGA,.((......))...(((((......))))),44.67149281077392
GGTGGAGTAATGTACCGACAGTACGGGGGA,((((.(....).))))..............,44.65162208685366
GGAAGGAGGAAATATGAATTACCGGGAGGA,.....................((....)).,44.6415648835824
GGGGGAGAAATTTCCTAACTAGTCGGAGGA,((((((....))))))..............,44.607790369512614
GGAGAGAGGATAATCCAATATCCGTAGGGA,(((....(((...)))....))).......,44.59810574412535
GGGGTTGTCACGTGTAAAAATGACAGAGGA,....((((((..(....)..))))))....,44.52653784219002
GGAGGAGGGTTACTTTAAGTGCACGGGGGA,....((((....))))..............,44.49578093853722
GGGGGAGTCCTATATTAATAGTACGGAGGA,.(((....)))...................,44.48442490385081
GGGGGAGCCTTATATCTTTGAGTCGGAGGA,(((....)))....(((((......))))),44.438685100948625
GGAGGAGACCAGGTAACTGAGTATGGGGGA,.......(((((....))).))........,44.377031014137245
GGGGGGAAATGCGCGGACACAGAGGAAGGA,(.(.(....).).)................,44.29616911413687
GGGGTACTATGTTTATAGTGATGGTGAGGT,....((((((....))))))..........,44.29291465378422
GGGGGAGCACCTATCATAGTCTGCGGAGGA,.(((.....)))..................,44.26814886495016
GGAGGAGGCTTATAGTATAGATGCGGGGGA,.(((....)))...................,44.264076011238835
GGGGGGATAAACGCTTTGGGTTTGGTAGGA,.......(((((.(...).)))))......,44.24653784219001
GGAGGAGAGTTTATCCCATACTTCGGGGGA,..............(((........)))..,44.242947492472595
GGGGGAGAGGCCTAGTAGGGTCACAGAGGA,........(((((....)))))........,44.22826787544179
GGAGGAGAGTAGTCGTGTCATGTCGGGGGA,.((.(.((....)).).))...........,44.21962257088207
GGAGGAAGTTATTTGTTCAATAGTGGGGGA,(((.(((....))).)))............,44.21401348580447
GGAGGAGTGATGGTATTTCATCAAGGGGGA,.......((((((....)))))).......,44.211845128529134
GGGTGAAGTACATATGGTTATTATGAAGGA,..........((((.......)))).....,44.191241630646665
GGAGGAGCGAAATGAATATGCCATGGGGGA,....................((....))..,44.17796945573993
GGAGGAGGCGGTTCAATACCCGATGGGGGA,(((........)))....(((....)))..,44.172494488827056
GGGGTATTATATGTAATAGTGTTGTGAGGA,....((((((.....)))))).........,44.17145732689211
GGGGGAGCTTCGTTTTGGTAAGCGGAAGGA,........(((((((....)))))))....,44.143409979714335
GGAGGAGTAAATCTTTAGATGACCGGGGGA,.(((((.....)))))..............,44.14196461060808
GGGGGAGCTCATACTTCCAATGTCGGAGGA,(((....)))...(((((......))))).,44.10050135770286
GGGGGACAGCTTTGGCAAAGCCTGAGAGGA,......(..(((.(((...))).)))..).,44.092657790346024
GGAGGAGTTGTCTAGTCAAGAACGGGGGAG,((.(((....)))..)).............,44.05564448651846
GGGGGAGAGCGCTATCCTGTACTCGGAGGA,((.(.....).)).((((........)))),44.04565018607448
GGAGGAGGGAGTTGTCCATATCACGGGGGA,(((.((.....)).))).............,44.044005566844376
GGAGGAGAAATCTTTCAGGTGATCGGAGGA,((((((....))))))..............,44.03814959998029
GGAGGAGACTCAATGGATATTAGTGGGGGA,.(((....)))...................,44.03615629377809
GGGGTGATAAGTCCAAGATCTTAGAGAGGA,(((.(....).)))................,44.030837359098236
GGGGGAGATTCTCTGCGAGATATTGGAGGA,.(.((((...)))).)..............,44.004450747874
GGGGGAGCCCCTATAACATTGGTCGGAGGA,((((...))))...................,43.996734072786936
GGAGGAGATGTTATTGTTAACTGCGGGGGA,(.((..((((....))))..)).)......,43.97476368731432
GGGGGAGGTAGTCTTTCTGCGACCGGAGGA,(.((((((....)))))).)..........,43.950097454880066
GGAGGAAATGGATACTATGACCATGGGGGA,...((..((((...))))..))........,43.94916364003794
GGAAGGAGGTTCTTTATGGAACTGGGGGGA,.......((((((....)))))).......,43.92165149622307
GGGGGATGGTCATATTAGTGGCAAGGAGGA,........(((((....)))))........,43.90956218499697
GGGGGAGGGAGTCGTGCAATGATCGGAGGA,(.(.((.....)).).).............,43.89236019314261
GGGGTCTGAAAAAAGAGGAGTTGGTGAGGA,....(((......)))..............,43.869629629629635
GGGGGAAATCTCGTTAAGTAGGTTGGTGGA,((((....))))..................,43.86961616558921
GTAGGAAGTCACGGTAACGGAACTGGGGGA,......(((..((....))..)))......,43.86701362883854
GGAGGAGTCAATATTTTTGGTTACGGGGGA,..............(((((....)))))..,43.86502902177956
GGGGGATTGGATGATACATTACAAGGAGGA,......(((((((...)))).)))......,43.85888533806079
GGGAGGATTTGTCCTCGGACAAAGGTAGGA,..(((((....)))))..............,43.852388337994746
GGGGGAGACAGGTAAAGCCTGTTCGGTGGA,......(((((((...))))))).......,43.84981236802223
GGAGGAGGTATTATGTATGTCACCGGGGGA,((..((.((((...)))).)).))......,43.8369295581628
GTTTGCGATGAGAAGACGTCGAGTATGTCT,.....(((((......))))).........,43.7839217143565
GGAGGAGGATATAAACCTATGAACGGGGGA,...............(((......)))...,43.779977777476546
GGGGGAGGGCCTCGAGATAACGCAGTTCGC,((((.....)))).................,43.77971272272933
GGGTGATCATAATGTGTGTATGAAGAAGGA,......(((((.......))))).......,43.77791810443984
GGGGGAGTAATATTTACTAAACACGGAGGA,.....(((((...)))))............,43.74914526305521
GGGGGAAACTGTCATAAAGGTGTTGGAGGA,((.((...)).)).................,43.737690213243226
GGAGGAGTTTTTACGCCGTTAAACGGGGGA,.............(.((((...)))).)..,43.72617718572626
GGGGTTTATTGAAGATAAAGTTGGTCAGGA,.((.((((((...)))))).))........,43.70530595813205
GGGTGATAGAGGTTTTTACCTTCTGATGGA,........(((((....)))))........,43.69599838969404
GGAGGAGGGTAAACATAGTGAGCTGGGGGA,.......(((..((...))..)))......,43.685985289377115
GGAGGAGGTATTATATAGTAGACCGGGGGA,......(((.((((...)))))))......,43.685154344926026
GAAAGGAGGTATAGGATGATTCCGGGATGA,.............(((....))).......,43.65810101724205
GGGTGAGAAGGCTTTTAGCTTTTTGATGGA,..((.((((((((...)))))))).))...,43.65702093397745
GGGGGAGTGTAAAGTTTTCATCACGGTGGA,.(((((.(....).)))))...........,43.62300357094104
CGGGGGAGGGGATGTGGTAATATCCGGAGG,.........((((((....)))))).....,43.60898100777436
GGAGGAATGTCCAGATGTGACTATGGGGGA,(((......)))..................,43.5928167042388
GGGGGAGTTGGGCTCTGCATATACGGAGGA,.(.(((((...))))).)............,43.57183665685105
GGAAGGAATGGTAACATGTCAATGGGGGGA,....((.(((....))).))..........,43.54417879228261
GGGGGAATAATGGGATCCCATGATGGAGGA,..((((.........))))...........,43.53998083399891
GGGGGAGATCCTTTTCACAGGAGTGGAGGA,((((....))))((((((....))))))..,43.52012295594044
GGGTGAATTTTCTCACTAGAAATTGATGTA,.(((((......))))).............,43.5130056980057
GGAGGAGTTTCCAGAATGGATTATGGGGGA,((((....))))..................,43.51154932162679
GGAGGAGCAACGGTTTACCATAGTGGGGGA,((..((((....)))).))...........,43.50819506646066
GGAGGAATTATCTTTATGTGCTGTGGGGGA,.(((((....)))))...............,43.502093397745575
GGGTGAAATTATGTGATCACTAAGAAAGGA,.(((((..........))))).........,43.49930261365044
GGGGGAGATTTACCGCAGTAAATTGGAGGA,(.((........)).)..............,43.474579650340615
GGTGGAAAATGAGTCTTCATAATTGGGGGA,.............((((((....)))))).,43.46844539794212
GGGGGAGGCAAGTTATTATTGGCCGGTGGA,......(((.(((....))).)))......,43.45695223456093
GGGGGAGCCGAGTTATACCAAGGTGGTGGA,.((....))......(((((...)))))..,43.419915303778865
GGAGGAGTATAGTGTCCAACTGGCGGGGGA,...(((........))).............,43.40770022309831
GGTGGAGGTATTTATGTATCATCCGGGGGA,..(((((((((....))))).)))).....,43.38351122444015
GGGGGAGAACTTCAGGCACGTTTCGGAGGA,((((.....)))).................,43.356629779610174
GGGGGATGTGATTTTTGATCTACAGGAGGA,......(((((((...)))).)))......,43.339011070230285
GGAGGAAATAATCCGGGATTAATTGGGGGA,(((........)))................,43.319928551919645
GGAAGGAGTCCAGGTAAATGGTCGGGGGGA,.......(.(((......))).).......,43.31190673460448
GGAGGAAGTGTATTTATATGAGCTGGGGGA,......(((.(((....))).)))......,43.30968656572199
GGGAGAAATTGGTTTCAAACCAATATAGGA,.......(((((((...)))))))......,43.284939923200795
GGAGGAGGGAGTCTTCGGATTCATGGGGGA,.(((((.....)))))..............,43.222622365626535
GGGGTTCGCAGTACATGGTATTAGAGAGGA,....(((.((((((...))))).).)))..,43.2058615136876
GGGGTGAGGTTCAGGTATTAACCGGGAGGA,.........(((.(((....))).)))...,43.20056329338938
GGAGGAATAAACTGTAAAGATTCTGGGGGA,...(((((...((....)))))))......,43.19509641730654
GGAGGAAGTTGGTATGACCCAATAGGGGGA,.................(((....)))...,43.190790865261334
GGAGGAGAGTATTGGTTTAATAGCGGGGGA,...........((.(((....))).))...,43.1543202914412
CTGTGGTCGGGTGGTGGGCCTCTAGAGGGG,((.(((..((((.....))))))).))...,43.1484460547504
GGGGGAGCATACGTAAACGTGTGTGGAGGA,......(((((((....)))))))......,43.12353894889843
GGCGGAAGTAGGTATAACCTGTCTGGGGGA,..((((..(((((...))))))))).....,43.12084403425657
GTTTGCGATGAGACGGGCCAAACTGGATCG,.........((..(((......)))..)).,43.105185185185185
GGGGTGTGCTGAAAGTATAGCTGGTGAGGA,.((.((((((...)))))).))........,43.08997584541063
GGAGGAGGATTTGTCCATAATCGCGGGGGA,(((.((....)).)))..............,43.077988760710475
GGAGGAGAGCCAGTAAACTGGTACGGGGGA,........(((((....)))))........,43.05988463575697
GGGGGAAATAATCGCGTAAGCTTTGGAGGA,.............((....)).........,43.04698871292646
GGGGGAGTGTGAATTTGCCTCAACGGAGGA,(((.((((....)))).)))..........,43.02228164387857
GGAGGAGATGGTGTGAAATCATACGGGGGA,..........(((((....)))))......,43.01963631537786
GGGGGATTCTTAGGGTCCCTTGAAGGAGGA,(((((((((...))))))))).........,42.991610119003106
GGAGGAAATATAGTTTACCTTAGTGGGGGA,.((((((((...)))).)))).........,42.9891248596389
GGGGGAGCCCTATGTTCTTTAGGTGGAGGA,(((....)))....((((((....)))))),42.98842686214349
GGGGGAGGAACGTCGCAGGCTTACGGAGGA,((.(......).))................,42.98255212757077
GGGGGAGCAGTGTTATACCCGTGCGGAGGA,(((..(((...)))...)))..........,42.95874380744029
GGAGGAGTTATGGTGAACCGAAATGGGGGA,.................((......))...,42.91787476309443
GGAGGAGGTTGTCCTAATGGTAACGGGGGA,.......((((.((....))))))......,42.90172465460928
GGAGGAGCACGATACGTATCTAGTGGGGGA,...(((..(((...))).))).........,42.87507039277857
GGAGGAGATGTTTAGGGGAACATTGGGGGA,......(((((((....)))))))......,42.86624798711755
GGGGGAGTGCTCGAAGATATAAACGGAGGA,(((......)))..................,42.86538068297253
GGGGGAGAACCATATTCGTGGAGCGGAGGA,.((......))...(((((...)))))...,42.85797278011543
GAAACCTGGAGAAATAAGGGTTTGTAATGA,.((((((..(....)..)))))).......,42.82629335061466
GGGTAGGAGCAATAGGATTGAGGCTAAGGA,...(((...((((...))))...)))....,42.810627626566124
GGAGGAGGTCCAGAAATCTGTCACGGGGGA,(((.....)))...................,42.80801360568199
GGAGGAACATGTCCTTGTACCTGTGGGGGA,.(((((.....)))))...(((....))).,42.79842121723103
GGGGAACTATTTATATGTTGTTGGCGCGGA,(.(.(((.((......)).)))..).)...,42.794057971014496
GGGGGAAACAGTAATGGGTCTGGTGGAGGA,...(((..((....))..))).........,42.77160694956719
GGGGGAAGGTAAAACATGAAACCTGGAGGA,......((((..........))))......,42.770721299241984
GGAGCCCATTTTCTGATGGGGTTTGGTGGA,(((.((((((....)))))).)))......,42.766103059581326
GGAGGAATGTGGAGGTACCGGAATGGGGGA,.................((......))...,42.76275989742149
GGAGGAAGGGTAATGTATTTCCCTAGGGGA,......((((..........))))......,42.76049114331723
GGAGGAGAAATTGACTCAATGTTAGGGGGA,.(((..(....)..))).............,42.75053793312184
GAAGCGTATAGTAAAGACGGTTTGTTATGA,(((.(((.........))).))).......,42.74924511998743
GGGGGAACATGTTCATAGGGCATTGGAGGA,........((((((...)))))).......,42.74873283012704
GGCGGAATGTGGTGGTAGCCATATGGGGGA,..(...(((((((....)))))))...)..,42.74741123086507
GGGGGACATACCTGTAAAGGTCTGGGAGGA,......((.((((....)))).))......,42.725244090009696
GGAGGATTTATGTCTTGATATTTAGGGGGA,..(((((....)))))..............,42.704786755538244
GGGATGATAAGAGTGTAAACTCAGAAAGGA,..........((((....))))........,42.69834943639292
GGGGCCATTATGCTATGGGTGTGTAAGGAG,....((.((((((.......))))))))..,42.68518518518519
GGAGGAAATTTACTGTAGTAATTTGGGGGA,............((.(((....))).))..,42.680755936112206
GGGAGAATAATTCCTTTAGATTATGTAGGA,((((......))))................,42.679574963979995
GGGGGAAGAATATTTATCTGTCTGGAGGAG,((.(((.((....)).))).))........,42.67872125254882
GGGGGATGGCCTAGAAACTAGGGCGGAGGA,.......(.(((((...))))).)......,42.67597751827732
GGAGGAGAATTTGTCACAAGATTAGGGGGA,.((.((....)).))...............,42.66292399280886
GGAGGAGTGTTCCATTTATGAAGCGGGGGA,((((.....)))).................,42.66072021393265
GGGGGAGACATCTCTCGAGGTGTGGGAGGA,((((((....))))))..............,42.622718377543066
GTTTGCGATGAGAATACCGGCTACGTGTGT,.............((((((....)).)))),42.619939923200796
GGAGGGAGTTTTATGTTTAAACCGGAGGGA,.....................((....)).,42.599646463156034
GGAGGAGGTGGCTCATTGACCGGCGGGGGA,....(((....))).....((....))...,42.58524932483199
GGAGGAGGTGATGGAACATTGCTCGGGGGA,.(((.((((......)).)).)))......,42.5711953051002
GGGGGAACGCCGTCTTGTGTGTGTGGAGGA,((.((....)).))................,42.56536134573014
GGGATGAGGTACGCTTTGGGTATGAAAGGA,........((((.(...).)))).......,42.559702093397746
GGAGGAGTAAGCATAATTGTTTGGGGAGGA,.......((((((....)))))).......,42.555740785453594
GGGGGAGGGGAATGTATGGTCCGCGGAGGA,......(.(((........))).)......,42.55543072453429
GGGAGAGGGATCCCTGCTGATCCTGTAGGA,((((......))))......(((....))),42.519898296465804
ACGGAGGCTTATGGTGTTTGCGCCGTAAAT,........((((((((....))))))))..,42.49714170692432
GGGAATGAGATGCTTTAGCGTAGAAGAGGA,.........((((....)))).........,42.45579028861638
GGAGGAATATTGTGAAGCGATGTTCGGGGA,....(((((((((...))))))))).....,42.4438808373591
GGGGTTACATTTACTGTAAGATGGTTAGGA,.......(((((......))))).......,42.42318035426731
GGAGGAAGAATGCCGTGTCATTATGGGGGA,..........(.(((((....))))).)..,42.40124073445741
GGAGGAGGGTTTGATTATTCAATCGGGGGA,........(.((((....)))).)......,42.396732775169454
GGAGGAGGTTAGTTTGATACAAGCGGGGGA,...........(((((...)))))......,42.385758075913984
GGAGGAGAGTTCCATTAGATACACGGGGGA,((((.....)))).................,42.37866645773998
GGAGGAAGCGGAATATTCCGTCATGGGGGA,.......(((((....))))).........,42.287946102797505
GGGGGAGACACCGCAAGTCGTGTTAGAGGA,(.((......)).)................,42.284360383576285
GGAGGATTTAAGCGTAAGCTGTAAGGAGGA,..........(((....)))..........,42.25028180354267
GGAAGGAGAGTATAAAATATACCGGGAGGA,.....................((....)).,42.221124900398195
GGGGGAGCAAAGTTATTTGTTTGCGGAGGA,..(.(((((((....))))))).)......,42.20341070708896
GTTTGCGATGAGAAGTTACGTCCGGACCCT,(((((.((((........)))))))))...,42.17912795738883
GGAGGAGAGAGGTCTAAGTCGATAGGGGGA,((...(((....)))...))..........,42.17792145413855
GGAGGAGGGGATACTAGTAACCCTGGTGGA,.....((((...........))))......,42.157310789049916
GGAGGAGTATATGCTCGTCGTTTCGGGGGA,.((.((((....)))).))...........,42.15155338202453
GGGGGAACCAATTTAACAAAGCGTGGAGGA,((.....)).....................,42.13545820241468
GGAGGAGACGTGGGTTATCACGAAGGGGGA,........(((((....)))))........,42.126035530308016
ACGGAGGCTTATGGTGTCTGCGCCGTAAAT,........((((((((....))))))))..,42.12455716586152
GGGGTTGTATTATCTTCAAGTGTGTGAGGA,............((((((......)))))),42.11984702093398
GTTTGCGATGAGAAGACGTTGAGTATGGTT,.....(((((......))))).........,42.10629258020562
GGGTGAAAAGGGAATCCACACTTTAAAGGA,((((.........)))).............,42.1049727486684
GGAAGGTGGTTTTGTGCTAAACTATAGGGA,.....(((((((......))))))).....,42.100677114017515
GAAGGAGGGAAACTTTCTTTTCATGGGGGA,((((((((....))))))))..........,42.09490026586064
GGAGGATGTTTCAAGTTTTTGTCAGGGGGA,((((....))))..................,42.06631668606341
GGGGGAGACACTGCATAGTAAGTCAGAGGA,(.((......)).)................,42.040739991365996
GGGGTTGCATTTACTGTGAGATGGTTAGGA,.......(((((......))))).......,42.03078904991949
GGGGGAGGCTTGTTAAAGGTTCGCGGAGGA,..(.(((.(((....))).))).)......,42.02892618627473
GGGGGAGGAATGTAAAGCGTTCTCGGAGGA,......(((((((...))))))).......,42.02760099696467
GGGGGAGATAGGAGGTATCCGAGCGGAGGA,..........(((....)))..........,42.01699834786791
GGGGTTGGGATCCTCACAAGTTGGTAGGGA,((((.......))))...............,42.00347020933978
GGGGGAGTAAACAACCTCTGTTACGGAGGA,..............((((((...)))))).,41.997650333508815
GGGAGAGAGATGTTCGACCATCTTGTAGGA,......((((((......))))))......,41.98814348673616
GGAGGAGTGTATTCTCTAATTATCGGGGGA,((((((.....)))))).............,41.93459281110509
GGAGGAACTGGGTAACTATATCGTGGGGGA,..(.((..(((....)))..)).)......,41.93065755483039
GGCGGAAATTAATGACTCTTTAATGGGGGA,...............(((((....))))).,41.92554037820892
GGAAGGAGAGATCGTAAGATTTGGGGAGGA,........(((((....)))))........,41.909500000949166
GGAGGAGGTTACATCTAGGTCACAGGGGGA,..(((.(....).)))..............,41.90850364129711
GTTTGCGATGAGAAGACGTTGAGTATGTCT,.............((((((.....)))))),41.90672612411743
GGGATGAAATTGTTTACTTTATTGAAAGGA,................((((....))))..,41.88847020933977
GGGGGATAAGCCGAGGAGGATTTAGGAGGA,..((......))..................,41.883349991091215
GGAGGAGTAAGATCTTCGACTTAGGGGGGA,.(((((......))))).............,41.8498704655303
GGGGGAACTGAGAAATTTGTTCATGGAGGA,....((((.((....)).))))........,41.82790678798453
GGAGGAGGGAACCCAAAGGGCCTCGGAGGA,....((((...(((...)))))))......,41.823085657097934
GGAAGAACATAGATTCTTCTGTGTGTAGGA,......(((((((....)))))))......,41.81022544283414
GGAGGAGAATACTGTAGTACCGTCGGGGGA,...................((....))...,41.802770352933926
GGAGGAGCGGAGTATATTACTTCCGGGGGA,.......(((((((...))).)))).....,41.79218817958144
GGCGGAATGTGGTGGTAGCCATGTGGGGGA,..(...(((((((....)))))))...)..,41.77739413267259
GGGATGAAATTGTGTACTTTATTGAAAGGA,................((((....))))..,41.740699863743345
GGGGGAAACAGAGTAATCTTTGTTGGCGGA,...(..(((((((....)))))))..)...,41.740547453598644
GGGTGAGATTGATTTTCAATCATCGATGGA,...(((((((((...)))))).))).....,41.73626233279989
GGGGGAGGTAGGCTGTCTTTACCGGAGGAG,.((..(((........)))..)).......,41.72171790367443
GGAGGAGGATTTCGCCTGAATACCGGGGGA,...........((.((((.....)))).)),41.720073332923235
GGAGGAAAGTTGTTATCAACGTATGGGGGA,........((((....))))..........,41.71793566906062
GGAGGAGTATGATCACATCTCAACGGGGGA,.((((.((......)).)))).........,41.71286108456972
GGGGGAGCCAATATTAACCTTTGTGGAGGA,((.....))........((((....)))).,41.70178080371629
GTTTGCGTTGAGACGAATTTGTGCGTTCGT,............((((((......)))))),41.67976898302985
GGGGGAGTCGATGTTTTCATTGAAGGTGGG,.......((((((....)))))).......,41.67676289865044
GGGGGAGAAGCCCATTGGAATTCAGGAGGA,.(((......))).................,41.66590059305403
GGGATAGTGATCATTACATATCATAAAGGA,..((((((((...)))).))))........,41.660488046575004
GGGGGAGACCCAATATTAGTGGTTAGAGGA,(((.....)))...................,41.64818404509974
GGGTGAGGAAGATGAAGTATTTCCAAAGGA,......(((((........)))))......,41.632747429703954
GGGGGAGCGATGTATATAATGCGCGGGGGA,.......((.(((((...))))))).....,41.62986349926775
GGAGGAGTGTATTGATAATTTAATGGGGGA,.......(.((((((....)))))).)...,41.61345639189143
GGGGGAGTGGTAAGGAATCGCCAGGGAGGA,.((.((...........)).))........,41.60482278880178
GGGGGAGCCAATAGTAACCTTTGTGGAGGA,((.....))........((((....)))).,41.603847047755025
GGAGGATTATCAGTTATGCTGATTGGGGGA,........((((((...)))))).......,41.5978253980648
GGAGGAGGCTTTCAATGTAAAAACGGGGGA,(((((...))))).................,41.59627001047269
GGAGGAGGATTTGAAAAACGCGCCGGGGGA,..................(.(....).)..,41.55136346300327
GGGGGATGCGTTGTAAGATGTTAAGGAGGA,.......(((((....))))).........,41.53104714196236
GGAAGGAACCTGGTAATCTAGGCGGGGGGA,........(((((....)))))........,41.518746482530034
GGGGTATTCTCATATGATAGTTGGTAAGGA,(((.....)))...................,41.51694847020934
GGGGGAGTATGTTGGCGTTAATACGGAGGA,...............(((....))).....,41.50100920659615
GGAGGAGGATAGTTATAGGTCTCCGGGGGA,(((((....((....))..)))))......,41.48751488038373
GGAAGGAATAAGCTAATGCTTGTAGGGGGA,.......((((((....)))))).......,41.4845416450888
GGAGGAGTAACTGTTATCAGTCATGGGGGA,.........((((....)))).........,41.480774308327064
GGAGGAATTCATCAGGGTAGGAATGGGGGA,(((....)))....................,41.47531330280653
GGGGGAGGAGGTCAATTGACCAATGGAGGA,.........((((....)))).........,41.442155575282555
GGGGGAATTGTCGTAATCGATAGTGGTGGA,......(((((((....)))))))......,41.43642453245658
GGAGGAGGGTATGCCTTAGTAACTGGGGGA,.............((((((...))))))..,41.42340783396803
GGAGGAGCGAGTGTAATACTTTGTGGGGGA,........(((((...))))).........,41.42019638583339
GGAGGAAGTACTTTATTAGGGACTGGAGGA,......(((.(((....))).)))......,41.41055346424911
GGGGGAGATGTTAGTTATATGATCAGAGGA,......(((..((....))..)))......,41.40931593366376
GGGGGAGTCATTGAAAATGGAGTCGGAGGA,....((.((..(....)..)).))......,41.400860756027825
GGGGGAGCTCGTGTATACCGATGTGGAGGA,(((....))).......((........)).,41.40071478393434
GGGGGAGGGGCAAAGCCCATGATCGGAGGA,.((....((((...))))....))......,41.398550102129256
GGGGGAGAATCCTGTTAAGCGGTCGGTGGA,((((.....)))).................,41.393023605693
GGGGGAGTATAAGTTATCTTGTAAGGAGGA,.......((((((....)))))).......,41.365952215122604
GGGGGAGGGAAATTCATGTTTACCGGAGGA,......((..(((....)))..))......,41.34225231780125
GGAAGGAAAGTCCATAGGACATTGGTGGGA,.........((((...))))..........,41.340523803232635
GGAGGAAATCCAGGTATCCCGTTTGGGGGA,(((.....))).....((((......)))),41.31811853521759
GGAGGAAAGTCGTCGCAACGGAATGGGGGA,.((.((...)).))................,41.29971218908937
GGGGGAACGTAAGTAACATGTAGTGGAGGA,...(..((....))..).............,41.29191451773676
GGGGTTGGTGAAGCCGGCTATACCAGAGGA,(((((((((...)))))))...))......,41.28627214170693
GGAGGAGCTTAATGGGTTACCAGCGGGGGA,.......(((..(((....)))..)))...,41.270713064425834
GGGGGAATAAGCGAAAGCTGTTATGGAGGA,.........(((....)))...........,41.26134685037208
GGGGGAAGTTTTTACTGAAAATATGGAGGA,......(((....)))..............,41.245722631030546
GGAGGAGTGTTCCTTAAGACATACGGGGGA,.(((((....)))))...............,41.24342858002599
GGGGGAAGCAAGTAATTGGTTGGTGGAGGA,.....((.(((....))).)).........,41.23841153981747
GGGGGAGGATTTAAATATAGACCCGGAGGA,(((..................)))......,41.227920589099185
GGGGGAGAAGGGCTAGTGGCCCACGGAGGA,.........(((((...)))))........,41.22547357368613
GGGGTCCTGGTTAGGGAGTGTTGGCGAGGA,....((((.(((((......))))).)))),41.196755233494365
CGGGGGAGTAATGTGTCGCCATTATGGGGG,..((.((........)).))..........,41.19235739228656
GGGGGATCGCCACAACTTGTTAGAGGAGGA,((.(...).)).(..(((....)))..)..,41.183265072580255
GGGTGAGAGGATTCTTGATTCCTCAATGGA,......(((((........)))))......,41.17758206366902
GGGGGAGAATGTTCATCTGTAATCGGAGGA,............((.((((....)))).)),41.16048409084516
GGAGGAGTTATCTTATGATAGTTAGGGGGA,.......(((((....))))).........,41.14895835744493
GAAGTCCATTGTACTGGGGTTTGTCTATGA,(((.((((......)))).)))........,41.129348022465734
GGGGATCCTGTCTCAGGATGGTGGTATGGA,....((((((...))))))...........,41.123228663446056
GGGTGGTTTATAGAAAACTATAATCAAGGA,..(((((((.....))))))).........,41.0810146891324
GGGGACACATTCTTCAGTATTGTGTGAGGA,..........((((((........)))))),41.055837359098234
GGGGGAATGTGCTATAGCGCCATGGTAGGA,........((((....))))..........,41.052156868896
GGGGGACGTGTTATTTTAACTCGGGAGGAG,......((.((((...)))).)).......,41.049636846093634
GGGGGACTCGCAAGTGACTTGTGGGGAGGA,......((((((((...)))))))).....,41.04490025203681
GTTTGCGATGAGAATACCGGTCACGCGTGT,....(((.(((.........))))))....,41.03758206366902
GGGTGAAATTGATCCATATTTATTGAAGGA,((((.......))))...............,41.012634088938434
GGAGGAGTGTATCCTACAATTAACGGGGGA,..((((.....))))...............,40.97799641131501
GGGGGAACTGTCGTTTTCGGCTGTAGAGGA,......((.((((....)))).))......,40.976081634535326
GGGGGATAAACTGAAACAGTTTTAGGAGGA,.......((((((...))))))........,40.95332425345124
GGGGGAGAGTCTCTCTAAAAAAGCGGAGGA,.((((((...))))))..............,40.9499300658552
GGAGGAAGGATCTTTATATCTACTGGGGGA,.(((((....)))))...............,40.94052553212963
GGAGGAAACTGGTCTTACCCAATTGGGGGA,..((((......)))).(((....)))...,40.926985776496196
GGAGGAAATGTTTGTCCTGACCATGGGGGA,(((.(((...))).)))...((....))..,40.92217752568514
GGAGGAGGTTGTTAAGTTTTTTCCGGGGGA,((((((((((....))))))))))......,40.8902010048064
GGAGGAATTAAGGTCTTCATTGATGGGGGA,.(((((.......)))))............,40.86507138093263
GGAAGGGGAATTTCATTAGTTCCCAAGGGA,.....(((((((.....)))))))......,40.83214128315959
GGAGGAGCTAGAGGTATCGCCGGTGGGGGA,................((.((....)).)),40.79577683201464
GGAGGAGCTATTTGAAAAAGTGGAGGGGGA,.......((((((....)))))).......,40.794413008745714
GGAGGAAGGCATGATATCATGATTGGGGGA,.........((((....)))).........,40.793262903607825
GGAAGGAGTATTATTACAAACACGGGGGGA,.......(((....))).............,40.776544472400175
GGGGGCCTATTTTTAGTGCGTTGGGGAGGA,.((.(((((....))).)).))........,40.77074219898994
GGAGGAGTTTAAACCATGTTTGCGGGGGAG,.............((........)).....,40.7676162580861
GGGGGAGACATCTCTCAAGGTGTGGGAGGA,((((((....))))))..............,40.76470179159806
GGAAGGAGTTACCGGTGGGAAAGGGAGGGA,...........((....))...........,40.76202670193554
GGGGGAGGTATTCAGTAATGATTCGGAGGA,...........(((....))).........,40.75652224857439
GGGGGAGGAATAAGACTATTGGTCGGAGGA,.............((((...))))......,40.75590104120148
GGAGGAAGCGTGTTAATATATGATGGGGGA,........(((((....)))))........,40.74993163389034
GGAGGATGTTAATTCTAGAGAACAGGGGGA,..(((((....)))))..............,40.74625442647442
GGGGTGATGTTTTCATTAGCTGGGTGAGGA,.((.(((((....))))).)).........,40.740273764476555
GGGGGAATACAATGAAAATTGGATGGAGGA,.........((((....)))).........,40.73822593100937
GGAGGAGGTTTATGTAATATGAGCGGGGGA,.......(((((((...)))))))......,40.73537634541957
GGGGGAACATGATCGTAAGAATGTGGAGGA,.......((((.((....)).)))).....,40.733581756930185
GGGGGAGAACCAGATTAACTGTTAGGAGGA,.((......))...................,40.71441573050905
GGAGGAAACAGGGAATGCCCCGTTGGGGGA,.................((((....)))).,40.69818181024014
GGAGGAGTGTTCCATAAGACATACGGGGGA,((((.....)))).................,40.6863897351777
GGAGGAGGGCAAATTATATTTCCCGGGGGA,......(((.((((...)))))))......,40.67995440167527
GGAGGGAGTTTTATGGTTAAACCGGAGGGA,.....................((....)).,40.63086429176778
GGGGGAGGCAGTGCCCACGCGGTCGGAGGA,.(.(..(((...)))..).)..........,40.62927472102472
GGAGGAGTTGGTCCTTGGGCATGTGGGGGA,.(((((.....)))))..............,40.62559774715309
GGGAGAGGCTACTTTTGAGTAGATATAGGA,........(((((....)))))........,40.62043435884397
GGGGTACACATAGGTAACGTTGTGGGAGGA,......((((..(....)..))))......,40.60511679604597
GGTGGAGAGTCTAGTTTCTAGATCGGGGGA,........((((((...)))))).......,40.585934164410745
GGGTGAGGTACTGTAAACAGTAGCAATGGA,......(.(((((....))))).)......,40.57207454538313
GGAGGAGACAATCTGTAAGGAGTTGGGGGA,........((((((....))).))).....,40.57107100034778
GGAAGAGGCGTGTTGTTTTCAGCCGTAGGA,.......(((.((((....)))))))....,40.554621067089435
GGAGGGATATTTTGTGAAACATAGGAAGGA,.........(((((((...)))))))....,40.53310199913593
GGTGGAATTATTACTTGTCTTAATGGGGGA,..............((.(((....))).)),40.53159416908936
GGGGGAGCTAGAGAATGGCTTTGCGGAGGA,.(.(((((((.....))))))).)......,40.51734647640811
GGGAGAGGATTCGATTCGAATGCCGTAGGA,......(((((((...))))).))......,40.5151394185948
GGAGGAGAGTTACTTATGTTGGTCGGGGGA,......((.(.((....)).).))......,40.50175428158125
GGTGGAACGTCGAGAATCGGCTGTGGGGGA,........(((((...))))).........,40.491344605475035
GGGGGAGGATAGTTATAGGTTTCCGGGGGA,..(((((..((....))..)))))......,40.48960346303245
GGAATGAATATAGGTAACTATATGGAGGGA,.......((((((....)))))).......,40.48822720086509
GGGGGATTTATGCATAGCATTAAAGGAGGA,.........((((...))))..........,40.47727027849879
GGAGGAGAATAATCCTTATTATTAGGGGGA,.(((((......))))).............,40.47696221596023
GGAGGAGGCTTATAGGATAGATGCGGGGGA,.(((....)))...................,40.47026291424478
GGAGGAATGAGTTACTACGTCCATGGGGGA,(((.(............).)))........,40.469994299032756
GGGTGGTGTTGATCTTATGATCATCAAGGA,......((.(((((....))))).))....,40.443843483744885
GGGGGAGTAGACCCAAAGTCTTAGGGAGGA,(((........)))................,40.437294241301984
GGAGGAGTTTCGTTCGCGATTAATGGAGGA,(((.((...)).)))...............,40.435409327424395
GGGGGAGATTCTTTTTCAAGGTACGGAGGA,(((((((...))))))).............,40.429968666485145
GGGGGAGAAACTGCCTAGGAGTTCGGTGGA,.(((.((...)).)))..............,40.42261900249082
GGGGGAAAGACCGTTAAATTTCTTGGAGGA,..((......))..................,40.41178861624627
GGGGGAGAGATCTCTAGGAGGCTAGGAGGA,.(((((....)))))...............,40.4017462259374
GGGTGAAGAGCATTCCAGTGAGATGAAGGA,(((((.....)))))...............,40.396777031538434
GGAGGAGGTTTCTCTATGATGAACGGGGGA,((((((...))))))...............,40.363608488937594
GGAAGGAGCTTCTGCTGTGAAGTGGGGGGA,........((((((((....))))))))..,40.36334045930706
GGAGGAGCATCTGTTACAGGTGTTGGGGGA,.....((((((((...))))))))......,40.348509489812244
GGAGGAGTAGGTATCCCAAACTATGGAGGA,...(((.......)))..............,40.31772634073883
GGAGGAGTTTAAAACCATGTTTGCGGGGGA,..............((........))....,40.307697474042264
GGAGGAGTAACGTTATACGTATATGGAGGA,.........((((...))))..........,40.26576184387398
GGGGGAGGAATATCCACATTATTCGGCGGA,...(((......)))...............,40.25801456936165
GGGGGAGGTCGGATTTAAATCGACGGAGGA,.......(((((.......)))))......,40.23735094213355
GGAGGAGAAGTAGGTATACAAGTCGGGGGA,....((...(((....)))...))......,40.23720652918735
GGATGAAGGGGGAGGCTCGCCGGTTGCGAT,........((.((...)).)).........,40.23240395675179
GGAGGAGTAATAGATCCGTGTTATGGGGGA,...(((........))).............,40.2268637398229
GGGTGAAAATCCATTTTGGTTTCTGAAGGA,((((....))))..................,40.21455546814855
GGGGGATATACCTAAGAGGTCATTGGAGGA,.(((......))).................,40.20430539274256
GGGGTACATTATTATGTTAGTGGGAGAGGA,......(((((......)))))........,40.200885668276975
GGGGGGAAAGCTCAAGGTTGTTTGGAAGGA,.(((......))).................,40.18067917426511
GGGGGAGACACTGCGTAGTAAGTCAGAGGA,(.((......)).)................,40.177781774712784
GGAGGTTTTGTGTTTTACGCAAAGGGGGGA,.....((((((((...))))))))......,40.16890499194847
GGAGGAGGTTTTGCTAAGCAAACCGGGGGA,......(((((.((...)))))))......,40.15802953287101
GGAGGAGTGTAAAGTCAAGTTCAGGGGGGA,(((.((.(....).))...)))........,40.15589812645924
GGGGGAAAAACACCCATGTTGTTCGGAGGA,.(((........)))...............,40.13566218142419
GGAGGAATATGTTAATTTTGCTATGGGGGA,..((.((.((....)).)).))........,40.13554524469313
GGGGGAGTAACTCATTCAGGTTAAGGCGGA,.(((......))).................,40.12923693137196
GGGGGAGCCATTTATTGTTAAGGCGGTGGA,((.....)).((((((((....)))))))),40.109779901331216
GGAGGAGTTGGTCCGTGGGCATGTGGGGGA,(((........)))................,40.09849795272396
GGAGGAGGAGATGTTTTATTGCCGGGTGGA,......((.((((...)))).)).......,40.05851851851852
GGGGGAAGTATTAGGTCAACCACTGGAGGA,((..((.........))..)).........,40.05209929100012
GGGGGAACACTCGGAGTGAGATGGGGAGGA,(((......)))..................,40.05168200861724
GGGGGTATGTTCTGAATAAGATGGGATGGA,..........(((.....))).........,40.04726247987118
GGGGTGTATGTTTAGTACAGTGTGTGAGGA,(.(.(((((.....))))).).).......,40.04315619967794
GGGGGAAATCGTTCAAATAACATTGGTGGA,(((.(....).)))................,40.04114299785853
GGGGGAGCCATAGATCATCTTTGCGGAGGA,((.....))........(((((...))))),40.040246583759114
GAAGGGAATGCAACATTCCGTTTGTTATGA,(((.((((((...)))))).))).......,40.038706453006554
GGGGGATAGCGTTTAGCGCTGCTGGGGGAA,...((.((((((...)))))))).......,40.03384138984859
GGAGGAGGATTTGGGATAATATCTGGGGGA,.........(((.((((...)))).)))..,40.01943730082091
CGAAACAGGGCTAATAGAGCAGCGGTTTGT,..((((...(((.....)))....))))..,39.987721417069245
GAAGCCGAATATTGTTTGGTTTTGTTATGA,((((((((((...)))))))))).......,39.97688248694081
GGGGTCATAGTTCTGATGGGTTGGTGAGGA,..........((((.((......)).)))),39.97636876006442
GGAAGGAGTTGAACTTTTTCACCGGGGGGA,.((((((((...)))))))).((....)).,39.975043347777785
GAAGCTGGATCACTAGCAGGTTTGTTATGA,...(((((....))))).............,39.97129649267507
GGAGGAATGTAAGATCCGTTATATGGAGGA,..............(((((...)))))...,39.965722116895996
GGGGGAATCAGAGGGTACTGTGATAGAGGA,......((((.((....)).))))......,39.94950111433013
GGAAGGAGTATAATTACATTTACGGGAGGA,.......(((....))).............,39.93880170337459
GGGGGTAGTGTAAGCATTTTCAATGGAGGA,((((((.((....)))))))).........,39.93607358275041
GGAGGAGGATTACTCTAGTGATTCGGGGGA,......(((((((....)))))))......,39.927168007652206
GGGGGAGGTAGGTGGTAACCATGCGGCGGA,....(..((((((....))).)))..)...,39.920535962074794
GGAGGAGAATCGTCAGTCGTATTAGGGGGA,.((.((...)).))................,39.91742457173048
GGGGGAGTAATCTAACTGGAATATGGTGGA,.((..((....))..)).............,39.913310506658064
GGGGGATCACCGCTTAGTGTTTGAGGAGGA,(.((.....)).).................,39.91126236503718
GGGAGCGGTGAAAGTGGTTCGCCGGAAGGA,.....(((((((.....)))))))......,39.90385922535808
GGGGGAGTTGCACCGCATATTTACGGAGGA,(.((........)).)..............,39.899330263729325
GGGGGAAGTTCCATATAAATGCACGGAGGA,((((....))))..................,39.893260872624616
GGGGGAGAACTGCTCGTCATGTTAGGCGGA,(.((.....)).)(((((......))))).,39.86343103903522
GGGGTATTATCCTGACAAAGTGGGTGAGGA,.........((((.((.......)).)))),39.86151368760065
GGAGGAATAGCCGGATACGTTTATGGGGGA,......((((.((....)).))))......,39.859825601123916
GGAGGAGAAAATCTCGTTTGTTTCGGAGGA,(((.((((...)))).)))...........,39.85183791316794
GGGGGAGTTATTCACCTTGAATGTGGAGGA,((((((....))).))).............,39.85014281117337
GGAGGAATGAGTTACTACGCCCATGGGGGA,...................(((....))).,39.84743976068677
GGGGGAACTAATGTTGTATCATGTGGCGGA,((.(.(((....))).).))..........,39.84303905748355
GGAGGAAGGTGGTGACATCGAACGGGGGGA,.......((((....))))...........,39.841698036106365
GGGGGAAATAGTACCTTTCTCATTGGAGGA,.(((.........)))(((((....))))),39.840558841722725
GGGAGAGCACTCGGTCCCGAGGGAGTAGGA,((((..........))))............,39.83881091617934
GGAGGAATGAGTGGAATCACAATTGGGGGA,..........(((....)))..........,39.838721677564756
GGGGGATGCAATATTTTTAGCGCAGGAGGA,......(((..((....))..)))......,39.83489319882543
GGAGGAGTAGTGCACGTGCGTTACGGGGGA,......(((((((....)))))))......,39.82920359010952
GGAGGAGATTTACACCAATAATTCGGAGGA,((.(........).))..............,39.816324631118064
GGGGGAGTTATTCTATAAGGGTACAGAGGA,..((((....))))................,39.81341690195431
GGGGGAGAAGTACTCATTGTATACGGAGGA,.(((........)))...............,39.81336747479772
GGAGGAATAATGATACTTAATAGTGGGGGA,.............((((....)))).....,39.79255713239748
GAAGTGGAAGTTTGTTCTAGTTTGTTATGA,(((.(((((.....))))).))).......,39.765668276972626
GGAGGAATGATTCGTAGATACCGTGGGGGA,.(((......))).......((....))..,39.75998747577289
GGAGGAATGCTTCACTAATGCTATGGGGGA,((((.....)))).................,39.745465755280655
GCGGTAAGAATGTTTTTAACGTTTGATCGT,(((((..(((((((...))))))).))))),39.73536231884058
GGGGGAGTTAACCAAGTGATTAACAGAGGA,.((........)).................,39.706024773819315
GGGGGAGATTATTGTCTACATAATGGAGGA,.....((((....)))).............,39.70022409870301
AAGGGGGAATAAACGCAGGAATGGAGGATT,..(.(........).)..............,39.69091394682063
GGGGTTGATCGCTTTAAGGTGATTAGAGGA,....(((((((((....)))))))))....,39.68953301127215
GGAAGGAGGAAAGTGTATAACCCGGGGGGA,....................(((...))).,39.67106442783292
GGGGGAGGTTATTGCCGTTTGACAGGAGGA,.((.((.....)).))..............,39.669523065264755
GGGGGATAAGCCGAGAAGGATTTAGGAGGA,..((......))..................,39.66685704584498
GGAGGAGCATTATTCCATATTCGCGGAGGA,((((........))))..............,39.6454307608052
GGGGGAGTCTGGAACCCAGTGAACGGAGGA,(((...........))).............,39.6381852577758
GGGGGAGTTTTATTGTATAATTGCGGAGGA,.............((((....)))).....,39.628247523188065
GGAGGAAATATTGGTCTTCATGTTGGGGGA,.(((((........)))))...........,39.61754968770739
GGGGGAGGTTGAGGACCGCAAACAGGAGGA,(.((...........)).)...........,39.60569150204226
GGGAAACATGCAGTTATTGTGTGTTAAGGA,....((((((((.....)))))))).....,39.600040257648956
GGAGGAGATCGTTGAACCATAATCGGAGGA,................((......))....,39.59986717874337
GGGGTAGTTGTATTTTTATATAATGGAGGA,......(((((((....)))))))......,39.592239783531
GGGGGAACGCAACTTCTCTTGTGTGGAGGA,(.(....).)...((((((.....)))))),39.58949580920134
GGAGGATGCTTATGCCATATATGTGGGGGA,.(((....))).(.((((....)))).)..,39.580835371964895
GGGGGAGATAAAGATCTTTGTATCGGAGGA,.(.((((((....)))))).).........,39.56986030940711
GGAGGAGGAAAGCCTCATATTTTCGGGGGA,....((((....))))..............,39.56017670096048
GGGGGGATGAACCATTATGGGAAGGAAGGA,...((......)).................,39.55751668297143
GGGGGAGTGCCACTAAGTGGTTTCGGAGGA,....(((.(((((...))))))))......,39.54781627569585
GGGGGGAGAGTACTCTAATTACCGGAAGGA,((..((((....)))).....)).......,39.54378223226049
GGAGGAAGCTTGGACCTTCAATCTGGGGGA,.(((....)))...((((((...)))))).,39.53857832384252
GGAAGGATAGTTTTTATAATCTAGGAGGGA,....((((.((....)).))))........,39.528446054750404
GGAGGAAACGTTGAAAAACATTTTGGGGGA,....((((.(((....))).))))......,39.51283275531212
GGGGGAGAGCTAGACATTTCTGCCGGAGGA,((.(((((........))))).))......,39.50201318979868
GGGGCTGGTAATGGACCAGTTTGGTGAGGA,.((((((((.....))))))))........,39.50074074074074
GGAGGAGGTAGTTTTCATTCCACCGGGGGA,((((((((....)))).)))).........,39.494028326863386
GGAGGAGCCTAGGAGGCTCTAGGGGGGGGA,...(((((((...)))))))..........,39.493805876495784
GGGGAGTGTGAATTTGCCTCAACGGAGGAG,((.((((....)))).))............,39.493239661160665
GGAGGAACTAGTATTATTACATGTGGAGGA,......((..(((....)))..))......,39.4896528866673
GGAGGATGGATGTTGAAGATCCCAGGGGGA,...................((((...)))),39.48217017771602
GGGGTTTCTCAAGTGAGGAGATGGTGAGGA,....((((((....))))))..........,39.481054750402585
GGGGGAGTGGGTTACCAACATAATGGAGGA,.......(((....))).............,39.46387573138657
GGAAGAGTAAACATAATTGTTTGGGGAGGA,.......((((((....)))))).......,39.45873283781451
GAAGGTCATGTTATGTGACGTTTGTTATGA,(((.(((((.....))))).))).......,39.45685479753348
GTTTGCGATGAGAATACCGGTCACGTGGGT,.((((((.(((.........))))))))).,39.45346835129443
GGAGGAGTGTGCTTTATAAGCTAGGGGGGA,..........((((...)))).........,39.438024716355386
GGAGGAAGTTCATTTATGTTAACTGGGGGA,......((((.((....)).))))......,39.43311736303484
GGAGGAGTTATATCTTGAATATACGGGGGA,..((((......))))..............,39.426066575540304
GGGGGAAATTTACATTAATATGTTGGAGGA,...........((((....)))).......,39.418198407175446
GGGGGATGTTCGTATTATATGAATGGAGGA,.......(((((((...)))))))......,39.41338247903465
GGGGGAGAGGTGATTAAGCCCATGGAGGAG,(((...............))).........,39.4053662745187
GGGGGAACTACAGCCCAGTGGAGTGGAGGA,(((..........)))..............,39.40008668104964
GGAGGGAGCATACTGCCGTATGTGGAAGGA,.......((((((....)))))).......,39.38066658191372
GGGGGATGTATACCATAGGGATTAGGAGGA,..((........))................,39.374798122618905
GGAGGAATGTCCTTTCCTGGTCGTGGGGGA,.(((((...)))))((((........)))),39.36957375385944
GGAGGAGTGTGATCCTATCAATTCGGGGGA,((((((......)))).))...........,39.36856052294961
GGGGGAGTGAACTCAATAGGTCATGGTGGA,(((........)))................,39.36691912462186
GGAAGGGAATAACCTGTCTTGTGGAAGGAC,...(((......)))(((((.....))))),39.36260572929909
GGGGGAGGTTGGTGCTAATGTACCGGAGGA,........(((((((....)))))))....,39.36027047694763
GGGGGAGGTTAATGTAAATTGAACGGTGGA,........(((((....)))))........,39.345978582292226
GGAGGAGATTAAATGATCTTTTTCGGGGGA,((((((((((....))))))))))......,39.315996223160184
GGGGGAAGGCCGAAGATGATACCTGGAGGA,.((......))...................,39.30419479659382
GGGGGAACCTGTAATATTATCAGTGGAGGA,(((....)))....................,39.30294874251578
GGGTGAGCTTCATAAATATGATGCAACGGA,..((..((.((((....)))).)).))...,39.30203212756766
GGGGGAGTTGACTGCAATGTAATACGGAGG,(.((.......)).)...............,39.29961928991726
GGGGGACCATGAAAATATTGTTGGGGAGGA,((....))......................,39.292581950039356
GGGGGAACATTTGGGATAATTCGTGGAGGA,.........((((.((....)).))))...,39.28027544972584
GGCCGAAGGGGAATTTTATTTGCTGGAGTT,..((...((.((((...)))).))))....,39.27636530940879
GGAGGAACGTCCGAGAGTTAAAGTGGGGGA,(((......)))..................,39.26745441285348
GGCGGACGCTCATGTTTTATGACGGGGGGA,......(.(((.((((....))))))).).,39.257948866553996
GGGGGAATATACGCATGTGAATATGGAGGA,(.(........).)................,39.25386676819326
GGGGGAGTCATTAGACATAATGAAGGAGGA,.......((((((....)))))).......,39.229169402278714
GGAGGAATAGATCTTGCTATTAATGGGGGA,(.((((.....)))).).............,39.22596294879605
GGGTAAATACATTATATGTGATGTAGTGGA,.........((((((((...))))))))..,39.20895330112721
GGGGTAATGCTCGCTATTAGATGGTAAGGA,(((......)))(((((...))))).....,39.187318840579714
GGGGGAACTATGGTGTAATCAGGTGGAGGA,.......((((..((....)).))))....,39.18035512457179
GGAGGAGCAAGTTCTCGGATTTGTGGGGGA,.(((((.....)))))..............,39.16978530095853
GGGAGGAGCAAATCTTAGATTACGGGGGAC,...((((.....))))..............,39.159414780913636
GGGGGAGGTGAAACTTGCTTTCTCGGAGGA,.((((((((((...))))))))))......,39.15080816848898
GGAGGAGGAAATCTAAGTGGTTCAGGGGGA,...(((.....)))................,39.126398109581345
GGGGGAAATGCTCATTAGTATGTTGGAGGA,.(((......))).................,39.12059223526385
GGGGGAACAACTCAGAATGATTATGGAGGA,.(((......))).................,39.11295789922099
GGAGGAGACATAAGAATGTTTGCCGGAGGA,...((((((((....)))))).))......,39.10334347073564
GAAGCTTCAGCGGAGCAAGGTTTGTTATGA,...(((((...)))))..............,39.10301264679313
GGGTGAGATTTTCGTATGAACATCAATGGA,......(((.(((....))).)))......,39.088070729592474
GGGGGATTAAACCGTTTGTTTATAGGAGGA,.((........)).................,39.077583398048134
GGGGGAAATATTTCCGATAATGTTGGTGGA,...((((....))))...............,39.06825043115185
GGAGGATAGGTAATCGGATCATGAGGAGGA,....(((..(....)..)))..........,39.06774478282975
GGAGGAGGTCTTAATCCATAGAACGGAGGA,...(((........))).............,39.053848022125365
GGGGGAGCCTTTGGTCGGAAGGGAGGAGGA,.......(((((..((....))..))))).,39.00047577001277
GGGGGAAGTAAAAACCCGTGTACTGGAGGA,.(((..........))).............,38.95832978290751
GGAGGAGTTTTGTCCACTTAAACCGGGGGA,(((.((...)).)))...............,38.94828437589666
GGGGGAAACGTGCATATGCTTGTTGGAGGA,......((((.((....)).))))......,38.942648247321486
GGAAGGGAGTAAGGAAATAGCCGGAAAGGA,....................((.....)).,38.941096724711315
GGAGGAGTTGTTTCTTTCTATCACGGGGGA,(((((((....)))))))............,38.94081790202554
GGAGGAGGACCTTCTAGGAAGTCCGGAGGA,.........(((((..((....))))))).,38.932708062666094
GGAGGAAGGAGTAGTGATGCGCCTGGGGGA,......(((.(((....))).)))......,38.92037423983639
GGAGGAGTTTTGTCCACTTAGACCGGGGGA,(((.((...)).)))...............,38.917526686474304
GGGCCTTATAGTTTATGGTGTTAGGGTTAA,.(((((((((.(....).)).)))))))..,38.914049919484704
GGGGGAGGATAAGTACTACTTATTGGTGGA,...............(((((....))))).,38.91320351678044
GGGTGAAAGGTCTACGTAGCCGTTGAAGGA,.(((....(.....)...))).........,38.908550724637685
GAAGCTAGTTAATAGTCTGGTTTGTTATGA,.(((((((........))))))).......,38.90431267428616
GGGGGAAGAAAAAAAGCATTTTCTGGTGGA,......((((((......))))))......,38.90050704999804
GGGGGAGAGCTTTGTGAAATGTTCGGAGGA,......((((.((....)).))))......,38.89644553153816
GGGGGAGTAGCTCAGAATGTGCACGGTGGA,.(((......))).................,38.893173852875
GGAGGAAGGCAAAGTCTGTAGTCTGGGGGA,(((...((((...))))....)))......,38.88839690536223
GGGGGGCTTGAAAAGTTCCGTGGGCTAGGA,..(((((((...)))))))...........,38.887962962962966
GGGGGAGAATTAAAACTGCAATACGGAGGA,(.((...........)).)...........,38.8723421790304
GGAGGAGAGCTGATCCACTAGAACGGGGGA,...(((.......)))..............,38.87214118237195
GGGGGAATTATTCTCTCGAATTTAGGAGGA,(((((((...))))))).............,38.86965481562577
GGGGGAGGACCATGTCATTGGTGTGGTGGA,........((((((((...))))))))...,38.863679502991445
GGGGGATATATACTCAAAGGTATTGGAGGA,.(((........)))...............,38.84734589353368
GGAGGAGTGGTTGTGGAGCAACTCGGGGGA,....((((.(((....))).))))......,38.846828492837496
GGAGTAGCCGTTTTGTTTTAACGCGGGGGA,.......((((.(((...))).))))....,38.838470209339775
GGAGGAGTGAATTGTTTATCTCATGGAGGA,....(((..((....))..)))........,38.83113467117642
GGGGAAGATTCTTTTTGAGAGTTTTGAGGA,....(((((((((...))))))))).....,38.82654589371981
GGGGCTGGTTTACGCCAGGTGGGGTGAGGA,........(((((.((....)).)))))..,38.82059581320451
GGAGGAGAGTGTTCTAAGTAACTTGGGGGA,.........(.(((((((...))))))).),38.81623393904502
GGGTGTTGTTGGCTTTGCCTACATAGAGGA,......(((.(((...))).))).......,38.802797507764865
GGCGGATATGCCATTTGAGGCGTAGGGGGA,..(...((((((......))))))...)..,38.784853922245226
GGGGGAGGCCAATGCATATAGGATAGAGGA,((......))....................,38.76918972026397
GGGGGATCCAAAATTCTATGGGGAGGAGGA,......(((....((((....))))..))),38.76634460547505
GGGGGAGAGAGTTAGTATACTAGCGGGGGA,..........(((((....)))))......,38.756820482255264
GGGAGGATGAGGAAATTCCGCGTCAAAGGA,.....((((.(((...))).))))......,38.741758949585034
GGGGGAGACGCTCATTGAGTGTAGAAGGAG,.......((((((...))))))........,38.738264200888835
GGGGGAATCTAATGAATTTTGTATGGAGGA,.(.((((((....).))))).)........,38.73427532870076
GGGAGAGAATGTCCCAATATATTCGTAGGA,((((.......))))...............,38.72200375824215
GGGGGAGCAACCATTTTGTGTTTAGGAGGA,((........))..................,38.71442875150203
CGGGGGAGGTCGGATTTAAATCGACGGAGG,........(((((.......))))).....,38.7121235125583
GGAGGAGATTTATCTTTAATTATCGGAGGA,.(((((......))))).............,38.7094929963277
GGGGGAGGTTATTGGCCCAATACCGGAGGA,(((............)))............,38.69184377546859
GGGGTACCTGTCAATGGTGGTTGGTGAGGA,......(((.(((((....)))))..))).,38.69011272141707
GGAGGAGTATATGACGGAGTTATCGGGGGA,..............(.((....)).)....,38.68438802819784
GGAGGAGAGAATATTCCATTCTTCGGGGGA,((((((..((....))..))))))......,38.682355816069894
GGGGTGTTGGTATCCGACGGTTGGTGAGGA,.((.((((((...)))))).))........,38.67170692431562
GGGGGAGGATTCGATTCGAATGCCGTAGGA,......(((((((...))))).))......,38.65572319174083
GGAGGAGCAAGTGAAAACTGAAGTGGGGGA,.........(((....)))...........,38.65344923758468
GGAGGATGTTGATTTTATGAATCAGGGGGA,......(.(((((((...))))))).)...,38.634358957783235
GGAAGAGGAGAACATTTTGTCTTCGTAGGA,.(((((.((((...)))).)))))......,38.622216713280785
GGGGTACATATTTATGTTAGAGGGTGAGGA,.....((((....)))).............,38.61900161030596
GGAGGAACAATATTGTTCATGTGTGGGGGA,....(((((....)))))............,38.613493402987075
GGGTGAGGCTATGCCTGGTGTGCTGAAGGA,...(.((((...)))).)............,38.60680354267311
GGAGGAAACTTTTTGATCACAGTTGGAGGA,.(((....)))...................,38.60450424796424
GGGGGAGAGCTGTGGATATAGCACGGAGGA,.........(((((.......)))))....,38.59632735219692
GAGGATGGTGTTATACATTGTTGGCGGTGA,((.((((........)))).))........,38.59023349436393
GGGGGAACAACCGTAATCGGAAGTGGTGGA,......((..(((....)))..))......,38.585794949892254
GGAGGAAATTTCTTTAGAATTATTGGGGGA,.(((((....)))))...............,38.58407976692787
GAAGCGGTCAATGTAGCCGGTTTGTTATGA,(((.((((.......)))).))).......,38.57347433329406
GGAGGAGGTCTGACTTCATGTCACGGGGGA,...((((......)))).............,38.57249069607887
GGGTGAGATTCTTACTAAAAGATCGACGGA,.((((((...))))))..............,38.570587761674716
GGAGGGAAGGTTTGAGGTTACCTGGAAGGA,.......((((........)))).......,38.562842582773655
GGGTGAGTACACTCATATGGGGACAAAGGA,(((((....)))))................,38.56111366403519
GGGGTATAAATTCTCATAGAGTGGTGAGGA,..........(((((((......))))))),38.55668276972625
GGGGAGTTAATACTTTTGTTTAATTGAGGA,.((((((....)))))).............,38.55461838438239
GAAGCGGGTTTATTACCTGGTTTGTCATGA,(((.(((((.....))))).))).......,38.553393621617374
GGAGGAAGGTCTTTTATAAGGGCAGGGGGA,........((((((...)))))).......,38.54131549764284
GGGTTAGTACTTGGATTCAAGTTCGCAGGA,......(.(((((....))))).)......,38.53778752436648
GGGGGAGCGGAGAATGTATGTCCCGGAGGA,((((.((((.....))).).))))......,38.5267639287954
GGGGTTATCATGTTAGGCTGGATATGAGGA,.......(((((((......)))))))...,38.52226247987118
GGGGGAGGGTATTAGTCCAGGACCGGAGGA,.((....((.......))....))......,38.5145939781108
GGGGAGCATATAGGAATGTTTTGGTGAGGA,..(((((((......)))))))........,38.51257648953302
GGGGTGAAATTCAGTCTGGTATTGAAAGGA,(((.(((...))).))).............,38.51049733680169
GAAGCTTGGTAATTCCAAGGTTTGTCATGA,(((.(((((.....))))).))).......,38.50519343309375
GGGGAGCAATTGGATTTGCTGATGGTGAGG,....(((((......)))))..........,38.486288244766506
GGGAGGAGGTTACTCTAGTAATAGGAAGGA,....((((....))))..............,38.48504811298255
GGAGGAGGCTGGTGTTCTCAGTTCGGAGGA,.(((((........)))))...........,38.47939060083422
GGGGGAGTTTTATTGTATAATTGCAGAGGA,.............((((....)))).....,38.45760997313916
GGGGGAGGAGCACCTGAGGGTTTTGGAGGA,.(((........)))...............,38.45556129138794
GGAGATCATTATAAATGATGTTGGCGGGGA,.((.((((((...)))))).))........,38.450212880091215
GGGGGACACCCTAGGCCTGAGGTGGGAGGA,((((....))))...(((........))).,38.44687981910181
GGAGGAGAGGTATTCGTTTTATCCGGGGGA,(((.((((.(....).)))).)))......,38.443724263771884
GAAGCTCTGTGTCTAGAGGTATTGTTATGA,..(.(((((....))))).)..........,38.44189171674326
GGGGGAGTAGTATTCTAATCTAACGGAGGA,(..(((.(((....))).)))..)......,38.433501569209355
GGGGGAGGACCATTTTGATCGTACGGAGGA,.((......))...................,38.42848885147719
GGGGGAACCAAGTGTAATTTGCGTAGAGGA,((.....)).....................,38.421571477077514
GGGGTGTTGTTTCTTACAGGCTGGTAAGGA,..........(((((((......))))))),38.40921900161031
GGGGGATCATGGTAATCCTTATGAGGAGGA,.((((((.......))))))..........,38.40547734069473
GGGGGAGAAAGTGAAACACTGCTCGGAGGG,....(((..((((...)))).)))......,38.40465795474522
GGCGGATCTCCACAGTTTGGGAGAGGGGGA,..(...(((((........)))))...)..,38.40041637911203
GAAGTGTCGAAATTCGATGGTTTGTTATGA,(((.((((((...)))))).))).......,38.37834649071128
GGGTGAGGAGATTTGTCAAATCATGAAGGA,..((((...((....))...))))......,38.360817018391394
GGAGGAGGAACCTTGCACGGTTTTGGGGGA,......((((((......))))))......,38.35351765949454
GGAGGAGCCATGATATTATAATGCGGGGGA,((.....)).....................,38.340907605316374
GGAGGAGTATGATGCTCTTCATGAGGGGGA,.((((((((...))))))))..........,38.3288255656831
GGGGGAGTGTGGTGTTCGACACAAGGAGGA,......((((.(....).))))........,38.311268327196515
GGGGGAGAGCCACACAGTGAACTTAGAGGA,.((......))...................,38.29129026490639
GGAGGAGATGTTATGGTTAACAGTGGGGGA,........(((((....)))))........,38.269255546994216
GGGGGAGAAATTGATCGGAAGTTCGGAGGA,..............((.((...)).))...,38.258709498616994
GGAGGAATGTCGTTAAATCTTCATGGGGGA,.(((((...........)))))........,38.25138387089086
GGAGGAGGCCATAAGTATATGGATGGGGGA,........(((((....)))))........,38.25113901546156
GGGGTTGGTCACAGAACAAGATGGTAAGGA,.(..(((....)))..).............,38.24837359098228
GGGGGATTTGCTTTTCGTAGCCAAGGAGGA,((..((........))....))........,38.24698090067454
GGAGGAATGTTTCAAACTTATCATGGGGGA,((((.....)))).................,38.239411705536334
GGGGGAGAATGCCCACGCTAATTCAGAGGA,(((........)))................,38.23473247220789
GGGTCAAAGTCAAAAATTGAACTTAAAGGA,......(((((((...))).))))......,38.2291106005263
GGGGAAATTTCCCTGTCAGTAATTTGAGGA,(((((....))))).((((....))))...,38.21877138530016
GGGGGAGAGCTGTGGATATAGTACGGAGGA,.........(((((.......)))))....,38.216150845933456
TGGAGGAGTAGGTGTGTCATGCCGGGGGAA,..........(((((...))))).......,38.2082769726248
GGGTGAGAAGGAGTGTGTCTTTTTGATGGA,..((.(((((((.....))))))).))...,38.20061106873464
GGGGGAGATAAGATTTTTCCCAACGGAGGA,(((((((((...))))))))).........,38.18885610205174
GGGGGAGCTTGACTTCTAGGAAGTGGAGGA,.......(((.(((((...))))).)))..,38.187184521637406
GGAGGAAGATATTCGGAGGTTATTGGGGGA,....(((....)))................,38.172941185920735
GGGTGAAGATACTGAAAAGTGTATGATGGA,........(((((....)))))........,38.171399717702684
GGAAGGAGCAATCAATATGATACGGGGGGA,..........((((...)))).........,38.16488511699102
GGAGGAGCATATTGTTTAAATGGTGGAGGA,....(((((...))))).............,38.16189037479898
GGAGGAACTGACTGGGTGTACGGGGGGGGA,.......((..(((......)))..))...,38.155437083045776
GGGGGAGATAGACCCATAGGTATCGGCGGA,.(((........)))...............,38.1509576288877
GGGGGATAAGCCGCTCTACTTCTAGGAGGA,(.((......)).)....((((...)))).,38.15077645551508
GGAGGATCCAAGAGTTTTGTTGGAGGGGGA,......(((((........)))))......,38.14636185875317
GGAGGAGACCATGCTAAAACATTCGGGGGA,((......))....................,38.13949403045778
GGGAGGAGATTTCCTTGAATATCGGTAGGA,..(((((....)))))..............,38.12026136504397
GGAGGAAATTAGTGACCAATAATCGGGGGA,...............((........))...,38.11982277150629
GGGGTATCTGGGAACATGTGCCCTAGAGGA,(((((((.((....)).)))))))......,38.11154255528063
GGTGGAATGAAGGTTTAACCTCATGGGGGA,......((((.(((...)))))))......,38.109063741692964
GGAGGAAATCCATTGAGGTGGCTTGGGGGA,........(((.(((((....))))).))),38.10580822655629
GGGGGAACATATCGCCTAGTAGGTGGAGGA,............(((((...))))).....,38.1039036708365
GGGGAGGTTTAGCTTTGCTAATGTTGAGGA,((.(((((...))))).))...........,38.10252654761371
GGAGGAGATTATAGTTCTATTATCAGAGGA,..((((........))))............,38.09473133316382
GGGGGATATCAAAGCCCAGCGTTAGGAGGA,(((...........))).............,38.088609485004355
GGGTGAACCAATGATCGTATTTGTGAAGGA,((.....)).....................,38.08688467990547
GGGGGAAGAGGTGATTAAGCCCATGGAGGA,(((................)))........,38.08336660019855
GGGGGAAAGATGCCTTGCAATATTGGAGGA,((((........))))..............,38.07437766213158
GGAGGAAAAGAATCCTTGTTTACTGGGGGA,.(((((......))))).............,38.05001751316178
GGTGGAGATAATTGTCTAATTATTGGGGGA,..((((.(....).))))............,38.0469685906293
GGGTGAGGTTTTTTCAGGTAGACCAAAGGA,......(((((........)))))......,38.045890381367585
GGAGGAGCGAGGTGTTAATAGAGCGGGGGA,......((...((....))...))......,38.04554318499946
GGAGGAACGCTATAGTTATATCGTGGGGGA,.......(((.(((....))).))).....,38.03392325103046
GGAGGAGTGGTTTCCTGTCACCCCGGGGGA,..(((((....)))))....(((...))).,38.01583153513141
GGGGGAGGATATATCCAATGTTCCGGAGGA,((((.((((....)))..).))))......,38.00717701312106
GAAGGAGTAGTTAATACTCGTTTGTGATGA,(((.(((((.....))))).))).......,38.00587093986882
GGGAGAAAGGTGAATGTCACTCTTGTAGGA,......(((((((...)))).)))......,38.004947974730584
GGATGAAGGGAGATTTTCGCCGTTTGCTAT,((.((((((....)))))))).........,38.001382562686906
GGGGGAGTAACGCTGTAGGAAGTTGGAGGA,((.(......).))................,37.99342143281339
GGAGGAGGATATAGTTATCTGTTCGGGGGA,.(((..(((((....))))).)))......,37.99302065603608
GGTGGAGCATAGAATTGTCTTTGCGGGGGA,.((((((((......)).))))))......,37.98829307568438
GGGAGGAATTAGGGGTACTTAATGGAAGGA,.......((((((....)))))).......,37.98666932797612
GAAGCCGCATATGTGTGGGTTTGTCCATGA,(((.(((((....))))).)))........,37.986429441106004
GGAGGAGAAAATCTTTGGAGGTTAGGGGGA,.(((((.....)))))..............,37.95630228034466
GGGGGAAGTGAGCGTCAGGAAATAGGAGGA,((.(........).))..............,37.9512879101375
GGGGGAGCATCTTGAAAATAATGCAGAGGA,......((((..(....)..))))......,37.936434204114136
GGGGGAGCTAATAAGCCTATGACCGGAGGA,.((((.(((....)))))....))......,37.93143541537401
GGGGGAACCGAAACATGAGTAAGTGGAGGA,.((....))....(((......))).....,37.92479009072354
GGGGGAGAGCCTATTGTTAGGTTTAGAGGA,......(((((((....)))))))......,37.918934895229256
GGGTGAGATAGATGCTTTTGTTTCGAAGGA,...(((((((((....))))))))).....,37.91614579462406
GGAAGGAGAAGATACCGGACTTTGGGGGGA,..............((........))....,37.91543526158533
GGGTGAGAAATTACTGAAGATTTAGATGGA,.(((((....)))))...............,37.90231078904992
TGTGGAATTTATATGAAATGTTGGCGGTGT,(((.((..((......))..)).)))....,37.899653784219
GGGGGAGCACAATTGTAATTTCGCGGAGGA,(.((((..((....))..)))).)......,37.895191250401176
GGAGGAGTAATGTGTCGCAATTGTGGGGGT,............(.((((....)))).)..,37.89368760064412
GAAACTTAGGTCTACTTAGGTTTGTAATGA,.(((((((((....))))))))).......,37.88961372294882
GGAGGAGGTACTAGTGATATTACCGGGGGA,......((((.((....)).))))......,37.884923594048644
GGGGGTCGCTAGAAGTGAGGTTGGTGAGGA,.....(((((((........)))))))...,37.86972624798712
GGGGGAGTCAACTAAAAGTGTGGCGGAGGA,......(((((((...))).))))......,37.86369843664011
GGGGGAGCATATGTAAACGTGTGTGGAGGA,......(((((((....)))))))......,37.86109383240404
GGGGGAGAATGCTTCAGGGCATATAGAGGA,........(((((....)))))........,37.85450885668277
GGGGGAAAAATACCGTTAGGAGTTAGAGGA,..((........))................,37.8531837328842
GGGTGAAGAAGAATTAATTCCGATGAAGGA,..................(((......))),37.85266721652724
GAAGCGTTGACATTTCACGGTTTGTTATGA,(((.(((.((....))))).))).......,37.84803739051883
GGAGGATCATGGGTTTGATTCATGGGGGGG,...((((((......)))))).........,37.84543018173453
GGAGGAGTTGGTCCTATCGAACACGGGGGA,((((((.....)))).))............,37.82222156666904
GAGGATATAGTTCTATATGTTTCGCGGTGA,(((.(((((......)))))))).......,37.812495974235105
GGGTGAAATGTATTCTGATCCGTTGAAGGA,((((.(.........).)))).........,37.80982286634461
GTATAATGGGGGAGATTCGCCCAATTTTAA,......((((.((...)).)))).......,37.809819415688985
GGGTGAAATGTATGCTGATCCGTTGAAGGA,((((.(.........).)))).........,37.7926731078905
GGAGGGAGAACAGCGAATCGTTCGGAGGGA,.(((.((..........)).))).......,37.77230791228769
GGGGGATAATAGGGGCCCGTATTAGGAGGA,.(((...........)))............,37.768180419880466
GGGGGAAATAGCTACAGTCTAGTGGAGGAG,...........((((......)))).....,37.76094558420645
GGGGGAAGCCTTGAAAGGAAATATGGAGGA,((((....))))..................,37.75203256893508
GGGGGAGGTTAGTTCCCAAGTACTGGAGGA,.(((((......))))).............,37.73991579744144
GGAGGAATGTGTTATATACAACTTGGGGGA,.(((...(((((...))))).)))......,37.7251524894995
GGGGGAGAGTCTCACTAAAGAAGCGGAGGA,((((.....)))).................,37.70953139743011
GGGTGAAATGTACGCACGTAATTTGAAGGA,(.(((.....))).)...............,37.70138486312399
GGAAGGTGAAAATTTTGCTTTTCATAGGGA,((((((((((...)))))))))).......,37.69265276718366
GGGGGAGAGCCAGTAAACCGGTACGGGGGA,.((......))......(((...)))....,37.681887111328635
GGGGGGAGGAATAGTGGATTACCGGAAGGA,.....................((....)).,37.68037591233243
GGGGGAGAAGTAGATATCTGCTAAGGAGGA,........(((((....)))))........,37.67029660734087
GGAAGGAGTCTAGTATTACGCGCGGGGGGA,..................(.(....).)..,37.67023765618925
GAAGCCTTTGTTGAAACGGGTTTGTTATGA,.((((((.(......).)))))).......,37.65820391972036
GAAGGGATATATTTAGTCCGTTTGTTATGA,(((.((((.......)))).))).......,37.65316974981344
GGCGGAAGCGAAGAGTATCTCGTTGGGGGA,((((((.((.....)).)).))))......,37.65264780308259
GGAGGAGGGAACCTAAAGGGCCTCGGAGGA,....((((...((....)).))))......,37.644574433461
GGAAGAGGTAATATTATTGTCACCGTGGGA,......(((.(((....))).)))......,37.63464181247018
GGGGGATAGTCTACGCTTAGTGTGGGAGGA,.........(((((((...)))))))....,37.62932129450366
GAAGAGGGGTAGAGCGCCTGTTTGTGATGA,(((.(((.((...)).))).))).......,37.616348729429326
GGGGGAGCACTAGGTTACGTAGGAGGAGGA,.........(((.(...).)))........,37.60614699048103
GGAAGAGACGCTACTTGGAGTGGTGTAGGA,.......((((((((...))))))))....,37.60248368505806
GAAGGAGTAAAGGTGGTGACACCCGGGTGA,...........((((....)))).......,37.600453032826564
GGGTGAGATTTGGTTTCGCATATCAAAGGA,..(((((((...)))))))...........,37.597936950328254
GGAGGAGGTTGAGTCAAGCTCAGTGGGGGA,....(((.(((...))).))).........,37.59440682094164
GAAGCTCGCTTTCGGTGTGGTTTGTTATGA,.(((((((((...)))).))))).......,37.58667687836299
GGAGGAGAATACTTCTGGGAATTTGGGGGA,..(((((....)))))..............,37.586375225464565
GGGGTACATAATTGTGAATAATGTAGAGGA,....((((....))))..............,37.583038603639494
GGGAGAGCACCTGTTTAAGGTTGTGTAGGA,......((((((.....))).)))......,37.58240740740741
GGGGGAATAAAACCAGGATTTTATGTAGGA,..((........))................,37.56939226918668
GGGGGATTATACCAAGCGGAATATGGAGGA,.((........)).................,37.55868107358248
GGGGGAGAAGTTATGACCATTCACGGAGGA,((..............))............,37.547825076620114
GGGGAACATTATAGGTAACTATGTTGAGGA,......((.(((((....))))).))....,37.54603059581321
GGCGGAAGAATGATGACATCTTCTGGGGGA,..(((((((.((....))))))))).....,37.54072164858769
GGGGGAGCCTAACGTATGTTTTGCGGTGGA,(((....)))..((((.....)))).....,37.535535265083865
GGGGGAGAAGCGAATGATCGTTTAGGAGGA,.......((((((....)))))).......,37.53020601069122
GGCGGAGACAGAATATATTCGCTCGGGGGA,((((((...........)))))).......,37.52619852772027
GGGGGAATAACCCTATGTTGAAATGGAGGA,((((......))))................,37.51481802534131
GGAGGAGATCGGTATAATATACCCGGGGGA,..........(((((...))))).......,37.50550558290178
GGAGGAGATATTGGTGACATTATGGGGGGA,.......(((.((....)).))).......,37.48904707574723
GGAGGAGGTGTTCTTCAAAAACACGGGGGA,((((((....))))))..............,37.48855124197324
TGGGGAATGTTACACATTGTTGGAGAGGAA,(.((.(((((...))))).)).).......,37.48757648953301
GGGTGAGGGTTTGTTTTACAAGGCAAAGGA,.......(.(((((...))))).)......,37.48610130220408
GGATGAAGGGGGATTTCGCCGTTTGCTATG,((.((((.((.(....).)).))))))...,37.47325971934668
GGGGGAACATATCGCTTAGTAGGTGGAGGA,............(((((...))))).....,37.46776656407451
GGAGGAGAAGTCTTGATAATCTTTGGGGGA,..((((....))))................,37.45185515103288
GGAGGAAGTGTTCTTAGATAACTCGGGGGA,.(((((....)))))...............,37.44267242919645
GGAGGAGTGCCTATTAGGTGTTACGGAGGA,........((((...))))...........,37.43418088468097
GGGGGAGAAGTCAGGAGTGAGTTAGGAGGA,.......((.(((....))).)).......,37.43295394599589
GGAGGAATTTAGATGTTCTCATATGGGGGA,.(((((.........)))))..........,37.43143268744283
GGAAGGACAAGTTTGGAAACTTGAGGGGGA,.......((((((....)))))).......,37.42811364159191
GGTGGAGAATATGGTTACATAACCGGGGGA,(((......((((....)))))))......,37.42061710358263
GGAGGAACCAGTTATACTGTCGGTGGGGGA,........((((...))))...........,37.41669528979585
GGGGGAGGAAGTTGTTTACAGTCCGGAGGA,(((....(((....)))....)))......,37.41262654685184
GGAGGAGGTGCTCTTAATGACACTGGAGGA,......((((.((.....))))))......,37.394451450321014
GGAGGAAGGATTTGATTCTCAACTGGGGGA,.(((((.........)))))..........,37.39198423837404
GGAGGAGAATACACACTTTGTATCAGAGGA,...............(((((...)))))..,37.3857848189069
GGAGCAATCGCTGTTAAGTGCTTTGGGGGA,....(((.((((....))))..))).....,37.383121420137954
GGGGGAGATTATCGAGTGTTAATTGGAGGA,...........((.(((....))).))...,37.38093620818577
GGGGGAGAGTTAGACATTTCTGCCGGAGGT,((.(((((........))))).))......,37.37654285258471
GGAGGAGATTACATCTTTGTTTTAGGGGGA,.(((((.......)))))............,37.3738716788332
GGAAGGAACATTTGTTAAAATGTGGGAGGA,.......((((((....)))))).......,37.37242236856346
GGGGGATGGGTATGTGTAACTCCAGGAGGA,((((...............)))).......,37.34446414628633
GGAAGCTTATGTCGTATGGTTTGTTATGAC,..........((((((........)))))),37.34282746160795
GGAGGAAAATGGCAGGAGATCTTTGGGGGA,.(((((.............)))))......,37.32286692885342
GGGAGGTGGATTTAGCTTAATACAGAAGGA,..(((.((....)).)))............,37.32068226120858
GGAGGAGTCTTGGTTATTACTGACGGGGGA,.......((((.((((....)))).)))).,37.3203745383143
GGGGGAGTTGGGTGTTATGCAAACGGAGGA,.......(((..(((...)))..)))....,37.30542264761874
GGGTGATGCTAAATAGCTTGAGCAGAAGGA,.(.(.(.(((....))).).).).......,37.302152900514514
GGAGGAATGTGACTTGACCGACATGGGGGA,.(((........)))..((......))...,37.29925865445909
GGGTGAAAATATTATACCGGTTATTGAAGG,.((((.........))))............,37.29719806763285
GGGGTAATTGTCCAGGTTAGGTGGTGAGGA,(((.......))).................,37.28941223832528
GGGAGAGAACTTCGTTAGACGGTCGTAGGA,.((((....)))).................,37.28381473006187
GGAGGAAGAGCATGTTAATACTCTAGGGGA,......((((.((....)).))))......,37.282761715822645
GGGGGAGTGACGGTATATCCAAACAGAGGA,...(((...........)))..........,37.28036183656931
GGGGGAATTATAATATCATGGGATGGAGGA,.............((((....)))).....,37.27894524959742
GGAGGAGCATATCTATTGGTAGGAGGGGGA,.........((((....)))).........,37.26641259199611
GGGGGATAACGTGGCTGGCCGGTAGGAGGA,..............((..((....)).)).,37.25965282686338
GGAGGAGAGCATATGCTTATGGCTGGGGGA,......((((....))))............,37.255187869839034
GGGGGAGTTATTGCCCTGCACAATGGAGGA,(((.((....)).)))..............,37.25282441580927
GGGGGAGAAAAAGTTACCTTTTTCCGGGGG,...(((((((........))))))).....,37.24950504280024
GGGTGAGTTGACTTTGGAGGCTATGATGGA,.....((((..(...)..))))........,37.24804347826087
GGAGGAGAAAAGGGTGATCTTTACGGGGGA,.(((((...........)))))........,37.24471982565251
GGGGGAGTTATTAGGTCTATCAACGGAGGA,((.(((.((...)).))).)).........,37.24471796158936
GGGGGATTCGGAAGTGTCTTTCGTGGAGGA,(((((((.(....).)))))))........,37.24003388857558
GGGTGGTGGTCTCATATCTGACCGCAAGGA,.....((((((........)))))).....,37.22933977455717
GAGGATTCATTTGTGTGATGTTGGCGGTGA,(..(((((((....)))).)))..).....,37.22078904991948
GGAGGAGAAGATCCATTGAACTTTAGGGGA,(((........)))................,37.213831315050044
GGAGGAGCAAGTTCCATTAGTTGAGGGGGA,((((.......))))...............,37.20308046912601
GGGTGAGAGCTGGAATGTCCAGATAAAGGA,.........(((((...)))))........,37.18940852223461
GGGAGAGGTCCATGGTGTGGTACCGTAGGA,........(((((((((...)))))).))),37.169487244681754
GGAGGAGACTTAAAGATTGAAATCGGGGGA,.(((....)))...................,37.16782131240822
GGAGGAAGATCTTTCATTTGTTCTGGGGGA,((((((...))))))...............,37.15100790521679
GAAGTGGGAGGGGTAACCAGTTTGTTATGA,(((.(((.........))).))).......,37.150795530419074
GGAGGAGATGGACTTTGGTCTATTGGGGGA,......(((((((....)))))))......,37.14445479335202
GGAGGAGTATACCCAAGAGGTTGGGGGGGA,...........(((((....))))).....,37.134197298461956
GGAAGGAGAGTATCTCAATAGTTGGAGGGA,.....((((...))))..............,37.108755466048265
GGAGTCATTATACTTGATATAGATGGGGGA,...((((.......))))............,37.10849436392915
GAAGTTCATTGTTATTGGAGTTTGTTATGA,(((.((((.......)))).))).......,37.09093633400102
GGGGGATTACCTGTTTTAGGGTGAGGAGGA,......((((((......))))))......,37.08739935587762
GGAGGAGTCTAAAAGATTTTAGTCGGGGGA,((.(((((((...)))))))..))......,37.087090945677005
GGGGGAGATTATCGCGTGATAATGGGAGGA,...........((.(((....))).))...,37.08430868876953
GGGGGACAATAGCATGTGCTGTTGGGAGGA,......(((((((....)))))))......,37.077215052790734
GGGTGACAGGTATGTTTGTACGTGAAAGGA,......((.((((....)))).))......,37.07359098228664
GGGTGAGTTTTAGCCTTGTTAAATGATGGA,((((........))))..............,37.06829307568438
GGAGGAGCTAAATTGGTAATTTACGGAGGA,............((.(((...))).))...,37.068092092130925
GGGGGAAGGTGCCTGTTGGCTTATGGAGGA,..........(((....)))..........,37.05930054225961
GGGTGAAATTATGTCATATGAATTGATGGA,............((((.......))))...,37.03904991948471
GGAGGAGGAGATCTAAAAGGATCTGGGGGA,........((((((....))))))......,37.022516117297094
GAAGTGTAGTGGATCTACAGTTTGTGGTGA,(((.(((((.....))))).))).......,37.02183653430737
GGGAGAGCTGATTTTTACTTCTGCGTAGGA,.(.((((.(((...))).)))).)......,37.01209552903287
GGAGGAGGAAAATCCAATGTATCCGGGGGA,((((((......)))......)))......,37.01171891081184
GGGGGAGAGTGCAACGCACGTTTCGGAGGA,...((((.((((...)))).))))......,37.005604159714494
GGAGGAAGGATCCTGGGATCGTATGGGGGA,..((((....))))................,37.003313744710724
GGAGGAATCGAATATCCTTATCGTGGGGGA,.(((((........)))))...........,36.98728134163537
GGATGAAAATTTTGACAGTAATTTGGAGGA,..........(((..(((....)))..))),36.98198467687984
GGAGGAGGTAAATCTAGATTTTCCGGGGGA,((((((..((....))..))))))......,36.978349248285156
GAAGCGTACTTTTATGACGGTTTGTTATGA,(((.(((.(......)))).))).......,36.96956835945171
GGGGCCATATTTATTTGTGGTGTGTGAGGA,.(.((((((......)))))).).......,36.96203703703704
GGTGGAGCAACAGTGAAACACTGCGGGGGA,.......(..(((((...)))))..)....,36.95736376402198
GGGGGAGACACTATAAGTGAGTACGGAGGA,........((((...))))...........,36.9435440612108
GGGGGAGCGTCACAGGAAGTCCGTGGAGGA,.......(.((((.((....)))))).)..,36.93515241218435
GGAGGATGCTGTGATAACAGATCAGGGGGA,....(((.((((....))))))).......,36.929043086654715
GGAGGAGACGTTTTTCAATTCGTAGGGGGA,((((((....))))))..............,36.92311381871755
GGGGGAACAGAAGTAAACTTTTGTGGAGGA,......(((((((....)))))))......,36.912794765363444
GGAGGAACATGTTAACTTCTCAGTGGGGGA,.(((((..........))))).........,36.909445668949076
GAGGATATTTAATTAATATGTTGGCGCTGA,.((.(((((.....))))).))........,36.90412238325282
GGGTGAGAATTCCCAGTAGAGTTTGAAGGA,(((........)))................,36.898931004583176
GGAGGAAGATCGTGAACAACGGCTGGGGGA,......((.((((.....))))))......,36.8901727220577
GGGTGAGTATAAACGCTGTTATATGACGGA,...............(((((....))))).,36.88909143191752
GAAGCCACACATGTGGGGGTTTGTTTATGA,....((((....))))..............,36.87796944346255
GGGGGAACGAACCCTAAGGATGGTGGAGGA,((((.......))))...............,36.8766231046316
GGAGGAGGTAAGTCCTGGAATTCTGGGGGA,............((((((....))))))..,36.87118900686336
GGAGGAGGTAGTCAGTATGATATTGGGGGA,...........((((((...))))))....,36.86721299639171
GGGGGAGCCTTATATCTTTGAGTCGGGGGA,(((....)))....(((((......))))),36.85992865473773
GGTGGAGACGTATTCAATTACGGGGGGGGA,........((((......))))........,36.858880837359095
GGGGGAATTTCACAACATGGGGAAAGAGGA,(..(........)..)..............,36.854831691090205
GGGGTATAGTTGTTTATGCAACTCTGAGGA,.......((((((....)))))).......,36.84776916538291
GGAGGAGATTTTTATTGAGAATTTGGGGGA,.....((((((((...))))))))......,36.84204582317751
GGGTGAAAACTCATGGATTAGTTTGACGGA,((((....))))..................,36.80830917874396
GGAGGAAGAAGTGATGTAATCTCTGGGGGA,((((................))))......,36.804592501723526
GGAGGAGAGTTATTACAATCATGCGGGGGA,(.(.((..((....))..)).).)......,36.804229322748846
GGAGGAAGGGACATATTTGTCATTGGGGGA,.........((((....)))).........,36.79425011987359
GGAGGAACAATTCCGGTTCATTGGGGGGGA,((((......))))................,36.788326766895835
GGCGGACCGTAACATGTGTTCCGGGGGGGA,......(((.(((....))).)))......,36.775209339774555
GAAGGTTAATTGCGGGCAGTTATCGTTTGC,(((.(.((((((....)))))).).)))..,36.76216586151369
GGGTAGGAGTGTGTTATCATGCGGAAAGGA,........(((((....)))))........,36.753680496353134
GGCGGAGCTGTGACATGTCCGTGCGGGGGA,.(((((..((...))..)))))........,36.74656976191159
GGGGGAACTAGCCGGAAGGATGGTGGAGGA,......((((.((....)).))))......,36.738012579708446
GGGTGCTGACCATGTTATGTGGTAGAAGGA,.....(((.((((.....))))))).....,36.736030595813205
GAAGGCCTTTGAGTCAGGCGTTTGTGATGA,(((.((((.......)))).))).......,36.72881190840894
GGGTGAACGTTATGTACCATATGGAAAGGA,.((((.........))))............,36.72751207729468
GGGGGAGAAGTCTATAAGTTTATCGGAGGA,...(((....))).................,36.716117498116496
GGGGGAGTGTTCTGACAAGGATATGGAGGA,......(((((((....)))))))......,36.71210794338927
GGGGGAAGAAAAAAAGCATTTTCTGGTGGG,......((((((......))))))......,36.706564353324694
GTTTGCGATGAGACTCAAGCTTCAGCTACG,(((((.(......).)))))..........,36.70518518518519
GGGGAGCATTTAAAGTTATATGCGGTGGAG,.....((((.((....)).)))).......,36.683470209339774
GGGGGAAAGTCCATTTGTGAGTTAGGAGGA,(((......)))..................,36.675912830278726
GGGGGAGCCAGTAATGTCCAGCGCGGAGGA,((.....)).....(.(((.....))).).,36.672499085854504
GAGGGCATTATATAATGGCGTTGGTGGTGA,((.(.((((....)))).).))........,36.66994363929146
GGAGGAGAAATCAAAGGTTATTTCGGAGGA,....((((((((...)))).))))......,36.668178230774075
GGAGGAGTTGGGTTAGTACCCTACGGGGGA,......((.((((....)))).))......,36.66788162887073
GAAGCATATGTAAACATTGGTTTGTTATGA,....((((..(((((....))))).)))).,36.66336769961902
GGAGGAGGAGGAAGAAGTTCTGACGGGGGA,......(..((((....))))..)......,36.66334839270078
CGGAGGAGAACCTCTTTTAGGATACGGGGG,.(((((....)))))...............,36.663182236443106
GGCGGAGTTTATTTATACCATAACGGGGGA,.................((......))...,36.66015205672615
GGGGGAGGGTTCTGTTATAGATCCGGTGGA,.......((.((((...)))).))......,36.656714019305056
CGTGGCTTTTTCATTTTTTTGAATGTAAGA,.....(((...(((((....))))).))).,36.65575663191796
GGAGGAGGTAAGTTCCAATGAGACGGGGGA,((((........))))..............,36.652694291663764
GGGGGAAACCAGTAAATGTTTGTTGGAGGA,........(((((((....)))))))....,36.64444594562663
GGAGGAAGTCAGTTAGTAGTGAATGGGGGA,........(((.(....).)))........,36.63195832351023
GGGGGAGTGTGGATTTGCCTCAACGGAGGA,(((.((((....)))).)))..........,36.62972833701869
GGATGAAGGGGGACGCTCGCCGTTGGCTAT,((.(.((.((.((...)).)).)).)))..,36.62790085116172
GGGGGAGGTTAAAGTTTAAGTACCGGAGGA,...((.(.((((...)))).).))......,36.6268734540402
GGAGGAACTGTTCCGAAGGATTATGGGGGA,((((......))))................,36.62313536470664
GGGTGACATCGAATTCATTTGATGAAAGGA,......(((((((....)))))))......,36.620790907964825
GGGGGAGTGTCTATTATTGGATATGGAGGA,......(((((((....)))))))......,36.6199128451316
GGGTGAGGTTTTATTACTAAAGTCAAAGGA,.(((((.......)))))............,36.61921156942896
GAAGAGCCTATTTCTGGCTGTTTGATATGA,(((.((((.......)))).))).......,36.61023938572719
GGAAGAGTCTTAATTATTTAAGATGTAGGA,......(((((((....)))))))......,36.5922304357797
GGGGGATACAACGTTTTCTTTTTAGGAGGA,(..(....)..).((((((....)))))).,36.582057544064895
GGGGGAAAAAACGCAACGTTCTTTAGAGGA,(.(........).)................,36.581782464137916
GGGGGAAGCATCTGCAAAGGTGTTGGAGGA,......(((((((....)))))))......,36.56788396766254
GGAGTGTTATCATATCATTATAAGTGGGGA,((.(((....))).))..............,36.56558878316731
TGTGGTCGGGTGGTGGGCCTCTAGAGGGGC,................(((((....))))),36.56511272141707
GTGGTCGGTGTATTGTTACTGAGAGCGTTA,((..((((((......))))))..))....,36.55931907062342
GGGTGAATACGTGCCTGTACGAATGATGGA,((((........))))..............,36.550096618357486
GGGGTGTATGTATTCATACGTTGGTGAGGA,.....(((((....)))))...........,36.54156199677939
GGAGGAGGGTAAAGTACCTTACCTGGGGGA,..(((((((((...)))))).)))......,36.540638582696054
GGGAAGAGTTATAGTTATATGGCGTAAGGA,.......((((((....)))))).......,36.53530595813204
GGGGGAGATATCACTTTGATTATTGGAGGA,.............((((.(....).)))).,36.534258099435554
GGGGGAGTATCTATGCGTTAGAGCGGTGGA,.........(((((((......)).))))),36.52936392914654
GGGGGATAGGTGCATATGCACAATGGAGGA,.........((((....)))).........,36.52316038833097
GGGGAGAAGTTCCGGTATAAACTGTGAGGA,.........(((((((....)))).)))..,36.49695553984525
GGGGGAGCGTAATTGTATGACCGTGGTGGA,((..(.(((....))).)..))........,36.49597047107681
GGGGGAGTTGCCATATAGAATTACGGAGGA,((........))..................,36.492267801387115
GGAGGAAATGAGTAAAGCTCAATTGGAGGA,........(((((...))))).........,36.489455473144275
GGAGGAGATCAATTCTCATTGAACGTAGGA,.(((((......))))).............,36.486167838621924
GGAAGGAGAATATACCCTATTTCGGTAGGA,...............(((((....))))).,36.45946563268073
GAAGGGGTTCCGATAACCCGTTTGATATGA,(((.(((((.....))))).))).......,36.457276030006675
GGAAGAGGGTTATTCCAATGACACGTAGGA,((((........))))..............,36.45565556403085
GGGTGAGTTGCCTGATCTGCACACGAAGGA,((((.((....)).))))............,36.450965564226436
GAAGCGTAGCTTGCGTGGGTTTTGTTATGA,....((((((..((....))...)))))).,36.44973803071364
GGAGGGAGGTAAATGCTAGTTTCCAGAAGG,(((((..(((....)))..)))))......,36.44849436392914
GGGATGAAATTCAGTCTGGTATTGAAAGGA,.........((((((.....))))))....,36.44275610058219
GGGGGAGATAAGCCAAGATTATTCGGAGGA,..((........))................,36.438488345892026
GGGGGAGATATCACCTTGATTATTGGAGGA,.............((((.(....).)))).,36.438076020560814
GGGTGAGATTGGGTTGTCCCAGGTGATGGA,........(((((....)))))........,36.43720673851109
GGAGGATGAAAGTCCTAATCTGAAGGGGGA,..(((((....)))))..............,36.433993771828995
GGGGTTTCACTATCCAGGTAGTAAGAGGAG,.((((......))))...............,36.43395330112722
GGAGGAGTGGATAGTTGTCCGTATGGGGGA,(((.((........)).)))..........,36.42938041022583
GGAGAGAATATTCTTATGAATGTGTAGGGA,.......((((((....)))))).......,36.424919484702095
GGAGGAGCGTCTAGGTTACAAGTCGGAGGA,.......((.((.(....).)).)).....,36.41612601930328
GGGTGAGGTATCGCTGTGGTAACTGAAGGA,.(((((....)))))...............,36.412101553840685
GGGGGAGAAAGATAAAATCGCATAGGAGGA,..(.((...........)).).........,36.406319201514414
GGTGGAGACGTATTCAATTACGGTGGGGGA,........((((......))))........,36.38291465378422
GGGATGAGTACACCCCCGTTGTTGGAAGGA,(((.((....)))))(((....))).....,36.38039749131283
GGGGTTTAGGTTTATTGATACCTAGGAGGA,....(((((((........)))))))....,36.3748642742121
GGGATGATAGTGTGTTCACCATTGAAAGGA,.((.(((........)))))..........,36.37418184070358
GAAGCTCGTATTTTATGAGGTTTGCCATGA,(((.((((((...)))))).))).......,36.365132162915835
GGGTAAACTCAATTTAAATATTGGGGTGGA,.......((((((......)))))).....,36.36450885668277
ATGGAAGGAAAATAGTCGTTTGGAAGGAGT,.(.(((.((......)).))).).......,36.362027290448346
GGGGGAATCGGAATTGCCTTCTGTGGAGGA,................(((((...))))).,36.36031664868099
GGGGGAGAGTGTTTACTGACAAGTGGAGGA,.........(.((((((....)))))).).,36.357032177840466
GGGTGAGGTTTGCCGAGGAAAAACAAAGGA,.(((((...)))))................,36.35647716114842
GAAGTAAGCTTGTGTCTTGGTTTGTTATGA,(((.(((((....).)))).))).......,36.35559404579553
GGAGGAGTAAAATTTTCAGTTAGCGGGGGA,.(((((......))))).............,36.354727872240346
GAAGTATCAGGTATGATAGTTTTGTTATGA,(((.(((((....))))).)))........,36.352071010565176
GGGGGAGCGTAATTGTATGACCGAGGTGGA,((..(.(((....))).)..))........,36.34808381069183
GGAGGAAGCTTAAGACCCTGTAGTGGGGGA,.(((....)))....((((......)))).,36.33965679808278
GGGGGATGTTGTGGGTACCACAATGGAGGA,.......(((((((...)))))))......,36.33254773307534
GAAGTATTGATTAGCGATAGTTTGTTATGA,(((.(((((.....))))).))).......,36.32401339303248
GGGGAGTTTTCAGTGCGCGAAAATTTAGGA,...((((((((.......))))))))....,36.32356506028828
GGAGGAGTAAAACTTTTTATTTTCGGGGGA,.(((((((...)))))))............,36.31874334204042
GGGGGAGCTACGAGTATTTGGAGAGGTGGA,.......((((..............)))).,36.316614070309726
GGAGGAGTTGATAAAGTCTTGAACGGGGGA,..((((.((....)).))))..........,36.31417687010058
GGAGGAAGAATAAATTCATCGTCTGGGGGA,(((.((.(((....))).)).)))......,36.31375900377629
GGAGGATGATTTGTGGGTGAATCAGGGGGA,......((((((......))))))......,36.30800782148608
GGAGGAGTGAGAGTTACCAAGAACAGGGGA,................((........))..,36.30731402837848
GGAGGAGATACTTCGCCAAGTATAGGGGGA,((.((((...)))).)).............,36.304328022562785
AGCGGGATTTGTTTCTATGAGTTGCGTGGA,.(((.(((((((....))))))).)))...,36.301706924315624
GGAGGATAGGTGCATATGCATATTGGGGGA,.........((((....)))).........,36.29613225448592
GGAGGATGCTTATGTTATACATGTGGAGGA,......(.(.(((((...))))).).)...,36.29605871243204
GGGTGAGCAATTTGCTAAAAGAGTGATGGA,.....((((...))))..............,36.27469404186795
GGTGGAGAAAGCTTGTTTCCTTTTGGAGGA,...............(((((....))))).,36.26282993622651
GGGGGAGCCCTTTTGTTGGAGGGGGGAGGA,.......(((((((....))))))).....,36.26157102323346
GAAGTCAGTGATAGCATGAGTTTGTTATGA,..........((((((......))))))..,36.2609875888614
GGAGGAAGCATTGATAAATGGTCTGGAGGA,...(((..((((....)))).)))......,36.25651085335485
GGAGGAGATTTAGTCCGCTAAGACGGGGGA,.............(((.((.....)).))),36.25000940719213
GGAGGAAGGTTAGTACTCAAATCTGGGGGA,...............((((....))))...,36.241157682450286
GGGTGAAAATCTGAAGAAATATTTGATGGA,((((....))))..................,36.234597423510465
GGGAGAGTTTTAGTTATCTGAAATGTAGTA,......(((((((....)))))))......,36.22914358395278
GGAGGATAGTGTCTAAGATGCCTAGGGGGA,........(((((...))))).........,36.22439828603239
GGAGGAAGATGATCCTTTCAATCTGGAGGA,.(((((......))))).............,36.222054890094945
GGAGGAATTTGTGTTCCACTTTATGGGGGA,...(((((....))))).............,36.21784010357317
GGAGGAGTTTTTTTTCAATAAAACGGAGGA,((((((....))))))..............,36.21693389758444
GGCGGAGTGTTAATTATTTAAGATGGGGGA,..(...((.((((....)))).))...)..,36.21423242498118
GGGGTATATCGGTATATGCTGATATGAGGA,....(((((((((....)))))))))....,36.20857381636688
GGGGGAGAAATCATTATGTATTTCGGAGGA,......(((((((...)).)))))......,36.200472914336636
GGAGGAGGAGTGGTATTCCAGAACGGAGGA,......(((((...)))))...........,36.19689784992518
GGGGGAGTCACCTATTTAGTGGTCGGAGGA,.(((......))).................,36.19383966039081
GGGGGAGCATTGCCACCGAAATGTGGAGGA,((((........)).)).............,36.19187016037185
GGGGCCTAGTATATTAGTGGATGGTAAGGA,...(((...(((....)))...))).....,36.18349436392915
GGGAAACAATGTGGTTACAGTTGTTAAGGA,....((((((.((....)))))))).....,36.17407407407408
GGGGGAACATGACCGTAAGAATGTGGAGGA,..((........))................,36.17296440488659
GGGGTCTGTGTTTCTTTATGCGCAGTAGGA,.....((((((........)))))).....,36.16704890244936
GGGAGGAACAACGGTCTCCGTGTGGTAGGA,.(((((........)))))...........,36.16609543181625
GGGGGAGGCTGCCCGTTGGTTGGTGGAGGA,(((........)))................,36.15549807311687
GGGGGAGAGCCTGATTATGGGCGCGGAGGA,......(.((((......)))).)......,36.15089947089947
GGGGCCTGTCATAGACATGGAGGGTGAGGA,...((((.((((....)))).)))).....,36.1381078904992
GGGGTTAACATAATTGTTAAGGTGGTAGGA,....((((((....))))))..........,36.136658514282644
GGAGGAGTTAGCAAGCCTATTCACGGGGGA,...............(((........))).,36.12956907022728
GAAGTAGGAAATATCCCTAGTTTGTGATGA,(((.((((.......)))).))).......,36.11857271906052
GGGAGAGGGTTCATTATTGCATCCGTAGGA,......((((.((....)).))))......,36.11576059536451
GGAGGAGTACGTCTATGATGAACGGGTGGA,......((.((((...)))).)).......,36.11571036447549
GGAGGAGATCTATGAGAATAGATTGGGGGA,......(((((((....)))))))......,36.111185686110346
GGGGGAGCTTGTCCTTGGCAGGGCGGAGGA,...........(((((.((...)).))))),36.110268822208376
GGGGGAGTGGATGTACTAGGTCCCGGAGGA,((((.((((....))))...))))......,36.108265934121384
GGGAGAGTATTAATGCCCCAATACTAAGGA,(((..(.......)..)))...........,36.105589493464436
GGGTGAGAAAGATAACCGTCATTCGATGGA,...............(((((....))))).,36.10416140220488
GGGGGAGTGGCATAGTAATTTCACGGAGGA,...(((((.((...)).)))))........,36.09555137148411
GGGGGTCAATTCTATTGACGGTGGAGAGGA,....((((((...))))))...........,36.09023349436393
GGGGGAGGTGGTATTATCCTAACTGGTGGA,.((..(((.........)))..))......,36.08802538846017
GGGGGAACTGGTCCGGTGACAAGTGGAGGA,...........((((.(....).))))...,36.08637787739946
GGAGTCAGTATTATTTCTGACAGAGGAGTC,...(((((........))))).........,36.078418449505406
GGAGGAATGTTGGTTCCAAAACGTGGGGGA,...(((((....))))).............,36.07590982286634
GGGGTGGGTCATGTTAAGTGACTGTGAGGA,......((((((.....)))))).......,36.07252818035427
GGGTGAGAATAAGCGTAGTCGTTTAAAGGA,.........((((((....)))))).....,36.06139848878979
GGGGTCCGTTTCACGCGAGATGGTGTAGGA,.....(((((((....))))))).......,36.05134460547504
GGGTGAAATTTAAGTCGCTTCAATGATGGA,.(((((........)))))...........,36.04585593955159
GGAGGAGAGTAGATTTCGAACCGCGGGGGA,....((((.....))))...((....))..,36.04143891923793
GGGTGAAACCAAGAGTAACAGGTTGATGGA,((......))....................,36.039552274431095
GGAGGAAACTCATAGCATAGAGGCGGGGGA,.(((....)))...((......))......,36.02953085454497
GGAGGAGAGGCATGAGAAATGCTCGGGGGA,........(((((.....))))).......,36.02466563584119
GGAGGAGCGATCGAATCTGATGGTGGGGGA,......((.((((....)))).))......,36.01229396634873
GGGCAAACATTTATTGTAATCAATGGTGGA,.......((((.((((....))))))))..,36.007418350091946
GGAGGAGGTCAAACTATTTGAGTCGGGGGA,....((..(((((...))))).))......,36.00631318373604
GGCGGAAAAATCTATATAGATTTTGGGGGA,..(...(((((((....)))))))...)..,36.00498731847658
GGAGGAGTTATTGTTCGTGGTAACGGGGGA,..........((.(((((....))))).)),36.00291430361197
GGAGGAGGAGGAGTAAGTTCTGACGGGGGA,...(..((((.......))))..)......,36.00244885339849
GGGGCACAACTACTGTGTGGTGGGAGAGGA,...(((((.....)))))............,36.0020692431562
GGGGTGTGCTTTGAGCACAGATGGTACGGA,....((((((...))))))...........,36.000692431561994
GGGGGAGAGGAATTTTAATGCCGCAGAGGA,(.((.(............).)).)......,36.000108533624484
GGAGGAGTCGATGTGTAACATTGTGGGGGA,........((((((...)))))).......,35.99922359291435
GAAGTGCATTTTGGTGCTAGTTTGTGATGA,..(((((......)))))............,35.998323121637014
GGAGGAGTTGGGTTAGTATCCTACGGGGGA,......((.((((....)))).))......,35.99274892661305
GGGGGAGTTTTTATCGTATAAACCGGAGGA,..((..................))......,35.987352510613384
GGGGGAGGAAATGTCCGGATTTCTGGGGGA,...........(.(((((....))))).).,35.985126518697996
GGAGGAGGGCCTTTCTAAATACCCGGAGGA,.((((....)))).................,35.981626409017714
GAAGCTTCAGTTGCTTAAGGTTTGTTATGA,.((((.......))))..............,35.97662326695731
GGGGGAGGTATACCTAAAGGACACGGAGGA,.(((........)))...............,35.97563018510567
GGAGGAGCATATGTTTCATCTAGCGGAGGA,((((((((....))))).))).........,35.96887096193711
GGAGGAGGAGGAATAAGTTCTGACGGGGGA,...(..((((.......))))..)......,35.966335581558354
GGAGGAGAGGTCATAATTGAGCTTGGAGGA,......(((.(((....))).)))......,35.96496117567291
GGAGGAGAGGTGTTTTTAACCCCCGGGGGA,...((.(.(((.......))))))......,35.96302737520129
GGAGGAGTGAGGTGGACCTAGAGCGGGGGA,................(((......)))..,35.96150385179267
GGGGAGGCTTTTGTAGGCTGTGGGAGAGGA,.......(((((.((.....)).)))))..,35.93878421900161
GGAGGAGTTATATCTTGAATATTCGGGGGA,............((((((....))))))..,35.93813537949077
GGGTGATAGTCGTCCATGCGAATAGATGGA,............(((((........))))),35.929469973685244
GGAGGAGTTAAAATTCATTTTATTGGGGGA,....((((....))))..............,35.92905852396345
GGAGGAATCAAAGATACTCGAGATGGGGGA,.(((..(((...))).)))...........,35.91854281744412
GGGGCTTAATTACTATGTGGATGGTGAGGA,.........(((((((....)))))))...,35.90016103059582
GGAAGGAGTATGGCCTTGTATACGGGGGGA,.............(((((....)))))...,35.89662613344534
GAAGCCGTACATAGTAAGGGTTTGATATGA,.(((((.(........).))))).......,35.89575448725502
GGGTGATAATTTGTCACATAATTAGATGGA,..((((((...)))))).............,35.88387278582931
GGGGGATGGAGTAGTTATACTGCAGGAGGA,......((.((((....)))).))......,35.880613673641335
GGGGGAAATATTGCCCGCATTATTAGAGGA,(.(((........))).)............,35.87572364594784
GGAGGAGAAGGTCGATAGAGTTTCAGGGGA,......((((.((....)).))))......,35.875281729648805
GGAGGAGGGGGGTAACATATTCCCGGGGGA,.......(((((((...)))))))......,35.859319918755645
GGAGGAGCATTCATTGAATTTGTCGGAGGA,.((.((..((((...)))))).))......,35.85919743888325
GGGGTGTGGACTTGTGCACGTTGGTGAGGA,((.(((((......))))).))........,35.85264895330113
GGGAGAAGAAGGTTCAAACTTTCTGTAGGA,......(((((((....)))))))......,35.85085642851089
GGCGGAACATGTTCTTTACTAAGTGGGGGA,...........((((((((...)))))))),35.850507815485145
GGGGGAGGATCTAATTAGAGGGCCGGAGGA,...((....(((....)))...))......,35.84905633996088
GGGTGAGTCCTATAGAGTTAGGACAAAGGA,......((((((......))))))......,35.846579670869176
GGAAGAGATAAGTTATTGCTTATTGTGGGA,......(((((((....)))))))......,35.846379777947284
GGAGGAGTGTTGACATTTGTTACCGGGGGA,.((.(((((....))))).)).........,35.83236896360987
GGGGGGAAATCTAATGTCCGTGGGAGAGGA,................(((........))),35.83177938808374
GGCGGAAAATAAAGCTAATGATTTGGGGGA,(((..........)))..............,35.830112721417066
GGGGGAGATACGCTATTAACGGAACGGAGG,((.(......).))................,35.8300962000962
GGAGGAGGTGTACCCTGCTAAACCGGGGGA,............(((((......)))))..,35.82782189861726
GGAAGGAACAGTTTCATATTGTTTAAGGGA,.....(((((((.....)))))))......,35.826151368760065
GGGGGAGGAAGTCCATAAACGAACGGAGGA,...(((.....)))................,35.82052056530082
GGAGGAGTGCTTTAAACTATAAACGGGGGA,((((.....)))).................,35.81997847656594
GGGGGAGAATATATTACCAAATTCGGAGGA,((..............))............,35.81098544135682
GGGGGAGGTAGCCTTTCTGCGACCGGAGGA,(.((((((....)))))).)..........,35.8109110776502
GGGGTGTGATTCGAAGAATAACAAAGAGGA,....(((.((((...)))).))).......,35.79726247987117
GGAGGAATATGCGTAACGATATATGGGGGA,......(((((((...)).)))))......,35.79493341463856
GGGGGAGGTAATAACCTAATTTCCGGTGGA,(((((((((....))))..)))))......,35.79098015828566
GGGGGAATTCAGATATTGTCGAATGGAGGA,......((((.(((...)))))))......,35.790277822797805
GGGGGAGATACGCGTATTAGTAGTGGGGGA,..........(.(.((((...)))).).).,35.78240495130832
GGGGTTCGATCGCTTCGAAGTTGGTCAGGA,.((.(((((.....))))).))........,35.779090177133654
GGCGGAGGTAACAATTTAGTTACAGGGGGA,.......(((((......))))).......,35.776813894639986
GGAGGAGGGTCACTGAGTGTATCCGGAGGA,......(((((((...))).))))......,35.77101732011059
GGTGGAGGGAGTCTATCAGAGGCCGGGGGA,((((((.....)))))).............,35.7672665403479
GAAACGGACGTGTTGTTCGGTTTGTAATGA,....(((((.....)))))...........,35.76476395271199
GGGATGAATTCAGTGAGCTGATTGAAAGGA,........((((((......))))))....,35.75899232007927
GGCGGAATTAGCTTTAGCTTAGATGGGGGA,(((.......))).................,35.75680354267311
GGGGGATCAGATGTAATCACCTGAAGAGGA,......((((.((....)).))))......,35.750550600767994
GGAGGAATTGGTTTTGACCCCAATGGGGGA,.................((((....)))).,35.75051888544631
GGGTGAAGGCTAAGTATGAAACCTGATGGA,((((................))))......,35.74886630532972
GGAGGAATTTGATATGTATCTTGTGGGGGA,..................((((....)))),35.74230934200079
GGGGGGCACATTTAGGATGTTGTCGAGGAG,....((((((((...)))).))))......,35.73890499194847
GGAAGGAGGTATCTATATTTACTGGAGGGA,.......((((........)))).......,35.73667980337317
GGGGGAGTGGGGTTATAACCGCAAGGAGGA,......((((........))))........,35.73592048852918
GGAGGAATATTCTAATCTACATATGGGGGA,((((.....)))).................,35.73369747230082
GGTGGAAGAATAGGTTATCATTCTGGGGGA,......(((((........)))))......,35.72390384172993
GGGTGAGTTGTATGACATACGCGCGAAGGA,(.(((.(((....))).))).)........,35.723615136876006
GGGTGAAAATTCTTGTCTAAGTTTAAAGGA,((((....))))..................,35.7200238688357
GGGGGTGTCAGTAATTTGATGTATGAAGGA,......(((((....)))))..........,35.713263861574205
GGGGGAGTCACGGCCTAGGGGAACGGAGGA,.............(((..(....)..))).,35.713168267979476
GGTGGAGAAAAATTCCCACTGTTCGGGGGA,(((((.(((...))))))))..........,35.70653092040499
GGTGGACAGTAGAGGAACTTTCTGGGGGGA,......(((.((((...)))))))......,35.70174488152749
GGGGGAGAAACCCTATATGTTATCGGAGGA,((((......))))................,35.69855457896529
GGGGTAATGTATACCATTAGATGGTTAGGA,..((((.....))))...............,35.676610305958135
GGAGGAGCACCTTTTGTAGGGTGTGGGGGA,......(((((((....)))))))......,35.67602309898171
GGGGGAAGTTACCAATACGTTACTGGAGGA,.((........)).................,35.665221625984145
GGGGGATGTGCCAAAGCGCGTACAGGAGGA,.....((((((....)))))).........,35.66399799231187
GGGGGAGCAGATGAAACATGTCGCGGTGGA,......(((.(((...))).).))......,35.66000618598817
GGGGGAGTGGGGTTGTAACCGCAAGGAGGA,......((((........))))........,35.65262009327227
GGGGATAGACAGAGTCTATGTGTGCGAGGA,(.(.((((((...)))))).).).......,35.64947908203824
GGGGGAGAACGGACCATGGTGTTAGGAGGA,((...........))...............,35.6458449196342
GAAGGGTAACAAAGCATTCGGTACCGTTTG,(((.((((.(.........).)))).))).,35.64513687600645
GGGGGAGAGTAACCTGGTAACTGCGGAGGA,.(((........)))...............,35.6391592314895
GGAGGAGTATATCTTATAATGTAGGGGGGA,..((((.....))))...............,35.635331787100114
GGAGGGAACATTAATCTCTTGTGGAGGGAG,.((((((.......))))))..........,35.63380455970845
GGGGTGAATAACTCAGTGGGGATGAGAGGA,.((((.....))))................,35.626489533011274
GGGGGAGATAGACATTTATCTTTCGGAGGA,..(((((((((....)))))))))......,35.62645210878873
GAAGTGGCTTCTAGCCAAGTTTGTTCATGA,....(((((...))))).............,35.62043438985114
GGCGGAATAGTTGGAAAGTCTATGGGGGAG,(((..............)))..........,35.61392914653785
GGAGGGATGAGTGGAATCACAATTGGGGGA,..........(((....)))..........,35.610753242219204
GGAGGAGATATTAATCCGAAATTCGGGGGA,..............(((((...)))))...,35.605970152978045
GGGGGAGAAGTGAACCTAGTTTTTGGAGGA,.(((..........))).............,35.60328197931394
GGAGGAGTAACCTATGTAGGTAACGGGGGA,......((.((((....)))).))......,35.60152747415849
GGCGGAACGGTGTGTAAATATTGTGGGGGA,..(...(((((((....)))))))...)..,35.58590982286635
GGGGGAGAATATGCTAGTCCATACGGAGGA,(((..((......))..)))..........,35.57647064498712
GGGGTGATGCGATTTAATCGTAAGAGAGGA,.......((((((...))))))........,35.57537507580986
GGAGGAGCATGCTTATGAGTATGTGGAGGA,......(((((((....)))))))......,35.57081002777364
GGCGGAGTTAGACTTATAGTTTACGGGGGA,........((((((...)))))).......,35.5557206387832
GGAGGAATGTTGTTCAAAAAAGATGGGGGA,(((.((...)).)))...............,35.54157140812902
GGAGGATACCGGATTAGTGAGGTAGGGGGA,......((((..........))))......,35.540443984357026
GGAGGAGTAGTAGTCCTAACGTACGGGGGA,..((((.......)))).............,35.5237286090768
GGAGGAAGTTTAATCCCGATGTCTGGGGGA,..............(((........)))..,35.522135073184195
GGGGGATCCAAGTGTACGCTTTGAGGCGGA,((.....)).......((((....))))..,35.51456406717276
GGAGTAGGAAAAGATTCTTTGTACGGGGGA,...(((.(((.......))).)))......,35.50904186795491
TGGAGGAGAATAGTTTCTAATACGGGGGAA,......((((....))))............,35.50563093420949
GAAGTAGCCGATAAGGGTAGTTTGTCATGA,(((.((.((.....)).)).))).......,35.504598405404344
GGAGGGAAGTAAAAGCCTTTTCTGGGGGGA,..(((((((.......))))))).......,35.50403720654293
GGAGGAGTGTTACATGTGTATCAGGGGGGA,.......((.(((....))).)).......,35.49525957019401
GGAGGAGGATCTAGTATGGATTCCGGAGGA,....(.(((((((...))))))))......,35.484057742206105
GGGGTTATCTTTATGAGTAAAGAGTGAGGA,.......(((((((.........))))))),35.47805958132045
GGAGGAGTAATGCGGCCTGCATGCGGGGGA,(.(((.((...))..))).)..........,35.47776144448622
GGAAGAATATCGTAAACAGGATATGTAGGA,......(((((........)))))......,35.4740467774243
GGAGGTAGGGTGATCTATCAACTGGGGGGA,...((((((....))))))...........,35.46292094017607
GGAGGAGTGAAAGGTGACTGTTACGGAGGA,......((((.((....)).))))......,35.46122495458547
GGAGGAGCCTAAGGATCTATTGGTGGGGGA,.......(((....(((....)))..))).,35.4601584577241
GGGGGAAGAGAGTTGTAATACCCTGGAGGA,((((................))))......,35.455157870496436
GGAGTAACTAAATAATCTGTTTGGGGGGGA,.......(((((((...)))))))......,35.451537842190014
GGAGGGAAGGCATAGCATGTCCTGGAATGA,..((((...((...))...)))).......,35.44986587329642
GGGGGAGATGTCTAAGTTAGATTCGGAGGA,......((.(((((...)))))))......,35.449435794067206
GGAGGAGCTATTAATGGTAATAACGGGGGA,......((((....))))............,35.446426509487736
GGAGGAGGATGTTCTTTAAATCATGGGGGA,.((((((....)))))).............,35.44379019522746
GGGGGAGGAACAAGTTTTGTTCACGGAGGA,.......((((((...))))))........,35.44359115750129
GGAAAGAGTTTCTTGTTGGAAATGTAGGGA,.......((((((....)))))).......,35.44000423764726
GGAGGAGTTGTTGAGGCAACAATTGGGGGA,.....((((((((...))))))))......,35.43898121018428
GGAGGAATAGATGCAAAGTACTATGGGGGA,......((((.(((...)))))))......,35.43747418071972
GGAGGAGGTCTATATTCATTGAAAGGGGGA,(((.....)))...................,35.43632385353381
GAAGCTTTAAGGGTAAAGGTTTTGTTATGA,((((((((.......)))))))).......,35.43163976277444
GGAGGGAGCTGATAGCTTGAAGCGGAAGGA,(....(((((...)))))....).......,35.42603695228409
GGGTGAGATTCTCATACTAGAAGCGATGGA,..(((((...)))))...............,35.4233655394525
AGATGAAGGGGGAGCCTCGCCGGGGGCGAT,.............(((((....)))))...,35.42187945709685
GGAAGAGTTGTAGTTCACTATAATGTAGGA,......(((((((....)))))))......,35.411996160039635
GGGGGAGATGTCTTTACTTTGATCGGAGGA,.(((((....))))).((((.....)))).,35.4087555342942
GGAGGAGGCCACACATAGTGTGTCGGGGGA,........(((((((...))))).))....,35.40800601499154
GGAGGAGTTAGACTTCAGGAATACGGGGGA,((((........))))..............,35.405726752677566
GAAGTGTGTATATACAGCAGTTTGTTATGA,(((.(((((....))).)).))).......,35.40304897686658
GGAGGAGGTGTGTTCATCATCACGGGGGGA,...((.((((....)))).)).........,35.401340642190476
GGGGGAGAGAGGTAACAACCATTCGGTGGA,......(((.(((....))).)))......,35.40081620140579
GGGGGAGGTGTATAACACAATGTCGGAGGA,((.(...((((...))))..).))......,35.39655033798313
GGAAGAGTAAGGTATTATCCTTTCGTAGGA,(((((.((((....)))).)))))......,35.39448978727011
GGGTTATAGTCGTCCATGCGAATAGATGGA,............(((((........))))),35.39010388437218
GGGGTCGTGTATAGCTCGAGATGGTAGGGA,.((((........)))).............,35.38330112721417
GGGATGAATGTGGTCCCTACAGTCAAAGGA,(((((.......))))).............,35.377795738882696
GGGTGAAGGTATGAAATCGTTCCTAAAGGA,......(((.(((....))).)))......,35.376578719187414
GGGGGAGAAAAATATTTAGCTTTCGGAGGA,(((((..(((....)))..)))))......,35.37094206399094
GGAGGAGAGGTGTTTGGGCTCCACGGGGGA,((((..............))))........,35.368886292562536
GGGGGAGCAGAATAACTTTCTTGTGGTGGA,(((((((........)))))))........,35.36804922935358
GGGGGAAAGTGAGCTAAGCTTCTTGGAGGA,......(((.((((...)))))))......,35.36728847573424
GGGGGGGCAAAGGTCTTCTTTGGTAGAGGA,.(((((((....)))))))...........,35.364436392914655
GGGGGTTAGTATTTTATCAACTATAGAGGA,...((((.(((...))).))))........,35.362462334794074
GGGGGAATAATATGTCTTTTTTATGGAGGA,..............((((((....)))))),35.35364589741779
GGGGGAAGAAATTTCTCTTGATCTGGAGGA,(((((((....)))))))............,35.34576766882159
GGGAACATTAACTTAAGTCTGATGTAAGGA,....((((((((....)).)))))).....,35.345692431562
GGGGGAGAGTTGTAAGAACAACTGGGAGGA,.......((((((....)))))).......,35.34011314952053
GGGAGGAGATATTATATGATACCGGAAGGA,.....................((....)).,35.33838927578058
GACGGAGGTTAATTTTGATAATCCGGGTGA,..((((.((((....))))..)))).....,35.33680354267311
GGAGGAGCTCTTAACTTCATGCGCGGGGGA,((((..........))))............,35.33285249546592
GGGGGAAGAGTAGTGTATGCACCTGGAGGA,.(((.................)))......,35.33070290359344
GGGGGAGTTAAGTCCAAAAGATACGGAGGA,...(((......)))...............,35.32171911472659
GGAGGAGGGGCATTCAATGATCACGGGGGA,...(((......)))...............,35.317379259568014
GGGGGACACCAAATTCAAATTGTGGGAGGA,((......))....................,35.307450627174845
GAGGAATATTGAGCATAATGTTGGAGGTGA,........((.((((...)))).)).....,35.30714170692431
GGAAGGAATCGGGTTAAACTTGAGGGGGGA,........((((((...)))))).......,35.29677191774259
GGAGGAATAATAGGTTAGCCTGATGGGGGA,..................(((....)))..,35.29674143087187
GGAGGAGAAATCACATAGTGGGACGGGGGA,..........((((...)))).........,35.296278279558926
GGGGAATATCTTATCCTTTGATATTGAGGA,.............(((((.......))))),35.29446054750402
GGGTGAGGTTAGATTTTCTAGAACAAAGGA,........(((((...))))).........,35.28097312583818
GGGAGAGGATCGTGTTAACGATATGTAGGA,........(((((....)))))........,35.27988811510551
GGAGGAGGTATCCTATGGTGCCCCGGGGGA,...((.((((((....))))))))......,35.26411355003253
GGAGGAGTTTTTCTAGTCGAAATCGGGGGA,...........(((..(((....))).))),35.261634962037455
GGGGGAGAACGCTCTCAGTGCTTTGGAGGA,..(((((....)))))..............,35.25499960923106
GAAAGGAGCATAGCTTTGTGTGCGGGATGA,.......(((((......))))).......,35.25471099245699
GGAGGAGTGGTAATTCGTGGTCATGGGGGA,..(.((((....)))).)............,35.253847339666024
GAAGTGTATCCTTGGTAGAGTTTGTTATGA,(((.(.((((...)))).).))).......,35.25148776560229
GGGGGAGCAATCCTATATGACTGGGGAAGA,..((((....))))................,35.249967793880835
GGAAGGAGCTGGCTAAGTCAGTGGTAGGGA,.......((((((...))))))........,35.23609696639606
GGGGGAACTACTCTTTAGAGGCGTGGAGGA,.......((((.(((...))).))))....,35.22626393946233
GGAGGAGTTTACAGTCTGTATTACGGAGGA,..............(((((...)))))...,35.22145744753837
GGGGGAGCATACCGTCAAGGATACGGAGGA,((.((......)).))..............,35.220931814935426
GGAGGAGTTCATCGAATGATGGATGGAGGA,......(((((((....)))))))......,35.2107636485475
GGGGGATTTTCAACACTTGCAAAAGGAGGA,...............(((.(....).))).,35.20904648004651
GGGGTGGGGTAATACACCAGTGCGTAAGGA,..((((........))))............,35.20793880837359
GGAGGAGAAGTTTGTTATAAACCCGGGGGA,...((....(((((...)))))))......,35.20356288235751
GGGGGAAAATACGCGATCAGTTTTGGAGGA,(.(........).)................,35.19254014670385
GGAGGAGAATATTACCCATATAACGGGGGA,..............(((........)))..,35.18583578096984
GGCGGAAGTTCAATTATAGAAGCTGGGGGA,(((..................)))......,35.17648953301127
GAAAGGAGGTAAATGTACTTTCCGGGATGA,....(((((((....)))))))........,35.17641198406645
GGAGGATTAGTGGCCCGATACTAAGGGGGA,.............(((........)))...,35.169803347301475
GGGGGAGAAGCTTGCCTGAGAATCGGAGGA,(((.(((...))).))).............,35.16489174516999
GGAGGAGGTAATGTATTAGTTACTAGAGGA,......((((((......))))))......,35.15369450195537
GGGGGAGAGTGTTACATCTAACTCGGAGGA,(((..(((........)))..)))......,35.15021730078043
GGGTGAGATTTGTGTAAGCAAACCAAAGGA,.(((.....((((....)))))))......,35.14779759692803
GGAGGAAAAATGTGTCCCCGTTTTGGGGGA,..............(((((......))))),35.14777115310137
GGAGGAGGTATCAATTGAGACTACGGGGGA,......(((.((....)).)))........,35.1456609806194
GGGGGAGAGATCAGCCTGAATATAGGAGGA,..........((..((((....))))..)),35.14564340760932
GGGGGAGTATGATATTCTTTCATCGGTGGA,(((((((((...))))))))).........,35.1327870287887
GAGGATAAGAGATTTTCTTTCTTGGGGGAG,.((((.((((.....)))))))).......,35.129108580630316
GGGGATGAGAAGCATGTGCTATGAAAAGGA,(.(.(((.....))).).)...........,35.12334020659048
GGGTGAACAATCTCAATAGGTTGTGACGGA,..((..(((((((....))))))).))...,35.117769726247985
GGGGGAGGTTTAACCAAGGTAAAGGGAGGA,......(((...)))...............,35.114870943093024
GGAGGAGTAAGGTGATGCACCGTGGGGGGA,..........((((...)))).........,35.1130917985786
GGCGGAAAGTCTTTACTAGATCTAGGGGGA,(((.....)))...................,35.109943639291465
GGGAGAGCATTGAATTTCAATGTCGTAGGA,......(((((((...))))))).......,35.10364183173737
GGGGGAGGTCCTGTCTGATAGGTCGGAGGA,((((....)))).(((((....)))))...,35.10059391419703
GGGGAGTTTTCATCAACGAAACACTTAGGA,...((((((((......)))).))))....,35.09943403636935
GGAGGAGATGTTATTCGTGAATACGGGGGA,.............(((((....)))))...,35.098037304435586
GGAGGAGGTTAACATGTTGGTTCCGGGGGA,...((((.(.........).))))......,35.08349162177613
GGAGGAGCGCTGAAATTTCTGCTCGGGGGA,....(((((..((....)))))))......,35.08207696435998
GGGGGAGTAGAATATTGTCCATACGGAGGA,.(((.((((...)))).)))..........,35.080690396813395
GGAAGAAATACAGTAACTGTATTGGAGGGA,......(((((((...))))))).......,35.080599215146655
GGGGGATACTTTGAGCATTATGTAGGAGGA,........((((..(((...)))..)))).,35.06782650615813
GGGGGATAACCGCATATATCGGTGGGAGGA,.........((((........)))).....,35.060964405964405
GGAGGAATTTGCCTTACCGTGAATGGGGGA,.((((......)))).((........))..,35.0571210277003
GGGAAAGGAGTCTCTCGAACTACTCAAGGA,((((........))))..............,35.05395202983304
GGGGGATTGTTTTCAAAAAACTAAGGAGGA,..((((....))))................,35.05276965146598
GAAGCCGCCATACAAAGGGTTTGTTCATGA,(((...(((........)))...)))....,35.05234495895684
GGAAGAGCATCAATTAAATTGAGCGTGGGA,......((.(((((...)))))))......,35.05118790700561
GGAGGAGGTCTTTACCAAAGGTACGGGGGA,........(((.((((...)))).)))...,35.04889350380446
GGAGGAGTGTGCTTTGCATAACATGGGGGA,.......(((((...)))))..........,35.047219153743825
GAAGCTGTTTTCGATCAGGTTTGTGTATGA,(((.(((........))).)))........,35.04463905581085
GGAGGAGGAATCTCTTAGGGTTTCGGGGGA,......(((((((....)))))))......,35.04432001822214
GGAGGAGGAGTATGCAACGTACCTGGGGGA,......((.(((((...)))))))......,35.04287268041679
GGGGGAATGTACACAAATGTATATGGAGGA,......(((((((....)))))))......,35.04069113513245
GGGGGAATATCGCTTAGGCTTAATGGAGGA,(((.((...)).)))...............,35.039229540877905
GGGGGAGTGAAAGTTCTTTTTTATGGAGGA,..............((((((....)))))),35.036965867564945
GGGGGAAACTGCGTATCGTTTGTTGGTGGA,(.((....)).).(((((.....)))))..,35.0280878373154
GGGGGAAGAACGCTTATGCGGGATGGAGGA,..........(((....)))..........,35.01220917840779
GGAATGAACACTTTTATTAGTGAGGGGGGA,........((((......))))........,35.003832528180354
GGAGGATTAGCGGCCCGATACTAAGGGGGA,.............(((........)))...,35.002732503503566
GGAGGAATGAGAAGTAATCCTCGTGGGGGA,.(((((...........)))))........,34.999528968759535
GGGGGAAGGAACAAGTGTTATCCTGGAGGA,..((((...(((....))).))))......,34.99800794689742
GGAGGAGTGCGAATGTATTCAAATGGAGGA,....((((((....))))))..........,34.99522081356339
GGAGGAGACTAATTCGTTATGTCGGGGGAG,.((.(.(((......))).).)).......,34.989426040947784
GAAGGGATAATATTTTTCCGTTTGTGATGA,(((.(((.........))).))).......,34.97925376065355
GGAGGAGTCGGATACAGGACCGATGGGGGA,......(((((........)))))......,34.97581904636082
GGAGGAGGAGCTTGAGAATGGTCCGGGGGA,......(((.(........).)))......,34.97552719105493
GGAAGGAGTAATAATCTATGCGCGGGTGAC,(.(.(((.......))).).).........,34.973636325112295
GGAAGAAGCAAGTTGAGATTTGCTGTAGGA,......(((((((....)))))))......,34.969222815492834
GGGGGAGATACTTGTAGATGTTTAGGAGGA,..........(((.(((....))).)))..,34.96513121200575
GGGAGGAACCTCTTATTAAGAGTGGGAGGA,........(((((((((...))))))))).,34.9626398942476
GGGAGAGGCGTTATTTATATAGCTGTAGGA,.......(((((((....))))).))....,34.962275005857926
GGGAGTGAAATAATTTTTATTTTATAAGGA,.(((((((((....))))))))).......,34.95587080391429
GGGGGAGGTCTTGTGGGCTTAACCGGAGGA,.((..((((((...))))))..))......,34.95537706036798
GGAGGAACATTATGTATAGTTGGTGGGGGA,.......(((((........))))).....,34.95414653784219
GGGGGAGGTTAAAGCTTAAGTACCGGAGGA,((...((((....)))).....))......,34.9494684349761
GGAGGAACTATTGACGTGTGGAGGGGGGGA,.......((((......)))).........,34.945305958132046
GGGGGAGGAGAGTATTAGGTCACCGGAGGA,......((.((........)).))......,34.94379948553861
GGAGGAGCGAAGGGGTTCCTTGGCGGGGGA,.(((((((......))))))).........,34.93734299516908
GGGTGAAAATCTTGGGTAGCATTTAAAGGA,((((....))))..................,34.93721825528896
GGGGTGAGGAAAGTATGTAATCCGAGAGGA,.((((..............)))).......,34.92769726247987
GGAGGGAATCATGGCTAATGTTTGGAAGGA,........((..(((....)))..))....,34.927557380906805
GGAGGAGTTGATCTGTTGATACACGGGGGA,...........(((.(((.....))).))),34.916278620520934
GGGGGAGTGATTCTAAGGCATTATGGAGGA,..((((....))))................,34.90912132472597
GGGGGAGGGTTTCAGTGAGTACCAGGAGGA,.......((((((...))).))).......,34.9033706396161
GGGGGAGATAAGTCCTAACTAGACGGAGGA,..((((......))))..............,34.88996524287628
GGAGGAAATATGTGATAGCATGTTAGGGGA,......(((((((....)))))))......,34.88818631449067
GAAGCTCGTTATACGATGGTTTGTTTATGA,(((.(((((...)))).).)))........,34.885881544322686
GGAGGAGTTAGTTACCTAATGTACGGGGGA,..............(((........)))..,34.878710310851446
GGAGGAGAGATATATATGATCCCCGGGGGA,((.(((.............)))))......,34.86506588007501
GGGGGAATTGTGTCTTTGGACCGTGGAGGA,.(((((......)))))...((.....)).,34.860024154589375
GGAGGAGTTAGTTGTTGGACAAACGGGGGA,......(((.(((....))).)))......,34.85418115916143
GGAGGAGTATACCTAAGAGGTTGGGGGGGA,...........(((((....))))).....,34.840573892610486
GGAGGATTCGAATCTTAATGAGGAGGGGGA,......(((...((((....))))...))),34.84044398435702
GGGGGAGGTGCTCAAAGGAACCCCGGAGGA,((((................))))......,34.84008143787895
GATGGAGTGGATTGTTTCAATACCGGGTGA,.......(((((((...)))).))).....,34.8290499194847
GGGGAATAGTTCTACAGGGGTTGGGGAGGA,.........((((.((.....)).))))..,34.81305958132045
GGGGGAGACTCTGTAGCCAAATGTGGAGGA,((((....))))....(((....)))....,34.81209118393596
GGTGGAACATCGTAATTCGTCTGTGGGGGA,((((...)))).....((.((....)).)),34.810487117552334
GGAGGATGTCTTTCATGAAAGTTAGGGGGA,(((((....)))))................,34.80717178310577
GGGGTATTAAATCGTAATAGTTGGCGAGGA,...........((((........))))...,34.80520933977456
GGAGGAGAGCCTTAATTGAGGTGTGGGGGA,........(((((....)))))........,34.80437175907315
GATGGAGGTGTTTTGTCATATGCCGGGTGA,......(((((........)))))......,34.79438808373591
GGGGGAGGTTTTAAACGCGGTACCGGAGGA,((....((((...))).)....))......,34.792354506290195
GGGTGATGTCATCAATAGTATACAGAAGGA,.((((....)))).................,34.78827579435215
GGGGAATGTCCTTATATTTTGGTTGACACA,(((((...))))).................,34.78407407407408
GGGGTGTCAAGTATTGGCAGGTGGTACGGA,....((((((...))))))...........,34.78196457326892
GGAGGAGATTTCGTTTCGATGGTCGGGGGA,((((....)))).((((((...))))))..,34.78152082667445
GGAGGGATCAGAACTGATTCTGAGGAAGGA,...(((((((....))))))).........,34.78031631009892
GGGGGAAACTTAGATCTATTCGTTGGAGGA,.(((....)))...((((.....))))...,34.77714299517244
GGGGGATTGACGTATAATCGCCAAGGAGGA,.((.(((((.....))))).))........,34.7699047409917
GAAGCAGATGTAGTCTGGCCTTTGTTATGA,..((((((.((......)).))))))....,34.76371823573308
GGCGGAGTCACATCCCCGATAGACGGGGGA,(((...)))....(((((.....)))))..,34.76218847068565
GAGAGGAATGTTATAAAACAATTGGGGTGA,........((((....))))..........,34.746160205804955
GGAAGGAACTGTTTGAGATCTGTGGAAGGA,....(((.((.....)).))).........,34.741813713026524
GGGGGAAAGTCTATTGTTAGATTTGGAGGA,......(((((((....)))))))......,34.738822005721794
GAAGTCTGTGTTGGCAAGAGTTTGTGATGA,(((.(((((....)).))).))).......,34.7288177997722
GGGGTACAAATTATACCTTCTTTGTGAGGA,.(((((.......)))))............,34.724653784219
GGGGGAATTTGTCATTAAGTTAGTGGAGGA,...........((((((...))))))....,34.71736512257209
GAAACATGTGTGAAATATGGTTTGTAATGA,....(((((.....)))))...........,34.716719885314795
GGGGGAGGTCACATTTAATGTACTGGAGGA,......(((.((((...)))))))......,34.71073154694543
GGGATGAGAGTTACCCTGTACTCAAAAGGA,.......((((........)))).......,34.70906664189273
GGGGGTTCTTTCATGAGAACGGTGGTAGGA,....((((((....))))))..........,34.698107890499195
GGGGGAGGTTCTAAAGAATATAACGGAGGA,.......((((....))))...........,34.69622428067563
GGAGGAGATCTTCCAGAGGAATGCGGGGGA,(((((....)))))................,34.68635483954118
GGGGGAGTAATTTCCGTATAATTTGGAGGA,.(((((....)))))...............,34.681043706863804
GGAGGAGAAGATTCCCAAAGCTCCGGGGGA,((((................))))......,34.67547861093199
GGGATGAGCTATAATCATAGTTGAAAGGAG,....(.((((((....)))))).)......,34.67226805400718
GGGGGATATGCTTCGATAAGCTTTGGAGGA,..........((((((......))))))..,34.669423235536705
GGGAGAGGTACTGTCCTAGGTACTGTAGGA,((((.((...)).)))).............,34.667391304347824
GGAGGAGTGAGGACAAGTTCGAAAGGGGGA,(((...((....))...)))..........,34.66565903725759
GGGAAAATACAACTATACTGTTGGAGTGGA,.........((((......)))).......,34.65690016103059
GGGTGAGATATCATTTTGAATAGTGAAGGA,..........(((((......)))))....,34.65472810603245
GGGGGAGAGGTCTAACAAGTCCCTGGAGGA,.(((((...((...))...)))))......,34.65378314311021
GGAGGAGAACCAATTGATTGGGACGGGGGA,......(..((((....))))..)......,34.65363751832619
GGGGGATTGACGCATAATCGCCAAGGAGGA,.((.(((((.....))))).))........,34.64555722860071
GGGTGAGCTTGGTTTATACCTTTCGAAGGA,((((((((...)))))).))..........,34.64356125356126
GGGTGAGGTTACTCCATTTGTATCGAAGGA,(((((....))).))...............,34.64185566573438
TGGTCGGATGCTTTATTTTGGAGTGGGGGA,...((...(((((((...)))))))...)),34.63121348056131
GGAGGAGAATCTGTAATTGGATGCGGGGGA,.........((((((......))))))...,34.63103316476274
GGAGGAGTGGTTTCTTTCTATCACGGGGGA,(((((((....)))))))............,34.62811738115531
GGAGGAGCGATAACTTGTGAGAGTGGGGGA,............((((....))))......,34.62665145613839
GGAGGAAAAGATAGCGTATTCTGGGGGGGA,........(((........)))........,34.625795951230735
GGAGGAGGGAATTCACGAATATACGGGGGA,(((........)))................,34.619326469031776
GGGATGAAAGGAGGTGTGTCCTTGAACGGA,.......(((((......))))).......,34.61636876006441
GGGGGAGGGGGATATATATTGCCCGGAGGA,......(((.(((....))).)))......,34.614884586455176
GGAGGAGCGATGGTACCTTCTAGCGGGGGA,(((((.((....)).)))))..........,34.61310267086189
GGGGGACATATGATATCATATTAGGGAGGA,.......(((((....))))).........,34.607965285207364
GGGTGATGTTTTGTCGCTCAAAACAAAGGA,(((((((.....)))))))...........,34.603363575664744
GGAAGGAAATCCGTGTATTGATTGGAAGGA,(((......)))..................,34.59996290229468
GGGTGAAAGAAAACTAATTTTCCTGATGGA,.(((........))).....(((....))),34.59091394682063
GGAGGAGAGTTCTACGCAAGACCCGGGGGA,((((.....)))).................,34.58989021778626
GGGGGAACGTAGCAGGAATGCGGTGGAGGA,.......((..(((....)))..)).....,34.585569107225695
GGAGGAGTAACATGATAATGTTAAAGGGGA,.......((((((....)))))).......,34.58538217142591
GGAGGAGGTTAGGCTTTCCGCGCCGGGGGA,....(((......)))(((.(....).))),34.58489096151006
GAAGTGTGGTTTACAGACAGTTTGTGATGA,...((.((.....)).))............,34.58138937983583
GGAGGAAGTACTTCAATAGGGACTGGGGGA,((((......))))................,34.57786027518863
GGGGGAGTCCTATAGCAATAGTACGGAGGA,.......((((...((....))....)))),34.57192578827574
GGGGGAAGCGCATGAAATGTGAATGGAGGA,........(((((...))))).........,34.57109430076818
GGGGGAGATAGGAGTCTTCCACACGGAGGA,..(((((((....)))))))..........,34.55843132414009
GGAAGGAAGTATGCTATAGTACTGGAGGGA,.......(((((......))))).......,34.54969749252358
GGAGGAGATAGTAGAAATGCTATAGGGGGA,.......((((((....)))))).......,34.5476518835619
GAAAGGAGAAAATATAGCTTTTCGGGATGA,((((((..(.....)..)))))).......,34.538896092889225
GAAAGACTATTGCCTCGTCTTTTTCTTTGT,(((((((.........))))))).......,34.532576489533014
GGAGGATGGATTGATCAATCTTAAGGGGGA,..(((((.((....)).)))))........,34.531644200811165
GGGGGAGGCAACGTTATCGTTAGCGGAGGA,.......((((((....)))).))......,34.53039726835599
GGAGGAGTGGTAATTTATTTATGTGGGGGA,....((((((....))))))..........,34.52889699027335
GGGGGAGACATTTCACTAAATGAAGGAGGA,((((((....)))).)).............,34.522750759069325
GGAGGGAGTATTTGGTAAAGTACGGGGGGA,.......((((((....)))))).......,34.52048459076624
GGAGGAGTGAGTGAACATCTCATGGGGGAG,.((((.((......)).)))).........,34.51846197425195
GGGAGAATATGATCCAGATCTAATGTAGGA,.(((........)))...............,34.50874834140808
GGAGGAAGTATCTGCCAATAGACTGGGGGA,..........(((.(((......))).))),34.50110820242233
GAAGCAAGTCTCAATTTGGTTTGTTCATGA,(((.(((((....))))).)))........,34.50040080908055
GGGGGAGGTTTAAATTTTTGGTCCTGAGGA,..((((...............)))).....,34.49336020500242
GGGGGATATTCGCAAGCTTAAATAGGAGGA,(.((.....)).).................,34.49317189244272
GGGGGATTCAAGTCTAGGACTTGTGGAGGA,........((((((...)))))).......,34.49035541767878
GGGGGAGTTTCAACCTCTGTTAACGGAGGA,.............((((((....)))))).,34.48468650059138
GGAAGGAAAATGAGTAGTCTTTTAGGGGGA,.((((((..........)))))).......,34.483861767946436
GGGAGAGTAAAGTAATTGCTTTGTGTAGGA,.(.(((((((.....))))))).)......,34.48147809136368
GGGGGAGTTTAGTTGTATCTAACCGGAGGA,.((..((...........))..))......,34.48136679795459
GGAGGAGCGTTGAGGTATTGACGAGGAGGA,.......((((((....)))))).......,34.480790954451706
GGGAGAAGATGTCGATAGACGGATGTAGGA,..........(((....)))..........,34.47610009322824
GGAGGAGAGAGTGTTGATAATCTTGGGGGA,....((((..((....))..))))......,34.47479791186582
GGGGGATCTCAATTTCTATTGTGTGGAGGA,(((....)))...((((((...))))))..,34.46891383069577
GGGTGAGAGGTAAATGGATCCCTTGAAGGA,(((................)))........,34.46399046203394
GGAGGAAGGGTATCTTGAGATACTGGGGGA,........((((((....))))))......,34.45448496966452
GGGTGAATGAGAAGTAATTGTCATAATGGA,......((((.((....)).))))......,34.453102316363186
GGGAGAGAGAACATGTAATCACTCGTAGGA,..(((.((..........)).)))......,34.446673479499566
GGGGGAACATGCTCATAGGGCATTGGAGGA,........((((((...)))))).......,34.443065973265284
GGAGGAGAATGTTAGACATGTTTCGGGGGA,....((((((((...)))).))))......,34.44155821167311
GACGGATAGCATTTTATAATGTTAGGGTGA,.((...(((((((....)))))))..))..,34.440357717966414
GGTGGAATAAGACCATAGGTATATGGGGGA,............(((((....)))))....,34.439697425375854
GGGGGAGAAGCCTGGAAGGAGTACAGAGGA,.(((......))).................,34.436801747258514
GGGGGAAGTGCCAGTGTCTGTCTCGGAGGA,((.(....).))..(.((((...)))).).,34.435716000049766
GGAGGAGTTGTTGAGGCAACAATGGGGGGA,......(((((((...))))))).......,34.428453578276304
GGGTGAGTCCCTCTTAAGTGGGATAAAGGA,......(((((........)))))......,34.42711460665331
GGAGGATGTAGGACGTCAGTTACAGGGGGA,....(((((...))))).............,34.424529904983935
GGGGGAGGTTTTCTGAGATATTCCGGAGGA,........(((((((........))))))),34.418039282662406
GGAAAGAGTGAGTCTTATTCTCCGTAGGGA,(((..((((((...))))))))).......,34.40935757267565
GGCTAAGTGTACAAGCAGTTTGTTATAGGA,(((.((.(((....))).)).)))......,34.40441282746161
GGGGGAAATCTGCTTTAAAAGTTTGGAGGA,............((((((....))))))..,34.40286326699473
GGGGTATGGTCAATCCATGGTGTGTGAGGA,(.(.(((((.....))))).).).......,34.39826892109501
GAAGCATGTGTTACACTTGGCTTGTTATGA,.((((..(((...)))...)))).......,34.39280978751816
GGAGGAGGATGAAGTCTTTCATTGGGGGGA,((((((........))))))..........,34.387871823106664
GGCCCTCTATTTTGTTATGACAAGGGGAAT,...(((((....(((....))))))))...,34.37843570278353
GGGGGAACAATGCGTTTAGGATGTGGAGGA,...........(((((...)))))......,34.376320098675
GGGAGTTTTAAATCATCATTTAAGGAAGGA,.....((((((((....)))))))).....,34.373407492160354
GGGGGAGTAGGGGTGGACCAATACGGAGGA,......(((..((....))..)))......,34.37336976454221
GGGTGAGGTAATTCTATAAGCACCAATGGA,.((((..(((....)))...))))......,34.37242598786077
GGAGGAGAATTGATATTCTGTTTCGGGGGA,((((.(((((....))))).))))......,34.371081678757726
GGGGGAGGGGTAACGGATTGTGCGGGAGGA,(.(.((..(....)...)).).).......,34.370454475204774
GAGGTGCACATTTATGGCAGTTTGTGAAGA,(((.(((.((....))))).))).......,34.340341306311615
GGGGGAACACTAAGTTGTTAGTTTGGAGGA,........(((((....)))))........,34.33953345617268
GGAGGATTGTGTATTTCTTAACAAGGGGGA,.(((((........)))))...........,34.333642948506125
GGAGGAAATTTGAAAGTTCTTATTGGGGGA,.(((((..........))))).........,34.33272950923282
GGGGGAGATTAGCATTAGTCAATTGGAGGA,......(((((....)))))..........,34.33107227918085
GGAGGAGTTGAATGACTTTCTTATGGGGGA,.((((((((....))).)))))........,34.3214453691847
GGGGGAATTAAAGTTACCTGTCATGGAGGA,.(((..((....))..)))...........,34.31991373798419
GGGGGATAAATTTCGAGGAATTGAGGAGGA,...........(((((....))))).....,34.31904482985135
GGGGGAATCTTTGGATGACAATGTGGAGGA,........(((((.((....)).)))))..,34.31065588214949
GGAGGAGGCTAAAAAATTATTTCCGGAGGA,...(((((.(((....))))))))......,34.309624544452916
GGGGGAGTATGATGATAATCAGTTGGAGGA,.........((((....)))).........,34.30782147690445
GGGTGAGACTAGTGCTAACCTGTCGATGGA,((((.((.(....))).)))).........,34.30414282175152
GGAAGGAAAGTTATGTGTAATTAGGTAGGA,..........((((.((....)).))))..,34.29969518488262
GGAGGAGCTGGAGTTAGTTCTAGTGGGGGA,...(((((((....))))))).........,34.295788234184464
GGTGGCGGGAAGACGTACCATATGAGGTCG,((((.((......))))))...........,34.29383252818036
GGGGGAGAGTTCTATATAGTGCTTGGTGGA,......((((.((....)).))))......,34.29275260116759
GGAGGAGATAATATTTCTAGTGTCGGAGGA,...((((((...))))))............,34.29024729854785
GGAGGAGGAATGCCGTGTCATTATGGGGGA,..........(.(((((....))))).)..,34.28612934791512
GGAGGAGCAATGTGATATCTTTGAGGGGGA,.(((((...........)))))........,34.278077863229534
GGGGCCCTAATTGCTAGGGGTGTGTGAGGA,.(.(((((........))))).).......,34.27661030595814
GGGGGAGCTCTTCGCTAGATGGGAGGAGGA,.......((((((.(.....).))))))..,34.27607878502409
GGAGGAGGTAAATGTAAATGTCGCGGGGGA,....((.((........)).))........,34.27374178524869
GGGGGAGCCCCTAGTCCTGGTGGTGGAGGA,((((...))))...((((........)))),34.26609753478322
GGGGGAAACGCAAGGAATAATGTTAGAGGA,(.(.....).)...................,34.264176955319165
GGTGGACAAGATTTTTCATTATTGGGGGGA,((((((........))))))..........,34.26245916724178
GGGAGAAGAAGGTTCAAACTTCCTGTAGGA,(((((..((....))...))))).......,34.254155436901435
GGCGGAAGAGTCAATTTGGGACCTGGGGGA,(((......)))..................,34.252279733149294
GGGGGAAATGCTAACCCTATCATTAGAGGA,((((..........))))............,34.251157907476326
GAAACAGTTGATATACGTGGTTTGTAATGA,...((((.(.((....)).).)))).....,34.24840560072268
GGAGGAGATTGTAATATTACAAGGGGGGGA,........(((((....)))))........,34.24696375117996
GGGAGTATAAGAAATTTTGTTATGCAAGGA,....((((((.((...)).)))))).....,34.244337231968814
GGGGGAGATTAATCGCCTGGTAATGGAGGA,(((.((......)).)))............,34.23527886590821
GGGGGAGAAAATTGTCATATTTATGGAGGA,.((.((.....)).))..............,34.23178767494007
GGGGGAGGTCTATGTAAATATGCTGGAGGA,........((((.(((....)))))))...,34.23099314872908
GAAGGTCTTCGCTAAGACGCTTTGATATGA,(((((((((....))))).)))).......,34.23090923373002
GGGTGAAGTATAGTTGTACTTACTGACGGA,.(((((.((((....)))))))))......,34.23038477837105
GGAGGAATTAGCGTAGTCTTTAATGGGGGA,.(((((..........))))).........,34.22887036207888
GGAAGGATATTCTGAAAAGAATAAGGGGGA,.......((((((....)))))).......,34.22440634696202
GGGGGAAGTGATACATAGATCCTGGAGGAG,((((...(((...)))...)))).......,34.2157961195554
GGAGGAGATGTTTAGGGGAACGATGGGGGA,.........((((....)))).........,34.2137117552335
GGAGGAGTAGTGCGTATGTACTGTGGGGGA,.......((((((....)))))).......,34.21081798054759
GGAGGAGGGTATCATCAGGTACCCGGGGGA,......(((((((....)))))))......,34.210236156896684
GGGGGAGTCGATATATATCGTAACGGTGGA,........((((....))))..........,34.2072528874737
GGAGGAGTATGCAATGCGTATAACGGAGGA,...(..((((((...))))))..)......,34.20369867800682
GGGGGAGGTGCATCTGTATAGTACGGAGGA,............((((((...))))))...,34.20368578972755
GGAGGAATGTATTCAATAAATCATGGGGGA,(((........)))................,34.202413907558075
GGAGGCGCCTTTCAATAGGAAGGTAGGGGA,......(((((((....)))))))......,34.19303484609198
GGAGGAGAATCTATATTATAATTCGGGGGA,(((......)))..................,34.183682852374424
GGAGGAGTTGTGCGTATGCGCCATGGGGGA,.........((((....)))).........,34.179625089157035
GGGGAACGTTTAGACGTTGTGGGCCAGGAG,((..(((((....))))).....)).....,34.17791465378422
GGAGGAATGATGTTTTATTCTCATGGGGGA,...(((((((....))))))).........,34.172985438310135
GGGAAGAATGGGATTTTCCCAATGTAAGGA,(((((((......)))))))..........,34.17218753870928
GGGGGAGATAGTAATTTGTTACCCGGAGGA,..(((.(((((....))))).)))......,34.16058180147995
GGAGGAGGATCTTGAAAAATGTCCGGGGGA,......((((.((....)).))))......,34.1577943346336
GGGGTGATTAATCGTATCGATTTGAGAGGA,.........(((((...)))))........,34.15354267310789
GGAGGAGATTAATTCTATATTTACGGAGGA,..((((......))))..............,34.15341947766571
GGGGGAGAGCAGAGATGCGAGCTTGGAGGA,..(((...(((....)))...)))......,34.150387981490844
GGGGGGAATTTCGCTCTGATAATGGTAGGA,((((.((...)).)))).............,34.13759047376897
GGAGGAGAAATGCCAAAAGCTGACGGGGGA,...((.......))................,34.13452914971053
GGTGGAGAAACCAAAGTTGGTTTAGGGGGA,.......((((((....)))))).......,34.12648090428174
GGGAGAGTAATCGTAAGATTGAACGTAGGA,.......(((((....))))).........,34.121841257733706
GGAGGAGGATTATGTATACTTTCCGGGGGA,((((.((...........))))))......,34.11591294722172
GGGATGAACCAAAGAATTTGAGTGAAAGGA,((......))....................,34.11046946612164
GCGGATTAGTATTTCCGGTAGTAAGGACAA,.((((........)))).............,34.109008511617205
GGAGGAGAGTTTGTTAACTTACTCGGAGGA,.(((..(((((....))))).)))......,34.10600243565816
GGAGGAGGTAATCACGAGGATCCCGGGGGA,(((....((....)).....))).......,34.10179802369502
GGGGGAAGTCTGCATAGTAGTAATAGAGGA,(.((.....)).).................,34.101615701659725
GGAAGGAAGCATATACTGTTGATGGAAGGA,.......((((.....))))..........,34.093320196626834
GGGGTCCGTATCACGTGAGATGGTGTAGGA,....(((....(((........)))..))),34.092890499194844
GGGGGAACTAACATCTAATGTTGCGGAGGA,........((((((...)))))).......,34.0902793583686
GGGAGAGTATAGTCCAAGCTAAACGTAGGA,.(((........)))...............,34.08514289294452
GGAGGGAAGTGTAAATACTAACTGGAAGGA,...((..((((....))))..)).......,34.08511399271125
GGAGGAGATGTAGTTTCTTTAATTGGGGGA,.((((((((...))))))))..........,34.084891869886974
GGAGGAAAAGAGTGAACTTCGTTTGGGGGA,((((............))))..........,34.08107667735351
CGGAGGAGAGGATGTTGTCCTCATCGGAGG,..(((((.((....)).)))))........,34.07977455716586
GGAGGAAGAATGTGCAAATGTACTGGAGGA,...........((((....)))).......,34.07776360599969
AGAGGAGGAAAGCCTCATATTTTCGGGGGA,....((((....))))..............,34.074074589683875
GGGGGAAATCTGCCGATCCAGTTTGGAGGA,((.((....)).))..((((...))))...,34.07265960348312
GCAGACGGATCAGATGGAGCAAATTGGTCG,...(((.(((..(......)..))).))).,34.071368760064416
GGGGGAGATCAATGAGAATTGGATGGAGGA,.........((((....)))).........,34.059794698057686
GGAGGAAAACCGAGTACTCGTTTTGGAGGA,...((....)).....(((......)))..,34.05668072742798
GGGATAAAATTGTCAGACACTTTTAAAGGA,..((((....))))................,34.05496036169949
GGAGGAGGTTTGCCTTCATGCTACGGGGGA,...(((((....))))).............,34.054767913384964
GGGGGAGGCACAATTTTTTGTGGAGGTGGA,........(((((....)))))........,34.05385340500708
GGAGGAGGTATTGGTCGCCAATGTGGGGGA,..............((.((......)).)),34.05373379765042
GGAAGGAAATAAGTTTCTGCTATGGGGGGA,(((((........)))))............,34.04855302507477
GGGGGAGGTAGGCTGTCTTTTACCGGAGGA,((..((((........))))..))......,34.04726216617521
GGGAGAGGTTATGAACACGTGACCGTAGGA,......(((((((....)))))))......,34.04517029399735
GGGGGAGGAGTTTACTAAACTCTCGGAGGA,..(((((............)))))......,34.04188301433159
GGAGGAGGCAAAGTAAACTTAACTGGGGGA,.(((...((...))...)))..........,34.03614160982683
GGAGGAACACTCGTAGGGATTTGTGGGGGA,.(((.....)))..................,34.02902310046504
GGGGGAGCGTAGCCTGGGTGGAGTGGTGGA,.(((........)))...............,34.02575305811994
GGGGGAGGTAGCTCCCAAGTACTGGAGGAG,..(((((....)))))..............,34.01830353264075
GGGGGAGGGAAAATATGTAGGCCCGGAGGA,(((..................)))......,34.01720070993055
GGGGTGATGGTATAAGGGATCCAGAGAGGA,.((((.............))))........,34.0170692431562
GGGTGAGAATAGCTTTTGCTGTTTGGAGGA,......(((((((....)))))))......,34.01644379561553
GGGCTCAACAATACATATATTTGGAGCGTA,..((((..(((.........)))))))...,34.00979871175524
GAAGGCCTACGCAGGAGGGGTTTGCTATGA,...(((..((.(.....).))..)))....,34.001637995365456
GGGGGATTGATATTTCACACTCAAGGAGGA,..(((..(((....)))..)))........,33.99259907305391
GGAGCCGGATTCATTCTGGGTGTGTGGGGA,(.(.(((((.....))))).).).......,33.990056360708536
GGAGGAGTTACAACTGTTTGTCGCGGGGGA,..........(..((((.....))))..).,33.98978436049818
GGGGGAGATGTTGATTTCTACAAAGGAGGA,...((((((....))))))...........,33.98921853306667
GGAATGAGAAATTATTGAATTTTGGAGGGA,..(((((....)))))..............,33.98916584404201
GGGGTGTCAAGTATCGGCAGGTGGTACGGA,..........((((((.....))))))...,33.98731078904992
GGGTGAACGTACATTACATGTTCTGAAGGA,....((((((.......)))))).......,33.98637893041783
GGGGCCCATGCTAATGTGGGTTGGTAAGGA,..(((((((......)))))))........,33.97902576489533
GGAGGAATTGGCTTCAATCATAATGGGGGA,((((.......))))...............,33.97844701607675
GGTGGAGCAAATCTATTTGTATGCGGGGGA,.(((((.....)))))..............,33.97643432252128
GGAGGAGATGTCAGGTATGATGTAGGGGGA,.......((((((....)))))).......,33.96534153050152
GGGGGAAATTGTACTTACATTATTGGAGGA,.............((..((....))..)).,33.9641619685402
GGGGGAGGAAGTCCAGAAACGAACGGAGGA,...(((.....)))................,33.96268836317131
GGGGTTATTATCAGTATAGATCTTAGAGGA,((((((..((....))..))))))......,33.96260064412239
GGGAGTCAAAATAGCTTATTTGGGCAAGGA,....(((.(((((...))))).))).....,33.95764895330113
GGGTGAGTTTTAGACAGACTAAATGAAGGA,.(((..(((...)))..)))..........,33.95694778470758
GGGGGAGAGACAGGATATTGTCATGGAGGA,........(((((....)))))........,33.95339733892839
GGGGGAGCCAACTGATAGGTAGGCAGAGGA,......(((.(((....))).)))......,33.93601945938933
GGGGCCTAGCTGTACTAGGGTGGGCGAGGA,...(((((.((......)).))))).....,33.93566827697262
GGGTGAGGTTTAACCTTGGTTTATGAAGGA,.(.((((((...)))))).)..........,33.92120547354462
GGTGGAGAATACTTTACAAGTTTTGGGGGA,.((((((....)))))).............,33.920641384262005
GGAGGAGCAGTAGTTCATTAGTGTGGAGGA,....((((....))))..............,33.91753904976183
GGGTGAGGTAATCCTATGGGTATTAATGGA,((((......))))................,33.9170692431562
GGGTGAACTTGAATTCCTTCTTGTGATGGA,..............(((.((....)).))),33.913442338659735
GGGAGAGCATGCGGTTAGTGTGTTCAAGGA,....((((((((.....)))))))).....,33.90825281803543
GGGGGAGTATGGTTTGCCAATCACGGAGGA,((.(((......))).))............,33.90471749258288
GGGAATGAGATCACTGTTGAGCGAAACGGA,.............(((((......))))).,33.90285641089989
GGGGGAATAACACAATAGTGTGATGGTGGA,.........((((....)))).........,33.89509013033277
GGGGTCCTATTGCATTGGAGTGTGTGAGGA,....((((..(((((....)))))..)))),33.89150563607086
GGGGGAGAATGTGTCGTTCTGTTCGGAGGA,.(((.((((((...)))))).)))......,33.889092631253384
GGGGGAAACTCTAAACCTGAGAGTCGAGGA,((((....))))...(((........))).,33.885356189742396
GGAGTGGATGAAAGTTCTTGTTCCAGGGGA,((((.(((.......)))..))))......,33.88067717603187
GGGGGAGTAACTAACAGTTTAGCCGGAGGA,...((...((((...))))...))......,33.8795865921776
GGAGGAAGGTGTGTCAACAGTCCTGGGGGA,..((((..((......))..))))......,33.87459475744775
GGGAGAGGTTTTGTTAAGAACATTCAAGGA,....((((((((....))))).))).....,33.86790377025409
GGAAGAATTAATTTTCAATTCAATGTAGGA,.(((((.....)))))..............,33.86592592592593
GGGGGAATTGTGATGAGGCTCAATGGAGGA,..................(((....)))..,33.865686820804896
GAAGTTACAGTGATAGTAAGTTTGTGATGA,(((.((((.......)))).))).......,33.865385491536074
GGGGGAGATGTAATACATGAGATCGGTGGA,.((....((((...))))....))......,33.862415376257644
GGGGATGTCAGTTTGACATGATGGTGAGGA,....((((((...))))))...........,33.8589887727275
GAAGCTTAATGGTAGTAAGGTTTGTGATGA,(((.((((.......)))).))).......,33.85836004084678
GGAGGAGGTCTTCGCGTGAGTACCGGGGGA,........((((((.((....)))))))).,33.85700927615993
GGAGGAGTTGAGGATCTACTTCACGGGGGA,...(((((.((...)).)))))........,33.849301645475364
GGAAAGAGTGGGTCTTATTCTCCGTAGGGA,(((..(((((.....)))))))).......,33.8462060344097
GGGGGAGAAAAAACGCTATTATTCGGAGGA,((.(.........).)).............,33.8447042626191
GGGTGAAAGGTCTACTTAGCCGTTGAAGGA,.(((..(((.....))).))).........,33.83355072463768
GGAGGAGTGGTTTCCACATTTCACGGGGGA,.((((.((((...)))).))))........,33.82734520665112
GGGGGAATTATGATGAAATCCTGTGGAGGA,..................((((....)))),33.81444707536443
GGGTGAGTGACATTATAATGTAGCAAAGGA,......((.((((....)))).))......,33.81288492505884
GGAAGGAGTACGGCCTTGTATACGGGGGGA,.............(((((....)))))...,33.8078675005504
CGGAGGAGTTTCAATGAAATTGGGGGGGAG,......((((((...)))))).........,33.80325961509513
GAAGCAATCTTCAGTTTGGTTTGTATATGA,(((.(((........))).)))........,33.79939927732611
GGAGGAAAAGTATGATAATACTATAGGGGA,........(((((....)))))........,33.795266863095726
GGGGGAGGTAAGTTTTTCCATAGCGGAGGA,(((((((.....)))))))...........,33.79260221260221
GGAATTATTGTGAATGATCACATAAAGGGA,........(((((....)))))........,33.79153598414468
GGGATATGCGCGAGAATTCCCACTAAAGGA,((((....(....)...)))).........,33.78603616994921
GAAATCCGATAATACGGGAGTTTGTAATGA,.....(((......))).............,33.78472683712344
TGGGGATGGGTGGCAGGCCTCTAGAGGGGG,.((((.((.....))..)))).........,33.78226247987118
GAAATCCGGATATATCTGAGTTTGTAATGA,.((((.((((....)))).)))).......,33.77521228545619
GGAGGAGGTCTTTACTGGTAAAATGGGGGA,.((((....)))).................,33.767983634577945
GGAAGGCGGCCTAGATGTGGGCCAGGGGGA,.......((((((....)))))).......,33.76512720649891
GGAGGAGTAACCCAGGGGGTGTAGGGGGGA,.........((((...))))..........,33.75007112034298
GGGGGAGAGATAGTCATGATGCTCGGAGGA,(((.(.(.((...)).)..).)))......,33.73793290806405
GAAGTGTTGTGTACAATGGGTTTGTGATGA,...........(((((.....)))))....,33.73762833352971
GGAGGATTAGGCTGTAGGACCTGAGGGGGA,......(((((((...)).)))))......,33.73634552207098
GGAGGTCAAAATATTTGACGTGTGTGGGGA,(.(.((((((...)))))).).).......,33.73518173452956
GGAGGAAACATGTTTTAATGTGTTGGGGGA,......(((((((....)))))))......,33.73309491392091
GGTGGAACGTCATATTTATGGTGTGGGGGA,.......(.(((((((...))))))).)..,33.730909386074494
GGGTGAGGGTGCATAAGTGAAATCGAAGGA,...(((...(((....)))...))).....,33.72428851969679
GGAGGAGGTCTTTGATATAAATCCGGAGGA,(((....(((...))).....)))......,33.71786992547748
GGGGGAAATTGACCTGGGTGCTTTGGAGGA,.(((........)))...............,33.712653189179015
GAGGAGGAGAGCTAACGTTCAACGGGGGAG,.....(..((((....))))..).......,33.71233324619818
GGGGGAATAGCTCCTGGGCTTTATGGAGGA,((((......))))................,33.71121046934199
GGCGGATGATTAGACGTATGTCCAGGGGGA,((((.(((......))).))))........,33.70165861513688
GGAGGAGCACAGTTTGAACTGGTTGGGGGA,.....(((.((((....)))))))......,33.70139799191595
GGGGGAAACCAGTGTAACGTAAGTAGAGGA,((......))....................,33.69833931176606
GAGGCTAATTTTGAAGTGGGTTGGTGATGA,...((((((((......)))))))).....,33.69814441695142
GGAGGAGGTGATTGTTTATCTAACGGAGGA,.....((((((....)))))).........,33.69512596661933
GGCAGATCTATTCTGTTGATGCGTAGAGGT,((((((.....)))))).............,33.69108235564757
GGGTGAACTTCATGTATATGTTGTAAAGGA,......((..(((....)))..))......,33.68105475040258
GGAGGATATTTGGCTTGCTAAGTTGGGGGA,.............(((.(......).))).,33.68014332596611
GGAGGAGAAGGGTGTCCGGAATGCGGGGGA,............(.((((.....)))).).,33.67921345203921
GGAGGAGAATACTTAATAGTGTTCGGGGGA,......(((((((....)))))))......,33.66098848799857
GGAGGGAGTTGGTCTAGTTCAGCGGAATGA,.......(((((......))))).......,33.66090219510128
GGAGGAATGCGTTCGAAATCGTGCGGGGGA,.......(.(((.((....)).))).)...,33.657211146456234
GGGGGATGAGTTTGTCAAGACGAAGGCGGA,..........((((((........)))))),33.656524039567515
GGAGGAATTGTCTATATGACTAATGGGGGA,.........(((.....)))..........,33.65603168884636
GAAGTGTCTTTAATATCAGTTTGTTTATGA,(((.((..........)).)))........,33.65400239582106
GGGTGAATGTTACCCTAGGTTACAAAAGGA,((((((...))))))...............,33.65233494363929
GGTGGAAGCTGACTAAGGTCTGATGGGGGA,(((....)))(((....)))..........,33.64883252818035
GGAGGAGGCTTTGTTAAGCAAACCGGGGGA,...((..((((....))))...))......,33.647702107321955
GGGGGAGCGGTTATGTTAAACCTTGGAGGA,((...((((....))))...))........,33.64389186408883
GGGGGAGTGTTCAGTTTTCTGCATGGAGGA,(.(((((........))))).)........,33.6426332615426
GGAGGAGTAGTTGTAGTCTATTATGGGGGA,...(((.((....)).)))...........,33.64101036301173
GGGGGAATTAGCAGACATGTGTTTGGAGGA,...........(((((....))))).....,33.640403654631065
GGGGGATAAATTTATCTTCAATTTGGAGGA,.(((((((....)))))))...........,33.64021555911907
GGAGGAGAGTGAGTTATCGAGCCGGGTGGA,((....((........))...)).......,33.63930664612654
GGAGGAATACAACATATGTTGGTGGGGGAG,.........((((....)))).........,33.637333733388466
GGATGAAGGGGGATGCTCGCCGGTTGCCAT,((.....((.((....)).)).....))..,33.63319760754543
GGAGGAAAATATTTTCATGTATCTGGGGGA,.(((((.....)))))..............,33.631219623636696
GGGTGAGAAGAATCACGTTACTTTGATGGA,..((((......))))..............,33.620104669887276
GGGGGAGAGACCAGAAGTGGTATCGGAGGA,......((.((((....)))).))......,33.615389956697065
GGAAGGAGAGGAGGCTATTCCACGGAGGGA,....((((((....)).)))).........,33.609160643335436
GGAGGAGAAATATGGCAAAACTTCGGGGGA,((((................))))......,33.60090081793301
GGAGGAAGAAATCCGTTTTGTCTGGAGGAG,(((........)))................,33.60020388068779
GGAGGAGAGATTATTTAAATCCTCAGGGGA,.(((((.............)))))......,33.59994927311099
GTAATACACTAAGATACAATTGTGTTATGA,((((((((............))))))))..,33.59863929146538
GGATGAAGGGGGAGGGTCGCCGTGTGCGAT,...............(((((.....))))),33.59456751782839
GGGGGAGATACGCAAGTAACGGAACGGAGG,.(.(......).).................,33.58897912463764
GGGGGAAGAGACATGTTTGTCTGTGGAGGA,......(.(((((....))))).)......,33.58177481602506
GGGGGAGCAACCGATGCCAGGTGTGGAGGA,..((......))....(((....)))....,33.579923557223964
GGGGGAGATGTTCTTATTGGAATCGGAGGA,.........(((((....))))).......,33.57540437582888
GGCGGAGAGAAATTTCAATTTGTCGGGGGA,((((((..((....))..))))))......,33.575005268899886
GAAGGAGCATTTCGTTTATTGAGCGGGTGA,.......((((.(((((...))))))))).,33.56925695882218
GGGGGAGCGAACTTCATGTGAAGTAGAGGA,..........(((((....)))))......,33.56323981889741
GGAGGAATAAGGTGTAGCGCTAGTGGGGGA,..........((((...)))).........,33.56042777937935
GGGGGAATAAGCGAAGTATGCCATGGAGGA,((.(..............).))........,33.55750459568623
GGAGGAGGGAAATGAAATTATCCTGGGGGA,..((((..............))))......,33.54664444852117
GGAGGAATGAGAATTAATCCTCGTGGGGGA,.(((((.(((...))).)))))........,33.54052214218935
GGAGGAACTGACTGTTTGTACGGTGGGGGA,.......((.(((((....))))).))...,33.529412389606634
GGAGGAGCCTTTTCACAATAGCGCGGGGGA,.......(((((.(.(....).).))))).,33.5264546963975
GGAGGAGCTTCAAAAATTTGAAACGGGGGA,........(((((....)))))........,33.52302993034475
GGTGGATTTCATCTGTAAGTGGAAGGGGGA,......((((((......))))))......,33.521068553025074
GGGGGATGTTTGCGTCAGTAAACGGGAGGA,.......((((((....)))))).......,33.52042775759189
GGGGGAGCGGACTTAAAGGTACGGGGAGGA,.......((.(((....))).)).......,33.508641537976004
GGGGGAGGTCTACCTGAGGAGATCGGAGGA,......(((((.((...)))))))......,33.508371362487566
GGAGGGAATTAAGTGAACTTTGTGGAAGGA,.................((((....)))).,33.497470972116275
GGAGGAATGAGTCCTTCGGCTAGTGGGGGA,((((((.....)))))).............,33.49603647131747
GGGGGAGGAAGTTAGTTGGGTTCCGGAGGA,......((((.((....)).))))......,33.49378138720852
GGAGGAGAAATTTCAACTCATTTCGGAGGA,.(((..((....))..)))...........,33.487080770906616
GGGAGGAGGGTATTAATTGTCCGGAAGGAG,....(((.(((....))).)))........,33.48128886411495
GGGGGAAATGAGCATTACTTCGTTGGAGGA,.................((((....)))).,33.47894921653068
GGAGGAGTCTAAGGGTACGCAGAGGGGGGA,.......(((..(....)..))).......,33.4783339910045
GGAGGAGTGTTCCGTAGTGAATGTGGAGGA,((((.....)))).................,33.47603583055394
GGGGGAAATCAATGACCATTGAGTGGAGGA,...............((((...))))....,33.469881645126875
GGAGGAGGTGGTTGGTCCCGGACCGGGGGA,...............(((((...)))))..,33.465521425607044
TGGGAGAGCGATTCTTTAGATGCGTAGGAA,.......(((..((....))..))).....,33.45758157470972
GGAGGAGGGGTGTCATACACTACCGGAGGA,......(((((((...))))).))......,33.45674423758396
GGGGGAACATGGTGTTGGCTGTGTGGAGGA,......(((((((....)))))))......,33.45642283474361
GGAGGAAGAGCTTCGCGAAGATCAGGGGGA,((((......))))................,33.44729541397676
AGAAGGAGCGTATTTTTTATAGAGGGGGGA,.((((((.....))))))............,33.444912583390845
GAAGACCCGTCTAGTGGTGTTTGCTTATGA,(((.((((.....).))).)))........,33.440500373119676
GAGGTATATTGAAATATAGTTCGTGTGTGA,(((.(((((....))))).)))........,33.44036192608303
GGAGTGGAAGTAGTGCATTACTTAGGGGGA,.......(((((......))))).......,33.43908097538532
GGGGGGAGCTGTTGTGAAATGGTGGAAGGA,.......((((((....)))))).......,33.43877097152449
GGAGGATTAATTAATCACAATTATGGGGGA,....((((....))))..............,33.43822681962918
GGAAGGATAATTTACTATAATTAGGGAGGA,..............(((....)))......,33.42762607000593
GGGGGAATAACTGCTTGGAGTTTTAGAGGA,(.((......)).)................,33.426490894543456
GGAGGATAAATTCTACGAATGTTAGGGGGA,((((......))))................,33.42498078116053
GGCGGAGTTGTCTGCAAAGATAATGGGGGA,.(((((....)))))...............,33.42434269971909
GGAGGAAGGCAAAGTCTGTAGTCTGGGGGG,(((...((((...))))....)))......,33.421637220271876
GGAGGAAATGTCAGTCTGCATATTGGAGGA,..............(((.((...)).))).,33.41581177574052
GGAGGAGGGTCACATTTGTGTCTTGGGGGA,.....((((.(((....)))))))......,33.41496567700179
GGGGGAAGTGCTGGAAATGTTTCTGGAGGA,..........((((((....))))))....,33.41360335870897
GGGGGAAGAGAGTTGTAATACCCTGGGGGA,((((................))))......,33.40541185507919
GGGGGAGCACTATGTTCTTTAGGTGGAGGA,.((((((((...))))))))..........,33.40169634850659
GGGGGAGTAATACTTAATGCCCACGGAGGA,.(((.(...........).)))........,33.39851454589916
GGGGGAGAGCTTTGTGAAATGCTCGGAGGA,......((((.((....)).))))......,33.38216288810503
GGGTGAGCTAAAAAGGCTTTTTGCAAAGGA,(.(.(((((.....)))))..).)......,33.37770870412747
GGAGGAGTAAGACTAAAGTCACGCGGAGGA,......((..(((....)))..))......,33.377377171643836
GGGGGAAGTCAAAACCCTTGTACTGGAGGA,((((..........))))............,33.376454077535676
GGTGGAGCTATAAGATTTTTTGGCGGGGGA,......((((..........))))......,33.37266802271379
GGGTGAACCAGATATTTGTCTTGTGATGGA,((.....)).....((((((....)))))),33.36778906504762
GGAATAAGACATATTCTTTTGTCAAAGGGA,.......((((........)))).......,33.36641961183151
GGCGGAGTAATATTCTGTAATGACGGGGGA,.(((((((...)))))))............,33.36237566222285
GGGGGAGGGTCATTAATATGGCACAGAGGA,........(((((....)))))........,33.36059353235319
GGAGGAAACATTGACAATGTCGTTGGGGGA,........((.((((...)))).)).....,33.348352681840076
GGGGTATCTTATATAAATGGATGGTGAGGA,..(.(((((.........))))).).....,33.34776972624799
GGGGTGAGGCTGTTTCCTCAGTTCGTAGGA,(((.(((((......))))).)))......,33.34566394153351
GGGGGAGGTTATTGGTAAATATACGGTGGA,......(..((((....))))..)......,33.343465025315865
GGGGGAGAATTAAAGTTAGCTTTTGGAGGA,(((((..(((....)))..)))))......,33.3338639954501
GGGTGAATCACTGTTTATCTTGATGATGGA,.((((...)))).((((((.....)))))),33.33270531400966
GGAAGAGGAGGAATAAGTTCTGACGGGGGA,......(..((((....))))..)......,33.32621169581246
GAAACTGTGTGTCGATCAGGTTTGTAATGA,.(((((..((....))..))))).......,33.324113546207926
GGGGGAGGTCTTTGCCCAGAGAATGGAGGA,(((.((.....)).))).............,33.31405163947095
GTAGGAGCATAATTGTCTATTTGTGGAAGA,.......(((((........))))).....,33.31292990931435
GGAGGAGTATCACTTGTGTGTTATGGAGGA,......(((.(((....))).)))......,33.30796423053313
GGAGGAAGTTAATGATAATTAAGGGGGGGA,........(((((....)))))........,33.29323720195373
GGGGGATAGGATTCTAAGAAGCCTGGTGGA,......((((.(((...))).)))).....,33.284814814814816
GGAGGAGCATGATGTGTTCAATGTGGGGGA,....((((((...))))))...........,33.28420239141283
GGGGGAGATATTCTACTGATAATCGGAGGA,..........((((.((((...)))))))),33.28197584525371
GGAGGAGACTGTGTTTATACCGTCAGAGGA,......(((.(((....))).)))......,33.27929146537842
GGAGGAGATAACTTACAGGGTATTGGGGGA,...........((..(((....)))..)).,33.275757359096346
GGGGGATCAAGTTGTTGATCGTTCGTAGGA,(((.((((((....)))))).)))......,33.268006195811864
GGAGGAGTGAGCCTATCCGGTTCCGGGGGA,......(.(((((.....))))))......,33.262227329685174
GGAGGAGGGCCCTTTGTACACCCCGGGGGA,(((((.....))))).....(((...))).,33.259784331160276
GGAGGAGTGGCAGGTAGTCGTCAAGGGGGA,.((.((.((.....)).)).))........,33.25430939523262
GGGGGAGTACCTTTTTTAATGTATGGTGGA,.(((.....)))..................,33.25297067831197
GGTAAGGGAGTTACACTTAGCGGAATAGGA,(.(((((......).)))).).........,33.2529438935503
GGGGTTAAAGTCAGCCAGGATTTTAGAGGA,....((((((((......))))))))....,33.25124798711755
GGGGGAACCATAAATCTCTTTGGTGGAGGA,((.....))......((((.....))))..,33.24800171105586
GGGGGAGTACCTTATTTATAGTATGGAGGA,((((.....)))).................,33.24581129690546
GGGGGACTGGTGTCTCAGGTCTAGGGAGGA,..(((((....)))))..............,33.23910116037864
GGGGGAGCACTTGTTATAACGTGTGGAGGA,.......(((.(((....))).))).....,33.23036260451922
GGGATGAAAGTATTAAAATTACTAAAAGGA,........((((.......)))).......,33.22660658986746
GGAGGAGCATGATGTTAACCCTGCGGAGGA,(.(((((((...))))...))).)......,33.215059365333836
GAAAGCGGTGTGATCACAGAGTTTGTATGA,..((((..(((....)))..))))......,33.20383252818036
GGGGGAGTACCAACTTAGCGGTATGGAGGA,......(((((........)))))......,33.19526954852414
GGGTGAGTACCATGTAGTAGGTACAACGGA,..((..(((((........))))).))...,33.19341600879777
GGGTGAGCGGGGAAATGTCCCCTTGAAGGA,........(((((....)))))........,33.18934782608696
GGAGGAGGATTATCTTAATATAACGGGGGA,..((((......))))..............,33.18369127486402
GGAGGAGTAAGGAATCTATGCTGCGGGGGA,...(.((((((....)).)))).)......,33.182833568201325
GGAGGAGGCCTACCCAAAAGGCTGGGGGAG,..(((...))).((((......))))....,33.17454949666584
CGGAAGGAGATGTGTTTTCATGGGGGGGAG,.(((((.(....).)))))...........,33.17107890499195
GAAACATTTGTAAAAATGGTTTTGTAATGA,(((((((((....)))).))))).......,33.16964200149248
GGAGGAGTGTATCTGAAAGTCAATGGGGGA,(((........)))................,33.16430579961321
GGAGGAATGTGCAAGCCTAAATATGGGGGA,...............((((....))))...,33.145784582634775
GGAAGAGCGTGTCATGTTGAAAGCGTAGGA,......((((.(((...)))..))))....,33.143050682261205
GGGAGAAGTGTGAGCTCTTCAAACGTAGGA,.(((((.((....)))))))..........,33.12673558690193
GGAGGAGCTTACCAACTGGTATCCGGGGGA,...(((...((((....)))))))......,33.11671125082668
GGAGGAGAGAGTGTTGATGATCTGGGGGGA,.....(((..((....))..))).......,33.11064438642442
GAAGCTTTATGCATAAAGGTTTGAGTATGA,(((.(((((....))))).)))........,33.099743922076904
GGGGGAGTATGCCACATGTATACCGGAGGA,....(.((((((.....)))))))......,33.08833568970593
GGAGGAGGTGATAGTTATCAGTCCGGAGGA,...(((..((((....)))).)))......,33.08653230463127
GGAGGAGGAAGTTCCTGAACATGCGGAGGA,..(((((....)))))..............,33.085759033318155
GGACGTAGGAATTCTTAGTTGTGGAAGGGT,.(((.((((....)))))))..........,33.082304432579036
GGGGGAGTTAAATTGACCGTTTATGGAGGA,((..((......))..))............,33.07721017723705
GGGAAAACATACATTCCAATGGTTTAAGGA,.((((........)))).............,33.07530977201458
GGGGTACTAGTTATAGGTAGTGGGTCAGGA,....(((((........)))))........,33.06127214170692
GGGATGAGGAGGATTTATTAGCCGAAAGGA,..((((((.....))))))..((....)).,33.05684008423139
GGCGGAAACTGGTACAGCCCTGTTGGGGGA,.................((((....)))).,33.04570876757723
GGATATGCGTCATTTTTTTGAGGGTAGGGA,.......(.(((......))).).......,33.044553351978976
GGGTGAACTTATAATCCTTATAGTGATGGA,((((.........)))).............,33.04279388083736
GGAGGAGAAATCTAATAAGAAGTCGGAGGA,......((..(((....)))..))......,33.04270672031105
GGGGGAAGCGTGCCCTGGTCGTCTGGAGGA,((((........))))..............,33.02340223358513
GGGGGAAGCCTAAAATTTTATGCTGGTGGA,.(((....)))...................,33.022287290013075
GAGGTGAGATGCTGGCTATTATAGTTTGTT,..(((.((...)).))).............,33.02194847020934
GGGGGATTGATATTTCACATTCAAGGAGGA,...(((((((....))).))))........,33.0159852767477
GGGAGGAAAGGTGGGATGCCTTTCAAAGGA,.....(((((((.....)))))))......,33.01066827697262
GAAGTATGTCATTTGATTAGTTTGTGATGA,.......(((((...........)))))..,33.0091377007973
GGAGGAATCTAATTCTATATTGATGGGGGA,(((....)))..((((((....))))))..,33.00268446777922
GGAAGGACAGTTGAATAAACCTGGGAGGGA,...................(((....))).,32.99931786996564
GGGGTGGGTTTGTAACCAAGTTGGTATGGA,....(((........)))............,32.998421900161034
GGGGGAAACAGATAAGTATTTGTTGGTGGA,......(((((((....)))))))......,32.997847655762904
GGAGGAGTGGAGTGTACATATCCCGGGGGA,((.((.(((.......))).))))......,32.996541497505
GGGGGATATTTTTGTTTCATGATAGGAGGA,..((((((....))))))............,32.99645499043566
GGGGGAGCTATCTCGGTGAAATGCGGTCGA,..((((....))))................,32.99410188852687
GGGGGATGGAAAGATCACGTTTCAGGAGGA,..((((((((....)).)))))).......,32.98973024614095
GGGGGAGGAGGATCATGGATTCGCGGTGGA,.......(.(((((...))))).)......,32.980186587286134
GGAAGAGTAAAGTCCTAAGTTTCCGAGGGA,(((((..((......))..)))))......,32.964474531739974
GGGGGAAGCCTATTGTGTAGGGATGGAGGA,........(((((...))))).........,32.96284909853123
GGAGGAGCATGATTTTTCATTAACGGGGGA,((((((......))))))............,32.951930909902956
GGTGGATAAAGAATAATTGTTTAGGGGGAG,..(((((((.......))))))).......,32.95089947089947
GGGGGAGTGTGCTATTAAGAGCATGGAGGA,........(((((......)))))......,32.94814835727879
GGAGGAGGTAAGTCGTGGAATTCTGGGGGA,............((.(((....))).))..,32.93972190095645
GGGGTAGTGTAATAACTAGGAGGGTGAGGA,....((((......))))............,32.93781803542673
GGAGGAGTATAAATTTCTTAATTCGGGGGA,.(((((((....)))))))...........,32.93164179063148
GAGGTTTAAGGCCACTAAAGATGGTGATGA,............(((((....)))))....,32.92752818035427
GGGGGAAAGGGCTTTTTAGTGCTTGGTGGA,......(((.(((....))).)))......,32.92398668387912
GGGGTCGAAAGAAAATCGAGGGGGTGAGGA,....((((.......))))...........,32.9216344605475
GGAGGAGTTGTTTACTTGTCAAACGGGGGA,.((.((((.....)))).))..........,32.919353363420846
GGGGTTTGAAAAAACAAAGGCTGGTGAGGA,...((((....))))...............,32.91677938808374
GGAGGAAACTTTGTTGAAGAATTTGGGGGA,((((....))))..................,32.91553812458187
GGGAAGTCTAAATATGATGTTTGACAAGGA,.....(((.(((((...)))))))).....,32.91487117552335
GGGGGAGAGTGTCTTTAGAACTTCAGAGGA,.(((((.....)))))..............,32.906088477089284
GGGAGTCTGTTTCGAGTGAAAGAGGAAGGA,.....(((.((((....)))).))).....,32.90348165098737
GGAGGAGAAGAAGGTTTTCTGGTCGGGGGA,.((..((((((...))))))..))......,32.90279643935389
TAAGAGGTGGTACAGATTGGTTTGTGATTA,..........((((((....))))))....,32.89151663328227
GGGGGAATGCCGGCTCGCTGCACTGGAGGA,.((......))..(((.(......))))..,32.88727754917484
GGGGGAGATAGTTTGCCCAACTTTGGAGGA,(((.(((....))).)))............,32.88711458781317
GGAGGAGAAGAACATCGAGTCTTTGGGGGA,.(((((...((...))...)))))......,32.88160974759657
GGGGGAGTACATGGCAATGTATATGGAGGA,......((((((....))))))........,32.868991781848514
GGGGTACTTGTAAGAGTAGTGCGGTGAGGA,(.(.(((((....))))).).)........,32.86658615136876
GGGAGAAATTCGGCTGCCACATTTCAAGGA,((.((........)).))............,32.8652576489533
GGGGTGAGGAAGGGATGTAATCCGAGAGGA,............((((...)))).......,32.86477384436837
GGAGGAGTTGGTGGTATTATCAATGGAGGA,......(((((((....)))))))......,32.86073735738972
CGGGGGAAGTTATCGAAAGATATATGGAGG,..........((((....))))........,32.859630807902285
GGCGGAGTCAGGTACGTCCGAGACGGGGGA,(((...))).....(.((((...)))).).,32.85940896087313
GGGTGTACACTAATATGTTTTGTGAAAGGA,.......(((...........)))......,32.85460547504026
GGAGGAGGGTTAAGTTGAGTTCCCGGAGGA,......(((............)))......,32.85310654442301
GGGTGATACTGGATAATGTCCGGTGATGGA,......((((((((...)))))))).....,32.84478260869565
GGAAGAAATATAGTAAGGCTGTATGTAGGA,.......(((((((...)))))))......,32.84369054632575
GGAGGAGGTTTTTGAGCTCAAATCGGAGGA,....(((.((...)).)))...........,32.84174887226732
GGAGGAAAGCAGTTATACTAGCTTGGGGGA,......(((((((...))).))))......,32.83928358193902
