Sequences,Secondary structure,Scores
TGTGGTCGGGTGGTGGGCCTCTAGAGGGGT,.(.((((........)))).).........,123.03831964624132
CAGGCTGGTAGAACTCTATAAGCTATTACT,..((((.((((....)))).))))......,87.86683301747738
CGCTAACTGTTGAGGTATTTAAACCTCTAA,...........(((((......)))))...,85.60974731522427
GCAATTTTTATCAATAGTATTTGTGGGCTA,..............((((........)))),85.07897346809854
TATAGCGATGGTTATCCGGCTTAACGCTTT,...((((..((((....))))...))))..,84.72084333543904
GGGATGCGACTGTTACATTGGTTATTTAAA,.......(((((......))))).......,84.60976416087598
CTAGATTGTTATGGGATGGTTAAATCCTAA,...........((((((......)))))).,83.79262792166773
GTCAGAGTGTTTATCAACTCACGAGTCCTA,....((((........))))..........,83.55580859128239
GGGATTATAGATGTTTATCTGTAATGTTTT,.(.(((((((((....))))))))).)...,83.43526216045483
CCAGTTCAAGTTAAAGTATGATTCTTTAGC,.........(((((((.......))))))),82.89621604548327
TGGTTGCTTTGAGCTTTGCTCAGTGGTCAC,..((.(((((((((...)))))).))).)),82.75077595283217
GGTATCTGAGTGTTATTATCATTTAGTTTT,.....(((((((.......)))))))....,81.76293114339862
TGTGGTCGGGTGGTAGGCCTCTAGAGGGGT,.(.((((........)))).).........,81.73869867340493
ACAGTACGAGGGATTTCCAACTTCCCTTAG,.......((((((.........))))))..,81.61018003790272
AGCTAATGTTGTAAGCGTTAAACCTAGCAA,.((((..(((..........))).))))..,81.48927984838913
GCGATATTTTTATTGAAGTGTTGTGGTTCA,((((((((((....))))))))))......,81.46179090334807
GGTGTTCACTGAAGTATGTTCTTTAGTTCT,.......(((((((......)))))))...,81.00875552747947
GGACAATAATGACCTTATCGTTTGGGGCAT,........(((.(((((.....)))))))),80.863812381554
CGAAGATAGTGTGCTTGTTATTTGTTGCAT,..........((((............)))),80.80664245104232
GCAGATTACATTTTATCTCCACACGAGTCT,(.((((........)))).)..........,80.53900505369552
GAGAGGTCTAAGTAAAGGCCGAGCACAACG,(...(((((......)))))...)......,80.45846178142767
ATTCAGTGTGTGGGTCGCGTAGTGAATAGT,(((((.((((((...)))))).)))))...,79.97757212044641
GGATCTGAATTATTAAGTTTTGGGTTCAAT,(((((((((.........)))))))))...,79.9455319916975
TGATATGAATGTTATGTTGATAGTGTTGTA,.(((((((...)))))))............,79.89839545167403
AGGTTATAGCTTGAGCTTTTTTCTTGGTTA,(((....(((....)))....)))......,79.88347757422615
TAGGCGTTGGTTATCTGGTTTTTTTGCTTT,.(((((..................))))).,79.68300379027164
GCGAGTGTTGTTAAATTATTTGGTCAGCAG,.....((((((((((...))))).))))).,79.65805793700929
TGAGAGGGTGTTTACATATTACGTGTCCAA,.((.(.(..((......))..).).))...,79.62952937460518
ACGCTAATTTGAGGTTCTTAGGGACTGTAA,............(((((....)))))....,79.44903979785218
GGCTAACATGTTGAAAAATGTCGCGTCTAA,.((..((((........)))).))......,79.38473152242577
AGGACTATCGGTGTTAATACTTTAATTTTC,..(((.......)))...............,79.34056854074542
GTACGGAAAGTCGGAGCCTCGATGAATTTG,...((((..(((((....)))))...)))),79.07619393556539
GGAGTGTTAATGAGATTATTTGGGTTCCAG,(((((.(.((((....)))).).)))))..,79.05907770056854
TGTGAACTGTTCTGGTATGGAGAGTTTAAG,..((((((.(((......))).))))))..,79.0163676563487
ACGTTTAAGGCATTAAATGTCTTGTGTTAG,.....((((((((...))))))))......,79.01012318382817
TTGTGCCACGGTGTGGGTGTTACACAATGT,(((((.(((.......)))...)))))...,78.97045483259633
CAAAACAATCTTATACGATCCAATAAGGTA,.......(((((((........))))))).,78.93955464308274
GTAATTTTTTGATAGGTTATATTTTGAGCA,(((((((......)))))))..........,78.90414718888186
CTATTATAGTATAGTTCAATGATTTTTTAG,((((......))))................,78.82499052432091
AAGACTATAGATGTTTTGACATCTTTGTTC,..(((...((((((....))))))..))).,78.75996209728365
ACAGATGAAAAAAATTTTCATAAATTAACT,....(((((((...))))))).........,78.70146030743315
GTGATTGTTCCTAACAACTCATAGACCACA,(((((((((...))))).))))........,78.66964308275426
CATTTGTTGATTGGGCAAGTTTCCTATTTC,.(((((((.....)))))))..........,78.63697409981049
AATCGTTGTTTTACCCATAAACATCGAATA,..(((.(((((.......))))).)))...,78.57321330806485
GTGTGATGATAGTGATGTATTGTGTGTTGT,.....((((((......)))))).......,78.49242577384712
GATGGTCAAAAACGAATTTATATTTCGCTG,............((((.......))))...,78.48694251421352
TGAAGTGATTAGTAAAATTATTTCGGGTAT,((((((((((.....)))))))))).....,78.48184640375418
TGGGCAGTTCAGAATATGATTTTCTTTAGT,.(((.((.(((.....))).)).)))....,78.36816803537587
CTTCAGTGTGTCGATCATACTCTCAGTCTT,....((((((.....)))))).........,78.10906190777006
GGATAGAAAGTTGAAACCAATAGATATTTG,(((((....((((....))))...))))).,78.10879027163614
CGTCCAGGTGTGTGACATTATGATGAGTCT,((((..(((((...)))))..)))).....,78.08535060012635
GCAGAATAATAATGGTATGTTAAGTTGTTT,((((..(((((......)))))..))))..,78.07309538850285
ATTAGCTAGGTGGTGGTAAGTTGTTCACTT,...........(((((........))))).,78.05976310802274
AGGACTATGAAAAGAGAAATTTTTATTTTC,..((..(((((((......)))))))..)),77.85010739102968
CGTGGTTGATGAGCTTAGTTCGGTTGGCAG,....((((((((((...)))).))))))..,77.77926616129712
GGGGTGTGTTTACATTATTTGGGTGGTGCA,............((((((....))))))..,77.77098998285354
TGGCAAAACCAAATTTTATGTCATTTTGCG,..((((((.((.......))...)))))).,77.71115813855548
GGTTTGTTATGAGTTTAGGTATTTGTGTAG,.......(((((((......)))))))...,77.6462629726559
AGGTAGGTTTTTACCCAGGAATCGAATGAA,.(((((....)))))...............,77.62690882291008
GGAAGATGCTTATCTAATTCAAGAATTTTA,(((((((....))))..)))..........,77.59270056854075
GGTATGTGTAATCAGATTTTTTTGTGGCAC,.....((((...((((....))))..)))),77.55321180398882
GTGCTGGATGTATTCTTGGTTATTTTTATA,((((.....)))).................,77.46474415666455
ATGAGCTGTTTTAGAAGGGAAGAAGGAGTA,....(((.((((.........)))).))).,77.45773636555066
TGTCCGAATGTTAAGGTATGGTAATTGAAT,...(((.((......)).))).........,77.43885660138977
GGGCCCTGTAATGAAGGGAAGTGTATACTA,...((((.......))))............,77.41166350810697
ATTAATAGTGTGTGGTAAATTTGGGCGCTA,.....((((((.(((.....))).)))))),77.28298905032639
AAGCAGGTTGTAAAGATGTATTGTGTTGCT,.(((((...(((......)))....))))),77.24139608338598
CGTAGGTGTTTAACCCTTATCGGCTATGAA,(((((.((............)).)))))..,77.23910086333966
GTGACGAAAAGTTCAGATCGATGAAGCTAA,.........((((((......)).))))..,77.1636228679722
TGGTGTTTGTATTTTTGTAAGTTATCTGTC,.((((....(((....)))...))))....,77.09655822278376
TGTGTGATATGTTGAACGGACGGTGGTTTG,................(((((....))))),77.05307012002527
GGCAATATTGATTTCGTGTGCGTGGGGAAC,.(((.(((.......)))))).........,77.04012318382817
GGTGGGATGGCCGATCATTGGGTATTTATG,....(((((.((((...)))).)))))...,77.02673615498
CCGTTCATTTAGTATGATGTACTTTCGCCA,..((.((((......)))).))........,77.02454832596337
GATAGTCACGAATTTTTATACCCTATGGTG,..................((((....)))),77.01010528532323
ATATTATACGCGGATATTGCTTTAATTTTG,.........(((.....)))..........,76.9577511054959
TATGTGATAGATACGTATTCACTTCGAGTT,...((((...........))))........,76.92919140871761
TATCTAGCTTAGGTGTTTGTTTTTTGACTG,((((((...))))))...............,76.92129185091598
TGGTGAAATATACGACTTTATTATTTCCTG,.((.((((((...........)))))))).,76.90111391871973
CATAACATTCTTATCACACGTACAAATGTA,....(((((..(((.....)))..))))).,76.8106854074542
CTCAAACGTCCGACTATTTTAATGGACATG,.......((((............))))...,76.80233522846916
ATGAGCTGGTTGGCATAGTAAGTAGGTGCA,...(.(((.(((......))).))).)...,76.71256896188672
ACAGTACTAATTTGCCTACCATCACCTTGG,..................(((......))),76.71131711939356
AATGGAGGTTGTGTGTAAGTTCTGTTATTG,(((((((.(((....))).)))))))....,76.59387555274795
AGTTCAGTTTACGTATGATTTAGTAGTAGC,........((((.(((......))))))).,76.51551484523057
TGGTTTTATTGAGCGCTTTGCCGGTTGTCG,.......((((.((.....)))))).....,76.47951884607285
AGTGTCATGTTACTATTAATTATTTTTAAA,((((......))))................,76.39089703095388
TGGAGTTTTTTCTGTTCTGTATGTTTTGTT,.((((....)))).................,76.38769319856812
AGTGGGAGTGACACAATTCAATCATTCTTG,...((((((((..........)))))))).,76.33666771951991
GATATTTTTGTAAGAGAAATTTGTTGGGCT,...((((((.....))))))..........,76.31422299431459
TGGGTACGATGCGGTGTATCTTTTAGTGTC,.(((((((......))))))).........,76.28927353126974
TAAGTCACACTGGGGTACGAGTTGACCAAT,...((((.(((.(....).)))))))....,76.18174141924615
AGGTGGTATGGAGTGTTAATCTATAGTCTT,....(.((((((.......)))))).)...,76.18087176247631
TGCTGGTTCTTTTTACTTTTAAGAGGTCAC,........(((((((....)))))))....,76.1766971994104
AAGCTCGATTTTAAAGGTTAGAAGGGTATT,..((((..((((((...))))))))))...,76.16994946304484
GTGGAGTTTTTATAGAGAGTATTTTTCCAT,((((((....(((.....)))...)))))),76.16263333634149
CTGGCGCGAATTGAAGATTTGGTTAAGAAT,.((((.((((((...)))))))))).....,76.15821857233102
GGTGTGTTAGTTCGTAATTTGTGTTGAACG,.........(((((..........))))).,76.11253857955059
TTGGCCGTGTGTTATTAGGTGAAGAAACTA,((.(((...........))).)).......,76.10046114971573
CGACGGCTGTAGTCTGTTTAGATTTTTGTA,.....((...(((((....)))))...)).,76.09466835123183
TGCACTAGTTTGCGTACTATCACGGGTTGT,.(((......))).................,76.0772678458623
TAGCTAAGTGTTCATAATATTTGATCACTG,......((((.(((.......))).)))).,76.04207517372079
TAGTGATAGATATGTTCTAATCAACTCAAT,.(((((((((.....))).))).)))....,76.01118761844599
AGGACTAAGGTGGATATACTTATAGGTTTT,.(((((.(((((....)))))...))))).,75.97487049905243
AGCGACAGCGGTTGCTCACTTTAGTTGTTC,((((((....))))))..............,75.97076437144662
TACAAGTCTTCTTTATGGACATCAATAAAC,.....((((.......))))..........,75.91206359233523
TGGAGTGACGGAGTTATCTGGTTCAACTTT,..((((((((((....))))..)).)))).,75.89661718256475
CGCTTGTGGATTGCGATAAAGCTATTATCT,.((((((.(....).)).))))........,75.85175615919141
TAGTCAAATCTGGGACATTTGTTTTCGCTG,..(((........)))..............,75.76173720783324
GGGATGGGATTTTTGTCATGTAAATTTATA,.(.((((.(....).)))).).........,75.63037902716361
GTCTATGTAATTGTGGCGTCCGCTTGCAAA,.....(((((..((((...)))))))))..,75.60614655716994
AGTCTCTGATTGTTTAGTCATTTATCACTG,......(((((....)))))..........,75.57975994946304
GTCTAAGATTCTCTATAAACTGACGTGCTG,(((..................)))......,75.47956096020215
GATACTGGTGATTATACTTTACATTGTTTT,.......((((.......))))........,75.44511686670877
GGGGTTGGGACATGGGACTTGTTTATTTAT,.......(((((.......)))))......,75.44484523057486
AGGGTTAGTCTTAATCAAGATTTGTATGAA,......((((((....))))))........,75.41974942093071
GACTTATGAATGAATTATTTGAGTTCCGTT,((((((.............)))))).....,75.41919862828264
ATTGTAATATGTAGCGTTCGATTGCTATAC,.........(((((((......))))))).,75.39667087807959
AAGAGTTTGTGTGTGCATACGTTTATTATA,(((.((.(((....))).)).)))......,75.3854832596336
ACTCCCATGGAAAATATTTTCATCAGTTGT,(((...(((((((...))))))).)))...,75.35715624341967
ATGGTTAATTGCGACTTATAGTTTGCGCTG,.........(((((........)))))...,75.30387239418825
GACCGGGTATGAAAAACGAATTGGTATGCT,....(.((((.((.......)).)))).).,75.29347020425352
GGTCTACGGTGTGACATCTCTTAGAGTGTA,(.((((.((((...))))...)))).)...,75.27830701200253
TATTGTATATGAGTATTCACTTGAACAATT,.(((((...(((((....))))).))))).,75.25708149084018
TGTGTGAAAATTATGATGAATTCGTTGGTG,............((((.....)))).....,75.25427037271004
GGGTTTATATGATTAAGTCATGAATGTTAC,.......((((((...))))))........,75.14625710675932
GGATAGTTTAGGGAATTGTTTTGTTACCAA,.((((((((...))))))))..........,75.14452125259453
ATTTGGAAGGAAGGTGGTATTTTCATTTCT,....(((((((((((...)))))).))))),75.12630343230154
CAAGAACAATCAGGTGATATCTCAAAGGTT,..(((...(((....))).)))........,75.11851863550221
GGGTTCTCTGTTTTCTTCTCTCAGTGGTAC,....((.(((...........))).))...,75.0765076858286
GGTGCGATATGCTATGATTTGTTGATTGAA,....((((..((........))..))))..,75.05360707517372
GGAGTCGATACGCTCAATTATTTGGTTACG,.((((......))))...............,75.05020666004873
ACGGAGGTAAGTCATTATTAATTGTTCGTT,(((((.(...............).))))).,75.04220572752159
AGGAGATGGTTATTTGTAATTTCTTCGCTT,.(((((.(((((....))))))))))....,75.02392398399664
TATTCTTGATTATACATTAGTCTCCACAAT,.......(((((.....)))))........,74.98464729416719
CTTCATCAGATATATATTCTCTTCTGAGGT,.....(((((............)))))...,74.97998104864182
TGGAGTTGCATAGCTTTTGTCGTCGGTTTC,.((((((....)))))).............,74.91672667930091
GGTCTACAGATATTGCATTCTGATAGTTTA,...(((((((........)))).)))....,74.86785217940619
CTAGTGGCAAACTAAGTAATCGCGTCTGCG,.((((.....))))......(((....))),74.86440197936408
CGGTTTATGATCTTGTGGCAGCCTTTTATC,.(((...((.((....))))))).......,74.81442198357549
CGAGTATTAGTGGGATTTTAGTGTTTCTAA,...........(((((......)))))...,74.80034653912102
TTAGAATAAGTTAAAGGCTAAGGATTTAGC,................(((((....))))),74.7766645609602
ATAATTGGTGTAGTGAAGTTGTTTGTACTA,.....((((((((.........)))))))),74.6971604548326
GAGCTGGTAGAAGCAAGAGTCTGGTATTGT,..(((......)))................,74.65769425142135
TAGTAAGTAAATTAGAGTTAAAGAACTACG,...............((((....))))...,74.56118024847336
AGATGTAATGAAATTTGAATTTGGGTATAA,...((((.(.((((....)))).).)))).,74.5411551304034
ATGTGTAGGGGTGTTTAATGGTCTCACTTA,........(((((...........))))).,74.51320593809223
GACAAATTTTATTAAAAGAACTTGTGTTCA,.................((((....)))).,74.50773215413771
GGGGCGGCTATGGGATGTTTTTGGTTGAAG,....((((((...........))))))...,74.5028102156845
GGTTTATGTTCTTGAATCTTTAGACGCCTA,((((((......))))))............,74.49981680353758
GGGAGCTCAATGAAGGCGACAATGACAATA,.(..(((.......)))..)..........,74.47666666666666
GATCTAGTGTGACTTATTTTCGATCGGTGA,((((.((((.....))))...)))).....,74.46753632343652
ATGACCAGTATAGACGCGAAATGGAGCGTA,.............((((........)))).,74.39778690250579
GGAGTATGGGTGCTCATAGCTTTAAGTTAA,.(((((....))))).(((((...))))).,74.39767530006317
TGGATACCTCTGTCTAATTAGTTTTTAATC,((((((....))))))..............,74.37885238997683
GGGTGCATGTGTAATTAGTAGTTATATAAA,.......(((((((((...)))))))))..,74.36777637397347
AGGACTCGGGGATATATTTAGTTTCATATT,........(((((.......))))).....,74.32843967150978
GTGCGAATGTCTAATATATTGTAGTTGTGT,.(((((((((...)))).))))).......,74.30780795957044
TGTATCGAAAGATATGATTTACGTACGCTG,.(((((....)))))...............,74.29722678458623
TGTGTGCTATATGAGAATATTGATACGGTG,(((((.(.((((....)))).))))))...,74.27445356917246
ACTAACGATGAGTGCATTGCTATATATATC,.....(((((....)))))...........,74.25032427879555
GAGCTGGCACAATTTTATGAAGCGTATCAT,..(((..((........)).))).......,74.23684775742261
TAGGTTAATAGACGTTATTCACCAGGAGGT,..(((.((((.....)))).))).......,74.2244219835755
AGGGTATTATGCGTGTATCTATAACTTTCG,.((((((.......))))))..........,74.20683512318382
ATAGCTATGTGGTGGAACTGTGATAGCTTT,..((((((.((((...))))..))))))..,74.16555380080017
ATCAATGAGGTGTTGTTAAATTGTTAGCCT,.......((((...............)))),74.16433249105074
AGTGACGGTGTGGGACTTGATATAAATAGT,.......((((........)))).......,74.14657612128869
TATTGATATGTTTAATCCAGCTCATCGGTT,.((((((..(((......)))..)))))).,74.14636449778901
TACGCTTACATCTCCAGCTAAGCTAATTAT,...((((((.......).))))).......,74.10222994314593
AGCTAATAGATTCGAGATTCACGATTCGAG,...........(((((........))))).,74.04403663929249
CATGTGATATATACTTGATTACTGGCTTTT,((.(((((.........)))))))......,74.02012634238787
ATAAACACGGTTGTAATCTTTAATTTGTCT,....(((.(((((.......))))))))..,74.01795325331649
GGTCTTTGAGTGCTTTTTTCGTTATTTAAG,.....((((((((.......).))))))).,73.99403453358602
GAATGTAAGATGTGTTTATTCGGGTTACGT,..((((((..((........))..)))))),73.94729176067142
AGGCACTTCTGGTCGTTTTATAATAATTTC,.(((.(....))))................,73.85465571699305
CAACTGGTGAGGACCGTATGAACTTTACTT,.....(((((((..(....)..))))))).,73.85165087386818
CGTTTAGCAGATTGTGCATTGGTTTTATTC,......(((.....))).............,73.80403032217309
GGAGTTTAAATTCACGATATTTTCGCTCAG,.((((..((((.......))))..))))..,73.73536142947387
CTGGACGGAATAACATTTTAGAGTCGCTTG,...(((................))).....,73.71335754895767
GCCGATGTTAATCTGTTTTTATGGTATCTT,((.(((....))).))..............,73.700539411806
TGTGGGGTGTAATGGGATTTTAGGGCTTCG,...(((((.(((.......)))..))))).,73.69065427308004
TGTAGCAGACGTTATCAGGATTTTATCTTT,.(((((....))))).(((((...))))).,73.66237839545167
CGTTTACATATTTGACGTTTGCACAGTCAC,............((((.........)))).,73.55515582227838
GGGCCCATATTTTATATGTAGTTGTAGCTA,.(((....(((........)))....))).,73.46228048010107
GCCGTTGTTTATATGATTATTTCTGGCTTA,((((.....((......))....))))...,73.41142766898294
GAGTATGAACTGTATTCATAGGTTATCTTA,(((.((((.((((....)))).))))))).,73.33056854074542
ACGAGCTGGTTCAAATCGTAAGTGGGACTC,((((..((...))..))))...........,73.29816592966941
TGGCTTAATAGTGAAGTATGGGCGATTAAT,..(((((.((......))))))).......,73.29302590018952
ATTCCACAGGGAAAGAAATGTTAAACTGGT,.((((....)))).................,73.23995262160454
GTTGTGTAATTGAGGGTGCGTGCTCGAGAA,.........(((((........)))))...,73.23160454832598
CATATCTTGTGGCCGTTACTGTTTGGGATT,............(((........)))....,73.22260265319014
TAAACTTGACTATGGATCAGTCCAATAAAT,............((((....))))......,73.17243419667298
GCATTTTTGATCTTATCAGTAATTGATGTA,(((((.(((((...))))).....))))).,73.16161718256475
AATTTTACATTGTGGATCCTTGAATTGGTC,..............((((........)))),73.13937460518004
CGGATGTACGTATGTTGCTGTTTATTTTAC,.(((((.(((........))).)))))...,73.1335375868604
ACTGCTGGGTGTTTAATTCTTTTCACAATT,........(((............)))....,73.0765666456096
TTTATTGACTGGTTTCATTGGTTCTGTAAG,.((((.(((((((...)))))))..)))).,73.06244893661824
GCTTACACGTCAGTATTCTATTGGATTCAT,.........((((((...))))))......,73.04236470835966
GAAATCTGTAGCACTATGTAATGTGGTATA,......((((.(((........))).)))),72.97001895135818
GTATAGCTGGTTATTTGGTAAACAATCTTC,.....(((((....)))))...........,72.92978205938093
AGTAAGTAAACAGAGTAATCGAGTCCTGCG,.....(((.((.((....))..))..))).,72.89396609812593
AGTCTGAATCCTTAATAGGCATGTTCGAAT,....((((((((....)))...)))))...,72.83920404295641
AGTGAGCGATACGGGCGTCATGTAACTAGT,.((((((.......)).)))).........,72.81206359233524
CCAGGATCGTTGTTAATAGGCATATTGTTC,...((((.((((((....)))).)).)))),72.77897662665825
ATCACTGTTGTTTGGCGTTTCGTTGCAATA,.....((((((..((((...)))))))))),72.72983575489576
ATCGTTCTGGGTTGTGGGTGGTCGTTTTGA,(((((((........)))))))........,72.69610233733417
GGTCTAGGGTGTTACGTGTCTTGTTCACTT,......(((((..(((.....))).))))),72.67210254790483
GCGTAAATTTGTATCTAGAATTATGGTCTC,.(((((.((((....)))).))))).....,72.56011686670878
TCGTTTATACATTGTGTCTGCTCGTGTTGT,........((((.((....))..))))...,72.55349336702463
ATCGTGTTTTAATGTGCTTATTAGGTTCCG,..((...(((((((....)))))))...)),72.53158018229401
TGTTCGTCATGTTACGTAGATAGATCGAAA,..((((((.((((.....)))))).)))).,72.52808591282376
ACGAATTCTTAGCTTGGCATTTGTCGGCTA,.........(((((.(((....)))))))),72.4993145925458
TATGAGCGTTGTATCTGTGTTATATGATTT,.......(((((((.......)))))))..,72.49377447883765
CTGATTGCTGAGAGGTACTGGGAATCGAAT,.(((((.((.((.....)).)))))))...,72.47710675931775
CCAGAGAATATGAAGTATGGATTCCTTTAC,(((..............)))..........,72.41870499052433
GTTTGGCTATGGTTTTACATCTTTTCTGTA,((..(((....)))..))............,72.38967782691093
GGCGTGTAAAATCTATGTGTTCGTTGGGAT,.(((((.......)))))((((....)))),72.3772646873026
TAAACAGATATGGACAAACCTAGAATCAAA,......(((.(((......)))..)))...,72.36005264266161
ATTGTGATAGGTAGGCCTTGACTTTCTGAT,...((.(.(((....)))).))........,72.16153506001264
CGTTACACCAAATTTAAGGCATAATTGAGT,.((((..((........))..)))).....,72.13651926721415
TGCGTGGTAAATATGATAAGTACTGTTGGC,..((((.....))))...............,72.08440303221731
ATTCACGGAGTTTGCTAGGTTATTAGTTAT,.............(((((....)))))...,72.07088404576402
CCAGCTTCTAGTTTCATGTGGGCTTTATGC,..(((((.((......)).)))))......,72.06614655716993
GGTTACGTATGCATGTTAGAGTGTGGCTTA,......((..((((......)))).))...,72.03572962728995
GGAGTGTTGAGACTCTATGACTTATACCTG,(((((......)))))..............,72.01446981319376
TGTTGATAATCAGTTGCATACTTTGGCATG,..............(((........)))..,71.951364497789
GGTTCTGACCATGATGACATTCTCTTTATA,(((....)))....................,71.92249526216045
GAACGAGTTATCAAGAGGGTTTATGGTTTA,((((.(...(((.....)))...).)))).,71.84500315855969
CATTAAACTTCGTATATTCATTGACAAGTG,......((((.((..........)))))).,71.78020425352706
GGATAGTTGATTAGACTTTTTGCATGTTCG,(((((((.((........)).)).))))).,71.76266040971032
CCGACGTTTTTCCCCCTGGATTCACTCCTA,..((.((...(((....)))...))))...,71.76142451042325
GAAGATCTTAATGAGAGTGTATTTCAGTCA,..............((.((.....)).)).,71.60814366934392
TACATTAGACTAGTTGGCGGTACCAGTAAA,.............((((.....))))....,71.55211412929037
ACGATTAGTTCAATCGTATTTTGCGCTTTA,((((((.....)))))).............,71.5203821857233
ATTGTTGGGATGTTGCCGTAAGTTCTAGTT,....(((((((..........)))))))..,71.37203937671089
GCTATATTGGATGACCTTTCACGTTGAGTT,.....(((.((((........)))).))).,71.31782059380922
CGACTATGCTGTGTGACTCTGTGATGTATA,....(((((...((.((...)).))))))),71.26295641187619
GTGTTGAGATGTTTCTTCGGTTAATTCAAT,.....((((....)))).............,70.9993830280059
CGCTTTAGTACTGTGCATTGTTATTATAAA,.((...........))..............,70.9279995788587
TGAGTTCAATGAGTAGGTTTCCGGATTCCA,.((((((...(((.....))).))))))..,70.91419907950547
AAGGGGTAGGACTTATGTAAACAATTCAGT,..(((......)))................,70.80907348915561
TGTCTACGACATCGTAAAGGAACATTGAAT,....((((....))))..............,70.78257106759318
GGACTCCGAGTGAGAGACCTATAGGATGTA,((.((((....).))).))...........,70.77634870499053
TATCTATGATGGCCGTATTAATTTCAAGTA,....((((.....)))).............,70.72742261528742
CATTTATGCATGTGGCTGGTCCTTTTGATC,.......((.....)).((((.....)))),70.7185281111813
ATTAGCTTTATTGTACTTAGTTGTCGAGAT,..(((((...........))))).......,70.70175089492525
CATATGCGAGATGGTTCCGGTTCACGTACT,..((((.(((.((....)).))).))))..,70.5770656980417
TATGTAGAAATACGTTCAATTAAACAAGTA,.(((((....)))))...............,70.4577447883765
GGTCTTGTAATTCGGATACACGCTTGTTAA,.((((........)))).............,70.2798041692988
GGTTGGTGGTCAGATTCTTATGCGAATGTA,...........(.((((......)))).).,70.2669677826911
CCCAGCATTCAAGATAAACGTTTGTCCTTC,............(((((....)))))....,70.21554643082754
AGAACTGATAGGTATATACCTTAACTTACT,.........((((....)))).........,70.20569804169298
GCCATTGTAGAAGAGGATATTTGTCGACTA,.......(((..((.((...)).))..))),70.145698041693
TATAGGGTGATAGGTATTGGCTACTTCTTT,.....(((.(.......).)))........,70.12494946304484
AGTAAACTCGGGAGGTACTAATTGAACTAT,((((..((....)).))))...........,70.09873447041483
GGTGGGACTGTTCCTTGGTATTGGCATAAG,...((((....))))...............,69.98422194146136
GTGATGTTAATGGTAGATTGGGTAACTAGG,.................((((....)))).,69.30475257949043
ATTAGGCGGGTGGGAATATGTGGTGAAGTT,......((.(((....))).))........,69.2826731943567
GCGTCATCTTTAATCTATATGTATGGGCCA,((.(((((............).))))))..,69.20607391029691
ATGCTAACAATGTAAGGATGGGACTTGAAT,............((((.......))))...,69.1540176879343
GGGAAATTTGATTTGTTTAGTTATTTCTTT,.((((((..((((.....))))))))))..,69.02985470625396
CAGTGCTTTTCCTCCCTGTGCTCACCCCTT,.(((((...........)))))........,68.86733101705622
GGAATGTTAGGTAGAGAATTAAGTGGCGAG,.....((((..((......))..))))...,68.55882501579279
ATTAGAATAGGTGATCGGATATAGTTCTCT,...(((((..(((......))).)))))..,68.46593282796378
TCTGCATTTTGCTCCCTGTATTCCACTCTT,...(((...)))..................,67.8829343019583
GGTATCGGACATGTACATTGAGTTAGAATA,.((((.......))))..............,67.4915076858286
ATCCAGGATGTTATTCTATTATTGGTTCTT,..(((.((((......))))..))).....,67.28705587141152
TCTAAGTCTTTACCCCTGTGGTACCACCTA,..........((((.....)))).......,67.2153885028427
ATTATGCGCTGTAACATCTGGTGATCTAAT,......(((((.......))))).......,66.79083385975996
TGTGGTCGGGGGGGGCATGGCTATATGGAG,((((((((.(.....).)))))))).....,66.66981048641819
ATACAGAGATAGTATATTGTTTATTGTGTT,(((((((((((......))))).)))))).,66.50190812100793
TGTGTCGGTGGGTGTGCCTTCTGACGGAAG,(.((((((.(((....))).)))))).)..,66.46241945672773
GTAATGCTAAAAGCTGATTCGGGTCTCCAA,.....(((...)))......((....))..,66.35842793971662
GTTCAGCTACTTGGTCCGGAATGTTCGCCT,((((.(((....)))...))))........,66.18877974310381
GGCTTTTTGTTTTATTTGTCATTGTGTGAT,.................(((((...))))),66.02939671509792
ATTCCAGGTATGTTATTTTTTATAACTCAA,...........(((((.....)))))....,66.00227311012844
CGCACCTCTTTCGGCCACGTATTCCTCCTA,....((......))................,65.60777637397346
GGTTTTCATTATTTTTTGTATGGTTGTGCT,.................((((....)))).,65.39627395241104
GGGTAAAACATTAAAGTCATGTAGTTAGCT,((.(((.((((.......))))..))).)),65.345593809223
TAGATAAAACATTAAAATTATGTTTTCCTT,.....(((((((.......)))))))....,65.25320593809224
ATCCAGGATTTATTGTTTATGTTGATTGTT,...(((.((.........)).)))......,65.13761388362462
TGCAGATGGGATTATTTTTTGCTGGTTTTT,.(((((...........)))))........,65.02993507405067
AGGACTTGGTTGTTTGTTGGTTTTCTATGT,.((((......))))...............,64.85613392293115
TCAAATTTGGATGCCAAAGTTTCCTATTTA,........(((.((....)).)))......,64.43789008212255
TGGTTTTTGTATTCTTGAATCGTTGCTGAT,.(((((..(....)..))))).........,64.13951463465992
ATCAGGTATGTTGTTATTTTGGTGACTGGT,(((((..((............))..))))),64.13604162279778
GTGGCTTTTGTTCTTAGTCATTTTTGCCAT,(((((...((........)).....))))),63.76054011370815
AAAGAGGATGTTGTATTATTCGTTCTTGTG,...(((((((..........)))))))...,63.722172036218154
GTTCAGTATATTTAGTCTATATATTGTGTT,...((((((((.......))))))))....,63.24065311995508
GTTTTTTGTATTCTTTGCGTCGATGTTGGG,.......(((.....)))............,63.07353232259423
GGCGTATACATGACATCGTGTATTTCGACT,..((.(((((((....)))))))..))...,63.02038850284271
CGGCTGCCGGGTTCTGATTATTTATTTCTT,(((...))).....................,62.7059759949463
ATGGTTATTGTGTTTTATCATAGTTCTGAC,..((..((((((......)))))).))...,62.67404822067804
TGTTTTTTATGTACAGGCATAATTGTTGGT,......((((((....))))))........,62.664035586439255
CATTTCGTGCTTCGTGTATTTTTCCTATTT,......((((.....))))...........,62.462432090966516
GTCGGGTGGTGCGCGGTCTGGATGGCATGT,..((.((...)).))(((.....)))....,62.24378395451674
TGAGTCCATGGTTTCTGGTGTTGTTCCAGG,..............((((.......)))).,62.085003158559694
GGGAAAACAAATAATGTCCCATTAGGTGTT,((((............))))..........,61.80320593809223
ATCCAGGTTTTATCCGTTTATTGGAGATTT,.(((((..............))))).....,61.79558398259283
ACGGGAGTGTTATGTATTATTGGTACGGAT,.............(((((...)))))....,61.38703481434688
GGGTAAACGATCCAGATTCATTAGTAGTTG,((((.....)))).................,61.370925457991156
CCAGCGATTTTAAGCTTTTCAATTTTTCTT,..(((........)))..............,61.20228012915
AGCAAGGATTAGTTGTTGCTTTTGGATCTG,(((((.((....)).)))))..........,61.17942619498842
AGACGTTTTTGTATTGGTGTCGTGGTCTGT,((((....................))))..,61.15484417772163
GGGGAGAAGGTTAAGGCATCATTTGTTAGC,..............((((.....))))...,60.9305906506633
ACCCGGTTGGTTAGTATACGTTGTTTTCTT,...((..((.....))..))..........,60.84787569312837
TAGGGTGTTATGCTAGGTATTGCTTCCGGT,..(((.((.((((...)))).)).)))...,60.81767284340563
AGATCTAGGGTATGTTTGAGTCTCTACGGT,..((((((((..(.....)..))))).))),60.8049020846494
CGGTAAAGTAGTTCAGTAATATAGCTTACT,.(((((.((.((........)).))))))),60.76331332912192
CATGTTGGCTTGCTCAGGTTGATCTATTTA,...((((((((....)))))))).......,60.661547694251425
TGGTTTTTGTCTTGAATAGTACTCGACAAT,......(((((.............))))).,60.60106443461781
AGGGTGCTGAGTGGGCCAATGTAGATAGGT,..(((.(.....).))).............,60.441036007580536
GGGTAAAAGACTGTTCAAGTAGTATGTATT,.........(((.....)))..........,60.347552116235
ATTCGGATTTCGGATGTATGGTTGGTTGTT,(((((.....)))))...............,60.34548922580193
TGGGTTTTGTACGATTGTACCGGTTCTAGC,((((.((.((((....)))).)).))))..,60.3418309117709
AGTCTTCACAGATTTTTCTATCATGTTCTT,.......((((((......))).)))....,60.222361549799956
AGATTCAGGATGTGTATTCGTTTTCCTTCG,.((...((((((......))))))...)).,59.85607075173721
TCGTTATTGTAGTCCTTAGTTTGGTTGGAT,...........((((...........)))),59.77954411455043
TATTCGTTACTGGCCAAGTTTCTTTATCTG,.....(..(((.....)))..)........,59.60971572962729
TATGAAATGTTATCGTCATTATTGGGGCTG,..............(((........)))..,59.59719133852741
TGTGGGTGTATTCGTTATCGTTGTTTATTG,....((((.......))))...........,59.46919456727733
TGTGGGAGGGTGGAGGGCGTCGAGAGGGGT,.....((.(.(....).).)).........,59.27025268477574
TGTCATTTTGTCCGGTGTGAATGTTGCTGA,............(((((.......))))).,59.2396830911771
GGGGATAACTTGTAAACAATGTGGTTCACT,..((((.(((((....))).)).))))...,59.10260581174985
AGCGAGGAGTTTATGCTCATTATCGGTGTG,(.(((.((((....))))....))).)...,58.993436161999014
TGTGTTTTTTACGATGGAACGGTTTCTGAA,..((((((.......)))))).........,58.97898610233734
TCAGTGAGGATCGGGAAGTTTTCTATCATC,.....((((((......)))))).......,58.960789639924194
GTCCGGTTCTTATTTTACTGTGGTAGTCTT,.((((((.........)))).)).......,58.93424475328139
TAGGTTATTATAGTTTCTTGAATATAGCAG,...(((((...............)))))..,58.72416403453359
TGGTACCGCACAAAAGTCATTTCAGTTGCG,......((((................)))),58.702953253316494
GGTGGTATTAACATTGAAGTCAGCTAGAAG,((((.......))))...............,58.66688250157928
GTTTTGGTAGTGCTTGAATCAGGTATCTGT,.........(((((((...)))))))....,58.47572225731733
ATACATGTTAGCTTATTCCTAGTAGGTTTT,.........((((((((...))))))))..,58.2000761563838
CACCTCAAGGGTTATTCGACTATGTTCTTT,.((((...))))..................,58.00545272688987
TCTAGGTTGTTACTATTAAAGGTGGGCTTG,..((((((..((((......)))))))))),57.792755316908824
GAGTTGCTTTATTATTGAGATGTTGCTAAA,.....((..((((.....))))..))....,57.58763002737418
AACGGATCAGTTAGATTCTCTCATGGTCTT,...((((((...(((...)))..)))))).,56.89486804239489
TGGTTATTTGTGACTACTCAAATCGATGCT,((((((....))))))..............,56.540609602021476
GGGTACAAAAATTTCTCATGCAACGTTAAT,(((...........))).............,56.311576121288695
AGAGTAACCATATCAAAGATCAAGTTAGCT,..((((((...(((...)))...))).))),56.06644030322173
TATTTCTGTAGCTTGGCTCGTGCTGAATTT,............(((((....)))))....,55.81958412297326
CCAGGATGATATCTGAATTAGTGGGGGATT,((....((((......))))....))....,55.75204499192812
CCCGGCTTTTCATTGTTGCAATCGTCTAAT,..((((........))))............,55.69577911139187
AAATTCCGAATGCCATTCTATTCTTGTCAT,.......(((((......))))).......,55.5528381413631
GGTGTATGGGATTCTTAAAATAGTAGCTAT,.....((((....((......))...)))),55.14109391450832
TAGATATGCCTACTTGTTATCGTTGCTGTT,..((((.((..((........)).)))))),54.868941882501574
TGAGTTACTCTTTCTTAGTCTTTGATGGAT,........(((.((.........)).))).,54.47476416087597
ACTGCAGAGGGAAAACATTTTAATCATTTT,..............................,36.236520320067385
GTCGATAGTTATTGCTCATTTTTTTTTCTG,..............................,28.61539868042395
AGATTTTCTATTTCGTTTTTCATAGTTTTC,..............................,28.593215413771322
AATTTTTGTCTTTGGTATTTTTTTCGGTTA,..............................,28.014444093493367
TGGTGATATTGTATTCTTAGTTTTTGTATG,..............................,27.952770056854078
CTACAGATTTTCTTATTTATTGTTGGTTTA,..............................,27.89756334666947
CTGCGGTTGTATTCTATTATATTTTTCTTT,..............................,27.648598652347864
AGTGCTGGGGATTATAATTTTGTAAATTTT,..............................,27.152502632133082
TCATTTGGTCTTTGTTGTTTTTCGTGGTGG,..............................,26.913240682248894
ATTTAAGTGTTTCGTGTTTAGTTGTTTACT,..............................,26.841064434617813
TGATTGTGTATATTTGAATTTGTTGGTTGT,..............................,26.828907138344913
AGGTGTGATTGTTTTAGTATGGTTTTTAAT,..............................,26.5527416298168
TGTGGTCGGTGTGAGTCTTTTGTTTATGGT,..............................,26.209513581806696
TAGGTTTGTCTCTGTTATAGTTTTTCTAGT,..............................,26.1294125078964
ATCCAGTGTTTTAGTTATTTTCTTTACGTT,..............................,26.065598722538077
AGTCAAAAGGTCCTTATCATTTAAAGCATT,..............................,25.856231838281744
GGCTCATCGTGTTATTTACTTTATTTCTTC,..............................,25.472722678458624
ATCTGCATTATTATTTCTATTATGGTTAGT,..............................,25.428833087667577
CATTCTAAAACAGCTTTTATATTTCCATCG,..............................,25.427772162560537
AGACTCTGGTTCTGTTTAGTTTTTCCTGGT,..............................,25.380581174984208
CATCCTGTTTTTTCTTTTATTGAGTCTCTT,..............................,25.36208219274233
AGTCCTAATTCAGTGTTTTATAAATTTTCT,..............................,25.248338597599492
GCTTGCTCTTTCCCCCTATTTTCCCCCCTA,..............................,23.62944409349337
AGTCATTCTTGTCCGGTTATTTTTCGTTGT,..............................,23.626822488945038
GCCGTTTTTAACTTTAAAATTTGTGTTCTA,..............................,23.486885660138974
TCAGAATGTGTAAGTTAGGTTATTAGAACT,..............................,23.110018951358178
TGTATGTAATGTGTTTCGTCCTGTATTAAA,..............................,22.92181301326595
ATGTAGTGGTGGTAGTCAGGTGTTAAGTTA,..............................,22.760521162349967
CCCGATTTTTTTCCCCCTTTCTCATTATAC,..............................,22.5841187618446
GTGAGGCCAATGAATACGAATACAATTTAG,..............................,22.51621183407033
AGGATATCGGCTTGAAAATAATTTAGTACT,..............................,22.459456727732153
ATAACTTCTCTTAAAAACTTTAAATAATTC,..............................,22.156866708780797
ACGTCCTCTTTCCCCCTAGTTTCCCCCCTA,..............................,22.088461781427668
CGTTAAATTATTTATCGAAATCCTATGGTG,..............................,22.053164876816172
TGGATTCTTGCTTGTTTTTTAATCTTACTG,..............................,22.043841861444513
GTGTGCTTTTTCCGCCTTTATTTCCCCCTA,..............................,21.97672773215414
TGATATTTAGTTTATTTCATCGATGTTGCT,..............................,21.88017582648979
AGCAGTAGGTTATTCAAAGGTCTCGCATAA,..............................,21.796270793851335
CTCACACTCCCATTTTTAAAGGTACCAATT,..............................,21.641711939355652
CAGGTCAAGTTTTAAACTATTATACATAGC,..............................,21.599279848389134
GTTATGGGTTAGGTTGGTTGAGTTTTACTT,..............................,21.59364392503685
CAAACGCTGACTCTTTTAACCTTCCAAATG,..............................,20.698987155190565
AGTAATATCCCTTTTAATAGCATAAATATG,..............................,20.63444093493367
CCATTCAAGTTACAACTCTTCTTATGTGCA,..............................,20.46740998104864
AGGAATGGATCAATCTGAATACTTTTTAAC,..............................,20.255413771320278
GGGATGAGGGTTGACATAATTTACAGTGAA,..............................,19.995679090334807
CAAATTCTATCTAATAATCATTTTTGGCTA,..............................,19.90049905243209
GGAGGAAATTTAGCATAGTAATTTGGGGGA,..............................,18.858963992419454
ATTATGGATAAAGTACAAAATCTCTTAGTT,..............................,18.840909665192672
CCTTCCTTTTCATCCCTGTTTTCCCTTCTT,..............................,17.73020214782059
CCATCCTTTTTCTCCCTATCTTCCCCTCTT,..............................,17.10433354390398
CCCTCCTTATACCCCATTAGTTCCCTCCTT,..............................,15.638761844598863
TAGGAGGCTAGCACGTTCGTTTCGCTGCGT,......((.(((...........)))))..,0.0
TCACATAAAAGTGTATTAGAGTAAAACGGT,.(((......))).................,0.0
CGATTCTGGGTAGGCAGTGTTAGTGGCCGC,.(((.(((......))).))).........,0.0
TGTGAATATACGGCATTATGGACACTATTA,.(((..((((......))))..))).....,0.0
ATTCAACATTGTCTGTGCTGTTCCTAGATT,..........(((((.........))))).,0.0
GTGTCTCAAATGTCGCAGTCAGGGTCAGGT,(((.(......).)))..............,0.0
GGTGATATAGTACATCGTAACGGAATCTGA,((((........))))..............,0.0
TATGTACAAATTTCGTGTGACGGTTTCGAA,...........((((...........)))),0.0
TTCGACAACTGCGCGAAAATGACATTAACC,((((.(......))))).............,0.0
GTCCGTTAGATTGGGATCAAATTCAATGTT,((((.........)))).............,0.0
CGATAGACTCACTCGTATGGATTTTATAAA,..(((((.((.(......))).)))))...,0.0
CGTTAAGCATACAAACAGTAATGAATTGCC,.((....(((((.....)).)))....)).,0.0
GGCTACATCCTAACACACTATTTGATTGTA,..............................,0.0
TGTTGAATGAGGTCTTCAGTATTGTCGACG,...........(((..((....))..))).,0.0
CTGGCTACGTTTGTTGTGAGAGAGAATATT,((.((.((....)).)).))..........,0.0
TAATGAAAATTTATTCCACACATTGATTTA,..............................,0.0
CAAACGATACGATCAACTATCCATCAAAAT,.....((((........)))).........,0.0
GAATATTAGACAACATCTTTGGTATTTTTC,((((((((((.......))))))))))...,0.0
TATATGTTCATGATTTTTGAGAGTATTGAA,......((((..((((....))))..)))),0.0
TATTTTAGGGAGTAGTAAGATTATATATCA,.((((((........)))))).........,0.0
ACATGACGTATTCCTGACCTGTAGTTTATG,.(((((..(((.........)))..))))),0.0
GCGGGTAGATAAGTGTTCCATTTCCCCAAG,..(((.((((.........)))).)))...,0.0
TATTATTATCACCCAGAAGGAGTCAACTTG,..........((((....)).)).......,0.0
GTAATCTTTCTATCAAACTAAGTCTTCCGT,..............................,0.0
GAGAAGTTTTTATTTAAGTCATTCTGAAGT,.((((...(((....)))...)))).....,0.0
CCAGTACGATTTCGATAATGCCTAACTCGA,...........((((...........)))),0.0
GGCTTGGATGATTATGCTACTATGTGTTCG,(((............)))............,0.0
TTGCGTTTTGTCATTTAGTGTATAGTTTTG,..............................,0.0
AGTTACAAACATGTGGGACTATACTTTGAA,(((..((......))..)))..........,0.0
CGCAAGTTAGATGGATACTTATGTTTAAAA,......(((((((........)))))))..,0.0
AAAAGGTGGTATCGCGAGTTATCTGGGGGT,..........(((.(.((....)).).))),0.0
GGGTATAGCTTCATTAATGCGGGTATCATT,.(((((.((.........))..)))))...,0.0
CCGGCAGAAAATAACGACCCCACATAGAGA,..............................,0.0
GGCGGAAGGTCTGCAATGGATGTCTGGGAG,..((((..((((.....)))).))))....,0.0
TTCTTCGACTCTGGGTATTTTTCAATCTAC,...........(((((........))))).,0.0
GGGTCCTAAATTTGTAAATGTTCAGGTGAT,....(((.(((........))).)))....,0.0
TAGAATGATTGTTGCGTTTCAGTGTTTTTC,.(((((.((((........)))))))))..,0.0
ACAGGCGTGACCGAGGAAACATTCGAACAT,......(((..((((......))))..))),0.0
ATTGTTCTGAATTGTGCGAGGTTTGTATTT,.............((((((...))))))..,0.0
TCAGGCTGTGGTAAAATTGTTTAACTTGTT,..((((.((......)).))))........,0.0
GCGGAGGCGGGATGGGTGGATGGCATTCGA,((....)).....(((((.....)))))..,0.0
ATAAAGGAGTCATATTAATTAGTGTTGTTC,..............................,0.0
TTGGCAGACCGGTGTATATCCACTATCTAT,.....(((..((((......)))).)))..,0.0
AACCGATTTTCTTAACGGAACGTTTGTCTC,.((.(((.((((....)))).))).))...,0.0
CTTTGGATTTCTTGAGTCAAAAATAAAATG,.....(((((...)))))............,0.0
GAAAAGCTCACCGAAAAGTTGTTATTAATT,....((((........))))..........,0.0
GTCCTGCTACGTACTAAATTTGTTGTGAAT,.......((((.((.......))))))...,0.0
CGGAAGGTCTAAGGAGAATGAGGATGTGTG,....(.((((..(.....)..)))).)...,0.0
GATTGAAGCCTACAAGGTCTAGGTCTAGAT,((((...((((...))))...)))).....,0.0
AGCCTTAAGTGCTGCGGTTACTTTGGACTG,((((..(((((.......))))).)).)).,0.0
GTTCGGGAGTATTGATTTTGGTTACCTTGG,...((((.(((...........))))))).,0.0
TTAGAATTGTTTCACCAGGTTTTCAAAAAC,...(((....))).................,0.0
GACAATTTTAATGGGATAAGTGGTTGATTA,.......(((((.(......).)))))...,0.0
GCAGGGGGAAATGGAATCAATAGAACTTGT,(((((......((....))......))))),0.0
ATAGTGAAAAGGATGATTTAACCATGAGAT,..............................,0.0
TTTTCCTTTTCTTCCCTTTTTTCCCCCCTT,..............................,0.0
ATTTCGGTTTTTTTATGTTTTCTAGGTGAA,...........(((((.(.....).))))),0.0
TATGCCAGGTAACTGCCAAGTTCGTGACTA,.....((.(.((((....))))).))....,0.0
ATCGCGTGTGGTGAGAGTATTCATGGCCAA,.....(.((.((((......)))).)))..,0.0
GTAAGGAGTACGCTGATATGTATGTCCAAC,....((((((((......))))).)))...,0.0
CAAACAGAGCTTGCGACCGTTGGGGTTATA,..............((((.....))))...,0.0
TCAGGTCGTGGGCCTTGCGAACTAACTGTG,..(((((...)))))...............,0.0
GCATTGGCAACTCCCAGTTAGTTTTTGGAT,((....)).....((((.......))))..,0.0
ATAATATGTGTTGGGTGTTGCGTCATTGTG,((((((((((........))))).))))).,0.0
GGGATACTTTCCCCCGCAATAGGAGGAATA,((((.....))))((......)).......,0.0
CTACAGTTTAGTTGCCGCAGGAGGATTGTT,..(((((((..(((...)))..))))))).,0.0
TGAGGGGTATGGGGTGGTGTCGGGGCTGGT,.....(((.(.((......)).).)))...,0.0
GCATGATTATTATGTGGTAATAAAATTTTT,((((((...))))))...............,0.0
GTATTGATTCGCGGGTAGTTGTATTTACCT,............((((((......)))))),0.0
TTGACGTGTGTGACAGCTTTGATCCTCTGT,............((((..........)))),0.0
GTAAGTGATAGTCACTGGTGGGGTGGCGTC,..........((((((.....))))))...,0.0
CAGTTCATCTGTTATTCTGATGCACTGGAT,((((.((((.........)))).))))...,0.0
ACGCATTAGCATCTTTGGCGTACTTCTCCG,((((...((...))...)))).........,0.0
CAAGGATATTACTGAGTGGTAGTGAGAGTG,......(((((((....)))))))......,0.0
ATGAAGAGGCGTTGATGTCTAGAGTAGCAA,......((((......))))..........,0.0
AATTCGCTGGGTTCAATACATGATCCTACT,.......((((.(((.....))).))))..,0.0
GGTATTTCATTTAATCGAAGTAAGGGAGTG,..((((((........))))))........,0.0
GGAGTGTGCAATTAGATTCATAATCGAAGA,.((((.((....)).))))...........,0.0
AGGTCATACAGATTTTCTTATAGTAATGGT,.((((.....))))................,0.0
ACAGGATTAATTCTAGCTTAGCTTCATTCA,...(((.....)))(((...))).......,0.0
AATGGATGTCCAAAAATTTGAACGTAAATT,(((..((((.(((....))).))))..))),0.0
GGGTTATATCTCAAGAGTCAATGACTATTT,(((......)))...((((...))))....,0.0
TTGTGCAGAAGTTTGGTTCTAGTGATCCTT,..............((.((....)).))..,0.0
GATCATTTAGGTATGGTAAATGGGTAATTG,..(((((((.......))))))).......,0.0
AGGGTAGGTAGGCATGTTTAGTTAACTGTA,...........(((.(((.....)))))).,0.0
GTTACGGCCTCATACGATTTTCGGTCATAA,.....((((.............))))....,0.0
GCCGGATTTATCTAACGTACTGCTGGGCAG,(((......................)))..,0.0
CATCATAACGTTGGAATTTCTTCAAGCAAA,.........(((.(((....))).)))...,0.0
GGACTGTAGTCCAAAGTTGATTTTATTATG,((((....))))..................,0.0
GGGTCAAGTATAAGTTTGAAAGATATTTAA,...(((((......)))))...........,0.0
TGGGGAAAGAGCTGCACGTTGGAATACTTA,((.((......)).))..............,0.0
CGTTGGGATTTGCCAAGGTGCAGTACTGCA,(.((((......)))).)((((....)))),0.0
AGTTTGAGGATTTAAGTTCTGAGTTTCGTG,...((.(((((....))))).)).......,0.0
GTATCTGCTTTGGGGGATGTTGGGGGGGCA,.(((((.(....).)))))...........,0.0
GGGTGATTATTGCGTAGTTGTTAATCATGC,(.(((((((..(((....)))))))))).),0.0
CTACAAAAATCTTGGGAAGAGGGTTCCGAT,...........((((((......)))))).,0.0
CGTGGGTGTTTGTAGGTATTCTTTTTTGGA,...(((((........))))).........,0.0
CACGAAAATCGTCACGTAGCGTCTTCTACT,.((((...))))...((((......)))).,0.0
GTATTGTTATAGCAAGATCTCAGTCGTTTG,...((((....))))...............,0.0
ACGTTGTTTGCACTGATATATGCGAGTAAA,...(((((((((........))))))))).,0.0
TAGTTTGCTCTTTATTTCGCCTTTTTTTAA,..............................,0.0
TGTGGTTATGTCCGCTTCTTGTAAGTAGTT,.((((......))))...............,0.0
TACAATTGTGTTTACCGCTTGGGTTACATG,.......((((..(((.....))).)))).,0.0
GGGTTACATTGCTTAAGGCAGGCGTCTGTG,....((((.(((((.....)))))..)))),0.0
GTTCTGATAGGTCTTTGTAACGCCATTTAG,...((((..(((.........)))..)))),0.0
TATAGGATTGGTCTTTGACTGTTTTGAGAT,..((((((.((((...))))))))))....,0.0
GGCTCAGCGGTAAATGATTGTGATATCGGT,.......(((((...........)))))..,0.0
GAGAGATACGTAGGGGTATCTATCTCAGGT,(((((((((......)))))..))))....,0.0
CGTACAGAGCGTTGTTGCGGTATTATGTCG,(((((((....))).))))...........,0.0
GTGTATTAAGTATGTTTTCTTTTATGTATT,........(((((((........))))))),0.0
ACTTGTTTGCACGTGGTATTGTTTCTTTTA,..............................,0.0
ATTGTTTGCACATGAGTGGAGGGTGGTAAT,....(((.(((....))).)))........,0.0
GGCGCGTGGTATCGGACATTGGATCTGATG,.........((((((((....).))))))),0.0
GGTAAGGATCAAATGGAGGGGTACTTTAAA,.............(((((.....)))))..,0.0
TGGTTTATGTTGTGGGATGGTGAGGGCATT,......(((((.(.(.....).).))))).,0.0
TCATGTAACATGTCTACTCGGTAAAAATGG,.((((...))))..................,0.0
CTTTATCCTCGTTCAAATCAGTTTTACTAT,..............................,0.0
GACATTACTCTTTGCTGATTATGTAATAGA,........(((((((.......)))).))),0.0
ATGGTGTGTCTTGAATGAAAGACATTTCGA,..((.(((((((......))))))).))..,0.0
TGTGATATAGGTTTGTTGATTCCAATTCTT,.........((..(....)..)).......,0.0
GTGTGGAGATTTAAGGACTTCGGTTGATAT,...(((((.........)))))........,0.0
AAAGCGAGTGATAAGTATACCGTAATGTAA,...(((.(((.......)))))).......,0.0
ATGACACGAGAGTTATCTAACTATTACAAA,(((((......)))))..............,0.0
TATCTGTGGATCCACTTTTATGTTATTACC,.....(((....)))...............,0.0
TCATCTATTTACAATATGAATAACGAGCAA,.....((((((.....))))))........,0.0
CCGAACGGTAGAACGACCATTTCACGCACT,..(((.(((......)))..))).......,0.0
GATAAGTGCGGGAGTCTAACTTGCAGGATA,......((((((.......)))))).....,0.0
GAAGAACTTCTATTTCGTTAATTGACGGAT,.............((((((....)))))).,0.0
ACGCATGGCGGTAGACGGTATATGTTTCCG,........(((.(((((.....)))))))),0.0
TGTAGTCGGGTTAGACAAGTATTCTGTCGA,....(((......)))..............,0.0
TGCGCGTCCTTAAGTTGGAATGAGATCAAC,..(.(((((.......)).))).)......,0.0
AGTCCTAGTTAAATCGTGTACTAAAAGACG,.(((.((((..........))))...))).,0.0
CCATGATTAGATCTGACCCCTGTGCCAATA,..............................,0.0
AGTGTAAAAGGGGCTTTTCGAGTTCCAGGA,.........(((((((...)))))))....,0.0
AGGTGATTCACAAAAATGTAATGAATCGGG,...(((((((...........)))))))..,0.0
CGCCAATTATTACCGCTTTGATGTTGACAA,...((((.((((......))))))))....,0.0
AAATCAAACGCCGGGGTTGATTCAAGGCCT,.........(((..((.....))..)))..,0.0
CTCCAATGTCACTTGTATGACTTACGGAAG,.(((...((((......))))....)))..,0.0
AGTACATTTATAGAGCATGATGAATGTAAG,..(((((((((........)))))))))..,0.0
ACGTAGCATTTCTCTTTTCGTGTGTGGTTT,((...((((..........))))...))..,0.0
GGATGCGAGAGGCCGTGACTGGTGGTATGT,..((((.(..((......))..).))))..,0.0
CCCAAAAATTAATACGCAATCTCTTATATG,..............................,0.0
CGATCTATAAGGTAGTTTGTGAGAAGTAGC,...((((((((....))))).)))......,0.0
GCGGGTCATATTGCATCAGCGATTTCATAC,.........(((((....))))).......,0.0
GAGGAGAATATTGAAGCCCTATTTAAAACT,.(((.............)))..........,0.0
GTGAAATGTTGACATAGTGATGTTAGCGTT,....(((((((((((....))))))))))),0.0
GCTAGAATTGGATGACGTATACGCTTGTTC,.........((((((((....)).)))))),0.0
CAAGGTTTTGCGTCTGGGGTCGGGTTTTTA,............((((....))))......,0.0
CGACTGCTAGTTTCGTCCTGTTAATAAGCT,.....(((.(((..........))).))).,0.0
TGAAATTTAGAACGATGAGCTGACGGGTGG,..................(((....)))..,0.0
CGTATCGAATACGATCGGTGTTCCAACTTT,......((((((.....)))))).......,0.0
TTGATTAAACGGTACTAGTTCGATAAAGAG,...(((.(((.......))).)))......,0.0
CACTATTCTATGAGCGATAATGCTATATTA,............(((......)))......,0.0
TGGTCTTTTTCTTTAATGTACAAAGCTAGC,(((.((((..(......)...)))))))..,0.0
ACGCACTGATTTTGATATTCTAAGTTCCTC,..............................,0.0
GTGGAAGGCATACCAAAAGTTCATTAATAG,.(((........)))...............,0.0
GGCATATAGTTATAGTGAGGAACCATGTTT,.((((...(((.........))).))))..,0.0
TTATTGCTTTTGTGGCTCTGGTATTTGTTG,.....(((.....)))..............,0.0
TGGGTGTAGTTTAGAAATCAGCGGTGTTTT,..............................,0.0
GAGGTCTATTCGTACAGGAATTAGACGTAG,.(.((((((((......))).))))).)..,0.0
TTTATATAAGCATAGCTGTATGTTTCTTGT,.......(((((((....))))))).....,0.0
AGGGTTAGATTACACATTCCAATTTAGGTA,..(.(((((((.........))))))).).,0.0
GAAATGGGGACTGTCTTGAAAGGGGGACTG,............(((((......)))))..,0.0
GATAATGGAATGACTCAGTTCATCCAATAC,.....((((.(((......)))))))....,0.0
CGAAAATCAATGCAATATGTTACTTTCTAT,..............................,0.0
GCAAGGGTGGATTATATGCTAGTTTGTTAT,((.((.(((.....))).)).)).......,0.0
ACAAGACTAGACAAGGGCATGAAGATAATT,..............................,0.0
GTAGATATTGTTGTATTGTCATTTAGCGTA,(..(((((....)))))..)..........,0.0
TAGAACTTAATGTGGATTATTTAGTTTCTC,..(((((.((((.....)))).)))))...,0.0
CATGCATGTAAGGTTTCCTCTCTTGGTATC,.((((..(..(((...)))..)...)))).,0.0
TGAGGGGTAAGATTGGCATACGGAATGGAC,..............................,0.0
GGTATCGCGTTTAAGGTGTCAAGTGATATA,.(((((((..............))))))).,0.0
TTGATCGCGAGATGTTGGGTGTTTCGGTTC,..(((((.((.((.....)).)).))))).,0.0
GGTTAATACAGGAGGGCCGATTGTTACAAA,((((..........))))............,0.0
TCATAGCAAAATTGAACGCCTTTTGATGGT,.................(((.......))),0.0
TAGCGTACTCATAAGGAAAGTTATCTTGAT,.............((((......))))...,0.0
CCATAACAGAGGTATTATTTTCAGTCGACG,........((((......))))........,0.0
GTTCTATTGTCTATTATCGGTACCGACATA,(((.(((((........)))))..)))...,0.0
TTGTCGGTGGTAAATCTATAGATATCGTGC,.((((.((((.....)))).))))......,0.0
AGTTTTCATATCTGTGTTGTTATTGGTATG,......((((((.(((....))).)))))),0.0
CGTTCGTATGATTCTCGGACGCCTTGGTTT,((((((.........)))))).........,0.0
TGGTTTTTAAAGATTACATTCGAGATCTGT,..........(((((........)))))..,0.0
CGGTGTATAGTTGGCGACGTGGTAGGTAAA,.......((.(((.(.....).))).))..,0.0
TAGCTATTTTGAGATCATTAGGCTATTGCC,(((((....((....))...))))).....,0.0
AAAACACCATTTTTCATTGTTTTGATTTAC,((((((...........)))))).......,0.0
TGTAAAAACGTATTAATGTGAACCAAATAG,.......((((....))))...........,0.0
AACAAGAATTGTCACGTTATTGCGTTTCAA,........(((..((((....))))..))),0.0
GGGACGGTTAAGGCAAGAGGTAGGGCGTTA,..((((.((...((.....)).)).)))).,0.0
CCCCCCGGGCTATCCGGATGACGTCTGTTC,....((((.....)))).............,0.0
TAACGCTTATTCTAACTACTGAAGTCTTCT,.........(((........))).......,0.0
CTAATTAGGGTTTTTATTTAGGCCGGTTAA,........(((((......)))))......,0.0
TTCCGCTCACTTTCTCTATCGTTAATGAAG,..............................,0.0
TAGCCTCGGTTAAATTTCGATCGCTTAACA,.(((.((((.......))))..))).....,0.0
GTAGAAGCTTGTGCCTTTTTAGCGTCAAAT,...((.(((...........))).))....,0.0
CGTTTTAATTTATATTGGTTTATCGCTGAT,.............((((((.....)))))),0.0
GGTATGAATATCCTGCTATTGGCATGTTGT,......(((((((.......)).)))))..,0.0
GGGTTTCTCATGTACGCCTTCTATTATTCG,((((...........))))...........,0.0
CGTGTTATGGTATGCTTTCGGCGTCCTTGT,........((.(((((...)))))))....,0.0
AACGTTGAATCTCGTATGTTATATAATAAA,((((((((...))).)))))..........,0.0
GCCCATTGGGATGTTCAGGATTATGTATTA,.(((...)))....................,0.0
GAAAGTGGCTTGTTGTCAATCTTTCGGGCA,(((((((((.....))))..))))).....,0.0
TATGTACAACGTTTAGTGTGAGACTAAGTT,...........((((((.....))))))..,0.0
CGAATTAGTAAGGTTTATTGTATAATTCCT,.((((((.(((......)))..))))))..,0.0
GTTGTGATTTATTATGAGTAACAAATCCTT,.((((.(((((...))))).))))......,0.0
TGGAGTTACTGTCTTTGTAGACTGACATAG,....((((..((((....))))))))....,0.0
TCAGAAAATTAAAAAACGAAAAGCATGCTA,..............................,0.0
GTACCGGACATGTGCGCCACTAATCCTATT,.....(((...(((...)))...)))....,0.0
ACGATGTTTTACAAATACAACGATTTTAAT,.((.(((.........))).))........,0.0
GAGTTAATTAATGTTTTTCTTTTTAAATCA,..............................,0.0
GAGTTAGTGTGAAACAATGAATGTCGTGAC,..............................,0.0
CCTCTAGCAGGAAACTGTCGATAAGGGTTT,(((...((((....)))).....)))....,0.0
TATTTGACTATGGTCTTCTTGGCTTTTCTT,...........((((.....))))......,0.0
TATGGGTGCAGAAAATCAAGAACGGTCGTT,.((((.((..............)).)))).,0.0
TAGCTTAAGTCTTACCACAATCCGTATTGT,................(((((....))))),0.0
GGTATAAATGGGATCAGAACTTAGCGAGCT,..............................,0.0
TGCATAAATTACTCTTTGTTGCAAATACCC,((((..((.......))..)))).......,0.0
TGGTTGATAATGAGTTGTATTGTGCGTGGT,......((((((.....)))))).......,0.0
AGGTTCGGGTTTGGTTTGTGGATTTAGATA,(((((((.(.......).))))))).....,0.0
GTACATTCAGAATCAAGGTATACAGCACAT,..............................,0.0
AACACGTACCTCACTTGAATTTTATTATGT,..............................,0.0
CACTTGCATTATACAGCTTGAGCCGAGATA,..((((..(((.......)))..))))...,0.0
GCTAGTAAGTAAAGCCATATTATCTCTTAG,(((.........)))...............,0.0
CGCTTTTTATCAACACACGTTTAAGATGCA,.((.(((((..(((....)))))))).)).,0.0
ATGCCATTCTTTGTTATATACGAGTTTAAA,.........(((((.....)))))......,0.0
TAACACGAAACTATATATATTAGATTTACA,..............................,0.0
GTATGTTGAACTGGTTAATAATCAACTCGC,((..(((((............)))))..)),0.0
GGATCGTCGGAGGATTGTGGTTTAGGTCAG,.(((((((....))).........))))..,0.0
TATTAATGTTGTGTTTTTAAAGGTCTTTTA,..............................,0.0
GTTACTCAAACGCTTTGTTGAAAAATCGTT,........((((.(((......))).)))),0.0
CATCGGGCTGTTTGCGGATTCGTTGTGAGA,((.(((((((....))).)))).)).....,0.0
TGATCATGGTTCCTCAGCATAGGGCTTCAG,(((....(((.(((......))))))))).,0.0
TGAGTTTTATCAATTTTTCATCTTGGCTCG,.(((((..................))))).,0.0
TTCATGTTTTTTTTGTGTTGGATGTTTAGT,..............................,0.0
AAACCAGGATGTAATGGAATTCTTACCTTT,...(((........))).............,0.0
TAAAGGAGACTATTTTGTGGTGTTAGGTGT,.....((.(((((...))))).))......,0.0
GACGCACCCTTTTTCTATGTTGGATTATTA,.......((............)).......,0.0
TTCGATTTGTTATATGACGAGGTCATTAAA,...((((((((....))))).)))......,0.0
TTGGGCGACCTTGTGCATATGACTTGATGT,.((.(((....))).)).............,0.0
TTATTAACGTGACTCACTTGTCTCACGAAT,.......(((((..(....)..)))))...,0.0
GGACAAGGATCGGGCCATCTTATGAACACT,(..(((((((......))))).))..)...,0.0
GGGCTTGGTACCAGAATTTCGAGTAGATTG,..((((((..........))))))......,0.0
GAGTCACATCATCGCTTGAGTATAGGCATA,.............(((((....)))))...,0.0
GAATCCAGAGTTTTTGAGGAAGTGAGGAAT,...(((..(.((((...)))).)..)))..,0.0
TGTCTATGGGGATTCTTCACTTTTTGATAT,((((...(((((....)).)))...)))).,0.0
ATATTGGATTGTCGTGAAGTTCATAGGATT,....((((((.......)))))).......,0.0
GTAGGCTGAATGAAGAGAGTAACGTAAATA,((..(((..........))).)).......,0.0
AATACTAGAGTGATAACATAAGGAATAATT,..............................,0.0
GGAAGGTTGTGGCGTGGCATAGTCCGTATA,....(((((((......))))).)).....,0.0
CGCATTCCGGCTTTGTTAAATACAGCATTG,.........(((.(((...))).)))....,0.0
CAGAAAAGCATTACTGTGCTAACGAATTTT,......(((((....)))))..........,0.0
GGTACCACCTAATGTAAATCAGCTGTACTA,(((((...((.((....)).))..))))).,0.0
GGGAACGGGATTTTTTTCCTTCAGGCTGGA,..(((.((((.....)))))))........,0.0
CATTGGTGAGGTGAACAGGGGAAGGCGAAA,((((.....)))).................,0.0
CGGCGCAATGATATGTAAGATTATTCAATA,..............................,0.0
GCCGAGTTCGTATGTTTATTCTGTTTCAAA,((.((((..........)))).))......,0.0
GGAAGAGTGGTGCTATCATTGGTCGCGGTT,....((.((..((((....))))..)).)),0.0
TAAGTGAGTTGGGGTTTTATTCCTAAACAT,........((((((......))))))....,0.0
TCCTTTTTTTTGAGTCTGAATGTATGGTAT,..............................,0.0
CTGTATCATACTCCTTTTAGTTTCTTAAGA,..............................,0.0
CTCTAAAGCAAACTTGCTAGTGTCTTTTAA,......((((....))))............,0.0
TCGTTTTTACTTTTCAAATGAAGTTGCCTA,........(((((......)))))......,0.0
CTAGTTTATTAATCTGTTAGCCGGGGATTA,.........((((((.(.....).)))))),0.0
TATACATCTGTAATGTGATGCTATTGTCGC,....((((........))))..........,0.0
GAGAGAAGAAGGTCGGGAAGCCAATGTTCG,.......(((.((.((....)).)).))).,0.0
GCGCGGTTACGTAGGTGGACAATTAAACTT,..(((....)))..................,0.0
GCGGAATGATTTATAAGCTGAGGTCTATAA,.......(((((........))))).....,0.0
CTCGCTCACCTTTAGTGTAGTTGTATGTAC,...((((((.....))).))).........,0.0
TTAAGTTGAAGTTTTCGCGCTTATGTTCCA,.(((((((((...)))).))))).......,0.0
TTGCGGATTATTGTTTTTGTAGTACTATTG,(((((((........)))))))........,0.0
ACATGTTGAATCGGGAGATTCCTAGGACTT,.......(((((....))))).........,0.0
ACGGCCGGGGTTAGAACATTATTTTAAGAA,..............................,0.0
TTGTACTAAAGAACTGTTTTTTAAGCTTTT,......(((((((...))))))).......,0.0
AGCGTCGACATGGCATATGCAACTATACAA,...(((.....)))................,0.0
TGCCCTAAGTTAAGAAGTCAATTGACTTGT,.....((((((((........)))))))).,0.0
GAAGCGTATTATTCCCTGGTTATGCTTGAA,.(((((((............)))))))...,0.0
GGTACATCTCCCGGACTTATTGGCGGGTAG,.......((((((..........)))).)),0.0
TTGAAATGCTGGTTATATAGATACATGAAG,..............................,0.0
GAATTATTATTTGTGTCAGCTTACCAAACT,.........((((.((......))))))..,0.0
CCTAGAGGCCTCTGATAATAATAGTAAGCG,..((((....))))................,0.0
GCGTGAGTTTTTTGGTGTGGGTCTGCTCTG,(((.((.((.........)).)))))....,0.0
GGAGGTGGTGTGGCTTCAAATATTGTTTTT,.(((((......))))).............,0.0
AGCGGGGATCGTGTATCGGTTTCTTCACGT,.(.((((((((.....)))))))).)....,0.0
CTTAAGGAAACTCGCTCGGAACCAAGACTT,..............................,0.0
CTTAGAACGAGAGGCATATAAGTTAACCGT,......(((...(((......)))...))),0.0
GGGCCTGGCTGTAAAATATGAAATCGTAAT,.(((...)))......((((....))))..,0.0
AGAACGGACATCGAGTGTCGGGTGTAAAGT,....(.(((((...))))).).........,0.0
GTATTGTGCTTTATCTTATCTGTGCGTGAA,.....((((............)))).....,0.0
CAGACTCATGAAAGGAAATTGTGATGTTCA,..(((((((((.......)))))).)))..,0.0
GCACACTTTTAGGCGGATATTGTTAGTTAG,((.(.......)))................,0.0
GTTTGTTTGTGGCCGTGGGAGGAGACGTGT,((((.(((.((....)).))).))))....,0.0
CACCAAGATAATTCAGAACCTAACATTGTA,..............................,0.0
GGGTAATGATGCGGTAGGTTAATGTTGGCT,((.((((...((.....))....)))).)),0.0
CATATGGACTGTATCGCATATATTAACTTT,.(((((((.....)).))))).........,0.0
CTAAGATTATAGGTGACAAGTTATGGACTG,...((.((((((.(....).)))))).)).,0.0
TTACTCGATGACAAGATATTTTTAGTGATT,......(((.((.(((....))).)).))),0.0
CCATGTTTTTCCTTTAGTTGGGCTGTATCT,..........(((......)))........,0.0
TGTAGTTTTGAAGCTTAGCTAACGTTAGTA,............(((.(((....)))))).,0.0
AGAGTTCGTTCTTGGTATGCCGAATAATTT,...........((((....)))).......,0.0
GAGCAAGTGCTTGCTTGAATCGCTCTTTTG,((((((....))))))..............,0.0
TGTGATCATTTCTTCCAGTCAAGGTTAAGT,..............((......))......,0.0
TAACCCAGAAACTAAGCGTCTGCGTGGAGG,...........((..(((....)))..)).,0.0
AGGTGTATTTCGGGTCGTAGATAGTTGGAT,.....(((((((...)).))))).......,0.0
TCTGGGCAACCAAGTTTATTATCAACTTCG,..(((....)))..................,0.0
AGCTTATGTTTCTTCACTGTAAGTTTACCT,.((((((((......)).))))))......,0.0
TGCCAAGTTTTTCTGTGAATTCTTGAGGAG,...((((..(((....)))..)))).....,0.0
ACAATTAGATTGTATTTGTAGCGCTTTGAG,....(((((.(((.......))).))))).,0.0
GATCTGGTGTAATACTCGTACTTCGTTAGA,..(((((((..............))))))),0.0
CATCGGGTAGGTTGTTTATGAGAATTTGTC,.....((((((((.((...)).)))))))),0.0
AATTCATCCGTCATGAAGTTGGGACAAACC,..(((((.....)))))...((......)),0.0
AGTTCAACGGTTCTGCTCAAAAGGCTACGT,......(((.....(((.....)))..))),0.0
AGGGGACGGCGGGTTCTTATTATTTGACTT,.((((((.....))))))............,0.0
CGAGAGTCAGTTGCTAACGTAAGTATGTTT,........(.((((....)))).)......,0.0
CCATATGTCCTAAGTTTTGCTTGTTCAGAA,..........(((((...))))).......,0.0
GGTACTTAAGTTGATGTTTGTTTGGGTTAT,...((((((((........))))))))...,0.0
CTACTTCTAATGAGATTTAGACGGTATTTA,.(((((((((......))))).))))....,0.0
ACAAATAATACTTTTTGTTTATCTGGCAAT,..............(((((.....))))).,0.0
GTCAGCCATCCGGAGGCTTATTTTCCTAAG,...((((.......))))............,0.0
GTATGTTTGGCGTTGTTAAATTTAAGGCAT,.........((.(((.......))).))..,0.0
ACTGGACGAATTCTCACGACCTCATTGTCA,....(((((...............))))).,0.0
ACGTCGGAATCAGTTGTAAAACTATCGTGG,.((.(((....((((....)))).))))).,0.0
TTCTATATTCGCACAAGTAAATTAACTATA,..............................,0.0
GTAATAAGCGAACTAAATAATACTTGAGTG,..............................,0.0
TGATATGCTTTATCGTACTTAAAGTCTCTC,......((((((.......)))))).....,0.0
CGGGTGAGGTATGATACATATGATGTTATT,........(((((...))))).........,0.0
TGTGATTTTCACAAGGTGTATATTTGTGTT,.........((((((.......))))))..,0.0
CATGACCACATTCTTAGGTGAATTCTTAAC,......(((........)))..........,0.0
GTGTGTGATATATTAATGCAAGGTTGATGG,..........(((((((.....))))))).,0.0
ACGTGTGGTACTGGAATAGTCTATCAAAAC,....((((.((((...))))))))......,0.0
TATGGGCGGATTAATTTTTTCAGCGATTTG,.....(((((........))).))......,0.0
GGGCTATTCGTTATTCTTTGTGTCCATCCT,((((.................)))).....,0.0
CTGCTGATGGCGGCTCTGCAGATGAGATTA,((((.((.(....))).)))).........,0.0
ATAAGGAGGGCTTGGGCCTGTGTGTAAGCA,.........(((((.((....)).))))).,0.0
GGCAACAAACTGACGCAGGACGAGAGACTA,.((..((...))..))..............,0.0
TGAAATAAGGTTTGCCGTAATCAGCGGGTT,..............((((.....))))...,0.0
GGTCGCAAAAGCACGTGGATTCTGGATGTG,...........(((((.........))))),0.0
ATGAGAGTTGATCCATGGAGATACTATTTG,.....(((...((....))...))).....,0.0
TAATGTTCCCAGCTCTGAATAATTACATTG,...(((((........))))).........,0.0
GCATGGCACATTCCGTATTATTTGCCATTT,..((((((.((........)).))))))..,0.0
GTCTTTGGAAAGCATTCGTTGTACGGAAGT,..((((.(...(((.....))).).)))).,0.0
CATGCATGGGCATCATAATTCTAGATTACT,.((((....)))).................,0.0
CAGGAAGGAACATGTATTTTGGTGGAGTTA,..........(((........)))......,0.0
CCTTGTCGGGTTGTTATAGGATAGTAAGCA,..(((((............)))))......,0.0
TCAATGTTTTGATTAATTTATTGTCCTCTG,((((....))))..................,0.0
ATCGAACTGATACACTTGCACATTTTACAC,..............................,0.0
CTCTTTCAATTGATGGGAGCCCTTATGCAT,..((((((.....))))))...........,0.0
GCTAGCAATGCTTTGTTTCTTACAGCCCTG,((((((((....)))))......)))....,0.0
ATCTGGTGTAGTTCCCACATATTAAACTAT,...((((.((((........)))).)))).,0.0
GTACGTACATCGTTAGCGAATCAAATCGAG,..(((.....)))...(((......)))..,0.0
TGTACGATTGGTTTGAATGGTTGTCAAGTG,((.(((((((.......)))))))))....,0.0
TATTTTGCTTCTATTTTAATCGAATCATTA,..............................,0.0
GATTTCTACTCAGCACACAACGATTTACTG,..............................,0.0
TCATACCAGTGTATACCTAACAATATTTTC,..((((....))))................,0.0
CTTGTTGGTAGGATTGTATGTGGTTTTTTT,..............................,0.0
GGATAAAGGTAGATTCATAACTATTTATTT,......((((((........))))))....,0.0
TGTATCACGTTGTGCAAATGATGACTCCCC,....(((((((.....)))).)))......,0.0
CCACATTTTAAATGGTGTTGATATGACATT,..(((((......)))))............,0.0
GCTAATGCATGATACGTGTACTGGTAACAT,((((.((((((...)))))).)))).....,0.0
CAATCCGTTGTTGGTGAGTGATTTTTCTGC,....(((....)))................,0.0
TAATCAAGTTTGTGAAGAGAGAGTGGTCTC,................((((......)))),0.0
CTTCCAACAGTATTGGTGTCGCAAAAAAGA,...((((.....))))..............,0.0
CAGACAAATCAACAACCTTCACGTGACCGA,..............................,0.0
GGGTTATGCAGATTGTATGTGATGCCGATG,.(((((((((...))))))....)))....,0.0
GGTTTCTTTTATGTCGGTTCTTAGACTTTT,............(((........)))....,0.0
GTACGTAGGGCCCACGATAATCGTTCCGAG,.......(((...((((...)))))))...,0.0
ACCGGGAAGTGCGAGGTGTGCCAGTGGTAT,((((....((((.....))))...))))..,0.0
ATTACACGACTATTTATGGTCCTGTATAGT,..((((.(((((....))))).))))....,0.0
GTAGTGGGTTGGGTTTGCGTGTTCCCTCAA,..........(((..........)))....,0.0
TATGTGGATTTAAAGACCAGGATTTGATGA,..(.(((.........))).).........,0.0
GGGGTTTACTTCGAGAATTTAGGTACAACT,..(((((((((.........))))).)))),0.0
TGAAAAGTCCTTGACAATTTGGCACAAACA,......((((..........)).)).....,0.0
ACGGTAGGGGATTTTGTCGAAGTGTATTTG,.(((((((....)))))))...........,0.0
CGCGAAGAGCTCTGATCGAATGTGGAACTT,((((..((.......))...))))......,0.0
GAGCGGGTATGTAGGTTGGCCATGTTGTAT,.(((((((..........))).))))....,0.0
TAATGTGGTCCGGGCTTTTCAAACTATGTT,.((((((((..((.....))..)))))))),0.0
TACGGAGGCTATAAATTGATTACCCTATAC,.....(((.((.........)).)))....,0.0
CAAATAAGTTTTTAGTAATCCTGATACACA,.......((..((((.....)))).))...,0.0
AATTTACGGTGGTACGTACATCTTTTAGGG,....((((......))))............,0.0
GACGTAAAAATGGCGTTGAATTTTTAAGAA,(((((.......))))).............,0.0
GTTCAGTCCTGGTGAATGTGAATAATTTAG,(((((.......))))).............,0.0
CCATTGTTTTTAATGGGATCGTTGTCATTA,((((((....))))))..............,0.0
GAGTGTTGCTATGTTGATACAGATTTAAAC,..(((((........)))))..........,0.0
CGGTAAATGACCTTTCTCAGGTTTGTCTTT,........(((((.....))))).......,0.0
TGTTCATAAGGAATATTAGTCCTTGTTTAC,.((..(((((((.......)))))))..)),0.0
CAGTTCTTCCATCGGTCTTGGAAAGTTGTA,......(((((.......))))).......,0.0
GCCGGCTTGCAGAAGCTTTTTCATTTTGGG,...(((((....))))).............,0.0
AATGTTGTCCTCGAATCAAATGCAGCCTTT,...(((((.............)))))....,0.0
TATTAAGAAGTATATGCTAATTGAGCGTTT,.............(((((.....)))))..,0.0
TCCCAGATAAGTGTGTATATCTAAGGGCAC,.((((((((........)))))..)))...,0.0
CCAAGGAGATATGATGATGTGTTGAGAAAG,.....((.((((....)))).)).......,0.0
AAGTTATAGGATCTTATTGGACTCTGGAAT,..(((.((((.(((....))).)))).))),0.0
TATACATGATATAGTTGTAGATTCTCTGAG,..((((.........))))...........,0.0
ACATCTTGAGACCATCAGCATCTGACATCG,..............((((...)))).....,0.0
GTTTAGTCGGAGTCGTTGAGGATTAGACTG,...(((((..((((......)))).))))),0.0
TGGGAAATGTCAAGCTTCTGCTATAAATGT,............(((....)))........,0.0
GGCGCGCCGTTTGGGGTATTCGCGATGAGA,.(((.(((......)))...))).......,0.0
AGAGATGTTTGTACATGTGTAATTCAATAG,(.(.((((....)))).).)..........,0.0
GTATGACATTACTTTTTTTTTTACGTTATG,.((((((.................)))))),0.0
TCGTGGGAAAGGGGAACGTTTTAGTCAGAT,......((((.(....).))))........,0.0
GGTACGCGTATATTTAATTTCGCTGTAAAA,..((((((............))).)))...,0.0
GACTTTAAGTGTTTTTTCTGCTTAAACTGT,...((((((((.......))))))))....,0.0
GCTTTCGTCCAATGGTCTAAATTTAACTGG,..............................,0.0
GAGAACTGATCTAAACACAAAGGCCACCTT,...................((((...)))),0.0
GTATAGGCGTTAAGGAGTTCGTTTTACAAT,(((.(((((..........))))))))...,0.0
TTTGGGGTTATGCCTTTTTTTGGATTCTTA,...(((((...)))))..............,0.0
AGCACATCTTGTTGATATGTCTCGAACTAT,.(((.(((.....))).)))..........,0.0
CCATCACATGGTTGAATATTTCGAAATATT,((((...))))(((((...)))))......,0.0
TTCTCATCAAAATCTCGGCAGTATTAGCAG,.................((.......))..,0.0
TGATACCGTCATAGAACGAATTGCAGCTGC,......(((......)))............,0.0
GACTCCTCTGTCGGTGAGGTGTAGGTTCAT,.((.((((.......)))).))........,0.0
CAGGTCTAGGAGTGGTTTGCTAGTTATTTG,(((((((((.((....)).))))..))))),0.0
CACTCATCGGAACTATCAATATTGTAAAAT,..............................,0.0
GCAGGTCTACAGCCGAAGACAGTGTTGTGT,.......(((((((.......).)))))).,0.0
GTCATGGACTTGTTTAATGTTTAGGGCATT,(((.(((((.........))))).)))...,0.0
TGTTAGAGTATGTGTTCACTTTTGCGTTGT,.((.(((((........))))).)).....,0.0
CGATAGCATCGACAGTAAAAGAACTGTACC,((((...))))(((((......)))))...,0.0
TGCTAACGTACTCATATGCGTCGTGTTGAA,.....(((((......))))).........,0.0
ACGCGTTCAGTCTTTACTTGCACTCACTTT,..(((...(((....)))))).........,0.0
CAGGTGGCAAATGTTCGCGTTAGGTACTAC,..((((.(.((((....)))).).))))..,0.0
CGCTAGTATTTTTTGAGTGGATCGTTCAAT,((((...........))))...........,0.0
TCAAGAACGTTTCTAGTAGAGCAGTGTTCC,....(((((.((((...))))...))))).,0.0
TCTTATTTCATCTGCGGGTCGGGCGGCTTG,..............((((((....)))))),0.0
GTCTGCCAGTTCGTGTTAGACTTTTTTAAA,(((((.((.....)).))))).........,0.0
ACTGTCAGGATAAGAAGTTTGGAATTCTTT,...........(((((........))))).,0.0
TACTTGTAACCAGTATGATGACGTTAAGTT,.(((((....((......))....))))).,0.0
ACTTAGCTAGTAATATGTGTGTACGGGGAG,..............................,0.0
CGTAGCAAATAAGACTGAGTTAAGGCAATC,..............................,0.0
GGACCCGACACAATCTGATACATTCCTTTC,..............................,0.0
AATTGATGGAGGTATTTCTGATATTCATTT,....((((((.............)))))).,0.0
GGTGTTTGTAATTTCTCGGTAATTTTTATA,..............................,0.0
GGTTCATCTTTTAAATAATTGTTAACGACT,..............................,0.0
AATTAAGACTGGAAATTAGACAGGAGCCGG,........(((.........))).......,0.0
ACGATTCGATTCGATACCGTACTGAGTCCG,..((((((...((....))...))))))..,0.0
GGGGAAGGTTGATATCGGGGGCTTTTTGTT,..((((((((.........))))))))...,0.0
GAGCGAATTTGTAACTTTTAGCTTCATTTA,((((................))))......,0.0
AACGTTGATGGAAAATGGATTTTTTGGCTG,..((((.......)))).............,0.0
CATTTTGCTATTTTTGAAGTTGGGTTTTGT,.((((.(((........))).)))).....,0.0
CAGACAGCCAGATAGGTTAAATGAACTTAT,((...((((.....))))...)).......,0.0
TGGATAAAATGCGTATTGAATTTTGTTACT,..((((((((.........))))))))...,0.0
GGCTCAGGTGAGTGCTCGTTCTTACTTTGA,...(((((((((........))))).)))),0.0
GTGTTGTTTGCGAGTCGGTTTGAGTCTTAT,...........((.((.....)).))....,0.0
GAGTGTTTATTCAGGGTTTTCTTTATTGTT,((((....))))..................,0.0
GGACAGTGGTCTTGAATGAGACTTGACTTT,....(((((((((....))))))..)))..,0.0
AGGGGAATCTATTGTGGCTTGTTCTTTCTT,.((((((((((...)))...)))))))...,0.0
TAGTCGATACAATTATGTGCCTTAAGCACC,................((((.....)))).,0.0
GCAACGAGTTAGAGTAGTGATGAATATTGG,((.((........)).))............,0.0
TAATATCTGATGTGAATCATATTAATTTTG,.......(((((((...)))))))......,0.0
TTGTACTCGGCCCTAGCCATTATGAATATA,........(((....)))............,0.0
CATTTGGTGAGATTCACTCTACGAATGGGA,((((((..(((.....)))..))))))...,0.0
GAGCTACGGTTTGGATGATCCTTTGTGAAC,....(((((...(((...))).)))))...,0.0
CGGGCATAGTGCAGTTACATCGTTATTCCA,.(((.((((((.(......)))))))))).,0.0
ACAAGTCATTTGGCCTCATAATAGAAGATT,....(((....)))................,0.0
TGTGCGCTATTCATGGATCTAATCAGTTAG,..............................,0.0
ATAGTGTCAGTTAAGTTAAAGTCAACTAAT,.............((((......))))...,0.0
GCGAAGGTTAGGGCATCCTTGTGCAGCTAA,.....((((.(.(((....))).)))))..,0.0
GGCTAAGTGATGTAACTGCGTATTTGATAT,.((..(((......)))))...........,0.0
CTTGAGGGATGTTTCTCTGATAAACTGCAT,..(.(((((....))))).)..........,0.0
TTAATGTTCAAGAATCAAACCACTCACATC,..............................,0.0
TTGCTCATGAATCAGTTGGTTCGTATTGTG,......(((((((....)))))))......,0.0
CACGGGTGTATGGGGGGGGGTATATTCGTT,.((((((((((........)))))))))).,0.0
AATTATTCTGGATAATTAAAGGGTTGCACT,(((((((...))))))).............,0.0
CGGGTTTATTTATGGGAGAGCCTGAGTTAC,(((((((..........)))))))......,0.0
CCACTAAATGTGGTCTTACGGTATTTAAAT,((((.....)))).................,0.0
AGGTCTCGTAATTTATGTTGGTTTTTAATA,..............................,0.0
GCATGAAAGTTTGTGGCAATCCGGATCGTT,.(((((....)))))...............,0.0
TAGGTAACTCATATCGATAGAAGACTATTT,..((((.....))))(((((....))))).,0.0
GGTAATTACGGACATGGATAAGTTATGTGG,...........((((((.....))))))..,0.0
GGAGCAGTAGAGCTGTTCCATAGTAGTTTG,((((((((...))))))))...........,0.0
GGTTTGGTTTGATGTTGAAATTTTTACAGA,..((((....(((......)))....)))),0.0
CAAAGAAGGGTTTCCTTGAACCTTTCAAGT,....(((((((((....)))))))))....,0.0
ACAATTTGTCAATTTATTAGCGTCGGATAT,...(((((.(...........).)))))..,0.0
GTTGTCGGTAGTAAAATGTCTAACGGAAAG,....(((.(((........))).)))....,0.0
TTGTCGTATATTGGATTTGATTATTAATAT,..(((........)))..............,0.0
TACATCATATCTTCACGTGTTCATTGCCAG,..............................,0.0
GTTTGGTGTGGGGACTTGAGGTATGTTTTG,..........(((((.........))))).,0.0
GCCCGGGAGGGCTCAGTTGGCATGTGTCTA,((((....))))......(((....)))..,0.0
CCAGGTAAGTAGTGGCTGGCCGTTGTGTGC,((((.((.....)).))))...........,0.0
TATTGAGACTTAAATTTATGTTACCAATTG,.((((.(((..........)))..))))..,0.0
GCGCAAAGCCGATTTGGATTTAAAACCAGA,((.....))...(((((........))))),0.0
TAGCACAACATTGCATTTTCTTTATTAAAA,..(((......)))................,0.0
GTGCGTATTCAGTATTCTTATTTCAGAAAT,((((.......))))...............,0.0
CGAACCGGCAGCCAAATTAATAAAATGGTA,..........((((...........)))).,0.0
CATCAATGTACTTACAGAGAAGAGCTAGTA,..((..(((....)))..))..........,0.0
TAATAAGAACTAAAACTGGGTCTAGGAAAT,.....(((.(((....))).))).......,0.0
CCATTGGTATCTTCGCCAAATTTGTACTAG,...(((((......)))))...........,0.0
GGATGCTAAACTGTTCTGGTTCAGCTACGT,....(((.((((.....)))).))).....,0.0
CGTCCAAATGGTTTATCGCTACATCTCTAA,........((((.....)))).........,0.0
TAATATCCGTCACCACAGTAGATTGTAAAC,..............................,0.0
CTGCTTACATTCTAATGTTTAATCTGTTTA,..............................,0.0
ATGATTTGCTATCATTGTCAAGGCATGCAC,......((((...........)))).....,0.0
ACATTAACGTTGACTTCTAGGGCTATGCGA,.......(((...((....)).....))).,0.0
CCTGACGATTTTAGGTTATGCGATTACGCT,(((((.....)))))....(((....))).,0.0
GGAGTCCTAGTATTAATTGTAGGATATCTC,(((((((((..........)))))).))).,0.0
CAATTTCTTGTAATCCAGCGGCCTACTTAA,.........(((..((...))..)))....,0.0
TGGTAATGTGTTTATTTCTTCTCAGTTTTC,..............................,0.0
AGGTGGATTAATAGTTAATTTGTTGGTTCA,...(((((((((((.....))))))))))),0.0
GATGCATGGTCCAGAAGTAGGCTGGTGCAA,..(((((.(.((.......)).).))))).,0.0
TATATCCGTACCTATTAGTTGCCTTTCTCC,..............................,0.0
GAGGATGGTGATATGAATATAGAGTATGTT,..............................,0.0
CGCCTTTGTCTTCTGTTCCGTCCCCGTCAT,..............................,0.0
TGTGTACGTTGTCAAAATTACTTCTGTTAG,..............................,0.0
CGAGGTCTTAGTTTGAGCGGACAAATACTT,....((((..((....))))))........,0.0
AGGGAAGTTAAACTTTAAGTTCTAAGCATT,..((((.((((...)))).)))).......,0.0
TGATGTAACGTCTATTTTTATGTGGGCACG,.........((((((......))))))...,0.0
AGCATAATTAGAACGTCATATTCATGGCCG,..............(((((....)))))..,0.0
CCTAACCAGTTTGATGTCGTTTGGCAGATC,..............((((....))))....,0.0
GCAAGAGGTCATTCATTTCAAGCGTTATGA,((..(((((.....)))))..)).......,0.0
ATTCGTGGGTTGTTGAATTGTGTTTTAGTG,(((((........)))))............,0.0
CGAACTTCGTTTCGACAACCCTAAGTTTGA,(((((((.(((.....)))...))))))).,0.0
AGTGTAAAATAGTACATAAATTTTAATAAT,.(((((......))))).............,0.0
GCATCATCCAAGGTGTTGTTGTCGTGGGTT,.....(((((.((........)).))))).,0.0
TAAGCGGTGTATATAGAGAAATTGCTTTTG,.(((((((............)))))))...,0.0
AGGGGAGGCTGTACGTAAAACTACTGGTTA,......(((((((........))).)))).,0.0
CCCCTAACATCCTTATCTTATAGGTTCTAA,..........(((........)))......,0.0
GGATTAAGCAGGTCCTTCTAATTCGATACG,(((((.....)))))...............,0.0
TCTGGTTAGTAATGCACTACTCGATAGTAT,.(((...((((......))))...)))...,0.0
GAAGGCACTTTCTTTAAATGGGGTCGGGAA,...(((.(((.........)))))).....,0.0
GCTTCATTTATGCCTGGTGGTCGGTTATCC,...........(((....))).........,0.0
ATTAGTAGTTTAGGTAACAAGTGCTCTACG,....((((....((((.....)))))))).,0.0
ACAGTAAGTCTTAGCACAAATTAGGGGGAG,........((((((......))))))....,0.0
ACTAAATGTGTCAGATATTCAGCATCCCAT,.((.(((((.....))))).))........,0.0
TATGTTTTTGGGCAGATGGTATTATTATAG,..............................,0.0
ACTGTGCTCATTGTTCATATGGGGATTTGG,...((.(((((.......))))).))....,0.0
GACACTATTATCTCTTTCTCATCTTGATTG,..............................,0.0
TGTTACGCGTATTGATGATAAAAGTGAACT,.(((.(((...............)))))).,0.0
AGGCTGATGCATCAGTTTTTGTAATAAGTG,.((((((....)))))).............,0.0
AACAATTACTGTGTTAACAACTGTTCTCAC,..........(((..(((....)))..))),0.0
CGTATTGTATTATTAGGCCCGGGCATCCAT,....................((....))..,0.0
ACATAGAGGTCATTACACTTTAATTCAACT,...(((((.........)))))........,0.0
TGTTGTTGTGGTGTGACAAATAGCTCGTCT,.((((((((......)).))))))......,0.0
ATATCGTTCATAGAATGGAGTTGAGTATTG,....(((((...))))).............,0.0
TAGTGTTTATTAAAGGGGTTTTATCCTTTT,...........((((((((...)))))))),0.0
TGGCTCTAGGTTCGTCTAGTGTAACCCCTA,..((.((((......)))).))........,0.0
GCGTGATCGTAATTAGAACAGAATCGTGCT,((((((((............).))))))).,0.0
ACGTTCTTTCACTGTTACGTTTCAATTAGT,((((............))))..........,0.0
CAGACTTGCGTGTTTATCACAATTATGTTT,.........(((.....)))..........,0.0
CACCCTTGAAGGCCGATAGTAGATTTGATA,...(((...)))..................,0.0
GGGCAGTTTTGGATAATAATTTTCGGTATA,.....((.(((((........))))).)).,0.0
CCCTACTATTGGGTTAGTTAGCATATATTA,(((.......))).................,0.0
CAACTATCCTCGGTGTAATTCTCCTAGCGA,......((((.((.(.....).)).)).)),0.0
CAAACTATTCACTAAGGGGGCGTTCAGCTA,..................(((.....))).,0.0
GTAGACCTAACTTCAACTAGGTCGGCTCAG,((.((((((........)))))).))....,0.0
GTATAGGCTGGATTTCATTTTGTAGAGTGG,...............(((((....))))).,0.0
GTAGGTTAGCTAATATCTGCCTCAATCTAA,((((((........))))))..........,0.0
CGGTAGCATTATCCGCATTGTCGTTCTTGG,(((.........)))...............,0.0
ATTGGTGAATTTTGTTATCCTTTTCGTCTA,...(((((......)))))...........,0.0
TTATCGTAACTTGAATGTCCTTAGACCCAT,................(((....)))....,0.0
ATAAAGGGCTTACGAATGTCTCATAATGTT,.....((((........)))).........,0.0
ATGTGTTTGATACCGTTTATCTATAACTTA,..((....((((.....))))....))...,0.0
GAAATATATCTTATTATGCTGATAATTCTT,(((...((((..........)))).)))..,0.0
ACGTGAACTATCACGCTTCTTTTATGCGCC,.(((((....)))))...............,0.0
TTGAATTACAGACACTAACCAATGGATTGG,..................((((....)))),0.0
TTAACAATGAACTCGCGGATTCGGCATTTA,..............((.......)).....,0.0
GGACATGGATTGGAATCAAATTCTTCGTAT,......(((((.......))))).......,0.0
GAGCCGATGGAGATTTCTTTTTTTTGAGAG,...............((((......)))).,0.0
TGATGGATTACTTACTGTGGTTGTCGATTC,.(((.(((.(((......))).))).))).,0.0
AGATATTTTAGACAAAGGGCAACATCTGTG,..............................,0.0
CGAAGCGTTCCAGCAGACGGGCAAATCGGC,(((...((((........))))...)))..,0.0
ATAAGCATTGCTCACAAGTGCACATGGTAT,....(((((.......))))).........,0.0
AATGTTTATGTTTGAGTCTGGGTATATCGG,.................((((.....)))),0.0
GCCGTAGTTTCTGCATGTTAAGGGAGCGTA,......((((((.........))))))...,0.0
GTATTATATTGACATGGGAAATTTGTCATT,.........(((((.........)))))..,0.0
ATAAATGATACTTAAACCGTTGCGACGTAT,.................(((....)))...,0.0
GCAGCATTTGTATCAGTTATCCTGGCATGG,.((((....(((.....)))....)).)).,0.0
CCGAGGTGGTATTTTCATCCGGTAAAAAAC,(((.(((((.....))))))))........,0.0
TTCGGAGTATAGCCACTCTGTCACCTAGCG,..((((((......))))))..........,0.0
CCATACACTTTAAAGCTTTCTGGCCCGAGG,.......((((...(((....)))..)))),0.0
CCGGGTTCGTTAAGTTGTGTCTGTATTAGA,.((((..((......))..)))).......,0.0
GGAACATATACATTTTAGGTGGTTATTCTT,(((..(((..((((...))))..)))))).,0.0
ACAATGTAAACAGGGATTCAGTATTCGTTA,.............((((.....))))....,0.0
GGTTGCAGATCTCCAGAAACCTCGCAAAAG,((((.............)))).........,0.0
AGTCATCATTGAGCTTTGCACCTGTTAGTG,......((((((............)))))),0.0
CAAATACGGGTAATTATATATCTCTGTGTC,...(((((((............))))))).,0.0
ACAGTTACTGTGGTATTTTGTGGTACGGTT,......((((((.(((...))).)))))).,0.0
CTGTGTATTACTATTGACATAAAGGTACCT,.(((((..........))))).........,0.0
CGGTACAATTTAACGATTGCGAAATCTAAA,..............((((....))))....,0.0
TCGCCCTATGCTCCCAAGTTGGCAAGGATG,....(((.((((........)))))))...,0.0
TGAGCCGTATTCGCAGGCTTTAAGACTGGG,.(((((.........)))))..........,0.0
AGTTCCTTAGAGTGCTATGTTCCTTTATTG,.......(((((.((...))..)))))...,0.0
GACATTAAGAAATACTAGTTAATGCGCTTT,(.((((((..........))))))).....,0.0
GGTTATGGTAAGGTCAATCTGTGCCCCAAT,((....((((.((.....)).))))))...,0.0
GTTGTGATTATATTGTGTCAATTAACACTT,((((((((........))))..))))....,0.0
CCCGCACAAGAAACTCCAGCCAATAATCCA,..............................,0.0
CAGCTCGATTGTGATGTGTGTTTGACTAGG,((..((......))..))............,0.0
GTGTTTTACAAAGTTATGTTGTTTTGTAAT,.....((((((((........)))))))).,0.0
AACTGATAACGTTGTATTGGACATCGCTGT,.........((.(((.....))).))....,0.0
CTATGTGTGTTTTGTAAGCAGTGATTTCGA,.......(((((...)))))..........,0.0
ACATAGTTAATTGCATAGTTTGTAATTCTT,........(((((((.....)))))))...,0.0
GGCTTACTTATGACATTGACTTTCGCGGAT,..............................,0.0
AAGTGTTTGTTTGTGGAATATCAGTCCACA,...........((((((.......)))))),0.0
GGGTCGACAGGTTGGAGGGTTTTTGTGGGT,...((.(((((..........))))).)).,0.0
TCTTCAAAATTTGATCGGTCTATGGTATCA,...........(((((........).)))),0.0
ATATTGAACCTTCGTCGTTTAGTTAATAAT,..(((((((.......))))))).......,0.0
GTTCTAGGAAAGACATTTCTGTTTCCAGTA,......(((((.(......).)))))....,0.0
ATAGCTGTGTGTAAACGTCTTTTCCGAAGT,..((.(((......))).))..........,0.0
GAACAAAGTAATTGAATCTGTAAGGAGTAT,................(((....)))....,0.0
TAATGAGAAGTAGCTTTGCGGAAATGATTT,..............................,0.0
TGTAAAGGAACAGTTCTCCATATCCGTTCA,......(((.......)))...........,0.0
CCGCTAACCAATGGAGCTCACTATGTTATT,..(((..((...))))).............,0.0
ATATCCGTGTATAGATAGGTATATTAAGTG,(((((.((......)).)))))........,0.0
TATGGGGAGAAATCGCTCATATTCATCTAT,((((((((....)).)))))).........,0.0
TGTCGGTTTATGATCTACTGAAATCGTCCA,.(.((((((..(.....)..)))))).)..,0.0
TTACGCAAGGGTGACGGAGGATTTTATCTG,((((......))))((((........)))),0.0
AATTCTGCATTGTTTGCAATAGTCTTGAAT,.....((((.....))))............,0.0
CAACGATTGGGCAATACAGCCTTAAGTGAA,..((....((((......))))...))...,0.0
GTTGTTGGCGTTTGCATGTAGATTAATAAT,(((((((((((....))))....))))))),0.0
GATGGACTCCGACCTCTGTAGTAGTAAAAA,.(((((........)))))...........,0.0
ACATGCAAGATTATTACTATTCATCTCGTT,....((.((((...........)))).)).,0.0
CCTAGTGTGAGTGTTTTCAATGCTTGTTAT,...((((((((....))).)))))......,0.0
AGGATATATGGTAGTTGTAAAGATTCCGTT,.......((((.((((.....)))))))).,0.0
GGAGTGTTGTCCTTGCATGGTGGTTTACGG,(((......)))..................,0.0
GGGCATTAAAGATTCAAGCGAAGTACTATA,..............................,0.0
GATATATTCTTTAGTATCACGTCCCGATGC,(((((........)))))............,0.0
GGCTCCTATTGTACAATTGTGACCAGAAAT,((.(((.(((....))).).))))......,0.0
CCGTTAAAATACACTCGGTTATTAAATGGG,(((((.....((.....)).....))))).,0.0
TACACGGTTAACAACGTCCAAAACGGAAGG,...(((........)))((.....))....,0.0
GTTGACGCATTCTCATATTCGAGGTTATTT,..........((((......))))......,0.0
TGGAAGCGGTGTTTTTATTCCTCTATGTAG,.((((............)))).........,0.0
GGGTTATTGAATTCACTGTTGGAAGTTTAG,.......((((((..(....)..)))))).,0.0
GCTTCTGCTGTAACCATCGGACGGGTCATA,...(((((((.......))).)))).....,0.0
TTTCGTTAGATTATGTGGCTTTTGAAGTAC,....((((.......))))...........,0.0
ACAAACAAGTATTGTTATCTGAGCCTTTCG,...(((((...)))))..............,0.0
CGTAGCGATCAATTAATTCAAAAATTTTGT,..............................,0.0
TGGGGTTGTTTTGGTTTTTAATGACAACAT,....((((((.(........).))))))..,0.0
GACTTTATGATGGTTTATAAAGCAACGACG,(.((((((((....))))))))).......,0.0
GGCAATGACGATATATTGCCACGGTTGCAT,(((((((......)))))))..........,0.0
ATATTTGCAAAGTGCTATAAAAGGGAAGGT,......(((...)))...............,0.0
TGGTGGTGTATGTGAATGCTGTGGCCTTTT,.(((.(.((((....))))..).)))....,0.0
TTGGTGCTAGAGTATGAGTGAGAATGTTTT,((.((((....)))).))............,0.0
TTCTGGTTGAGAGTGTAAATTATTGCTACC,.(((.....)))((((((....)))).)).,0.0
TCATAGACTGTTATTTTACATGGATCGGTG,......((((..((((.....)))))))).,0.0
GCACTGACACGGTATGGCTGATCTTCTTAG,((((((...))))...))............,0.0
GTATCAGGATATGACTTTAGGCATTATCGA,.......((((((........)).))))..,0.0
ACAGTGTAACGTTATGAAAATCGGCTTTAA,..............................,0.0
AGGCGGAGTCTTTGTACTTAATAATTGTTC,.....((((......))))...........,0.0
ATGGTGGCTTTTTGTATTCTTATCGTATCC,(((((((............)))))))....,0.0
CACTTAAGCACATAGCGAGAACAAGTTTTA,.......((.....))..............,0.0
ACGGGGAAATGTGGAAGAGGGGAGCGGGTG,..............................,0.0
GTTGAAATTGGTTATTCCTGTCGCCCGCTT,.........(((.((....)).))).....,0.0
CCGTTGTGTCCCAAATAACAGTACTGATTG,..(((((.......)))))...........,0.0
GTAGCCTTTTGTTGAAATAACACCATGCAT,...((....(((((...)))))....))..,0.0
GTATAGGTTACGAATGGTCTGATCTTAATT,....((((((.((....)))))))).....,0.0
ATGGGGAACGTTAGTTATGCTTTAAGATAA,..((.((((....))).).)).........,0.0
CCATAAAAAAGATCCGGGTGTAATGCCCAC,...............((((.....))))..,0.0
AATACAAACACGTATAAACAATCCACATTA,.((((......))))...............,0.0
GGTTTAAAACTAGCCTTTGTTCTGGCTCTA,...........((((........))))...,0.0
GGCTGTGGCTCGGCATATGTACATGTTTTG,.((((.....))))................,0.0
CTATGGTATGGTTCGTGGTTTCGTAGGATA,((((((.((........)).))))))....,0.0
GCACGACTGTGTCCTATCTGTATGAGCAAC,((((....))))..................,0.0
TTCGGTTTCTATATTTTTATCATAAACGAG,.(((......(((....)))......))).,0.0
CGTAAACCTACGCAGGTTCGTGAGATAGTT,....(((((....)))))............,0.0
ACGTAGTTGGGGAGATTGGGGCGGAGCGCG,.(.(((((.....))))).)(((...))).,0.0
TAAATGCTCGAAAGTTTACTTAGGAATGTG,.......((..(((....)))..)).....,0.0
CTAACTGGATGTTAATGACATGTTAGAGAG,(((((...(((((...))))))))))....,0.0
CTTGTCATTTCAGTTGTTTTTTATCGGCAT,............((((........))))..,0.0
ACGGGACGGGTCTATGTGGGGGAGGTGGTG,...........((((.(.....).))))..,0.0
GACGTACTCAGAATTAATATCCTTACCAGT,..............................,0.0
CGATTTAAAGAGAGGAGTGTATTATGAGGC,..............................,0.0
AGACTTATCAGTATTTTTTCATTTAGATTT,..............................,0.0
ACGGTACAATTATTTTTTCGGCTTCAGTCT,...................(((....))).,0.0
TGTGAGTGTAGTTGGGTTATGGTGTATTAG,..............................,0.0
GGTCTAGCAGTGTTCATTTGTACGCTCACA,........(((((........)))))....,0.0
TAATGTCCACTGCAGGTACGTCCAGGCTTT,..((((((......)).)))).........,0.0
TGTCAAGAAACCATGTTGACAAATGTTTAC,((((((.(.....).)))))).........,0.0
TGTAATTGAGGAAATCAGCAGAATGGTGTC,.............((((......))))...,0.0
TGTTAAAGGAGAATTTCAGGGTCAGGTTAC,..............................,0.0
GGAGTTTACTCGGTATTATCTGCTACTAGC,.(((....)))((((........))))...,0.0
GTAGGAGCATTCACTACCGTATATGGACTT,((((((....)).)))).............,0.0
AGGTATACATCGCTGCACCTATTCCGATTT,((((.((......)).))))..........,0.0
TTGGGTCTGTGACCTTACCCATTCTTTTTC,.(((((..(....)..))))).........,0.0
TACAGACAGATTTTAGATTAAGGTAAGTAG,.....((..((((((...))))))..))..,0.0
GGGTCAGATTTAATCCGGAAAATATACGAA,((((........))))..............,0.0
TATGGCCGAGAGTATTTTTTTTGTATATTA,......((((((.....)))))).......,0.0
ACAGTAAGTTGAAGAATCTGTTACACATTT,((((.............)))).........,0.0
TGGGATGTGCTTAGTTTTTGCGGAGCTTTC,........((((.((....)).))))....,0.0
AGTTTTAGGAGGGCTAATGGGTATTATTGT,....((((.....)))).............,0.0
ATCGGAGCTGGGGTGGTTTTTTCAGGAACC,...((..((((((......))))))...)),0.0
TTGAATTCTAGGGTATTTTGCTGTATTTAC,........((.((((...)))).)).....,0.0
GTAGTCTTGGAATTGATAGGTGTTGTGGGT,.....((((.(((........))).)))).,0.0
GTAAATTACATGTGAGTGACTGTCTTCTAA,.....((((......))))...........,0.0
GGGGATCTCTTTGCTTCATACATAAAATGC,((((.........)))).............,0.0
TGATTTATGGTTGGATAGTTTTTATTGTAA,....(((((((.(((....))).))))))),0.0
CATAAGTGTTAATATCATAGCGTAGAATTT,.......((((......)))).........,0.0
AAAAGGTTGACTGACGAAAAATAATAGTCC,........(((((...........))))).,0.0
ACAAGTCCGTTAACTACGCTTAAGATCGAA,.......(((.....)))............,0.0
TTGCATGTAGCAGTGCATCTTACTGTTATA,.....((((((((((.....)))))))))),0.0
ACACGTCTTAATTAGATCGTTGACTTTCGC,..((((((.....))).)))..........,0.0
GTGGTCTGTGTAATTTGTGTATGTAGGTCG,..((((((((((.......)))))))))).,0.0
GGGTACTCGTCGATATTGCACCACTTTCAT,(((((...........))).))........,0.0
CACTGTGCGCTATCGAGTGTATGATGCTTA,....(((((((....)))))))........,0.0
AAGATGATTCTTCGGTATGGGCTAGGAGGC,........((((((((....))).))))).,0.0
GAATACAGGTGAGTTACATGAACAAGGTTG,.....(((.(..(((.....)))..).))),0.0
CCGGAGAGATTGTCATTAGCCATGATATTA,..........((((((.....))))))...,0.0
TAAAGGAGAACTTTATCTCAATCGGTCCTA,.....((((......))))...........,0.0
GGTTTCAGATGTGGGTTGGTACGTTCGCAT,........(((((((........))))))),0.0
CATGATCGATTGACTTAATATTCGAGAATA,.((..((((............))))..)).,0.0
GTAGTCCCATTACTGAATTCAATGTTCTAT,(((((...))))).((((.....))))...,0.0
GTATCATATGATGAGAGTGAATATAAAATT,.((((....)))).................,0.0
GAGGTCTAGTTTGGTGGCCGTGTTATTGTC,..((((.........))))...........,0.0
TGAACGAGCGACTGATCTGTTATTTGTATA,...(((((.(((......))).)))))...,0.0
GGTATATGTTTCATTGGTGAATTCATGTAT,.(((((((.((((....))))..))))))),0.0
AAAAGCCCATGAGATATGAGCGGGGGAAGT,.....(((.((.........)).)))....,0.0
CTGAGATGATAAATGGTAGTTCTTCGTAAT,.....((((..(((....)))..))))...,0.0
CTTTAGTCATACGGTTCGCTACCTTTACTT,............(((.....))).......,0.0
ACCGAACGCGATATTCACTTGATTTGTTCT,...(((((...((......))...))))).,0.0
TACTTTCTTCAAAGATACGTTCATACTTAT,..............................,0.0
TTCAACACACCAACACAGCCTCTTCATCCT,..............................,0.0
CCCCAGGTCTTATGAACCCATGTTGGAGAA,..((((....((((....))))))))....,0.0
AGGGTCTTACATGATTGTTAGTAGGTATGT,.....(((((..........))))).....,0.0
AGCATTGGAGCATCAATTGATATTTGATGG,..........((((((.......)))))).,0.0
GAAATATAGTTATGGCAGCCACTATTTGTT,.....(((((...((...))))))).....,0.0
GAATGGTTTATTAAATGATCTTTTTATGTT,....((((........))))..........,0.0
AACTCCTGTTCACTTGAGCACATTGGGTGA,.........((((((((.....)))))))),0.0
TAACTAAAGTAGTTCTTGCTCAGCCAACTA,.........(((((...((...)).))))),0.0
TGAGAAGATGTCACTCAATAGGTTCAAGAA,((((.........)))).............,0.0
TAGAATATAATAGCACTTCATCTAGAGCTT,...........(((.((......)).))).,0.0
GGCTACAGTGGGAACTCATGCCGTTTAATA,(((...(((....)))...)))........,0.0
GGTAAAGGCTTGCCGCCATATCAATTTACT,((((..(((.....))).))))........,0.0
TTAAAGTGTCCCAGGGATACTGATGGCTTG,....(((((((...))))))).........,0.0
TATTGTACCTTTTGAAATAGAGACACAATG,((((((..((((......))))..)))))),0.0
CATACAGATTTAACCTTACCAATACATATA,..............................,0.0
GGGGTTCATCAGCATTTTTAGTAAGGTAAT,..............................,0.0
GTTTTGGCAGTCATTATCTCGTGTCTATCG,.....((.((.(((......))).)).)).,0.0
TGGGTTAATACATAATTTTTCACATTAGAG,..............................,0.0
TGAGGACTGAGTTCTCCGTAAGTCAGACTA,.((((((...))))))..............,0.0
TGTCGCATTCAAGTTCACGTGTACTGATGG,.....((((..(((........))))))).,0.0
TGGGTAGTGAGATTGGGCGTTTATCGATTG,..........((((((.......)))))).,0.0
GACGGGACAATGTCACAACTTGGTAAACAT,((((......))))................,0.0
GACAATTTCATTATATAGTCAGTTAGCTCA,(((.((........)).)))..........,0.0
GTTCAGCAGGTTAATGTCAGGATAATCAGA,((((.(((......)))..)))).......,0.0
CGTGTAAACCCTGTGTAATTCATTGGATAA,.........((.(((.....))).))....,0.0
CTTGTTTTTGGGGTTAATAATTTTGGAATA,.....((((((((((...))))))))))..,0.0
CATGAAGGGGGCACCTAGAGGGGTCATACC,.........(((.(((...)))))).....,0.0
TGTGTAAATATGTATGTTTGTCTATCACAT,((((((.(((........))).)).)))).,0.0
GCTATCATTGGCCCGGGAATTTTGCAATCT,((((....))))..................,0.0
TTTCGCTTCTTGTGACCTGACTATGTCATT,..((((.....))))..((((...))))..,0.0
GTGATAATACGTGGTTTGTGGATAGTTACT,(((((..((((.....))))....))))).,0.0
TTATTTTAAAACGAGTGAATCGGGGAAGCA,...........(((.....)))........,0.0
CAGATTGTCTACTTTTTCTATAGCGGGTTT,.(((((..(((.........)))..))))),0.0
GGATTAATTAAGGACTATATTACGCGTGAT,..............................,0.0
GTTATTGGAGGTTATTCATATGTCTAAAAT,....(((((.((.......)).)))))...,0.0
TTATTGACGATCCATTATTCTTACTGACCT,..............................,0.0
TTCGAGGCGTTCTAATAATTGGGTCATTGC,.....(((.(..........).))).....,0.0
CTTGTGCTACAGAATACAAACTAAGCTGTT,........((((..((.....))..)))).,0.0
TTGGACCCATGGGATGGTACTTTGTGGTGG,....(((((.((.......)).)).)))..,0.0
TTTTCCCCCCCTCTCCTTTTTTTTCCTCCT,..............................,0.0
GCTATTCCTAATTTTTTTTTGCAGTATTGA,((..................))........,0.0
TAGTGGTTTTGCTAGGGTGGAGGGAATAGA,((((......))))................,0.0
TACACTTAACGGTTCACACTTTCCGCTTCA,.........(((..........))).....,0.0
GGTGAAATGGTAATCCCGGCCTTTCTTTAT,...((((.(((.......))))))).....,0.0
GGTACAGGCTGTTTAGTCTATCCGTCTACT,((...(((((....)))))..)).......,0.0
GGGTGAAAAGTAAGGATTTTTCTATCGCAA,.((((((((((....))))))).)))....,0.0
TGTTATTTAAGTCTGCATACTTTTTGATTG,.........((((............)))).,0.0
ATGCGTTTACTACTCGTATATGCTATTTTG,..((((.(((.....))).)))).......,0.0
GAGGTGTTTTGTATGTTGTTCTTTTTTGTC,..............................,0.0
TGTTTACTAGTCAGCTGGACTGGTGAAAAA,..((((((((((.....))))))))))...,0.0
GGGGCGGAAGATGGTATGACCCAGTAGCTT,.((((......(((......)))...)))),0.0
CTACCAGTTATGTGGTTATTCCGCAATCTT,..........(((((.....))))).....,0.0
GCCTTTGATCCGCTACCGCGGGAGATTCTA,....((..(((((....))))).)).....,0.0
TGAACACAGGTGTTGTTTAGTCTGTGGGTG,....(((((((........)))))))....,0.0
GAAGACAACAGCGCTAAAGGGATCTTTACT,..............(((((....)))))..,0.0
GAAAATAGCAAATGAGAGTATAAATGTAAC,..............................,0.0
AAGGAATTTTATTGTAGGGTCGGGTTATTC,..............................,0.0
CGTCATGGGACCACCGCCAAGACGTGTCTA,((((.(((........))).))))......,0.0
CGTGCAGTAGGATTTGTTGCAGGTGTATGT,((((((((((......))))...)))))).,0.0
TGTATTATTCTTTCATTCATGACTTTAACG,..............................,0.0
TCGTAATGATTGATTCAAATGTGGTCTATT,......(((.....))).............,0.0
ACCCAGGGAGATATACCTAACATCGCATCG,....(((........)))............,0.0
CCATATGTTGGAACCCGAGAATTAATTGAC,(((.....)))...................,0.0
CATCCTTCTTGGGGCTCGGGCTGTTGTGCA,...(((....)))((.(((....))).)).,0.0
CAATTTTCATCAGCTGTACAGTGTAACACT,...................((((...)))),0.0
GTTATTTATGATGTTATACACATTTAATTC,.........(((((.....)))))......,0.0
GGGGTTTGGGTTTACTAGAATTTGGATTTC,(((((((((((((....))))))))))))),0.0
ATTATGTTTTATCTGGGCGAGACCACGTTA,.............(((......))).....,0.0
GCCTATTTTATCAGTTAGGGTTCGTTGAGG,.((((..........))))...........,0.0
CCGTCCTCGGAACTGATATGTTTGGATTTA,......((.((((......)))).))....,0.0
CACAGTCTTACGATCTCTGGGTTTGTCTGT,.((((.(..((.........))..).)))),0.0
GAGGTCATCGGTGCCGTTGTGAAATGGTTG,............((((((....))))))..,0.0
AGGACCAGGATATATAGCATTTATTTTTTT,..............................,0.0
GTCTAACCTTGCTAGTTTTTATATTTGTTT,..............................,0.0
GGATCATAAGAATTTGAGATTATTTATAGT,.((((.(((....))).)))).........,0.0
GGATCCGTGGCAAACGGGATTCCCAGAAAT,((((((((.....)))))..))).......,0.0
CTGAACTGGAACACTTAGTCCTCATTCAAA,.((((..(((........)))...))))..,0.0
TGATAGCAGATGATCCTTTTGCTCAGCATT,....((((((.......)))))).......,0.0
GCGAATTGGTCAATGTATATTATCTGTTTT,..............................,0.0
CGATAGCGATGATAGCAGTTCCCTTTTTAG,.....((.......))..............,0.0
GTCCAAATCATACGAAGTAGAACCAGACTA,(((....((.(((...)))))....)))..,0.0
ATATGGGTGTCTGGTTGTTTTGATGATGTT,..............................,0.0
AAGGAAATTAAAAATCACGTTAAGATACTT,..............................,0.0
TGGTAAAACCCTTCCTGACAATCGTTCTAC,.(((...)))....................,0.0
CCGTCTTGTAAACGACTAGCATTCTAATTA,..(((........)))..............,0.0
GCTGGCTGCGTTTTTTATTCACCGTCGGGA,.(((((.(.(.........).).)))))..,0.0
GGATAAACCCGGTCCTCGATGCGGACTTGT,((......))(((((.......)))))...,0.0
TAGTGTCTTGTTTTTGCACTTATGAATAGT,.((((.(........)))))..........,0.0
CCTGAAGCAGTGTGCGAGGGAAGTCAAGTT,(((...(((...)))..)))..........,0.0
GATGCTTTTCTGGTTTACATTTTAGATCTT,........(((((........)))))....,0.0
TTACAGGCAAGTGCAGGCTATACTATCCTC,....(((..((((.......))))..))).,0.0
TCATACTTTCAGCGATTCACCAATATAAAA,..............................,0.0
GGGTGGATTTCGGGGGCTTTCTTCGAGCTA,........(((((((.....)))))))...,0.0
CGGGTTTTGATTTTTGGTCTTTCACGGGTC,........(((((.(((....))).))))),0.0
GGCTATCTGTTCTGTCAACTTGGTGCCTTT,(((.(((.(((.....)))..))))))...,0.0
GTATGTGTGGAAGAACAGCCGTGATACTAG,.((((..((......))..)))).......,0.0
CAACCAAATCAACGGGTCTAGAGAATGTCT,...((........))...............,0.0
AGATGATATACTGAAAAAACATCGACAAAT,.((((..............)))).......,0.0
GTCGATGACCGGAATCACGGTTGTGTTACA,....(((((((......)))))))......,0.0
CAGTTGGTTATTTGATGACGCTTTCAGGCG,..................((((....)))),0.0
TAGTCTATTCGTAGGCGTTAGAAGGGCAGG,..((((.(((..........)))))))...,0.0
TTTACTCATTCTTAGATGGGCGTGTGCTAC,....((((((....))))))..........,0.0
AATTAAAAAGTTTACGTTAGGGTTTATAAA,..............................,0.0
AACTGATATTTCCGACGTATTAAAGATATA,...((((((.......))))))........,0.0
CTTCGGTAAAAAGTAAGGACTAGACCACTA,....(((....(((....)))..)))....,0.0
CAGATACTGTACAAAGTGACTGCGACTCAT,(((.((((......)))).)))........,0.0
GAAATTATCATATTGTTATGCTTGCCTTTT,........((((....))))..........,0.0
GTCGGGACACTCAAGACCAGTACAAGGTTC,(((..((...))..))).............,0.0
AAAGGCAGTCTTTGGCTGGATTTTATTGCC,...((((((((......)))).....)))),0.0
AGCATAGAATTGTTGTAGTTTACAATGTAG,...........((((((...))))))....,0.0
GATATGGGCAGCACAAATTACGTATCAATA,((((((..............))))))....,0.0
TTGCTATTTGGTACGCGGGGTTGAGGATTT,(((((((...))).))))............,0.0
TAAACACAGATAAGTATTGATTCCTAGTAT,.............((((((.....)))))),0.0
CCGTGTAGAAGTAATGGGTGAATACTGATA,((((.........)))).............,0.0
GACAAAGTTAAACATTAATCGAGCTTTTGA,...((((((............))))))...,0.0
CAAATAGATTATTGTCATAGTTTAAATCCA,....((((((((....))))))))......,0.0
GCAGACATCTCGTTGTAATTGAGTTGTTAA,...((((.((((.......)))).))))..,0.0
GGTAAGGGGTCTTATCTGTTGTGGACGGGG,.(((((....)))))(((((...)))))..,0.0
CGGCCAAGACTTGTGATGTGTGTGACTTTT,............((.((....)).))....,0.0
TGGTATTAAGTGTGGTTTTCGTTAATTCCT,.((.(((((.((.......))))))).)).,0.0
GGGATATGTTATGTCATCATGTCAGTCAGG,..((((((.........)))))).......,0.0
CGCTTTAAGGCGATTTATCAAGGAGGAGTT,((((....))))..................,0.0
AACGGGAGTTGGTTTTTCACGTTGACTATG,((((((((......)))).)))).......,0.0
TTGAACGGATTGTCATTGCAAGGGCGGTTA,.......(((((((........))))))).,0.0
CATTTGCCATACGTCTATCAATTACTTTAA,..............................,0.0
ATGTAGGGTCAAGCAAGGTCGTATGGATAG,..(((.((((......)))).)))......,0.0
TATTGAGGAGCTGATTACCATGTCTTAATA,(((((((.(..((.....))..)))))))),0.0
CGGTCTTTAGTTGGTGCTGACTGGTATTAT,(((((...(((....)))))))).......,0.0
CGTGATTATGTTCTCACGTATATAGGTTAT,(((((........)))))............,0.0
GTATATGTCGTCCATAAAACGGGAGATTTG,......(((.(((.......))).)))...,0.0
CATCCATTTTTAACCTACTCTAACACGTTA,..............................,0.0
GAGGCGCATCGTGTACATTCCCTTAAAAAC,...((((...))))................,0.0
TTTCTGGTTATATGGAGTCATTTTTTGGTA,..........(((.(((......))).))),0.0
AACTTTCGGTGCTAGTTACGGAATGGTCAG,.((((((.(((.....))).))).)))...,0.0
CCTAAGGAGAAAAAGTTATGTCACTTGGTT,.(((((((.(........).)).)))))..,0.0
GGGGGATGGAATTAAATTGTTTTGCAGTTC,..............((((((...)))))).,0.0
AGGAAAAATATGTTTTAACTGTTTGCTTAA,(((..(((((.((....))))))).)))..,0.0
TGTAATCATGATGTTTGGGCTAAGTTTTTC,..............................,0.0
TGCCAATTTCGTGCGAAACGTGATTAGTTC,.((.((((.(((.....))).)))).))..,0.0
ATACTGACTTGATGCCTATTTTTCAATGGT,.............(((...........))),0.0
TGGCTTAAGGGTATGGAAGTAGAAGTCTTT,.(((((................)))))...,0.0
CTTTGGGGTTAGGGTACCAGAATGAAAGTC,.(((((..........))))).........,0.0
GATTCACATCTATTTATATGTCATTTCGCA,((...((((........))))....))...,0.0
GGATAATAAAGGCATGTAAGTTCTGCATAT,.............(((((.....)))))..,0.0
AGTTAGTGCGTTTCAGAAAGTCCATGGTGA,..............................,0.0
GTACTGGAGTGTTTTATAACTATTGTCAGT,..(((((((((((....))).))).))))),0.0
TATTCTTAGTAGGTAGAACAGTTTCGTGCT,.......((((.(.(((....)))).)))),0.0
GTCGGTCTGTTTTGGACTATTGTGGGTGTT,...(((((.....)))))............,0.0
ATGGGGGCGTTCGGTTTATTGCGTGTCTTG,..(((.((((..........)))).)))..,0.0
CTGGGTTTATACTACCGGGGGCTATGGTTA,((.(((.......))).))...........,0.0
ACACTTGTTCTCTTTTAGCTCATTTGTACA,(((..((..((.....))..))..)))...,0.0
CCTTTTTCATTTCAGCCTTAACTCCGGATA,...............((........))...,0.0
AACACCGCGATTATTTCAAATTGTTTCATT,......((((((......))))))......,0.0
CTTGGGTATCTTGTAATTTAATAGTGGAAA,..............................,0.0
GCTTGGATCAATGTTCCTTATTTTAGATTA,....(((.......))).............,0.0
AACTGGATCGGATTATTTTTGACAAGTAGG,.(((.(.(((((.....)))))).)))...,0.0
GGCAATTTTCGGGGTATTAAAAGACTTGAC,........(((((...........))))).,0.0
CGTGTCCTACGCATCTCAAACAATTATTTT,.((((...))))..................,0.0
AGCTGTCGTGTTAGATAGAGATATTCTTTT,..(((((......)))))............,0.0
AAAATTTAATGCGGATTGGCTTTTATCAAT,..........((......))..........,0.0
ATGCTGGGGACTGTGGCCTCCTGTTCATTA,..((.((((........)))).))......,0.0
ATACGATATAGGGTGGATAGTTGGGATTGG,.(((........)))...............,0.0
TCCAAAATTATAGAGCCGGACTGTGATATT,......(((((((.......)))))))...,0.0
CGGTGTAAGGGGGGTTCCTTGGTGTTTAGT,.....((((((....)))))).........,0.0
TGGTTGGTGTCCTTCGTTTTTTGTATTCCC,.((.......))..................,0.0
TAGCTACTGTGACCTTTATATTAGATAATT,...(((.(((((...))))).)))......,0.0
GTACTTCCAGTCCCCGTTTTGATCGGTTTA,.............(((.......)))....,0.0
GGTAAAAGACCGAATTGAAAATTTTTCATA,(((.....)))....(((((...)))))..,0.0
GATCTTATGATGCAAGTCTTTTTAACTCGT,.(((....)))...................,0.0
GATGTTGAGGGATCCACTGGGTGTTTGTAT,.......(((.((((...)))).)))....,0.0
CGCCATTTAGTAGGTTCATGGGCGGGAATT,((((................))))......,0.0
AGTCAGCCATAATAAACCCTCCACGTTCCA,..............................,0.0
AACGTTGAATAATTGTAATTTTTTAAATGT,.((((((((.(((....))).))).))))),0.0
TGTACATAAACGTTCTTGTTTAAGGATTTT,....(.((((((....)))))).)......,0.0
CCAACCGTTGCATTTAATTGTTTTCAAACT,.........(((......))).........,0.0
CGTAATATTTGTGCAAACGAATCTTGTATC,..(((.((((((....)))))).)))....,0.0
ACTTATTTTTATCCTCTTTGGACCTCGGTA,...........(((.....)))........,0.0
TTATGGAGGATGTGTAGTTAGTTTGGGGGT,..............................,0.0
ACGAAACGAATTATGTGAAGGAGACCAACA,..............................,0.0
TAATGCTACCCAGAAAGTTGGCATGGAGAA,..((((((.(......).))))))......,0.0
GATCATATTTCTAGAGAGAACAATGGTTCA,((((((..((((....))))..))))))..,0.0
ATATAAACGTCGCATGATATTTATTTCATG,............(((((........))))),0.0
AACTAACCGATGCAAACTTACGTATCCTTA,........(((((........)))))....,0.0
AAAGCACAGTTCAAGGTATCAAATTTTTTA,..............................,0.0
ATAATTTAGAATCCAGTCAGTAGGACTCAA,........((.(((........))).))..,0.0
AATGGAAGCTTAACCATAATCCTCTCCCCA,.((((........)))).............,0.0
TACGCTGTTTCTATGCATAACCGTGTTGCT,.((((.(((.........))).))))....,0.0
TCGGCTGGGGGTGAGGGGTTGAGTGTTTTG,((((((..........))))))........,0.0
ACCTGTTAGTCTGCCTCTTATTGGCACTAC,......((((..(((.......))))))).,0.0
CAATACTTTAGGGGACTCCATTATTCAAGG,...........((....))...........,0.0
CAGAAATCGATAGCGTAGTGAGGTATCAAC,........((((.(.......).))))...,0.0
CTGCGATGACAGGTAATCGTATTGGTCCGA,.((((((........)))))).........,0.0
CTGTTATTGGATAACCTGATCCATTTGGTA,.......(((((......))))).......,0.0
AACATTCCCGTTCTGGATGGTGGAATACTT,....((((((((...))))).)))......,0.0
ATGCATTTACTCGATGATGCATCTAGAGAA,(((((((........)))))))........,0.0
CGTTATATGTTATTAGGCTTTCTTTCAATA,..............................,0.0
CGTTAAGTTGGTTTGTATTGCGAGGGTGTT,...........(((((...)))))......,0.0
CTTAACTGCCGTTCGTGGAATGATGATTTT,.........(((((...)))))........,0.0
ATTGATAGGACTAACTTCGAGATGGATCAT,.((((.((......))))))..........,0.0
TAGGGTTGTGTTGCTTTATACTGATTTATC,((((((......))))))............,0.0
CGTGTTTTACATATCTAGTTGTTATTTATT,.((((...))))..................,0.0
GAATATTGTAGTGGCGTTGTTTTATAATTA,(((((.(((....))).)))))........,0.0
ATAGGAGTGGGCAACACCTTCACTTTAGGG,...((((((((.......))))))))....,0.0
TGGTTTTAAGCGATAATCCTGACTGTTGCG,.........((((((........)))))).,0.0
GCGATGCCAAAGTGAGGGTGCGTGTCTGAG,(((.((((........))))))).......,0.0
AGACTCCCGAGTGTTTGGTCTGGTGTTGTG,.(((.((.((........)).)).)))...,0.0
TGAGAAAAAAGCACCACGTGATTCTTCCCT,.(((((....((.....))..)))))....,0.0
GTCCAGGTCGTACAATTCTAGATATCCCTT,(((.(((.........))).))).......,0.0
ATAAAATGTGTTAAAGTAAAGTTAGCTGCG,.......(((((((.......))))).)).,0.0
GAGAGTTGATCAAAGACTTAAAAGGTATAA,..(((((.......)))))...........,0.0
CACGTTTGTTTTAGTGTTAATGACTGATTA,..........(((((.......)))))...,0.0
ATGTATTGCATTTCTTAAATTATGGTTTTG,..............................,0.0
TGGTGGTCAAGGGGAGGTTCAAGCGTTATT,.............((.((....)).))...,0.0
CTGAGGAGAAATGGACAATTACCACATTAC,...........(((.......)))......,0.0
ATGAACTTGTTAAGGTCTTAGGAAATTTCT,....((((....))))..............,0.0
TCTCCCTCTTTCTCCCTTTCATCTCCCCTT,..............................,0.0
CTTTCCTCTTCCTCCCTTAACGCCCTCCTT,..............................,0.0
CACTTCTCTTCTCCCCTATAATCCCATCTT,..............................,0.0
GTCGGATCTTACTCCCTCTATTCCCCCCTA,(..(((......)))..)............,0.0
GGTGGCTTTTGTTCCGTGGTTGACCCCCTG,(((((((..........)))).))).....,0.0
AACACATTTTAACCCCTTTGGACCCCTCTC,..............................,0.0
GTGGTCTATTTCCCCCTAGACACCACCCTG,((((((((........))))..))))....,0.0
GGATGGTCTTTTGCAATTGGATTGTCTATT,(((((((((.........)))))))))...,0.0
TTATGACTCGGCTTCCTTAAGATTCGCAAG,....((.((...........)).)).....,0.0
GTGTATTGGAGCGCCCGTTGGTGTTATCTG,.........((((((....)))))).....,0.0
GGATGGTTGTTAGTCCTGTCGTCTCTTGTG,((((........))))..............,0.0
CAGACGTGTATCATGTTTTAATGCATACCA,.(((((((...)))))))............,0.0
TGTTACCGTTTTTTTCTGATCGCTTGAATA,..............................,0.0
CCGAGGGTATCATGAAACGTTTCAATAGTT,..(((.((........)).)))........,0.0
ACGTTCCATGCCCCTCAAACCTTAGCTCCC,..............................,0.0
CAGAGGATAAATTAAATCGCGCGAGATCTA,...............(((......)))...,0.0
GTTTACATGATTTATGGGCAGGTAGGGGGG,.(((((.((.........)).)))))....,0.0
GTTAAAAGCGAATGTACGGCGTTTGAGGTA,........(((((((...))))))).....,0.0
ATGGCGTTCTAATACCTTCATTTTGGTCCA,.............(((........)))...,0.0
ATTAGGGCTTCATATTCGTTGTAACCGGAA,.(((.(((.........))).)))......,0.0
AGTGACTAAGCTGGGCAATCCACGCCTTTC,(((......)))((((.......))))...,0.0
TGTTAGGCTGATAGGGTCTTCACATATTTT,(((.(((((.....)))))..)))......,0.0
GGGGTTCCGCTCACCTGGCACTAAGCTTCG,((((((..(((.....)))....)))))).,0.0
AGCTAGCTAAGATGCAAACACACAGGGAAT,.....((......))...............,0.0
AGATAGGCATATTGAATCAAGCCTACGGAA,...(((((............))))).....,0.0
GTTAAACAAGAACACTATTACAGCCGCTAA,..............................,0.0
TACATTACCAGGTATGCTAGGGTTATATGG,..(((.(((.((....))..)))...))).,0.0
ACACACACATTAAATCTTCTTGTTGCGATT,..............................,0.0
TGGGGATCTTTAGCAGATACCACCGTAACT,.((((((((.....)))).)).))......,0.0
GCGAACAATAGGTTGGACTGGAATTGAGTA,.(.(((.....))).)(((.......))).,0.0
ACGCGGGGGTGGGGTGTATTATAGGGGGTA,.(((....)))...................,0.0
GACATCCTATTACCCGCATTTTGTGTACTG,..............((((...)))).....,0.0
TTATCATCTTTGCACGATGTGTTGGTTCAT,....((((.......))))...........,0.0
TAATTTAAGTTTTGTATGATAAGCGATTTT,........((((........))))......,0.0
TAGGTGATCTGTTGGATTAGATATGGATCT,.....(((((((..........))))))).,0.0
TGTGGACAAATAAAAGAACGGATAATTGAT,..............................,0.0
CATCTTTCGAGACCTGAGAAAGAAAAGAAT,..((((((.........)))))).......,0.0
GTGATAGAAATGAACAGTGTGGTATTACCG,((((((...((.....))....))))))..,0.0
CCCATTTTTACAATTGGTTGATTCCGGTAC,............(((((......)))))..,0.0
CGGGAGTCAGTTTCATGCATTTTTCTTGCT,((((((...((.....))....))))))..,0.0
ATTCTGTGGGTATCAGATGTTGCATATCTA,......(((((((((.....)).))))))),0.0
AGGAATATTTGAGGGTTTGGTGTGGTTTCA,.........(((((.(.......).))))),0.0
TTATCTTAAACGCAGATAGAAGTAACTTAT,((((((.......))))))...........,0.0
TGTCGTTATGGGATGACGTACACTCTAATT,.((((((....)))))).............,0.0
AATGCAACTTTGCGAACGAGTATGGGAGTA,..(((..((.(((......))).))..))),0.0
GCCATTTTGTGAATTTAATGGTGCTTCTGT,((((((..........))))))........,0.0
GCACATGATTTGTCTCGGTTCGTGTTTGCT,((((((((.(((...))).))))))..)).,0.0
ATATTAAGCACGGAATTGTAATGGGCGGAA,.......((.((.........)).))....,0.0
ACCCGTATTTTTGGGTATTATTGTTGTTCT,(((((......)))))..............,0.0
TCTAGCTCTTCCTATAATGAATCATCTGCC,..............................,0.0
GTTAGGTGTTTTTTCGGATTCATGTCGGTT,..............(.(((....))).)..,0.0
TGGGTATCTAAGCTGACGCTCCAGATCTCG,.(((.((((.(((....)))..))))))).,0.0
GGTATCTAAAGGCGTAGATCTTTGTGTTCA,((.(((((......))))))).........,0.0
TGCTTTGGCGCTTCCGTTTAATGGATTCGT,.......(((..(((((...)))))..))),0.0
TCAATTTTATCAGTTATATCATACTTAAAT,..............................,0.0
CCGGAATGTCAGTACAAAAAGGTAAGCACA,......(((...(((......)))...))),0.0
ATGAGTTTATAAGGCATATTCTATGCTCGT,............((((((...))))))...,0.0
CCAATGTAATACCAGGAGCGGCATGCAAAC,....((((...((......))..))))...,0.0
TCGTTCACAGTAGATATGAACGTGTTTTTT,.((((((.........))))))........,0.0
TCAATGTTATAGTGAAACATCATGAGATAA,...((.((((.(((...))).)))).))..,0.0
GGGTCGAAGCGCTGTGCTTTTAGCAGTTGA,.(.(.(((((.....))))).).)......,0.0
AAAAGTGTAGGAAGAAGAGGAACTAGTATG,..............................,0.0
TTGTGCATCTGCGTTCTATTGCTACCATGG,.....(((..(((......)))....))).,0.0
CGGTTATTAGGGTGAATTTTGGTCGTCTTT,........(((((((.......))))))).,0.0
TCTTTATGGTACAGCTAGCAGTGGATTCAT,(((...((.((....)).))..))).....,0.0
CTTAGGATGTACTAGCACCCATCGTGTAAT,..(((......)))((((.....))))...,0.0
GAGTTACGTATTCCTGTTCTATTCTCATAT,(((......((....))......)))....,0.0
TCCTGCCAGCTCTCTCCATAGTTAATACAG,..(((..((((........))))....))),0.0
CATTTTGTTGTTGTGTATACTTTTTCAGAT,..............................,0.0
GGGGAGACGGTTATTGTGCGATGGAGTCAT,.....(((..(((((....))))).)))..,0.0
GCACTTTAATGGGGAAGACGCGACCCTTGA,..........(((..........)))....,0.0
ACATTAATTGGGTCAGGGTGGGCTTCGGTA,......((((((((......))).))))).,0.0
GGGTCTTATGCAAGTATTTTGGTAACATCT,((((.((((.(((.....))))))).)))),0.0
TTGGTTGTTGTTAATTCAGTATTGATAAAA,.......((((((((.....))))))))..,0.0
TAGGAGGTTCAGTCTCCTTAGGTTTTGCTT,.((((((.....))))))............,0.0
TGGGAGGTGGGGGGAGGTTTGGCTGTTTTA,.....(((.(((.....))).)))......,0.0
TAGATAATTACCAAGATCTAAAATTTCCAT,(((((..........)))))..........,0.0
TGTCCATAGATTCGTGATCAATTGTTTTGC,((..(((......)))..))..........,0.0
AGGTACCTCATTATATGCATGTGTTCTTTT,..............................,0.0
TATGTGAATGTGGTCAGCACAAGAATATGG,(((((...((((.....))))...))))).,0.0
GGGGGCGGTTCTAAGGAGTCGTTTATTGTG,..(((((((((....)))))))))......,0.0
TTTCTAGGCACGTTAGAGCGATACGTATGG,.((((((.....))))))............,0.0
ACAACGACCAACTTCATGAGAACGAACGTC,.....(((...((((....))).)...))),0.0
TCCGGATAGAAGCCAAAATTGTAACAAACG,...((.......))................,0.0
GTGGGTTTGTGAGCCTGGGAGGGCGGTTAT,............((((....))))......,0.0
TATGGAGTCTGTTCTATGCAAGTCTGACTA,((((((......))))))............,0.0
TTGGCATACGAACAGTCATGGAGATATTGA,.((((.........))))............,0.0
GTGTAAGAGCTATAGAAGTCATAATCTAAG,............((((........))))..,0.0
TCTGAAAAAAAATTATGACCTGTTTTCATA,..((((((..............))))))..,0.0
AATCGCTAAGGTGAGGTTATTATAGATGCT,....((....((((.....))))....)).,0.0
GGATGACGATTTATGTATCTAAATGTACAG,.............(((((......))))).,0.0
CCATGGGAAATTTTGCGTTCTGTGTTTGGC,.(((((((.........)))))))......,0.0
TCTGTTCTATGGACACTTACATAATCTGAT,.......((((........)))).......,0.0
AACGTTATAGCTTTAGTCATTAAAAACTAT,.............((((........)))).,0.0
GAAAATAGCATAGTGAACTCGTACTTTTGT,.......(((.((((......))))..))),0.0
GCTCAGATAGTGTTGGTTGTTTTATGAGTT,((((((((((......)))))...))))).,0.0
AGTATATGATCGGAAGTATGATTGTCACGC,.....(((((((......))))))).....,0.0
TGTGATGATTTGGTCCAGTGATCATTACAT,((((((((((.........)))))))))).,0.0
AGATCGTTTCTGGGCGTTTGTACGAAATTT,.....(((((.(.((....)).))))))..,0.0
GATAAGTAAAACTGTATTGACTTACAAAAG,............((((......))))....,0.0
GTACGCATTGGTGTGGTTCGAGGGGCTGGG,..((((....))))(((((...)))))...,0.0
GGTTTCAGGTTTTAGGTATGTTGCGTTCTA,..............................,0.0
GGGGTCGGAGTATTCGGAGCGTTTGTCGTA,..(.((.((....)).)).)..........,0.0
GAGAATATAGTGTTTAATTTATTTTTGGGA,(((((((.(((.....))))))))))....,0.0
GACTTTGAGTATTGACAATCTTGCACCGAA,..............................,0.0
GGCGTCCACGTGGATGATGTTTGAAGGAAG,..(((((....)))))..............,0.0
CTAGTTTAAACAGGGATTATTTTGTGTTTA,......((((((.(((....))).)))))),0.0
GGCAGGATAAAACATGGTTTCTAAGTGCTA,((((.....((((...)))).....)))).,0.0
TACTGGCATTGGCTGATTGGGTGAAGGGAT,..((..((((.(.....).))))..))...,0.0
GCTCGTATCGGATTGTATTTGGCAAGGTGT,(((.((((......))))..))).......,0.0
GTTATTAAGTGCTAAGTCTATATGGATTCT,..............(((((....)))))..,0.0
GGGCGCTTGTTTCGGGTTGGTTCATTAGTA,(((((((((...)))))..)))).......,0.0
ACAGATTGCACCTAGCACACTTGGCATGAA,..((..(((.....)))..)).........,0.0
TCGCGCGGAATCCAGTCCTGGGGAGATGAT,((.(..(((......)))..).))......,0.0
TAGTTACGTGAGTTAGGTTTTTGTAATACG,..((((((.(((.....))).))))))...,0.0
TGTGCTGTTATAAACATTATGGTATGTTAG,.(((((((..........))))))).....,0.0
CTGGAAGAACACGAACACGAGCAAAAGAAT,..............................,0.0
AAGATTATGAATGGATTTAGTATGTCACGT,..........((((((.......))).))),0.0
TAGTTTAGTTTACTCCGGTGCAGATATCAT,..............................,0.0
ACGGTTGAAGATCAAAGCTGGCTTTCTAAT,.(((((.........)))))..........,0.0
GTCATATAGTTCGGGATGGGGTCCACTCCT,............(((((((...))).)))),0.0
GGTGAAAATATGATTAATATTGGAAACTCA,(((...(((((.....)))))....)))..,0.0
CGGTCTGGATTCAGGTTAGGCTAAAGCCTT,...((((....))))..((((....)))).,0.0
TACAGTTAAGGTCTTAGTGCTATTGTCCGT,.(((((...(((......))))))))....,0.0
TGTGACGATAAGTGGATAGCGCTTAGGTTC,...(((..((((((.....)))))).))).,0.0
GAAGTTTGTGTCAAGCATTTTGTAGTAGCG,...(((((...)))))..............,0.0
TAAGAAAGATTATAAGTCATTACTATTGTT,..............................,0.0
AAGTGGGTCGGGGATGTTTCTCACCGAGTT,((.(.(((.(((((...)))))))).).)),0.0
CTAGTGTTTATCGGAAAATGTCCCCAGGCA,....(((((...(((.....)))..))))),0.0
GGATATTTTCTTCACTGTCCTAAACTTAAC,(((((..........)))))..........,0.0
GTTAAGGAATGCCCTTGCAGGTTGAGATAG,((.((((.....))))))............,0.0
ATCATCATTAACAAAGTAGTGTAACTTAAA,.....(((((......))))).........,0.0
GCATTAACGTTTTGCATTAAAAGGTCTTGG,(((.........)))...............,0.0
CAATTATGCCAGGAAGTACACAGTGTAAAC,...((((((..(........).))))))..,0.0
AAGGCGGTTGCTGTCCATACACTTGCGTGG,..(((((...)))))....(((....))).,0.0
CGCATATTGATAGAGTTACATTGACTTATA,............((((((...))))))...,0.0
GGATTTTTTTTGAGAAATGTGATAATTGTT,(.((((((....)))))).)..........,0.0
GTGCTTGGCCTACATCTAAGAATGTATGAA,...(((((.......)))))..........,0.0
GCACGGGTAAATATAGTAGTGCTATACACA,((((.(.((....)).).))))........,0.0
CATGATATATGTAGGATACATATTCAGTAA,..(((.(((((((...))))))))))....,0.0
AGTGAGGCAGAAGAAGAATGTGCTGTAGAC,.....((((.(.......).))))......,0.0
TTCCGCCTTTTAGACCAAGGTGTCAATTCG,...((((((.......))))))........,0.0
GACTCACAACACTAGTACAGACTCAATTAG,..............................,0.0
CCCCTTCCCGATGGGGAATTATGTTTAATT,((((........))))..............,0.0
GGTGAGGGGTGATTCTTTTTTCACCGCTTT,...(((.(((((........))))).))).,0.0
CTAGTGCTTTTTCATGTGTTCTACACTATT,.(((((.................)))))..,0.0
GTCGTTATGTATTAATCCTCCTATATCCGT,..............................,0.0
GGTGCGTCTTTGTAATTTTGTTTCGTATGA,.(((((.................)))))..,0.0
GTGCTGATATGTATAGTACTGGCCTTCTAC,((((((.......))))))...........,0.0
ACATTGAAGACGATTTCCTACAATATGCCT,..((((.((........)).))))......,0.0
TGTTTCCATGGGTTATCGCGGTTGCGTGTT,.((..((.(((....))).))..)).....,0.0
AGCAACATATACTTATACCTTCTTAACCTG,..............................,0.0
ATCGCACACGTACTATTTTCCCCTCAAAGG,..............................,0.0
TGATAGTAAGATTAAGTGTACATCATTTCT,((((.(((..........))))))).....,0.0
AGTGTGGAAGACATTTTGTTAATAAAAAGG,.((((.....))))................,0.0
TGAGTCTATGACTCCAAGTGGGTGTAGGGA,....(((((.((((.....)))))))))..,0.0
GGCATCTCGGTTTGTAAGGTAATAAGTATG,.(((........)))...............,0.0
GGTTTTGTGCGTAACAAACGGACCAATTTT,((((((((.....))))...))))......,0.0
TTTAAGTGATGATTTTATGTATGGAGCATA,...............(((((.....))))),0.0
TGTTGCTTTATTTAGGCTTATATAACGCTG,....((((.....)))).............,0.0
CATCATGTTGCTTTAATGGGTTATTTAGTT,.........((((....)))).........,0.0
GGCGCTTGTCGTGGCTGTCAGTGAGAAGTG,..(((((.(((((.....)).))).))))),0.0
GTGGGTACCATCAGATTCATTTTGTAAACC,((((((........))))))..........,0.0
TCGAGCGGGGGGTTGCTTTGTCTTGGTGTG,((((((((((.....))))).)))))....,0.0
AGATTCCGACAACCAGACATCTAAGATAGT,((((..(........)..))))........,0.0
ATTGTCTATAAAAACGTAGGAATTGATTAT,....(((((......)))))..........,0.0
GGATGGGAATGGTATTTCAGGGTGATGTTA,...(((((......)))))...........,0.0
GCCCATGACGAGAGTATGCCTCACAGAAAT,.........(((.......)))........,0.0
GCGAAGGGGGGTGTTTGATGTTCCCTGTGG,.((.((((((..........)))))).)).,0.0
CACGCAGGAGATAGATACTATTCATTTACG,.........(((((...)))))........,0.0
TCACAAAAATCTGAGTGTACTACAGTTTGG,...((((...(((((....)).))))))).,0.0
TAAAGAGGCGGGGCACAAGGTCTAAGTCCT,...((.(((.((((.....))))..))))),0.0
TCAGTGTCTCACTGAGTAATCACTAGCAAT,((((((...))))))...............,0.0
TGGGATTGGTTGTTGGTATGTGATTTCGAC,((((((((............))))))))..,0.0
TGGTAAAACGATATCGATTCTCTGTGTGCT,(((((......)))))..............,0.0
CGGGGATGCGTGGCTGGTGTTGGACAATAT,....(((((.......))))).........,0.0
CATTTTTAGTGTTATAGTTGATTAGTTACA,..............................,0.0
GGAGTTGTTTGCGGTCAAGGTGGGTCGCAC,.........(((((((......))))))).,0.0
TATTGGGAGCGTACTAATACGACTATTCGT,((((((.......))))))(((....))).,0.0
GAGAAATTTATGTGTGTTGATTTTCGTTAA,..((((.(((.......))).)))).....,0.0
GGGTACGCATTAGATTCCTCGGATCTGTTG,.......((.(((((((...))))))).)),0.0
GTGTTTGGATCGTACAAATTAGATTATCTG,..(((((.......)))))...........,0.0
AACCGTATCAGCCATCTGAAATAACGGGGG,..((((.((((....))))....))))...,0.0
TCAACATCGCATAATCGTTTACAAGCAATT,..............................,0.0
ACTACGGAGTCCTTGTTTTAAATTTTAGAG,..............................,0.0
AACGGGAATCAGAGAAGGGTTGAGCGCACC,...(.(..((((.......)))).).)...,0.0
GCTGGATACCAACATAATAGGATGGATCCC,...((((.(((.(.......).))))))).,0.0
CATTCTAAGTTATTTAGAACAAATTGCATT,..((((((.....))))))...........,0.0
CAGTGTCTGGTAGTAGAGCTGCTCTATGGT,((((.((((....)))))))).........,0.0
TGGGATTGCTGATATATGCGGAGAATACAC,......(((........)))..........,0.0
TTGAGGATACCTTTTTTTAGTGTATGCATA,....(.((((((......)).)))).)...,0.0
CTTATGGTAAGTACTTATCTAGCATTAATA,.....(((((....)))))...........,0.0
GATGTTTTTAATAAGTTTTGTTACATCTTC,(((((...(((......)))..)))))...,0.0
TAGGACTCAGTAACGTTACAGTTCGTGATT,......(((..(((......)))..)))..,0.0
GCCTGTTCGGAGGTCCTAGAGGAGAGTTCG,.(((.(..((....)).).)))........,0.0
TATTGTTATTTGGCTTAATATTTTAGAATG,...(((((.......)))))..........,0.0
GACTCTATTCTTGATGCTTACTTTTCATAT,..............................,0.0
TAAGGGGCTTTAGTGTTGTGGTGCTTTATG,(((((.(((..........))).)))))..,0.0
GGCTTCATAAGTTGATCTCGAGCGTGTGTA,.....((((.(((.......))).))))..,0.0
CTGTGTTAACTATATGATAAAGCAGTAGAG,((((.(((.(.....).))).)))).....,0.0
AAAAGAATGTATATTTTTAGTCAGTCTCAC,...(((.((..((....))..)).)))...,0.0
CTAGTTGGGAAAGACGGCTTTCGGGCCTTT,...(((......)))((((....))))...,0.0
ACGGAGGGGATAATAGGATACGACGCTTTT,..((((.(...............).)))).,0.0
GGAAGTAAGGTAATTATACTCTTCAGTGTA,.((((...((((....))))))))......,0.0
ATAGATACAAGATGAATCTTTTTCATTTAA,.........(((((((.....)))))))..,0.0
CTAGTATGCCTTTGTGTGTAACTTTGGTCC,.......(((...((.....))...)))..,0.0
GGAGTATGATTTATGTAGACGTTCCAGGGT,(((..(((.(((....))))))))).....,0.0
GTACAATCATATAGAAGTCATTGGCTTTGA,.............((((((...))))))..,0.0
AAAGTAGGCTAATATCTTTTGCTTAACAGC,....(((((...........))))).....,0.0
CCAGCATACCTTATGTTTAGCGGCCTAGGT,.......((((..(((...)))....)))),0.0
GGATGTATTAGTTACGGCATGTATTTTGTT,(.((((..........)))).)........,0.0
ATTTTTAGATTTCAAATCGACTACTAGACA,...(((((...((.....))...)))))..,0.0
GGGGAGAACGTTTCTGTATACTGCTTTCTT,...(((((.((...........)).))))),0.0
ATTGACGATGGAATTTGGCAATGATGTTGT,((((.(((......))).))))........,0.0
CAACATGGGTTACGTAGGTGGGTGAAGTTT,.(((.(.(.((((....)))).).).))).,0.0
CCAAGGCATGATTGATTTATCTGGGGTTAT,((..((.((((.....))))))..))....,0.0
TGAGAATGTGAATCTATTTGGGTGTTGACT,.......((.(((((.....)).))).)).,0.0
AGAGTTGACTTATTTTGTGATCATGTAAAT,..............................,0.0
TGCAACTGCGTGTACTATGGTTAATCGAAC,.((....)).....................,0.0
TACTTGTTTGCAATGTCTTAGTGATAGGGA,..........(..((((.....))))..).,0.0
GCGCGTTTTAGTTATTCAATTTTCAAACCG,..............................,0.0
GACAGATTGCAATCGAACAAAATTCTAAGG,..............................,0.0
TGCGTTTTTAGATATGGTGCTGATATAAGC,..................(((......))),0.0
AGGGTGGGCTGAGTATGTAGGTTTATGGCC,......((((..(((........))))))),0.0
CGAATCTACGGCTGCGATTGTATTGTGTTT,......(((((.(((....))))))))...,0.0
TCTACGGTGCGGGTGGTCATGTTTGATTTT,.((((.......))))(((....)))....,0.0
GTTCCTCACGTAATCATGTTTAACAGCTCT,..............................,0.0
ACTATCGATGGAAAGCATATTATTTGGTAG,.(((((((...............))))))),0.0
GTCGTTAACCCGTAAGAAATGCTAAGTATA,..............................,0.0
TCAACTTTTACTTAGCCAGTTAGTTCTTTA,..((((...(((.....))).)))).....,0.0
CGTTGGGGACGTTAAGGAGACTGGTTCGAA,......((((.............))))...,0.0
TTCTAAATGTATTTACACTTGGACTTTTCT,.(((((.(((....))).))))).......,0.0
AATAATTGAAGATGTAAGGTAAATGCGTTT,.........(((((((.......))))))),0.0
CATGTTTTCCTTTTCAATAATCGTTGTAAT,..............................,0.0
AGATAATAGTGTCTGGGATTCCGTATATGA,(((((....)))))((....))........,0.0
GTTGGGGGCTTAGTGTCTTGTCTCCATGTA,..(((((((..........)))))))....,0.0
CAATTTACCAATCACACAGAATTGATGCAG,((((((............))))))......,0.0
CTTTTTATTGATTTGTTCTATTGCCCAATT,..............................,0.0
ATAAACACTGAAGTGTTTTGTTGGATAAAC,..((((((....))))))............,0.0
TACACGAGTTGAATTAGAGTTTCAGTTTTA,.....((((((((.......))))))))..,0.0
TTAGGACTATTGTTCGTATCTGGATCTCAT,...((((....))))...............,0.0
CGTGGACCGTCAATCTTCATACAGATGTCA,....(((.(((............)))))).,0.0
TGGCTTAAAATATAGTACTGTCGCTCAGAA,..(((........))).(((.....)))..,0.0
GTGGTGGTGCCGTATCTCATTGCTTCGGTT,(.(((((((........))))))).)....,0.0
CACCCGTATCTCTCGCCCGTTGCTCCTGAA,..............................,0.0
CGTCTTTACTTAAATGCAGTGAAAATGTCA,(((.((((((.......)))))).)))...,0.0
CAACAGGAGAAAATCGGTTGAGCTATCTCC,.....(((((...((....))....))))),0.0
TAATGTCGAATAGAATCCGTATCGAGCTTA,(((..((((...(....)...))))..))),0.0
AATGGATGTTCTCACTGAAGGGCAGATGTC,......((((((......))))))......,0.0
AGCACTGTCCACGCTAATGGTAAGGCCACT,.((.((..(((......)))..))))....,0.0
GCGAAATTATAATCTGTCCATAAGATTATA,.......((((((((.......)))))))),0.0
AGAAATCTGTGGGACTCTTAAAGTTTGATT,........((.(((((.....))))).)).,0.0
CTTTTAATAATTTAGCTAGGTTCGGTCTTC,..............................,0.0
GTTCACAAAATTTATCGGCTTTACGAAAGC,..............(((......)))....,0.0
CCTAAGGTGGGGACTCGAGCTGGAGGTAGT,(((..(((..(....)..)))..)))....,0.0
GGGTAGATGTGAGTAAGCCGGGGAAGTTTC,.(((..((....))..)))...........,0.0
TATACGGCTTCAATTTGGATGGAGTGGTTA,...((.((((((.......)))))).))..,0.0
AATTGCAATCTTGTTCGGATGGCGTGTCAC,....((.((((.....)))).)).......,0.0
GGGCTGAATGGTGTGAATGGGTTTTTTGTT,(.(((....))).)................,0.0
GATTTGGAAGGATACTGGGTTTTTGATTAG,.......((((((.....))))))......,0.0
ACAAATACGTTATAGCTCGGAAGGAAAGTA,.......((........))...........,0.0
AGTATGACTAATGTTACGTAATTAGTGTGA,......((((((........))))))....,0.0
TCCATGGTGTTAGTAAAGTTTACCTGAATG,..((.((((...........))))))....,0.0
GCACTCTTTGGTATCTTTGTTACATATTAG,..........(((.......))).......,0.0
GGGTCGTATAGGTTGGGTAATGTGAGAAGT,...((.((((..........)))).))...,0.0
ATTAGCTGATAAAGATTCTCGGTGTTATAC,....(((((.........))))).......,0.0
TAGTTTGTGAATTTATGGGAATTTTTTTCA,.................((((....)))).,0.0
GCCTCGGTATAAGTCTTTGATCATATTCTA,..............................,0.0
GATCGCGTAACGTTACGTGTAGCAAGTCAA,...((((((....))))))...........,0.0
TGCAAACAATCGTTCAACAGATCATACTAT,........(((........)))........,0.0
ATCAAATACATAAGTTCTGGGAAAACTAAT,.................(((.....)))..,0.0
TTGATCGATATTTGCTTCGGTTAAGTATGT,((((((((........))))))))......,0.0
GAGAACTCAAGTTGAAAATGCTTAGTAAGA,....(((.((((.......)))))))....,0.0
CGTGACAGCTGTAATATGGAACATTTTTTG,.((..((.........))..))........,0.0
CAAGTATGTTACTAGTATTATCGTCCACTA,..((((...)))).................,0.0
CCACTGTTTTACACTTTACCATCTAACCTA,..............................,0.0
GTCCGCGTATCTTAAACCTGTAACATCTAG,..............................,0.0
GCAGAATATATGGATTGATTTGGCACTTCT,((.((((..........)))).))......,0.0
TGGTGTCTGATAGTAGCTGTGTTTGATTGC,....(((.((((.......)))).)))...,0.0
ATATGTAGAGGATGAGGTACCTTGACAGTG,...(((.((((........)))).)))...,0.0
GCATACTATATGGCATAACGACTAGACAAC,..............................,0.0
TTGGTGCATCGCCAAAGGCTCCGTGTCCAG,.(((.((((.(((...)))...))))))).,0.0
CATGAACAGAATGTGCATCCATGGAGAGTT,((((...............)))).......,0.0
TAGTCGGGTTTAAAAGATTTGTGGGGATAT,....(((((((...))))))).........,0.0
ACGCACTTTCTGTTTAGAGATTAACGCTAC,..((....(((......))).....))...,0.0
ATAGTCTAGACTTGTTGTAAGTAGTGTAGG,.....(((.(((..........))).))).,0.0
CCGTTGAGTATGCGTTAGATATATAACTTG,..((((.((((.......)))).))))...,0.0
ACCACATAATAAAAAATGCCTTATATCGTC,..............................,0.0
TGACTGGTATTATAAGATATCTAACGATTT,.....((((((....)))))).........,0.0
GTGGTGCACTTGAATTTCGTATTGGGCGGT,...((.((..(((...)))...)).))...,0.0
GGGGTCCTTCTAGGCCTTTAACTGGATATT,.(((((......))))).............,0.0
GGTATTTGGAGGCTGGCCGATGTATTATGT,(((((((((.......)))).)))))....,0.0
GCGTGTCGTTCTTTGTGTCTAGTATATTCA,..............................,0.0
TAGTTTCATTGTTTATGTATGAGACGTATA,..(((((((.........))))))).....,0.0
CATACTTGTTTATTTTGCTTAGGGTGAATT,.......(((((((((....))))))))).,0.0
GGGACGATGTCTGTCTTTTGCACTAGTTGT,.(((((.....)))))..............,0.0
GCTGCCTCATTCAATCTTTCCACTCTACTG,..............................,0.0
TCTTTAAGTGCTGGCTCCTGGATAGCGCCA,.......((((((.((...)).))))))..,0.0
GTTGTTTAAGATTTTGATTGTTTAAACATT,..((((((((..........))))))))..,0.0
CAGGTAAGCGATTAAAACCTCAGTGGAGTT,.((((...........))))..........,0.0
AGTATTCTTCAGAGTTTTGTTATGTTTTAT,..............................,0.0
ATCTGCTTCGAGACAGATTAACTGCTAAGC,....((((..((.(((.....))))))))),0.0
GGTCATTTGCGCGTCGTTATTTGTGCTAGA,........(((((........)))))....,0.0
TGAGTAACGATTAATCTTAGAGTGGAACAA,..............(((......)))....,0.0
TGATATGGTCATTGATGTGGTTATTTTTGG,....((((((((....))))))))......,0.0
GAATATTGCATGGGTGGTTTTATTGCCTGG,...........(((((((...)))))))..,0.0
TGACTAGATGTGTATCGAATGAAGGGTCGT,.((((...(((.......)))...))))..,0.0
GCTAATCGAATATTATAGTTTTATAGGCAT,(((.((.((((......)))).)).)))..,0.0
AGCTATTTCGAGATATATGAGCAGGCACCT,.(((..((((.......))))..)))....,0.0
AAAGCCTATTTGCAAAGTATATTCAGTTGC,...((......)).................,0.0
GGAATGGGTGGTTACGTATTTTTTAGATAA,.(((((.((....)).))))).........,0.0
GCCTTATCGTTGTTGTTTTCTTCGTGTTAA,..............................,0.0
TAAGAGGTAAACTGGCTTATGGATAGAACT,....((((......))))............,0.0
GGCATAGCAAGTCGATTTATTGTAACTGTA,.(((..((((.........))))...))).,0.0
CACACTAGAGATATAATAAAGATGCCTTTA,................(((((....))))),0.0
CATCGTTATCAGGGGGTGACGCATAAATTA,...(((((((....))))))).........,0.0
GTGCATGAGCTCTTTTCTATACGATTTTTG,(.((....)).)..................,0.0
TGTTTGTGTTACATTGGCGTTCAAACTGGT,.((((((((((...)))))..)))))....,0.0
CAACCTAAAATATATGTTCGGACCGATATA,............((((((......)))))),0.0
TATTTCTTATATTGGTTGACAACAGGTCAG,................((((.....)))).,0.0
TGGGGCCATATTTGATTAACGAATTACTTC,.((((....(((((.....)))))..)))),0.0
ATTTTGTATCGGTGGTATTTTCGGTGTTAC,......((((((........))))))....,0.0
GTGCGTTAACAAGCTTATTTTTATGGTGTT,..((........))................,0.0
CAACATTTTAAATGCTTCTATCAGTTATAA,..............................,0.0
GGATAACACCCACGGCTAGGTAAAGCGTAA,((.......))...(((......)))....,0.0
ATGAAAAAAGGAGTTTTATCTCAGCGACTT,..........(((......)))........,0.0
AGTGGTAAGAATCTTGAGCGTTGGCGTCGT,...............((((....)).))..,0.0
AAATTCATACTAAGGCGTTAGCTATTCACA,.............(((....))).......,0.0
GACAAAGGGTTTGTACAAGGCGTGATAAGA,........((((.....)))).........,0.0
AGCATCGAAGTCTGGGTATTGTATAGTATA,...(((........))).............,0.0
GCCATAAACCTCCACTAAATTAATTCTAGA,..............................,0.0
TCGGGTGATAATTACGCAGAATATCCCAAA,...((.((((.((.....)).))))))...,0.0
CCAGGTTTATTTATGTTCTAAATGGTGATT,......(((((((.....))))))).....,0.0
GGGGGGTTTATGTTAATCATATGGCCGTTT,.((.((((((((.....)))).)))).)).,0.0
TCGGGTGTTCTTTTATTGCCGAACGCCTAC,..((((((((..........))))))))..,0.0
AGTCTCGCTGTATAATGATTTGATCGTATT,..............(((((...)))))...,0.0
GGAGGTAGTCGCAATGTTCAAGACGAGGTG,.......(((...........)))......,0.0
ATAAAGAGTTTAAGCTTAATGCACGATCGC,.............((.....))........,0.0
ATTGAGGTTGTATGGTCTTTTTCCTGGGGT,.((.(((...............))).))..,0.0
AGTTAATTATTGTCTTGAACAATGGTTATT,...((((((((((.....))))))))))..,0.0
CGTGTAATCTAAAAAGACTCTGGTTTCTCT,..............................,0.0
GATTGGCACGGGTTTCTTTTATTTAATTGA,..............................,0.0
TGTGTGTGGGCTAAGACTCGGTCGCGCAGG,..(((((((.(........).)))))))..,0.0
GCTGTTGGTGCGAGATGTGGTTGTTTATAG,.((((....((((.......))))..)))),0.0
CCGGTTTCTATAGCTCGAGTTTTAACTGAT,.(((((.....(((....)))..)))))..,0.0
GTTACCCCAGTAAGGACAGATCGTTAACTA,........(((((.((....)).)).))).,0.0
TTTATGCAATAAGTGGTATCCGTTATGTAT,...(((((.(((.(((...))))))))))),0.0
TGCAATGGGTAGTTAGTGTCTTTACATTAG,.............((((((....)))))).,0.0
GACCGTTACCTGTGGCTGGATTAACGTGTG,.(((((((((.......))..))))).)).,0.0
CTGGCATGGCACGTTAAGGCCCTTGTCTCC,..((((.(((.(.....))))..))))...,0.0
TGGGAGACTTTGAGTTAAGAGGTGAGTCTT,...(((((((.............))))))),0.0
GGAAATCTAAGGTCTTATTCCATTGGCTAG,..........((((..........))))..,0.0
TAATGTACTGCTGTTTGTTGTTCTAGACGA,...........((((((......)))))).,0.0
TGTCTGAAGCGCTTCGTGGTTAACAGGCAT,((((((((.(((...))).))..)))))).,0.0
GACCCATTTTACGTTCCTTATGATTTATGG,...((((....(((.....)))....)))),0.0
GGTCAGCGATTCCTAATGAGAATGAGGGTA,..........((((.((....)).))))..,0.0
TGATAACGATTATTTGCTGAGGTCTTCCTT,..................((((....)))),0.0
TTGACTCACGCTTCTTATTTCACCACCCCT,..............................,0.0
TCAGTAAGGGGCGAGTTGGGGGTGGGCATG,.........(.(.(........).).)...,0.0
ATATTGATGGTTGACCTTGTGTTTAGATGA,..............................,0.0
GGGTGCTTTGCCTAGGTTATCTGGGGGTTG,........(.(((((.....))))).)...,0.0
AGTAGGGAGTTATATCTATTAACTATTGGT,(((((..(((.......)))..)))))...,0.0
CATTATGAATTTGAGATAATTGACTAGCTT,..............................,0.0
GCGGGGGCATGGCATCTTTGATATGGAATG,((....))......................,0.0
AGTTATTGGGTTCCGGATAGGAGTGCATTC,......((.(((((.....))))).))...,0.0
AAAGAGGTACCGAGCTAGGTGCTATCGTAC,...((((((((......)))))).))....,0.0
GGTAATTAGTTACTTTTTGTTTGAATGTCT,(((((....)))))................,0.0
GATCCGGCATACTAAATTGTTTAGAGGATT,(((((.....((......)).....))))),0.0
GCTCGGTTCAGTTCTAAGTTTCGACTAGTT,(((.((((.((........)).))))))).,0.0
GGGTATTGTTTTTACTCAGTTCTTTTTTCA,(((((.......))))).............,0.0
CAGAAGATTTTTACTTATTCGTGTATGTTC,..(((.((...(((......))).)).))),0.0
AGCCATTTTCGTTAGTTTTTTGGGTCTTCT,..(((...............))).......,0.0
ATACGTGGTTCAAATATTATACTATCAACC,....(((((...........))))).....,0.0
CTAGGGATGTTATAATCCAGAAAGATACGA,....((((......))))............,0.0
GCCAAGTCTTCTTATTTCCCGTTAACTACA,..............................,0.0
GTCGGTGCAAATAAAGCATGAAATGGATCT,....((((.......))))...........,0.0
AGTACTCAACCATATCAGTCGAATATGCTT,..........((((((....).)))))...,0.0
TGTAGACGTGCAGCGTTCATTGGCTTTTTG,.(((....)))(((........))).....,0.0
GAGGTTGGGCTTAAACCTGCTCGTCTATCG,((...(((((........)))))....)).,0.0
ATGACACCTTAGAGGGGGCTCAAAATGGAA,.(((..((((...))))..)))........,0.0
ATCGTACTATAGTCGTGGAGTACATGACGC,...........((((((.....))))))..,0.0
AGGGGGACAAATGTAGTTAGGTGGGTATGG,.......((.((.((......)).)).)).,0.0
GGGGGGTAAAGTAACATCTGGCCTTCAATA,.((((((..((......)).))))))....,0.0
AGTTGAAATTTATCTGAATGGATTACATTT,...............(((((.....))))),0.0
GGATGGACGTTAATTTGGTGTTTCGGATGT,............((((((....))))))..,0.0
GTGGATAGTGTGTTTGGGCATACGAGGTGT,.......((((((....)))))).......,0.0
GTAACTATGGTTTCTATGCATAAGTCAACT,...((((((.........))).))).....,0.0
ATATATAGTGCTGCTGGATAGTTATTATAT,..(((((((((((.....))).)))))))),0.0
ATGTTGATAATTTGATGGTTGTTTCGCATG,((((.(((((((....)))))))..)))).,0.0
TAGAAGAATATACCGGTTGATAAGACCATA,..............((((.....))))...,0.0
TGCTGGTTTCTGGCATTTTGAGTTTGGATG,((((((...))))))...............,0.0
ACGCCGACTTTTTTATGTTGCTTAGGGAAT,..((.(((........))))).........,0.0
GGAAACTGCATAGTCACATCTTATAATTGA,..............................,0.0
TCGTTTGTGTTGTCGTTTTTAGCTGAGTTA,........((((.......)))).......,0.0
CTAGATACTAAACGAACGGATAAGTAACAC,..............................,0.0
TGCGATTTGATTGTAGGATTTTTTATCTGG,((((((...))))))((((.....))))..,0.0
ACCAGCTACACAGTTCGTGTCTCCATGTGA,.......((((.....))))..........,0.0
CGATTCACTCATGCGCATCTTGAACCATGC,..............((((........)))),0.0
ATTCCTTCGAAGAAGAAGGTTTGTGTGTTT,...(((((......)))))...........,0.0
AATATGCTGTATCATGCAAGACAGAATGAA,....(((........)))............,0.0
AAATGTGGCACTTGATGTTTTGTGTTCATT,.((((.(((((..........))))))))),0.0
TCATTTGTTTGTTTCTGAAGCGCGCTGGCT,......((((.......))))((....)).,0.0
CGTAAGAGCGATTAAATTATGGTACGGTGA,(((....((.((......)).)))))....,0.0
GGCATGGGGTTGACTAGATCGCTTTATCAA,.....(.((((.....)))).)........,0.0
CTTGGCTCTTTGTTTAGTTAATCTACCAAT,.((((((........)))))).........,0.0
GAGTGTAGAATTGCGAACACTTCCACTAAT,((((((..........))))))........,0.0
GTACCGGATTTGAGGAGGTTGTTTACTGTC,(((...(((((....)))))...)))....,0.0
CTTTCAGTCGGAAGGGCTCACATGTTTTAA,(((((....)))))................,0.0
CGTTAACGTGTTGGAATTTCTTTCTATGAC,.......((..(((((.....)))))..)),0.0
TTTTGAGCTCCGGAGGTCAGCTTGTAAATA,....(((((((...))..))))).......,0.0
GCTGAATTAAGGGATGGATTTGTTGATAGG,.....(((((.(((....))).)))))...,0.0
GGATATGGTTGGGCTTCTGCTCCAATATCA,.(((((...(((((....)).)))))))).,0.0
CCTAGATCGGTTGAGAATCTTCCCATGAAA,........((..((...))..)).......,0.0
GGCCTTTTCTTTTTGTACGCGTTTTGTTCT,..............................,0.0
GGAACCATTGTGATGAGGTTTGAAAGTCCT,.(((((..........))))).........,0.0
GAAAAGTGGCTTGTGTATTGCCATATTTGA,.(((.(((((.........))))).)))..,0.0
ACTGTGACGATAGAGAGGGATCTCCATGCA,............((((....))))......,0.0
ATCTTGCTCTTAGGAGTGGCTTAAGTTTTA,........((((((.....)))))).....,0.0
CGGAGAATGGAATCGTTTACCTAGTTCGGT,.((.(((((....))))).)).........,0.0
CCGGCGTCCATTTAGAGGCACGTGGTATCA,.(.((((((.......)).)))).).....,0.0
AGTCGCGTGTAAATTGGTCTGTAACAGTTA,...........(((((........))))).,0.0
GCGGAATGATGTTTAGTTTCGTTGAATTTA,(((((((........)))))))........,0.0
ATCCGTCAACAAGGTAATAATTTAATCTTC,..((........))................,0.0
GGTACGAAGAGTGTAAAATTACTCGAATAA,........(((((......)))))......,0.0
TTTCTGTAATGTGTCCTTGTGAATCATTTG,.......((((..((.....))..))))..,0.0
ATGGGCAATAAAGACACAAAAGTTTGTACG,...........((((......)))).....,0.0
GAGCGTGTTCGAATTTGTCTTTTTGTTTTA,..............................,0.0
CAAACAGAATAAGAAGCCAATAATACAAAA,..............................,0.0
AGCCATTATCATATGATTTTAAGGGCAACG,.(((...(((....)))......)))....,0.0
CGTCTGACCCCACCTCTAGATTTACGGTAT,.(((((..........))))).........,0.0
CAGTGGTTCTTGATTAAAGTTCTATTTTCA,.(((((..(((.....)))..)))))....,0.0
CTTAAAGGGGGTTGGTGAGTATTGGTGACT,.........(((((.(((...))).))))),0.0
CAGGGTCAGATTCTTTTATTTTCAATTAGT,..............................,0.0
CTATTACGATATGTTTTGAACATTTAGTTG,.....((...(((((...)))))...))..,0.0
GGCTTATACGTTTTATCACCGATGCAACGG,........((((.((((...)))).)))).,0.0
GTAGTGGCCGGAGCTTATTCTCGCTGTTTC,.....(((.(((......))).))).....,0.0
GCTGGCATACTAACCATGCTCTAGATATAA,(((((........))).))...........,0.0
ATAAAGCGTATCTTAGGATACCTTAATAAG,...(((.(((((....))))))))......,0.0
TCTCTGTGCAAGATACTCGAGCAAATGGAG,.((((.(((..((...))..)))...)))),0.0
GAAGTTATAGTCTCAGTTATATAGTTCTTT,(((.((((((......))))).).)))...,0.0
GTGAACTGGTATTTGTGTTGTTGCAGGAAA,...........(((.(((....))).))).,0.0
TGTGACAAGGCACATAATGAATTTTTTCTG,((((......))))....(((....)))..,0.0
GGTGAACAAGAACGATTTGCCACCACTGTA,((((..((((.....)))).))))......,0.0
CAGTTGCAAGAGGTATGGTTGCCTAAATAT,..........(((((....)))))......,0.0
ATTGTTTATTAACGTTGGTGGTGTTAACAT,..((((.((..((....))...)).)))).,0.0
AGTTTACACCATGACACTAAATCGATCATG,.........((((((........).))))),0.0
TTTGAGAACGATGAAGGATAGCGTGGTTTT,....(((((.(((........))).))))),0.0
AACTCCCATGTTTGGGCTTGTGGCAACCCC,....((((....))))..............,0.0
CAACAACGCGTTCCTGTGCTTAAATACCAT,......(((......)))............,0.0
TGACGCGGTATGAAGCAAGAGACTTGTACG,.......((((((..(....)..)))))).,0.0
GGCGGCTTTATTTCGGGACTCTCTTCCATG,..............((((.....))))...,0.0
GATCGTTTTATAGGCTTTAGGGAGGGATGG,.(((.((((.((.....)).)))).)))..,0.0
AGGGCGCGAATCACTTTGAATGCTATTTCA,..((((((((....))))..))))......,0.0
TACCATCCCCATGACTATGGAGGGACTGTC,......((((((....)))).)).......,0.0
AACTCCGAGTTCTCTTCCTTTGGGAAAAAC,.........(((((.......)))))....,0.0
GCATTAACTATTTAGTTGTGGACTGTACTA,.(((.((((....)))))))..........,0.0
GCAAGGGGAGGCTTTTAGTGGCTATGATGA,.........((((......)))).......,0.0
GCTAAACATGGCAGATAACATTGATAACGT,((((....))))..................,0.0
ACGCGTGTTCACGTACGAGTGAGCTAACAA,......((((((......))))))......,0.0
ACAGGTATTAGCTAGATTATAGTACGTTAC,....((((((.........)))))).....,0.0
CAATGGAGTGTATATTCATAACGGAGAGTG,..(((((.......)))))...........,0.0
GGTAACATGAACAGTTCAGAACATTGTAGA,..........(((((.......)))))...,0.0
ACCATCGGGATAAGTTTATAATTTTGCTTT,......(((..(((((...)))))..))).,0.0
CGGGCAATATCCGAAGTGGTGTGTGATTCG,(((((((((((......))))).)).)))),0.0
TAATATTTTGACAATGGTCCAATTATACTA,..(((.((.(((....))).)).)))....,0.0
CTATCTTAATCGTACTTAATCTATGTACTT,...........((((.........))))..,0.0
ACCTGCGGGTTCTGCTCTTCTATATATTTT,....((((...))))...............,0.0
TTGAGAAGTTTGTGCTTATGAATGTACTCT,...........((((........))))...,0.0
TGGGGTTTCTAAGTCAGGGACTCCTGGGGT,.(((((((((.....)))))))))......,0.0
GGACATTTATATCAGAATTCATACTAGCTT,..............................,0.0
CTACTTGCTTAACCGTTAATCTGGGTTGGA,........((((((.........)))))).,0.0
GTAACATGACTTACTTTATAATATTTTAAA,((((......))))................,0.0
GACTTGTACTAATACACGGTGTAATGTCGT,((((((((((.......))))))).)))..,0.0
TCGTATTAGTAATGGTTGTGTGTGTTGCAT,........((((((........))))))..,0.0
CACGTGGCTGGTTAACGGTCGTTCTGTTGT,.....(((((.....)))))..........,0.0
GGTTAGCGGTTTGATGATACTTTGTGGACG,.(((.(((((........)))..)).))).,0.0
TTATGAAGTGTACTCGGATATGATGTCCCA,...............(((((...)))))..,0.0
TGGTTAGAGATCATACGTTTGCGATCATTG,(((((..((((.....))))..)))))...,0.0
AAGAAGTGTAAGGAATGACTCTGATCCACC,.....(((...(((.....)))....))).,0.0
GCCAATGTAGTTTAACTGACTTGATCTACT,......((((.((((.....)))).)))).,0.0
GGCAGTGGATTTTTGTTTAATTCATCTGTT,.((((((((((.......)))))).)))).,0.0
TATAGGGGCAACTCACGAGGTGAATGCTCT,....((((((..((((...)))).)))))),0.0
CAAGATTATCGTCTGTTCACAATAGATGTA,.........((((((((...))))))))..,0.0
TAGGCCCACATCATTTGACCTTGACCTAAT,((((......(((........)))))))..,0.0
AGGGGTGGGAGTAGGTTGGGGGTTCTTGGC,..............((((((....)))))),0.0
ATCTACTGAGGCCTGGATACCCACATCTAC,........(((..(((....)))..)))..,0.0
ACTCGTACGGTGGTATACTGAAAGGTTTTT,....((((....))))..............,0.0
CAGTGTGAATAATAATTCGTATTATGGATG,.(((((((((....))))))))).......,0.0
TAAACGGTAGATAGAATCTTTACGTGCGTT,...(((..((((...))))...))).....,0.0
CATTGCTGAAAGGACCGGTTAGGCCGAATT,...........((.((.....)))).....,0.0
AACAATGGGGATACGTATTAGTCTTTTTCT,.((((((.(....).)))).))........,0.0
TGGCAGAGGTGTCATAGTTTCTCTATTAAT,(((((....)))))................,0.0
CGTCTTTTCGTACAAGAATCCCCTTAAAAA,......(((......)))............,0.0
TGGATCTGTGTTGTGAACAAGATAGAGCAA,((..(((((.(((....))).))))).)).,0.0
TTAGCGGGCCAATAGTCGGACCATTATTAT,.(((.((.((.......)).)).)))....,0.0
GTGTGGTAGTACTTCAGGCAATTTAGCCAT,.((.(((...))).))(((......)))..,0.0
GAAGCCGACAGGTGTATAGAGAACAATTTT,...(((....))).................,0.0
GTATCGTCCTGTGTACTTCTGTCCTATTGA,((((........))))..............,0.0
TGCGATTTCACTTTGCTGGTTCTTATATTG,.((((.......))))..............,0.0
GACGGTGTGGTGAATGTTTGGCCTGATTCA,..(((.((.(........).))))).....,0.0
TTCCAAATTCTCTGATCCAGCGTTATGTAG,..............................,0.0
GTTGGTTCGTCATCCGTGTGGAAACCATAA,..(((((.....(((....))))))))...,0.0
TGAAACTGAGATAGTAATGCTTATCACAGC,.....(((.(((((......))))).))).,0.0
GTGCATTGTTTTTATGTAGGTATGCGTTTA,..((((...............)))).....,0.0
CTTTATTGCAATGGTATCTTTTCTTACACC,.............(((........)))...,0.0
GGATGTTAAGATGTTGGTAATATATAGGGG,..((((((.........)))))).......,0.0
GGCATCTTACGTTGTGAGAAACATTCCCGA,....((((((...))))))...........,0.0
GGTGCCGAAGACGGTCAGTGTTATTAAGAG,(.(((((....))).)).)...........,0.0
CTTGTTTATCCGTGAGAGCTCGTAGGGAAC,........(((.((.(....).)).)))..,0.0
TCGTGAATTTTACGGTGATGCCGGACATCT,((((((...)))))).((((.....)))).,0.0
CCAGATAAAGCGCCGGAATTTAAATATCCT,..............(((.........))).,0.0
ATAAGGATAAAATATAACTAATAAACAGGC,..............................,0.0
CAAGTAGTTCTATCTTTCCTGCCAGTTCTT,...((((...........))))........,0.0
GCGTTTGATGGTCGCTTATTCATCTGTTTA,......(((((........)))))......,0.0
CCTGCCGATCAGTGATTTACTGGTTCATGG,((....((((((((...))))))))...)),0.0
GGGAAGGTAGGATGTTATGACTTTGTTGAT,((.(((((...........))))).))...,0.0
TAGGTTGTCTTGATTATTGGTCGTGTTTTC,..............................,0.0
GTGCACTTATACGGATTGAGATATGTTTTA,.....((((.......))))..........,0.0
GTTCGATTCTATTTTAAAATGAATGGGTGA,.......(((((((......)))))))...,0.0
GTAGGTAGAAATAAACTTGTCCTCTTTTTT,..(((..((.......))..))).......,0.0
AGGTGATTTCATTAGGTAAGGGTCACGTCA,..(((((((..........)))))))....,0.0
ATGTCCCACTAGTATCAGCGGGATTGCGTA,..(((((.((......)).)))))......,0.0
GACTTGTTGGAGTACTTGGTTCTAAAGACT,.((((....)))).................,0.0
GGATAGGTTGGAGGAGTGTTACAGCAATTG,......((((...........)))).....,0.0
GATGTCTTCTCGCTGATCTTCGCTTCGAGA,.......(((((..(.......)..))))),0.0
GTTTGGTTTGTTCAGAGCTCTGACTGAGCC,....((((((.((((....)))).)))))),0.0
CTACAAGGTGTTGTTGAGGATCGCAGTTTT,....(((.(((.(((...))).))).))).,0.0
TAGCTATTATGCAAGTATTTCCGAGACATC,..((......))..................,0.0
TATATGAGCTTTAACCTACAATAATAATTT,..............................,0.0
TGTTCAGTGCGCATTCACGTGTGAAAGCTC,..((((..(((......))).)))).....,0.0
TAACTGGCTAGTTGTGCAAGATAGCGTATC,......((((...........)))).....,0.0
GAGCGTGTCTTAATTAACACTTAATTAGTT,....((((........))))..........,0.0
GTTTTTTGTTCGGATATTTCTGACTCTTTT,.........(((((....))))).......,0.0
GAGTGCTCTCCTTATTAGCTTTTTAATTGT,(((....)))....................,0.0
TTCGAATAGGGCTAATACGACAACCAGTCA,..................(((.....))).,0.0
TGTTGTTGTTCAGAGTGTTAGCTTTATGAG,.........(((((((....))))..))).,0.0
TACTAAGCTCACTATTGGTTGGTGTAGTAT,......((((((((.....))))).)))..,0.0
CAAAGAATGAAACAAGCTGTTTTTATCAGA,....((..((((((...))))))..))...,0.0
CATACCTGCTTTATACAATAAGATTCCTCT,..............................,0.0
GGGGGTTGTGTTATAATACCAACGGTCCTT,(((.((((.((......))))))..)))..,0.0
GCGTCCAGAGGACTACAGGCGATACTTTAA,..((((...)))).................,0.0
CGATTTTATCTGTTGAGCAATTATATTCAA,............(((((........))))),0.0
TACTTAAATTGCTCAATGTGTGCAATTTTT,.....(((((((.((...)).)))))))..,0.0
CACATTACTAACGAGGATGCAGCAAGCCCT,.............(((..((.....))))),0.0
AAATCGATTTAAACGGACGTGTCCTCTCTA,..............(((....)))......,0.0
TCGTGGACTGTATTTATAGAGGCTACTCAA,..((((.((.((....)).)).))))....,0.0
AGCGGGTTTCCTGGTAATGTTCGTGGTATC,(.((((...)))).)...............,0.0
TCATGTGGCTTCGTTATGGGCTATGTTTAG,..(((((((((......)))))))))....,0.0
CTGGTTTTCTCGCTTGGAAATTGATCATGC,..(((((((......)))))))........,0.0
AAGCTTGTAGTAGGTGTTAGGTAAACGAAA,..(((((..........)))))........,0.0
GACGCAAACTCAGTGTTGAAGGTTCTAGTA,(((((.......))))).............,0.0
TGTCGTCTAGCCCCCCGAAAATCACAGTTT,..............................,0.0
ATTTTCCGTAGTTATAGATAAAGACGCTCT,......(((..(((....)))..)))....,0.0
GATGGATACCTAGACTGGGCCACGAATCAT,..(((...((......)).)))........,0.0
CCAACTTTGTTCCCTATGATCGATAAGTGT,...((((((.((.....)).)))..)))..,0.0
CTTCGGGTCTAAAGGTGTTTTCAGTGAGCT,................((((.....)))).,0.0
CGGTATTTAGGTTGCCCTGTCGAGCTGAGT,((((...((((....))))....))))...,0.0
CGATGGGGGTAATAGATTGGGCTATCTTAA,.(((((...............)))))....,0.0
AGTTGTTTCGACATCATCTAGCTTAAAAAT,.((((...))))..................,0.0
TGAGGAATGTTCGGATAAAGTAAGACTGTA,((((.....)))).................,0.0
GGACGAATATTGTCAATCTCATATTATTTA,.(((((...)))))................,0.0
CCAATAAGTTAGATTAGTGTTTAAGTAATG,......(.((((((....)))))).)....,0.0
TTGTTGGGTAATACACCATAGGCGTACGTG,....(((........)))............,0.0
CCAGGAAGGTTTATATTTTAGAAGGTGATA,..............................,0.0
TTTATGTGTTGGTCTTATTCTAGGGAAGCA,......((((..(((......)))..)))),0.0
GACTAGCTTGGTTCCGAAATTTCTTCTACT,(((((...))))).................,0.0
ATAATTTCGAACTCGCATATGAGCAGGTAC,..........(((.((......)).)))..,0.0
CAAACGCATATTCGGGGCGATGAGTCGTCC,..............((((((....)))))),0.0
TATGGTGAGTTTGTAGGATCGTGGTTGCCC,...(((((.(.((......)).).))))).,0.0
GTTTCCGTTGAGATATATTGACATTGATTA,......(((((......)))))........,0.0
GGACATTATTATTGGACACTATGCGTTCAT,............(((((.......))))).,0.0
CATCGTGCCAACTGGGGTGATTTTGATGGA,(((((((((......))))....)))))..,0.0
AGAAGATTAACCTTACTACTTATAACCACC,..............................,0.0
GTTCGGGGTTTGACAGTTTGGGATATTGCT,((((.(((........))).))))......,0.0
GGGTTATTGATGAATACTGGTCTAACAGGT,................(((......)))..,0.0
AGGCCTTTAAGGAAAGACACCAGGTGTAAT,(.((((....((.......)))))).)...,0.0
CGAAGGCGGTTCCGGGGCATCGTTGGACTT,.......(((.((((.(...).))))))).,0.0
ACAGTTTCAACACGGTCATCCTCTTTATAC,.............((....)).........,0.0
TAGATTATCTATCATACGCAGTTCTTCCAT,..(((.....))).................,0.0
GCTTGTAAACGATATGGATTATGATCTGGT,..((((((.(......).))))))......,0.0
GATCCGATGTTCTCAGGAGGTCAAAGTAAT,.....(((.(((...))).)))........,0.0
GAGTAAATAATGCACTTATTGTCTAACGTA,.((..(((((.....)))))..))......,0.0
CAGTTTCACACCGTGCGATTGGAGGCTGAT,(((((((.((.........)))))))))..,0.0
GGAATTTCCTATCATTGTTTGGGGGTTTCT,((((.((((((........)))))).)))),0.0
GATGGACAGGGTGGGGGTTGGTTTACGACA,................((((.....)))).,0.0
AACGTGGACGCGGTTAGATACAATTAACAG,..(((....)))((((........))))..,0.0
CTATGAAAACGCCTATGAGCAGAATGATAA,..........((......))..........,0.0
TGCGGGGGTTGGGTAGTTGCTTAGGTTTGT,....(((.((((((....)))))).)))..,0.0
TCACTTGGTTATATATTCTGTCAATATAGA,................(((((....))))),0.0
CCGTTATATGTAAGAGATCAGATGAGGAAA,.(.((((.((........)).)))).)...,0.0
ATGTTAGAATATTAATCTCTACTAATGTGT,........((((((........))))))..,0.0
ATGTGTATTACCTTGTAACTTCACCCTTCT,..(((..((((...))))...)))......,0.0
CAAAGCGTATAATTGGCGAGTCTCATTTCT,....((.........)).............,0.0
GGTTGAGAGTTTTTTGGCGTTAGGGATGGA,.(((((((...)))))))............,0.0
GGGTGCTCGTTATGGGTACGTGATAGTAGA,..((((((.....))))))...........,0.0
GGGGGTGGAGTAAAAGAACGGTAATGGACA,..............................,0.0
GGCATAATATACAGCAACGAATCACTACAT,..............................,0.0
GTTGTCGATAATACTCATATATCACATGAT,..(((.((((.........)))))))....,0.0
CGAATGTTGTGTGCGGATTTTGCTGTTATT,............((((......))))....,0.0
GTAAGTTGAATGGTCCCGTGTGAATAGCAG,..................(((.....))).,0.0
CTTATACTGATGCCTTTCGGAGATATCTAT,......((((......))))..........,0.0
ACCCCGAATTTTGATGGCTAGGACTTGGAA,...((((.(((((.....))))).))))..,0.0
CATATATGGTATTCCGGGCTTATGTAATCC,((((..(((....)))....))))......,0.0
GAGGGAGCAGATGAACTAACGTATGAATTT,..............................,0.0
TACTTTATGACAAAAAAATTGTGCTGTTTA,.........((((.....))))........,0.0
TATAGTTTAATTGGGGCATCTTACATGTCG,..............(((((.....))))).,0.0
TCAAGAATGTTCTTGTTTTCAATCCGTATT,.(((((....)))))...............,0.0
CATTTGGGTAAGGCGATGATTTAGTTCACT,................(((......)))..,0.0
TTGAACTTCTTATATATTAGTTGTCGAGGA,((((.(..((........))..)))))...,0.0
CACAGCTGATCGGTTATAATTATAGGGACC,...........((((...........)))),0.0
GTATACGTGCCATAATTTTGCATATCACCT,......((((.........)))).......,0.0
AGAGGATTTCACGTAAAACTTCTGCAAAGC,(((((.(((......)))))))).......,0.0
AGCTCTTGTAGCTAACCTATAGTGACAGTT,.....((((.((((.....)))).))))..,0.0
TCAAAACTGTTAGACGGGTGACGAGTCGCT,......((((...))))((((....)))).,0.0
GCGCTGATGGTTTTTGTTATTTCTAAATGT,..............................,0.0
AGCTTATTTGAGCATATTTCTAAAAGAGAT,.((((....))))..((((((...)))))),0.0
TACTGTTCGGTTTGGGTAAGCTGTGTTAAA,.......((((((....)))))).......,0.0
GTGTATATGTGGGACGATATCTACGGGGCA,.(((...(((((........)))))..))),0.0
GCTGGACTGATTTCTAGTCCGATAAAATGT,..(((((((.....))))))).........,0.0
CATTATCAATGGGGTTATAGTAGTTATTAT,..............................,0.0
GTTATTGCTTATTGTGGTTGTACGATTCAA,..........((((((....))))))....,0.0
TAAGGGGAGTGGTGACATGCCTATGGTAGG,....(((.(((....))).)))........,0.0
ATGCTTGAAATAGGTTTAACAAGTTCAATT,..(((((............)))))......,0.0
TGACAAGGCAAACATTTCGTTTTGCGTAAA,.....(.(((((........))))).)...,0.0
GGCTTAATTTGTGGTATGGGTTTGGAGTTA,((((((((((((...)))))))..))))).,0.0
AGGCGGCATTATTCTCTAGATGGTTTTTGC,..((((.((((((.....))))))..)))),0.0
CTCACAAACAAAGAGTTTATGTGTATTTAA,..(((((((.....)))..)))).......,0.0
GCATCACTCGGTTTCTGGGCGGAGCTTGGA,((.((.(((((...))))).)).)).....,0.0
ACCAAGCAAGCACAGGCAAGTGAATGTTGA,....((((..(((......)))..))))..,0.0
ATTAATAGTTCATGAAAATATACTGTCTCC,....(((((..((....))..)))))....,0.0
GGTTAGTGTTTTTGCAACTGTTAATTCTTC,...((((((....)).))))..........,0.0
GGTTGTGATTAAGTTTAAGTATCACGGTAA,..(((((((...........)))))))...,0.0
CGCTCTCTCTTTTTTTCTGGCATTCGGTAC,.(((..............))).........,0.0
CAGGTCGCAATACATCTAAACTTGGTCAAT,(((((..............)))))......,0.0
GGCGGCTGATTTTCCGAATTGGTACTAAGA,....((((((((...)))))))).......,0.0
GTTTTGGTATCTGAATCTCTCTTCGGATGT,.......((((((((......)))))))).,0.0
TATTCCTATTCCGGGCATAATGATCTATCT,(((.(((.....))).)))...........,0.0
TAACATACACAGATGATCTAATGGGTCAGT,.............((((((...))))))..,0.0
CACATCACGTTTTATAGCCGTGTAGGCGAA,................(((.....)))...,0.0
TATTGGTATTGTAAGTGCAGCAGGAGATTG,.....(((((...)))))............,0.0
CCAGATCCCCGGGGCTATTTTCTTGGAATA,........((((((......))))))....,0.0
GATACAACAAATTCTTCACTGACGGACAGA,..................(((.....))).,0.0
CGATAAAAGCTTAATCAGCATAATCGTGGA,((((....(((.....)))...))))....,0.0
ACATCACTATCCACGTGTCATGAATCTGTC,.((((((.......)))..)))........,0.0
GTAACTGGCCCCTTGTGTTCTCTTGAAATA,.................(((....)))...,0.0
CATATCTCAAGAATAGTATAGTAATTCTTC,........((((((.........)))))).,0.0
GCCATTCAATAACTCGCCAAGCATCGTAGA,..............................,0.0
CAGAGTAATAGCGGACATGAATGCGGGGCT,...(((....(((........)))...))),0.0
GAGACTTCCTCGTGCTCTTGTTTGCTTTAG,(((.....)))..((........)).....,0.0
TTGTATGGTTTAATTAACTTAAGCCGAAGA,......(((((((.....))))))).....,0.0
GGCTCATATCTCCAGTCGCATTATAGTCAT,((((.(((.............)))))))..,0.0
TAGAGTCACATAACTAATTAGTAATCATTT,..............................,0.0
TGACACATTTTTGTGGCTCCGTCAACTCTG,...((((....))))...............,0.0
CAATGTTTAGTGTTTTAATTACTTCATTTG,.((((...((((.......)))).))))..,0.0
GCTAAAATGTGCGAACTCAAGCGCTTTAAA,........((((........))))......,0.0
GGGGGGAGGCGATAAGTCAATTTAACAGGG,.......(((.....)))............,0.0
AGTAGATAGAGTTTCGTTTGGGAGTGATTG,.........(.((((....)))).).....,0.0
GCGGTACAACTTATGAGAAAATGTACTATA,..((((((.............))))))...,0.0
CATTGTATTTGTTATTTATCGGCGACGGCC,....................(((....))),0.0
AATGAGTCTAGTTGCACAGAAAACCCACCA,..........(((........)))......,0.0
ATTCTAAGAAGTTGCTGGTGAACAGTACAG,............(((((.....)))))...,0.0
CAGGCAGATTTTGGAGTTCTATTCTTTTAT,............(((((...))))).....,0.0
AGGTAGCGCTTATAGTCCATTTCACCTATA,((((...................))))...,0.0
GACAAACTGGTGATACATTCTTTGTGTTTT,...........((((((.....))))))..,0.0
GATAAGAATCAGTATCGCTTGCAATCTACT,((((........))))..............,0.0
CAAAGATGTGTTGGTTAAGAAGCTAACTTC,.........(((((((....)))))))...,0.0
GCTGATAAGATTATGCCTACTCCCGTGTGT,...........(((((........))))).,0.0
AGTACAGCAAAGCGCGGAGAAATTTAATAA,......((.....))...............,0.0
TTTACAGCTTCAGGGTGTCAATTGGTTTGG,...(((.((...)).)))............,0.0
CCAGTTGGTACGGAATTGTGATCTTTTTTT,.(((((.......)))))............,0.0
TGGAGCTATGTTATAGAGGTTGGGGGGCGT,....(((.(.(((.......))).))))..,0.0
GGGGTAATTTATTCTGATATAATTACTGTA,(.(((((((...........))))))).).,0.0
GGTGAGAATCGTAATCAAGCGGAGTAAACC,(((.....((((......)))).....))),0.0
TGCTGGAGAATGATATATGGCATCTAATCA,(((((............)))))........,0.0
ACGAAAATGTCTGCTTGGACTCGGCCATTA,.(((....((((....))))))).......,0.0
GGATTGCGTCTGTCAAGGGTTTGGTTAGGG,........((((.(((....)))..)))).,0.0
CCTTAAGGATCCGTCGCTTAGCTTTATCGA,..(((((((....)).))))).........,0.0
GAAATCTTCTATGTGTGATACATTCGATGA,....((.((.(((((...)))))..)).)),0.0
CGGAATAATTGTGATTTCTGATTTTCTATG,(((((..........)))))..........,0.0
TAGACCATTAACCTATTGTTATGCGTCACG,..((((((.(((.....)))))).)))...,0.0
ACTGATGACGTTCTTTGTTCTGGTACAGTA,((((((((((.....))))...)).)))).,0.0
