Sequences,Secondary structure,Scores
TAAAGTGCTAATGGTCGCTTTATCAGGACT,(((((((((...)).)))))))........,116.93185120093732
AAGGACCCTTTTGTAGTACGACGACGATAC,..........((((.((...)).))))...,115.8876215582894
GGAATTGGTAATAAGGTGTTGCCAATTAAT,..(((((((((((...)))))))))))...,105.31412126537785
GTATTAGTGGGATACTCAGGCCACTAGTGC,((((((((((..........)))))))))),102.12329818394846
GCCATATGTGCATTATACGGCTTGTATGGG,.((((((..((........))..)))))).,100.56413005272407
TCGATGTGAGATATGATTTCATATGAATAT,((.(((((((((...)))))))))))....,100.54175161101348
TTTCGTTATGTAATTTTACATAGGATCGGA,.(((((((((((....)))))))...)))),99.70797012302285
ATTGGTAATCTAATTAGCTTGTTTTGCCAG,..((((((..(((.....)))..)))))).,99.3052929115407
GGATTTTACAGGTTCGTGCCAATTAAATCT,((((((....(((....)))....)))))),99.29514059753956
AATGGTATTATGTTAATAATATATATTACT,...((((.(((((.......))))).)))),98.86813122437025
TCGATAGTACGATGGTTATGTTTGATAGGC,((((..((((....).)))..)))).....,98.13247510251904
GGAACTGTTACTGGTTCTGAATTGTATATC,((((((......))))))............,97.715410076157
GAACACGTTCGTTTATTCGGGCTTGTTGGG,.((((.(((((......))))).))))...,97.67760398359695
TTGGTGTTGTGCGGAGATCATGGATAATAT,...(((((((.((.......)).))))))),97.31497949619215
ATTTAGAATTATGTAATTTTAATCGTATGG,..((((((((....))))))))........,96.98072934973638
CCGATTCGAGGATATGGGATGTTCATATGT,((.......))((((((.....))))))..,96.92452841241945
TGTCACAGTAGTTATTTGTGTAGATATTCG,...(((((.......)))))..........,96.865988088264
GCCATCAAGTCATTATGACTTCTATTTGGT,((((..((((((...)))))).....)))),96.70390743995314
AATTTATCTATAATACTAATTAGTAGTATG,............((((((.....)))))).,96.6481956649092
TGAGGTATCATGCTTCGCGATAAAACTAAT,.((((((...))))))..............,96.62300527240774
TTGCACAGATAATATTTGTGTAGTCGGTCG,((((((((((...)))))))))).......,96.61584163249366
TGAGTTAATGAATAGTTTAGCTAGTACTTA,..((((((........))))))........,96.601309314587
ACCGATTAGAGTATATATCATTAGTATATT,.........(((((((.......))))))),96.56916813122437
ACAGAATAAGAATGTTCTATGTTTTTACCG,..((((((....))))))............,96.54723784417106
TGTTTTTTGTGAAATTGTTGTTTTAGTTTA,.........((((((....)))))).....,96.3611370293444
TACGGTAATCTAACTACCCTTTGTTTTCGC,...((((.......))))............,96.17125659050967
GTTATTAGTGTGTATACGGTCACTATGAAT,(((..(((((..........)))))..))),95.91351493848858
CCCATGCAGGGGTTAGTGGGATGTTGGTGT,(((((((....))..)))))..........,95.80607498535443
GCATTATACTTTATTCGCACTTATATGGGG,...............(.((......)).).,95.79822495606327
ATTTACATATTAATAGGCATGTGAAAGTAT,.(((((((..........))))))).....,95.75891622729935
AATGGTCAACTTAATCATGAATATTTAATG,.(((((.......)))))............,95.71864381956648
GGCTTGGGTACGAATGGAAATTTAAGTAAT,.((((((((..........))))))))...,95.7150380785003
TGGTCAGATCTTTTTTGTTTTTGTTAAATT,....((((.....)))).............,95.58038158385258
GGATTAATTTGTTTTTAGGTTTAAACTTTA,..........((((........))))....,95.51768786281089
TCATTAGTGTTCTGGCGAAAGGATAATGAT,((((...((((((......)))))))))).,95.48410661980083
ATGGGACTTCGTGGATACGCAGTAGCGACC,..(..(((.(((....))).)))..)....,95.44477738722905
TGTATGAGGTCTTGTTGGTTAAGATAGATT,........((((((.....)))))).....,95.34971880492091
ATGGGACTCAAGTGTAAGCGCGGGAGTGAC,.....((((..(((....)))..))))...,95.31929408318688
ATAGCACAGTTTTATTTGTTTATATTCTTG,((((.((((......)))))))).......,95.31619312634251
ACATTGGGACTTTGGATACGCGCAGTTAAT,.......((((.((......)).))))...,95.18982718219098
CCCAGTCTTGTTTCTCTGGAACGGGAGTTT,...(.(((((((((...))))))))).)..,95.17441124780316
TCGATACTACAGGGATAACTTTACTGAGAC,......((.(((...........)))))..,95.17125659050967
TTTGGTTAAGTTATTTTATTGGATTATAAT,..(((((.(((......))).)))))....,95.13462507322788
TCCGACTTGGATGATATGTTTTCTTCATTG,.........(((((..........))))).,95.12558289396603
TGCATGAGGTGCTGAGAATGGATAAGAAAT,.((((...))))..................,95.10103690685412
GTTGGTGTGTTTCTAGGGCCCGACTAGTTC,(((((.((.((...)).)))))))......,95.05311657879321
GTTGATTGTTGTAATTTTGTATAGGGTCTG,...(((..(((((......))))).)))..,95.01130931458701
TAAGTAGTGCTATATGTGTATTAGTATTTG,..(.((((((.......)))))).).....,94.89145186487013
AGGTGTTACACGCCAATGCGAATTAGAACT,.(((((...)))))................,94.85331282952548
TATGTAATACAGTCAGATTTGTGTACATAT,((((((.(((((......))))))))))).,94.78289884788128
TTCACAGTATTAAGTTGATTAATAACATTA,.......((((((.....))))))......,94.71566198008202
ACGTATAGCATGGGATATAGCTTTTGAGAA,......(((..........)))........,94.58203573520797
AATTCAAACAGACATTAACTTGTTTGGTTT,........((((((......))))))....,94.52628588166374
CGGTAAATATGTTATTATTGTTTGCAAATT,..(((((((.........))))))).....,94.50480508068381
GAAAGTTCGTAATTAGTATTGGTAATTTTT,(((((((..((((....))))..))))))),94.42371118922087
GACATACGAAAATTTTATTTCTTGAATGGA,..(((.(((.((......)).))).)))..,94.24298183948447
TTTGTACTTTAGTATTTTATATGCGTAGGA,......(((..((((.....))))..))).,94.16075278265964
AAGATAGAGTAAATATTTAATTAATGTTTA,.........((((((((.....)))))))),94.14749560632688
AGATTTGACTGGTTTCTATTCTTTAATTCT,(((.((((..(((....)))..)))).))),93.90088166373755
GCTAGAAAGATGATTTATTGTCATAGTTTT,...((((..(((((.....)))))..)))),93.80137082601054
CTTATAGGAAATGGTCTAATGTTTATATGT,....((((......))))............,93.78838312829525
CTGGTCGATAGATTTTTATAACTGAGACTT,..((((..(((..........))).)))).,93.74224077328647
TACTTGGTTGTTACTTACACCTTTGTATTC,(((..((.(((.....))).))..)))...,93.71888400702989
TAGGGATATCTTAATGGTTATTATTTCCTG,((((((..................)))))),93.6687316930287
AAGGCGACAATTAGTCTTAATGTTTGTATG,(((((........)))))............,93.61367896895138
TTAGGTTACGTGGACTCGCAGTTAAGCGCA,...(.(((..((......))..))).)...,93.52034856473345
TGATGGGTGCGAGAGGTTGTGGGTGAGATT,........((((....))))..........,93.50353544229642
TTAAGTATATTTCTACTAGTAAAAATCCTG,...((((......)))).............,93.48478910369067
AAATAATCATGTAATTTACAGGTATATTTT,((((((((.((((...))))))).))))).,93.4686438195665
AGTTTACAGTTAATGTGCCTATTATATTTC,....((((.....)))).............,93.409258933802
TGAATGTAACTATACGAGCCTTTGTTTCGT,.............(((((.......))))),93.40306678383128
GACATAGGTCAGAATCCGGTGTATGGATAG,(((....)))...(((((.....)))))..,93.39763913298184
ATCGAACTACTATGGGAGAAGTCCTGAGAT,.........((..((((....)))).))..,93.35754833040423
TGCATGAGTGCTTTTTAATTGATAACGCAT,(((((.(((........))).))...))).,93.33683069712947
GGAAAGCTAGTACTCAATACTAGAAGTCTC,(((...((((((.....))))))...))).,93.3329437609842
TCTGATACTGTTAGGAATCAACTGGACTGA,..((((.((....)).))))..........,93.29738429994143
CAGGAGGTGTTAGAATACATTGAGATCAAT,.....(((.(((........))).)))...,93.1991036906854
GTGGTACCCTTTGTAGTAATACAATCCGAC,..........(((((....)))))......,93.15340949033391
ACAGAATATGGTTGGGTTAATTGAGACTGA,............(.((((......)))).),92.96791739894552
GACCATAGTAGCTTTATACTGGCGTTGATT,((((.(((((......)))))).)))....,92.96155243116579
TCATGGGTCGATGAGGGTCACAGTGAGAAG,((((..((.(((....))))).))))....,92.92017281780902
TGTATGTTGAGGAATTTTTACATGTATCGG,..(((((.(((....))).)))))......,92.91236379613358
GGGGTAATAGAGGGTCTACAGTACTGAAAC,..((((.((((...))))...)))).....,92.79714997070884
TGTCTACGGTATATTCTTTTGTGTAGGGAG,(.((((((.............)))))).).,92.79434192540519
TCCACATCAAGTACTTATTGTCGTGGTCTT,.((((..(((.......)))..))))....,92.74964264792033
GGAATTAAATGCTTATGTTTTTCTTCTTGC,((((..(((.((....)))))..))))...,92.71308728763914
AAACTTATATTTGATCACGCAAGTTTAATG,....(((.(((((......))))).)))..,92.71293204452256
TCGTAGGCGATAGAGTTAACTGATGATCTT,..((.(((......))).))..........,92.7013503222027
TTTGTATGTCATTTATACATGATCTGTAAA,..((((((.....))))))...........,92.69461335676625
TCATGATGTACTTCGAATTGGAAGATTCAT,..((((.((.((((......)))))))))),92.68674282366726
GATCAGACTTGTCTTCCTAACGGGAGTAAT,........(((.(((((....)))))))).,92.63100175746925
ATTTGTTAATGTGAGCAGGAATAAATAAAG,(((((((..((....))..)))))))....,92.60074692442882
GTATTGGTTGGATCCTGAATTTATTTGTGC,.....((......))...............,92.57818980667838
GAGGTAGATTTGTTTGCCTATTCTAATCTT,.(((((((....)))))))...........,92.5759559567556
AAGGTTACACATTTTTATGTACGGAGATGA,.........(((((((......))))))).,92.5315582893966
CGTGTATGTTGATTTTAACTTATGGTTTAT,...(((.((((....)))).))).......,92.48246924428821
AAGATGTTCGTGGACTAGCAGTAGCAGGCA,....((((..((......))..))))....,92.45778265963679
CCCTGTGTCTAATTGACATGGTTTCAAGTT,..(((((((.....))))))).........,92.45003222026948
TGTCAATAGAGAGTTGTTTGTGTATTATAT,.....(((.(((....))).))).......,92.30931946885374
TTCGTTAGAGTGTAATTTTTCTGGAGCTAT,..(.((((((........)))))).)....,92.26579086115993
TTCTTACTAGCCGATTTGTTTCGTTCTATA,.......(((.(((......)))..)))..,92.24229935559461
ATTCGCAGTAGTGTTATTATCTGTATTTAG,....((((((((...)))).))))......,92.23312341339583
CGAGGTACTTCGCAGGTAAAAATAACTCGT,((((.....................)))).,92.20736379613356
AGAAGCAATGTACTCATTAAAAGATGTTTA,......((((....))))............,92.17301405975395
ATGCTGGGTTATTTAATTCGTTGTTTTTGA,....((((((....))))))..........,92.15587287639133
GCTAGATTAAATACTTATGTCTTCGTCCTT,...((((...........))))........,92.14923257176332
GCCTTCTAGAAGCCAATTTGTTTCGTATTT,........(((((......)))))......,92.1294698301113
GCTAGAGTGAAAGTATGTCTATCTGCTCTC,...(((((((.((.....)).)).))))).,92.10974809607498
TAAAAATAGTCTACAATTTGTGTAATTTCG,...........((((.....))))......,92.08450009763718
TTTGAATGAACTTCAAATGTTTGACAGTAT,.........(((((((....)))).)))..,92.01259812536614
AATATGAAATAGTGTATTTATGCATTTTTT,......(((.((((((....)))))).))),92.00846807264206
TTCATATAACGGAATATAATGCAGTGTTAA,............(((((......)))))..,91.97736965436438
GGGTTTTCCTGGCATGCCAGATGAAGTTCT,(((.((((((((....))))..)))).))),91.95758933801991
GGGTCTATTTGTTTCTAGTTGTTGAAGATT,...........((((........))))...,91.94093971347927
CGGTTTAATTCTTGATGTCTTTGTTGCATT,.............(((((.......))))),91.93734036321031
AGTATGGGTGATTTTAGTCAATATTTATTG,((((....((((....)))).....)))).,91.91955184534271
ACCTATAAGGTATGAATGGCTAACTACTCA,((((...)))).(((.(((....))).))),91.86399238429993
TATTAATAGGCTATTGGTTTCTTTTTATTC,.(((((((...)))))))............,91.8589367311072
ACAGTTTGGTTCTATATGTAGTATATGTAC,............(((((((...))))))).,91.84121851200938
GTTTAGGTAACTGAAATGTTTCTTCTATAT,.(((((....)))))...............,91.83603104862331
AATTCTCGAATGAATATCTTATATCATATT,.((((......))))...............,91.82269478617458
GTTCAACGGTATAGATTTATCGCTGTATTA,...((.(((((......))))).)).....,91.81230521382543
GCGTTTTGTTTATACGATGTAAGAAAACTT,..(((((.((((((...)))))))))))..,91.77861878894392
GTATTCTAATGGTTCTTTCGAATTCCAATT,.........((((((....)))..)))...,91.77276215582894
TGTGTTGTAGCTGATTTGTGTCATACAATC,...((((((..((((....)))))))))).,91.75466022261277
CTAAATTGAATAGTCTTAGGTTTTTCATAT,......((((.............))))...,91.71261862917399
GGAATTTGTGGTTTCTAGCTATTGATTGTT,..((((.((((((...)))))).))))...,91.62363662991959
TAGGCGATAGATTTAGAGGCTAATCTCTCT,.....((.(((((........))))).)).,91.58406854130052
AAATTAGGTTCGTGTCATGATCAAAATTCT,.((((..(.((((...)))).)..))))..,91.57809314586996
TTCTTAGTTAGATTAGGTCTGGCTTCTGTA,.....((((((((...))))))))......,91.57750732278852
CGAGGGACATACTTCGCATTCAGAAGTAAG,.........((((((.......))))))..,91.55920913884007
GGTGGATACTGACTCTGTGTTCGTAGGCTA,...((((((.......))))))........,91.55333040421793
GGGCTAAGATTTATTTTATGCTGTTGATTT,.((((((((....))))).)))........,91.55111705810299
AGGTTTTGTTCTTTAAAGTACTAGAATATT,......((((((..........))))))..,91.55104249880173
AAGATAACTACGTAATACCTATGTAATTTT,........((((((.....)))))).....,91.52505858230813
GGATTAGTGAAAGGGTACTCAGGGGCCAGG,((.....(((........)))....))...,91.52154071470416
CAATCAACGGTACCTACCTTTATTGTAGTA,((((.((.(((....))))).)))).....,91.50937609841829
TTTCTGGTGGCTGAAATGGAAAAAGAAAGT,(((((.....(......).....)))))..,91.49605741066198
ACAGATAATGAATGCGCTAAGTCGTACTCA,........(((.((((......)))).))),91.49111599297012
TTGGCGGAATGAAATGTTTGTGACAGTTCC,.....(((((....((((...))))))))),91.48354130052724
TTCAAATTAAATGTTATTGTATTGCATTCG,.........(((((.........)))))..,91.46130150361257
TGGCTACAACTACAACTTTGGGGGTATACA,((..(((..(((......)))..)))..)),91.42529876977153
GCGTTGGCGATACCAGTCGATTATAATTTT,..((((((.......)))))).........,91.42079964850615
GAGCGTTTCAAGGATATCGATGTTGCAATT,.((((((...........))))))......,91.4000410076157
TAGAAACTTACATTTGATGCGTGAGGCTAC,......(((((.........))))).....,91.38174282366725
AATGGTCGCTTATCTGCTTTTTTGATCATG,.((((((((......))......)))))).,91.37201230228472
TGAGGTATCGAATTTCACAATGAATCGAGC,.......((((..((((...))))))))..,91.35118336262448
ATGCAATTAGTCACTGGAAAGTTTTGACAG,.........((((((....)))...)))..,91.25911247803162
GATACTGTTTCCTATACACATGGGAGTTAC,........(((((((....)))))))....,91.16969537199766
GGTTCTACGTTTATGTTGAATGAATGGCTT,.......(((((((.....)))))))....,91.15140464397933
TGTAGAGGTTTATTTGTAGGTAAGATTCCG,....(((.((((((....)))))).)))..,91.14556239015816
AAATAAACGTACTTTACCGTTTTGTTATTT,....(((((........)))))........,91.11330111306384
TTTTTCCAATGCCGCTTTTGTTTTGGTTTA,.....((((.((.......)).))))....,91.08670474516695
AATTCATCATCCATTCAAAATATTCGGATT,........((((.............)))).,91.06928529584066
AAACTTACTGTAATTGATATCGGTTATTTT,.........(((((((....)))))))...,91.05563854715876
GGAGAGCGTACGATACAGTCGTAGGAGTCT,..(((.(.((((((...)))))).)..))),91.03833333333333
CTCATTGTGGGAGTTACTAACGCTATTAGC,......(((..((...))..))).......,91.00953134153485
TGCTAGTGCAATGGAAATCGTTTGACAGTT,.(((.((..((((.....))))..))))).,90.87399238429994
TGACAAAGTAAGTATCTGCTCTTTTAGTTG,......((((......))))..........,90.87047744581136
CGTTATGATTTTACTTAGTATCGAGATATG,.(((.((((..........)))).)))...,90.84792325717632
ACCAGAGTAAAAAGTAATCTATTCATTCAT,....(((((..........)))))......,90.79691857059169
TGGATTCTTATCAATCGTGATTAAACTAAC,..((((......))))..............,90.79260105448154
GCTATTTATCAATATAAGGCGTATCGGGGA,(((..((((....)))))))..........,90.78838312829525
GTTAAATAGATGCAATACGGGTAGTTTGGG,.((((((..((.(.....).)).)))))).,90.77918570591682
AGATTGATATGTTGGTGCACTACTAGATCT,(((((....(((....)))......))))),90.73403925014645
GATCCATAGTTAGTCAAACATATAAGGATT,(((((((((((.....))).)))..))))),90.71925600468659
AGAGGGTATCCGCTCCTTTGGATAACACAT,......((((((......))))))......,90.71076157000586
CATCGTAATATGTATGTGAAAAGGATCGCA,..............(((((......))))),90.67826889279438
AGCAAGTATAAGGTATATGGTTTGACTTTT,...((((.((((........))))))))..,90.67744874048037
TTTTATGGAAGCCGACTGTTTCTTCATATC,......((((((.....)))))).......,90.63814001171647
TGTCGTTGTGTGATTTTGCATGAGTTACGG,........((((((((.....)))))))).,90.61248096074985
CATCAAAATACAAGTAACTGTAATACGTTG,........((((......))))........,90.57500585823081
CAATGGAAATGGTAAAAGTTTTTTGCAGTA,...........((((((...))))))....,90.57293790275337
TAGGCACTGCAATTTAATCGCCGCGTGGTG,....((((((..............)))))),90.56551552431165
ATTGTACTGATATTAACCGTCTATAGTATT,........(((((((........))))))),90.5488107791447
TCGTTTATGCTGGAACAGTTATATGATCTA,((((....((((...))))...))))....,90.52765377855887
GGTTCAGTCCATTTTTTATGTGGAAGAGTT,.......(((((.......)))))......,90.52272594131118
ATGACGTATTTCATGGATCACGCCGGTGAC,((((......))))...((((....)))).,90.51372876391329
CGAATGGAGTTGGTACCTATTTATATAGCA,.((((((.((....))))))))........,90.49531634446397
GGATTATGGTAGACTGTACGCCACAGAGTC,((..(((((....)))))..))........,90.4460281195079
GTCAGAGTACATGGTCTCGTTAAAATTAAC,....(((........)))............,90.404258933802
AGTAGGCGATTCAGTACTAATTTGATTCTG,.......((.((((.......)))).))..,90.36655243116579
GTATCTGTGGAATCTCGTTTGCCACTAATG,......((((((......)).)))).....,90.36366139425894
TGCATGCGGTACTAATTATCGAGAAGCTCT,.((...(((((.....)))))....))...,90.33431165787933
ATCATGATATGTTCTAGGTTGTGAATGATT,.(((((((.........)))))))......,90.3174109282633
CCGACTAGTGTTAGGGGATTGATCATCTAT,(((((....))).))((((.....))))..,90.30853544229643
TGCAGTTGCGGGGCTTCATGGATTAGAATT,((.((((....)))).))............,90.30009958992385
AAAGGTCAGGTTATGAAATATATTATATGA,.....(((.....)))..............,90.25382249560633
GATCATGTATTTGACTTTCTAACAATATTG,..(((......)))................,90.25241359109549
TAGACAATGGAGTTGATACCGAGAAGGTAA,................((((.....)))).,90.21993848857645
CGGTTTATTCGTTTTGTCATTTAAGGATAT,.....(((((..............))))).,90.18638360760504
GGCGAGGAAAGGAAAATTTTTTGAAAGGTT,..(((((((.......))))))).......,90.11500000000001
TGTAGTTGCTTGTTGAGTATTTTTATAACG,(((((.(((((...)))))...)))))...,90.1081999254407
GGGATGTTACTAGGATACGCAATAACGACT,(.(.((((.....))))).)..........,90.04032513181019
ATGTGAAAACTACGTAGTAATGTTATTTCT,....((((...((((....))))..)))).,90.00971001757469
AGATTCTAATTTGTTTCGTAGGATGAATTT,..((((((..........))))))......,90.00351626990467
CTAATAAACTGAGTTAACTTGAATTGAGTA,.......(((.((((......)))).))).,89.99566783831283
AGGTGATAAATATAATAATACCATGTATTC,.((((.((.......)).))))........,89.97256883421207
GTCAACGTAATAATGAATGGTTGGTCAAGG,((((((.............))))).)....,89.9396309314587
ACGTATGTGATTCTATTTACTGATCATCTT,......(((((.(........))))))...,89.8964294083187
GGAGTATACATGGAGGTGACCATTAAAGTG,.........((((......)))).......,89.89379320445225
AAAGGCAATAGTATGCTCCAGTTTCTTAAT,...((((......)))).............,89.86174868189806
CAGGTCAACTTTGTCCTGAACGTATCTAAT,((((.((....)).))))............,89.82056239015817
GTAATCTCATCATCATGCAGTATTCTGCTC,................((((....))))..,89.76864089045108
ACAAGTTGGCAGTAGACTATTTAGTTGTCT,.......(((((((((...)))).))))).,89.75142647920327
ACTTGTGATCTAAGTATGAGTATTTCAAGG,.((((.(((((.......)).))).)))).,89.73066783831283
TAGAGGTGGTGAATATGGCTTACGAATCAT,...((((.((....)).)))).........,89.70256004686584
ATAGTTCTACATTGTGGTTTCACAATACTT,..........((((((....))))))....,89.70018062878344
CAATTACTAGGGTTCTACTTTTAGTGAGGA,...(((((((((......)))))))))...,89.68658758055068
AAGTTGGGATCCATTCAAAACATTTGCATA,..(((..((.....))..))).........,89.65809607498535
TTGGATATGTAGAATGTTTCACTAGGCCGA,((((....((.(((...)))))....)))),89.63304335090803
TGTCTACTTTGGTATTTATGCAGGTAGTGG,...((((((..(((....)))))))))...,89.62091876586604
TGTTGTAGTGAGTTATGTGTGATAGGTTGA,.........((.((((.....)))).))..,89.61884885764499
ATTAAGTAGTTGATTACCGCAAGTAATTTT,...........((((((.....))))))..,89.61539250146456
TCCGGACTAGCGCTCTGCGATAAAACTGTT,..(((.....(((...)))......)))..,89.5398769771529
GACTATATAGTGCGTTAACATGCTTACGGG,...........((((....)))).......,89.53448740480374
GATATAACGTTAGTGAGCTATGTTATTTTC,...(((((((.((....)))))))))....,89.51597832454598
GATGAGGCTAGTGTCTCCACAAGAGTAGTA,...(((((....))))).............,89.50127123608671
AAAGACAAAGTATATTTGCGCAGTTATTTT,...(((...(((....)))...))).....,89.49505272407734
CAACAGCAGGTATATGAACTTTATTGTGGA,..((((.((((......))))..))))...,89.45061804335091
CGTCCATGATCATTATTATATTCAGTCATC,.....(((((..............))))).,89.44120679554774
AAGAGGACGATTTTGTGTAGGACCTAGATA,...(((.(............).))).....,89.41849443468072
TTATTTGATATCAACCTCGAAAAACCTAAT,...(((((........))))).........,89.41755711775043
CAGTTCAACGTACAAACCTTTAGGTTTTTA,.............(((((....)))))...,89.38207674282367
GCTCTATCAGATACTTGTTTCTTGGTAACC,....(((((((........)).)))))...,89.37371997656707
TTCTAGCACTTTTTGTTTCGTGGATCATAT,.((((..((.....))....))))......,89.37065319273579
TGATAAGTGAAGATGTGGTATGGTTTGACT,.....(((..((((........)))).))),89.3373784417106
GATGTTGGGCGAATAAGGTAACTGATTGTT,.......(((((...((....))..))))),89.3241388400703
TGTATTATTCAGATTTGTGCTTGATCTAAA,..........(((((.......)))))...,89.30597832454599
ATCAGGCTATAGGTGTTAACTGACAATGTT,.((((..............)))).......,89.2975424721734
GAACGGGAATACCTTACATGTGTTGTAGTA,....((.....))(((((.....)))))..,89.28740773286468
AATGGTGAATTCACATGTTCTAATTAGTGA,....(((....)))................,89.24978031634447
GCTGATAAAATGCAATTGGTCTGACAGTTT,((.........))(((((......))))).,89.23526947861745
GCTGAGTAACGTAATAGTGATTATTTGATT,...((((((((......)).))))))....,89.20366139425893
TCTAGACGCGATACGACGTATCTATGTTTT,..((((.(((......))).))))......,89.19543350908026
TTGCTGAGTCGCTGCTAAAGGCTAAGATAC,...((.((((.........)))).))....,89.19014059753954
CATAGTCATATAGTATTTGAGCTTTATTTG,.......(((.(((......))).)))...,89.14616578793205
GAGGAATCATGTCGCTATAATGACCGTATA,..((..((((.........)))))).....,89.10882835383714
GGTTATTAGTTGGTGTTCTTTCTAGTATAC,(..((((((..((....))..))))))..),89.09060393034031
GGCCCGACTATTTTTTCATTTGGAAGTATA,........(((((((......)))))))..,89.07386829631997
TGCAAAGTGCCATGTTAATGTTTGGATAGA,.........(((..........))).....,89.06936438195666
AAGGAAGCATCGATTAACTGATCGACTCGT,.........((((((....)))))).....,89.05729642647921
TAACCATAATGTGCGTTAAATTTCAGGACT,(((((((...))).))))............,88.99875219683656
AATCCGTCTTGTCTACCCTGCTGGATTAAA,((((((.(...........).))))))...,88.94362624487405
AATGTTTAATACTTAAGTCATGATATGGGA,.((((((((...))))).))).........,88.9341827768014
AGACAGTAGTCTCTCAATCCTAAAAGACTG,......((((((............)))))),88.91654071470415
ATCAACATGGTTTACCTGAAGAGAGTAATT,...........((((((....)).))))..,88.89233743409491
GGTCTATTTTTGTCAGCATGATTGAATCTA,.......(((.((((...)))).)))....,88.82455264419237
GCGTTATAAACCTTGTTATGTCTAGTCCTA,((((.((((...)))).)))).........,88.78461628588167
GGACAGCGAGTTCTCTATAGAGGTCTGAAT,.......((.((((....)))).)).....,88.66580843585237
CGTCAGTATACGTTCTAACGGAGGAGTAAT,(((.((........)).)))..........,88.65595782073814
TGAATGAGAATGTGATATGTGAGTCATTTT,...........(((((......)))))...,88.63629466900996
TTTGTACGAAGCATTTCGCTCCGTTTTATA,.....(((.(((.....))).)))......,88.60515817223198
ATTCACCTTAACGTACCTTAATTTGTATTA,............((((........))))..,88.58711482132396
GAACTAGACTTGTTTCCTTTCGTAATTAAA,((((.......))))...............,88.58100175746925
AGTCTCAGCTGTTCAAATTAGATCGGATTG,(((((...(((.......)))...))))).,88.5274575278266
GAGACTATTTATCTCACATATTGAAGTTTG,((((.......))))...............,88.49551712201097
ATCGTGTTATGTAGTTTCAAGGTTCGGTCA,((((.....((......)).....))))..,88.48260398359696
ACAAGTTAATAAACTCTTGCTATTCGTCTT,.((((..........))))...........,88.41900410076157
CCATAACGGACATGCTTTTATGAAGTTCCA,.......(((...(((((...)))))))).,88.39742530755711
ATTGTATCAAAATGATGAACTTTTTACATG,....(((((...))))).............,88.36140890451084
CTGCAAAAGAATCGGAAATTGTTTTACATT,.((.((((.(((.....))).)))).))..,88.3522583479789
AGGCACAATTAAAGCATGGTGTTAGCTCCA,.(((((............))))).......,88.34009080257762
TACCTCGGATAATGAGTTGATTGAGATCTG,...(((((.(((....))).))))).....,88.32876684241359
TAAGTCTAGTGATAGTGTTTCATAACGTTA,........((((.......)))).......,88.25575278265964
CAAAATCGGTACGGGTATTTGCATTGTATA,........((((((((....)).)))))).,88.24657586408904
ATCATCAGCTGCGGTCTAATTGTATAGAGT,.........((((((...))))))......,88.23373462214411
GCTATTCATTAAACGCATTAGGCTTCCCTC,..............((.....)).......,88.19182190978324
AAAGATATATGCAATCTTGCGTTTTCTTTT,(((((...(((((....)))))..))))).,88.11789982425307
GATGGTTAGTAATATCCGACATGTAATCTT,...((.((....)).)).............,88.11222905682484
TGTGAACGTTAGTGATGTAAATTTGGAATG,.....(((((...)))))............,88.06567076742823
GTAGTATATTTGCATCTGAGTTGTTATGGT,((((.....)))).................,88.04985487564574
GGGTCGATTTTTATAGATTGGATAGGTCGT,...(((((((....))))))).........,88.02721547638068
CGTAGATATACTTGTGATCGTTTCATCCGT,.(((....)))..((((.....))))....,88.01361452841242
GATGTTCATTAATCGTAGAAATTAAAACTT,(((........)))................,88.0117603983597
TGGTACGCGTGGATTTATCAGATAAATGTT,......((((..((((...))))..)))).,88.01095782073814
TATAAAGTTGGATGTCTACTGGCGAAAAAT,.............(((....))).......,87.99947568834213
GACTCTATTTGTCAAGGGTTGCTAAAGAAG,((((((........))))))..........,87.89914389945145
AGTTTACTAGTATATATCTATGAACATTGC,.(((((.(((.......)))))))).....,87.88428529584066
CTATCAAGCGACGTACCGTTTTCTAATGGA,...............(((((....))))).,87.86549794961923
TAGACACTCAGACTTGATCCGCGTAGGCTA,....................((....))..,87.85514645577035
AATAGGGTATTGGAATCATTAACGTTAATG,................(((((....))))),87.80395430579965
ACAGGTAATATCCGAATAAGCTCCGTCTCT,...((......)).................,87.78607791446983
AGGATAAAACGGTAAACATACTGTGATTAA,........((((((....))))))......,87.77971587580551
CATTATCTGCATTCCAATTACTGGGAAGTT,........((.(((((.....))))).)).,87.74585237258349
TATGGTGCAAGTAGTAATCATGAGTTACAG,((((((((.....)).))))))........,87.72772407732865
CGCTCCCGAGTAGTTATTTTGACAAAATAG,............((((...)))).......,87.67215875805508
ACACACAAATGTGTATGAGGAGTTAATTCT,(((((....)))))...((((.....)))),87.67006736965436
AGCGCGTTTAAAAGGCATTGTATGACAGTT,...((.((...)).))(((((...))))).,87.6676654950205
GGATTCTACAGATACTGATGGCCATTTAAG,((...((((((...))).))))).......,87.65981546572935
TAAAAGCATAGTCATTATGCCCTGTTTTTT,.....(((((.....)))))..........,87.59959285295841
AGTCATGTACGTGGTTATTAGTTCGATATG,...(((((.((.(.(....).).))))))),87.58973345049796
AATAGACAAATGTGATATTGACACAATTGC,......(((.((((.......)))).))).,87.56810486233158
GGCTATGCAATAATCCTGTGAGGTACAGGT,..............((((((...)))))).,87.53960456942004
AATTGATTCTAGATCTGACATATTTAATGC,....((((...))))...............,87.50227006444054
CAGTACAATGGATCACAAGTAGTACGGTCA,..((((..((.....))....)))).....,87.47641183362624
TTCCGGTATTCTGTTATCTAGTAGTTGATT,....((((......))))............,87.4409769931299
CAAATGTATAAATGGGGGTTTTTCTAAGTG,............(((((....)))))....,87.40076645186487
GCTTGAAAATACTCTATATTGTTCACCTTA,...((((((((.....)))).)))).....,87.36282366725248
ATCGACATCTTAATGACATGCGTATTTAAT,.........((((..((....))..)))).,87.32595196250732
AAGTGTAACTAGCCTAATAACTAGTGACTG,....((.(((((........))))).))..,87.25101054481547
AGGCTACAATACCACTGCTATTCAGATACA,.(((............)))...........,87.2425805506737
GAGTAAGTGTAGTTCCAAAGCGGTAGTAGT,.........((.(.((.....)).).))..,87.24134153485647
TATCGTGGCGATACACAGTCTGACTTCTGC,(((((...)))))..(((........))).,87.13442882249561
AACTAAAGTACGTGGTTCGTGAGTAATTTA,........((((.....)))).........,87.06624194493263
TCAGTTCGATATGGTAACTTAATAGGAGAA,..(((((......).))))...........,87.04505272407732
AAAATAAGGCATTCGTGAATATGTCGTTTT,.......(((((........))))).....,87.01931751611014
TTCGGTCTGTAACTTACATATCAAGTGGGA,............(((((.......))))).,87.00756004686585
ATCAACGGTCCGGCGCTTTATATGTATCCA,...........((.((.......))..)).,86.96948154657294
ACACATAAACGTAATACATTTGTGAAGGAT,...((((((.((...)).))))))......,86.93976274165202
GGGTCTTTGTTTAACGAATCTATCTGAATT,((((.(((((...)))))...)))).....,86.88513740214091
TTTAACCTTCTAATTATATATCAGGATTGG,.........((((((.........)))))),86.85735500878735
GGGAATAGTGTTTAGTTCTTCGGAAGAGTT,.(((((........)))))...........,86.84797491612079
AGATGGTCACATAGTAAGGATAATTAATTG,..(((....)))..................,86.73583772700644
GAATCAACGATGGCTTCGATTCATAGTGTA,(((((............)))))........,86.67791739894552
AAGATCAGGAACATACGTAATTCTGAAATT,....((((((((....))..))))))....,86.6556971294669
AGGCTGACAACTCTGCAACTCTAGTTAAAG,..((.((....)).))..............,86.62585530169889
TGCGTATGCTATCGAATTTGGATGACTTTT,.((....))((((.......))))......,86.6128324545987
TAGATATCAAAGTATTACGCGTGGATTTCT,.(((.(((...((.....))...))).))),86.55112770943175
AAAATCAACGGAACACCTTAGTATGGACGT,.......(((...((........))..))),86.516640304628
AATGATTATGTATAATAGCGGGTCTTTTTT,...(((..(((......))).)))......,86.4476596367897
ATTTAAATTGGCCCGCTATGCAAGCAGAGA,..............(((.....))).....,86.44664323374342
TGTCCAGTGCTTTTGGGTACAATCTATTCG,......(((((....)))))..........,86.4418912321812
ATCTTACGCGGACAATTTTTAGCTTGTATA,...........((((........))))...,86.39912419449325
TAAGGCCTAGGTAGTGTGACTGGTGATATT,....(((.((.........)))))......,86.35829232571763
CAAGCTAAACTAACTTGTTCTAACCCAGCT,..((((....................)))),86.33601054481547
TAGCGTTACACCGAGATTTTACAAAGCGGA,..........(((.............))).,86.29361745752783
ACTATGTCAGTTATGGGTTTCCACTACAGT,.........((..(((....)))..))...,86.291803358719
AATGGACTTCGACTGAACTAAGCATTACGA,((((...(((....))).....))))....,86.24290275336848
TTACGTAATGAAGTTTTCGAAGGGATTATA,............((..((.....))..)).,86.18424428822496
TGGCTGTACCACATGGGTTATTCTGATACC,.......(((.....)))............,86.14671060339776
TGGTTCCATGGCGAATCTTTTTACACGTTA,.(((((......))))).............,86.06491212653779
TTGACACTTGTGTTCTGGGTTTTTGAAATT,..(((.((........))))).........,86.05639479150024
CACTCAATGTTACTCCCGTTTATGGCAGGA,............((.((......)).))..,85.9987727006444
ATGAACCAGTAGTTGTCTAGTGGGATATAT,.....(((.(((....))).))).......,85.97396309314587
TGTAGTTACTAAGTGTTGTATTTAGTTTAT,.......((((((((...))))))))....,85.8606843478724
GTTGAATCTTCACTCACAGTAGTTCGGATT,....(((((..(((......)))..))))),85.79178090216755
GAGCTTGACTGTGACATCCTAATGTGTAAT,.............((((......))))...,85.65179847685998
AAGGATCATAGCTATAGCTGTGGGATAATT,.....(((((((....))))))).......,85.49815758640891
TGCCAGTCGTTGATGTTGTTCGATTTACCG,........(((((......)))))......,85.30568736574887
GAGTCAAAGGAACGCTACCCTTCTGGTGGT,.............((((((.....)))))),85.18166666666667
TACAACACGGCAAGAATACTTGCGCAGTTT,...(((...(((((....)))))...))).,85.16271528998243
ACATTAAGGTATAATTTCTACTGTGAGTAT,((.(((.((((.......)))).)))))..,85.06494141769186
TTTCGATTTCAACGATTTTCAGAGAATGGA,.((((.((((...........)))).)))),85.0597568834212
ATTAAGATAATTGCTCTACTGGCGGGATAT,..........(((((.....))))).....,84.80899531341535
TTTCACTGTGCGTAACTGTTTAGGGATTGG,.(((.(((.((......)).))))))....,84.56487502440929
TCTTGGGTTGAGGTTCATTATTGGAGGAGG,((((.((((((...)))..))).))))...,84.56018453427065
GGCTGTGATAGAAGATCGATTTGTACGAGT,.(((...(((((.......)))))...))),84.54546280023433
ATAGACAAGTCCACGTAACGGTTGTAATTT,....((((..((.......)))))).....,84.40133274751025
AAGAACACTATAATATCTTATGCGTTTCCT,..((((.(.((((....))))).))))...,84.35183069712947
AAGGCTAAATGCTTCTGGTTGTCCAAGAAC,..(((.....)))(((((....)).)))..,84.16979948873622
ATTAAGATAAGAGTTTACTCGTTCATTTAT,.....((...(((....)))..))......,84.16833919156414
ATCACAGTTGGTCTAATTGTATTAGTTGTC,...(((((((...)))))))..........,83.98054188635032
TTCTTCCCCGACGATATGCTTCCGTCTCTG,.........((((.........))))....,83.94001464557704
AAGAGCTCGCATAATAGCTACAGTAATCTA,...((((........))))...........,83.92898359695371
AAGCATAGCCAGGTGTACATGAAGAATTTT,..((((......))))..............,83.83601347393088
TGTGACATTTTACTTGTGCGAGAAATCATC,.((((..((((.(....).))))..)))).,83.82501952743604
CAACACAGAAGTGTAGTTGCGATTTGTCTT,(((((((....))).))))...........,83.8046309314587
ACAGTTGGTCTTCATTTGGGTAAGTTGCCA,.(((.((.....)).)))((((...)))).,83.77939953134154
AGGAACTATAATTGCTGTATTTGGTGATAC,..........(((((((....)))))))..,83.7720884592853
GTAAAAATCATTCGCTCAGCCTCGGCATAT,.............(((.......)))....,83.45653485647335
GGGTCAGTATCAACGTTTCTAGCTGGAGAT,..............((((((....)))))),83.00322335836395
TGACTTACACGATGTGTTACTTCGTTTAGT,..(((...((((.((...)).))))..))),82.97333812643127
TAACAGAAAGAATGTCGCTGAGTTATATTT,.........((((((.((...)).)))))),82.93761277094318
GTAGTTAAATGCCTACTGTTGGGAATTATT,((((........))))..............,82.62563268892795
ACAGTAATTGTATCTAATGGCTGCATGAAT,.((((.((((....)))).)))).......,82.50471880492091
ATTAGATAATTTCATAGTGGCGAATACATG,............(((.(((.....)))))),82.47132688927944
AAGGCCAGAGTGAATTAGCCAAGTCATTGT,..(((............)))..........,82.18444932630345
GTAACTTGATTAGTGGGTATTTATGTTTAA,...(((.....)))................,81.89938861372956
ATTGATATAAGTGCTTTGCGTGATATGTAT,....(((((.((((...))))..)))))..,81.36915934387815
ATCAATGTTTCTTGTTGTATTTTAGTATAT,..(((((.....))))).............,81.27477152899824
GATTCAGTTGAGTGTTCTATAGTGGGGTAT,..((((.(..((....))..).))))....,81.16277387229057
ATTATTTTTGGTCTAATTCTAATACACCTG,.........(((.((.......)).)))..,81.06488576449911
TGGTGCAGTGGATGAGCGTTCTGAAAGGGT,.((.((.((......)))).))........,81.0481575864089
GCATACTTGCTTAATTCTTGTTATTTTCGT,(((....)))....................,81.03085823081429
AATGAACAGGTATATCCGAGAGGTGATGTT,...........((((((.....).))))).,80.90747217340363
GCATAATTGTCGAATTGTTTTATTGTCGCG,(((((((..............))))).)).,80.78540421792619
AGCAACCAGTTGTAATTTAGTATTATATTG,......((((.(((((.....))))))))),80.48152314001172
TGTAGTTAATAGATTGTATTTTGTACACTT,((((...((((.....))))...))))...,80.33425840123556
AGAAGGTATTTTTTAGTGAATTTAGCTTAT,..(((.((..(((....)))..)).)))..,80.16431112531288
GTAGTGTTAAGGTTAATATTTAGTATTGTC,..(((((((....)))))))..........,80.0228324545987
ATCAAATATGGTACGTATTTAATAGTTATT,...(((((((...)))))))..........,79.94252196836555
GGTAGGGCATCTATTTATTGTTTTGTTTAT,..(((((((.........))))))).....,79.82401714863929
GTCATAGAGTAATAATAGTAAGTTATTGTC,......((.(((((((.....))))))))),79.76847393087289
ATGGGGTGGTGAAAGGTTCAAGATCAGAAG,....(((..((((...))))..))).....,79.74700351493848
TATAGTTGGGTTATTAGCTTAATAGGACTC,....((((((((...)))))))).......,79.7282776801406
CATCACCGTGTTTTAATTTTGGATTATTTC,.....(((...........)))........,79.72743702401874
AACAGGTGTACTAATCTATATTTAGTTGAA,((((((((((......))))))).)))...,79.68111306385472
TATATTTCTGTGTGTTTTTTGGTTTATAGA,......((((((............)))))),79.45567289769399
TACGCTTAATTATAAAGTCGTAATTTTCGA,(((((((.......))).))))........,79.24948740480374
TAAAAAGCTTAATATAGATTACTTTTTTTG,.((((((..((((....))))))))))...,79.24521089630932
ACAACTTTTGAGTCTAATGCTTTATTAGTT,..((((..((((.(....).))))..)))),79.15275922671353
GCTTGTTATAAGTGAATTGATTTATGTTTG,......(((((((......)))))))....,78.97147414389946
ATAACATTTCTATTGTTTAGATATAAAGTC,........((((.....)))).........,78.8944258933802
TAAATGTGTAATTACTTTATCGCAAGGTGT,....(((((((.....))).))))......,78.80279437609842
TGCACAGTATCGTTTAATTGAATCTGTATC,...((((..(((......)))..))))...,78.7150029291154
CATACGAGCTACGAAGGTAAATTTTGGGTT,......((((.(((((.....))))))))),78.5104510837727
TGTAAGAACTTAGTTGGTGTGTTAATTTAT,.......(((.....)))............,78.5012952015764
TCAGCTTGGGAAAAATAAAGGTAAACTTTA,...............(((((.....))))),78.11812536613942
TCAGCGGGTACGAACAGGCTACAGTCCGAA,..(((..((....))..)))..........,77.905
GAAAGTTAATTCGTTTTGGATTAATGTTAT,....((((((((.....)))))))).....,77.86586089364647
ATTGTTTGCTAGTGTTGTTAATAATCGTTA,((((((.((.......)).)))))).....,77.68567369654365
TAATTGTAGTGCCGCTCTTGATCAGGTACT,.......((((((...........)))))),77.65370240187464
TTGAGTTACGTATTTAGTACGTATAGTTTA,......(((((((...))))))).......,77.60202748042818
TATTTTTGGAATTTTTTAGTGTCCTAATTA,.......((((((....))).)))......,77.59818883030658
TCAGATGCTTGGTCTTGATTGAGTAGTTGT,.(((.((((((((....)))))))).))).,77.56760984182776
TGAAAAGTGTTAATGGTAGCTTGTATATAG,....((((..........))))........,77.49271821909784
AGTAGTCTATTTAAGGTTTTTAGTGTGCAT,.(((..(((...........)))..)))..,77.43739521755339
CAGGTTACTTTTAATATCTTATATGTTGCT,..(((.((...(((....)))...)).))),77.36542179261863
AATTCGGTAGATCAATTTTTGGTTTAGATT,.......((((((((...))))))))....,77.15612673305995
GTATGGCTTAGTTTGAGTTTGTATGTTCGT,((((((((((...)))).))))))......,77.03349443468072
GATATGACTGATAGCTCTATGCGGGATCTT,.........(((.((.....))...)))..,76.83061218512009
AATTTGTGCAAATTTTGGTTTCACTAAGTT,((((((((.((((....))))))).))))),76.7141818004296
TCAATTTGTAAATTCTTTGTTTTACCTTAG,.......(((((........))))).....,76.6822544424917
AACGTTACTTTATGTTGTATATTAGTTCAG,(((((......)))))..............,76.59855514725461
TATAGTTACGTAAGGTATGTGTTTATGCTA,(((((.((((((...)))))).)))))...,76.53886510092133
AAGCGTTGCAGCTAGATTGAATAAGTTGTT,.......((((((..........)))))).,76.50069420035149
TATGTAGTAGTAATTTTTTATATGGTCTAT,(((((((..........)))))))......,76.20084518293658
CATACCCCAAGGTAACTTTTTTAATGTTAA,..((((....))))................,75.88564147627416
TAAAGTACATCTTAGATGGTCGATTATGCT,....(..((((...))))..).........,75.79664323374341
TATATTGTAAGGGTGCATCTATAAGGACTT,..........((((.(........).)))),75.71562390158172
TAAGCAATTACATGGTGCTTTAAGTGGTCT,.(((((.........)))))..........,75.67192149970708
TATAGTCCTAGAGTGATCTAGGTTTATTAT,.((((.((((((....)))))).))))...,75.46998828353837
TTGTTAGTGACAAGAATGTTTGTAGTTAAT,..(((((..(((((....)))))..))))),75.3180470788731
TACGCAAGGTTGCTCTAATGGATTAGCTTG,......((((((.(((...))).)))))).,75.23244581136497
TAAAGTGAGAATTCTGCTTTTGGTCACAGT,....((((...............))))...,75.20408318687757
GGCTTTACGGCTTAATTTCCCTAATGTTAT,((((....))))..................,75.16776508494435
TTATTCTTGACGTTTGTATTTTGTACTTAT,...............((((...))))....,75.03974383554348
ATTTATAGACAATTTTGTTTACCTCAGGTT,.....((((((....)))))).........,74.91632981839484
TAAAGATGAAGATTCGTCGGTCTATCGGCT,....(((((....)))))((((....)))),74.77959578207381
CGTGCGGACCAAGTTTATACTGCTTTATTA,...((((............)))).......,74.68944053895723
CTGTGGCTTTATGTGCAAAATTAGTTTGGT,.....((.......))..............,74.61966900995898
TCACAGTCTCGTTCAAATCTTATTAGATGT,................((((....))))..,74.52011423550088
ATAACACTTTGGCTATTTTGATCTAGGGTC,.....(((((((..........))))))).,74.41793204452256
TGGGTAGGGAAAGTTTAATATTTAGTCTCT,.....(((((((((.....))))..))))),74.37596900463332
GTAGCTTAAAATGTAAGTACTCACTTGTTT,(((.((((.....)))))))..........,74.34690978324545
TACCCAGAGGTGAAAGATTTTTAACTTAAA,((((....))))..................,74.2517223198594
TTTTACACTAATGTATTGTGTTTACGTTTT,.........((((((.......))))))..,74.2379863662992
TCAAGGTTCGGTCCTAATCGTATTCTTGTG,.(((((.(((((....)))).).)))))..,74.16478324545987
TGCGGTTATAATTGTTAATAATGCAGTTTT,((((.((((........)))))))).....,74.13285242584013
AGCTAAGTGTTGTATACTTGAGTGGTTAGT,.(((((((((...)))))).))).......,74.08220003195399
ATAGATGGTGGAATTCTACTTAGCATTGTT,......(((((....)))))..........,74.01768306971294
TGTTGTTTTTGGAGTGTGTAGTCTGGTTTT,..........(((........)))......,74.0029115407147
TTTATTATAAGTGGTGGATATTGATTTGTG,.....(((((((.(.......).))))))),73.97911114661554
CGCTAGACGTCCATATACCGTTATTTTTGT,.....((((.........))))........,73.95727885178675
ATTAGGGTAGAACAAATGGTGTTAGTTGAT,..........((((.....)))).......,73.94186291739894
TGAATAGACTCGATGTATGTATTTATTAAA,((((((.((.....))...)))))).....,73.88773872290568
AATATGTGATTTGTCAGGTTGCATGAATTT,..((((((((((...)))))))))).....,73.84243800039056
GTCAGTGATAGTTAGAATTTTATCTTCTCA,......(((((........)))))......,73.75781487990626
GCCTTGTGAATATTTTGTTTGTACTCAACT,......(((.(((.......))).)))...,73.47637668424136
TGTACTTACTAAAAATTTTCAGTTGAGTAT,.(((((((((.((....)).)).))))))),73.19900250306225
ACACCTAAGTTGCTAAACGTGATGAGTTGT,(((.((..(((((.....))))).)).))),73.1702460456942
TGTATGATTAAGGTAGTTGTTCCTATTTAC,..........(((........)))......,73.14154923576716
AATTCTGGCATATTGAGTTTTTGCTGATTT,......((((...........)))).....,73.09852079671938
TGTCACGGTTATATGTGTTGTAGTCTATAG,...((((......)))).............,73.0861623262502
TGTCAGATTCACACTGTTTATTTTGTTTGG,...(((((................))))).,73.05125792192575
TGAATTACCTAATAGCTCAATAACAGGACT,.......(((..((......))..)))...,72.97584651435267
TCAACGTGATTGACAAGTTTAGAGTTCATT,.....((((................)))).,72.85194493263035
CGTACGTAATGCTTAAACGCTTATATTCGC,((...((((.((......))))))...)).,72.76249267721147
AATTAGTGCGATATATTGGTATCGACGGTT,.....((.((((((....))))))))....,72.75255321226324
GGTACTGGTCTATGATTTGCTTGATTTTGT,((((..((((...)))))))).........,72.7477885178676
ATTAATGAGTATTCATGTTCCAAAATTCAA,....((((....))))..............,72.45961921499708
ATCATTGCTGCATAATTTGTACATTAAGTA,.....((.((((.....)))))).......,72.36592950595588
GGTAACTACGACTAGTTGTATTAAGTGTAG,.....((((.(((..........))))))),72.16923736486126
TGATATTAAGGTTGTCTTTAGACCTTCTCT,.......((((((.......))))))....,72.06709112211749
GTATTCTGCTGGTGTAGCATTTTGTTTGAT,......(((((...)))))...........,72.05884166799808
TCGATATTAAATGTTTTTTAATATTCCTTA,..(((((((((.....))))))))).....,72.01408611599297
AAAGTGTGCTCGAATTGAGTTTCAATATGT,....((.((((.....))))..))......,72.00879222808045
GCTATGAGTGTTGTTAAAATATATTCATAA,..(((((((((.........))))))))).,72.00415641476275
TGTATTTACGCAAAGTGTTATGTCAATTTC,((.....((((...)))).....)).....,71.92967832987165
TGTGTTTCTTGTGATTTGGAGTGAGTTTTT,.....((((........)))).........,71.72557224263727
TAGTAACTCTAAATGATTGAATTTGGTTTC,........((((((......))))))....,71.19553016988868
TCTTAACCTAGGTTTGCATTTATTGTTTGT,...............(((.....)))....,71.03832188315492
ATCATCGTTGAGGTCTACGTATATACTGTT,.....(((........)))...........,71.02232571763328
GGTTTCAAAATTGTGGATTATAACTAAGTA,...((((......)))).............,71.00412517086507
CATGTAGCAAATTGGTTTTCTTTACAAGTT,..(((((..((......))..)))))....,70.97922768990432
CTTATTGTGAACTATCTTGTATTCAGTTTT,...((((...((......))...))))...,70.96677690791925
ACATGCAAATTTTGCCAGTTTACTACTTTT,....((((...))))...............,70.93074106619801
ATAAATGTAAAAAAGACATTTTAGATTTAG,.(((((.(((((......))))).))))).,70.87395430579966
AGTTTTATTGCACAATTTTCGTTCGTAGTT,......(((((.............))))).,70.83152216363992
CTACAACTCAAAGATAACAATTATCAATTG,............(((((...))))).....,70.77679554774457
TGTGCAATTTGAAGGGTCGTTTTAGTGTTT,...(((..((((((.....)))))))))..,70.52804335090802
TCGTTTCGTGGAAGAGTTAGATTTGTTTAT,((..(((......)))...)).........,70.22151408638227
TATTCGAGGAAATATTGATGTCGAAAAGGT,..(((((.............))))).....,69.51644698301114
TGTCTTACTAAGAGTTGCCTCTGTTGTTAG,...((.((..((((....))))...)).)),69.37015870479843
GGCTATAACAAAGGTTGCTATTTTCTTTAA,(((.............)))...........,69.03961601959844
TGTAGTGTACACTTCTCTATTTTGCTTTAC,.((((.(((........))).)))).....,68.98373382329446
TAGCTACTAACTGGTATGTTAGCCTTGATA,......(((((......)))))........,68.85652500399425
TACTCTTAAAGATAAAGTAGTAAAATTAAA,(((((((.......))).))))........,68.83452841241944
GTAAACAAGTTCAAAGTTAGATTACTTTAT,............(((((......)))))..,68.74811950790861
TGTAGTTACTAAAGATGTGAGAAGGACTAT,.((((((.((............)))))))),68.60265590882463
TATACTGATTTATTATTCAGTAATTGATGA,..((((((........))))))........,68.45991212653777
ATACAGACAAAAGATTGATTTGGTTTGGAA,...(((((.(((......))).)))))...,68.33212653778558
GTAAGTTCAAACGATTAAACTTACTTCAAA,(((((((..........)))))))......,68.29141183362624
TCTATGATAGCATGTTTCAATAATTCATTA,..((((....))))................,67.82382542472173
ATACAGCTGAAGTCTTGTTAGAGCTGTTAA,..((((((.............))))))...,67.75497363796134
AAAGAATGCAACGAATTTGATTACCAAGTT,.............((((((.....)))))),67.74333626244874
TGTATGTAACAGTGGTTGTGGTTAGGCTAG,............(((((.......))))).,67.62800074559301
TGTAATTAATAGGTGATCTCTTGCGTGTCG,........(((.((((....)))).)))..,67.13794908664855
TGATGTGATTACGTGTTCTATTCAACTCAT,(((...((........))...)))......,67.0780034084252
TGTAGTTGAGCTATGAGTGCACAAGATTAT,.((((((..((.......))....)))))),66.96021568940725
CATATAATAGCATCTTATAATGATTATTTG,.....((((((((......))).)))))..,66.05745166959579
ATTTACATATAACCCACTACATGCAGTATA,..............................,66.04222026947862
GTTTATCTTTTCATGTTCACATGATTCATA,..........(((((....)))))......,65.98732864674868
TACAATATAATAGATCATTCAATAAATGAT,.............((((((.....)))))),65.90340949033391
TTCAGATTAAAACTCAAATTTCAATCTTTA,...(((((.(((......))).)))))...,65.86756883421207
TAATAGTTAGCTTTTTTTATTAAATCGTTA,.......((((..(((.....)))..)))),65.71130345635619
TCTATGATAGAATCAATATTAACTATTATT,...(((((((............))))))).,65.637870533099
TAATCTGTTACTGTTTTAACAATTTATATA,(((..(((((......)))))..)))....,65.46086408904512
ATGAGGTCTAAGGTTAATGTATAAGTTTAT,........((((.(((.....))).)))).,65.28818980667839
ATATGAACTTGGAAGTTTACAATAATAATA,...((((((....))))))...........,65.21888986526069
ATGGAACCTACGTTTAAATTTAATTCATTA,...((((....))))...............,64.884589923843
TAAGCTCGAAGCCATATTTTTCTTTGATAA,.....((((((..........))))))...,64.6897129466901
CCTGCAATACTCACTTTCTATCCCAACTGC,..............................,63.112519039250145
TAGCATATGAAGTAAGTTTATAATACGTAA,.....((((((.....))))))........,63.09825424721734
ACAAAGTTGAAAGTCATCAGTTATCTTTAA,..((((.(((..(....)..))).))))..,63.09129466900996
TATATGATAATGTTAGTCACTAGTAAAGTT,....((((.......))))...........,62.54181019332162
TTATAAGATAGGTTAATGGGAATGTCATTA,.............((((((.....)))))),62.02760398359695
ATACCGCCTGACAGATTGGTAACGTGTTAA,((((.(((.........)))...))))...,61.59896895137668
TGAGATAACATATTACATAGATTTCAGTTA,((((((..............))))))....,61.5898769771529
TTGATAATGTTCATCACTCTCATTACATTA,....((((((..............)))))),61.45499121265378
GCTTGTCAGGCAGGTTTCATACTTCATATA,((((((...))))))...............,61.125802577621556
TCCATCAGATAATTCTCAATAATGTCTTTC,......(((((...........)))))...,60.751988869361455
TCTAAGGTAGCTTGGTGGGTTAAATCATAC,.(((((....)))))...............,60.662592267135324
ATCTATGTTCTCATATTTCAAACGTACATT,...((((((...........))))))....,60.6277065026362
CCTATGTCAGACAAGTTACTGTAATTGTTA,.........(((((..........))))).,60.10978031634446
ATACCGGTCAAAAAGGAACTTATACTGTAG,...((.........))..............,59.17319273579379
CCAATAATCGCTTGTGGTCAAAAGTTCTTA,.........((((........)))).....,58.705957820738135
CACGGAATTTTATTTTATTTTTTTTTTTTT,..............................,57.41193614528412
TCACTTAGCATTTGCAAAAATTCGTACGTA,.......((....))...............,55.53337434094904
TGTTGTCTTATGTATTCTATTTTTTGTTTT,..............................,49.8154454918251
GTTAGGTTTATTTATTTCATTTTGGTCTTT,..............................,47.257961335676626
ATACAGCTCAAAGATAAATTTTAACTTTAA,..............................,47.01343878148799
TGGGTTATTGTCGTTGTATTTTAGTTTAGA,..............................,46.900709378494966
TGGTTTAATTGTTGTAATTAGTGAAATTTT,..............................,46.57573733823294
CGCGTATTGTTTTTTGTTATTGAATTGAGT,..............................,45.916942269798156
TAGTTTCCATAAGTTTTTTATATATTTTTC,..............................,45.40931032646323
GGTATTATAATATTTCATTCATATTCCTTA,..............................,44.82900995899239
TCAAAATTTTAATTACTGATCAATAAATCT,..............................,44.76422671353251
CGTACGGCTTAATTTAATACTTATTTTTGT,..............................,44.711174575278264
TGGTAATATAACTGTTTCTTTGATTGTGGC,..............................,44.38227006444053
GGCTTTTGTTCTATTTAATGTTGATTATTT,..............................,44.350557863343454
GGATATGAGGTTAGGGCGAATTGTATAATT,..............................,44.01910076157
TCTGTTACTTAATGTTTTTTTCTAGTCATA,..............................,43.874720136337004
GGTAACAATTTAAATTAGCGTAAAAAAATA,..............................,43.815193321616874
GAATTTGGTAAATGCGTGTATTTGAAATCT,..............................,43.79824545987112
TGTATGTTGCGTAAGAATTTATATTATTTT,..............................,43.334111945465196
AGGCTACAATATTCATTTTTACTGATTTAA,..............................,42.95227592267135
TTGTTATTTCGTTTTGATTTAGTGCTTAGT,..............................,42.91008254779784
GGCTATTTTATTACTTATTTCCCTCGTACT,..............................,42.83031048623316
ATTTCTATTATTTATGAATGAATTACTATG,..............................,42.73318687756297
ATTACATTTGATATTATTGAATTTAACTTG,..............................,42.67608963093146
CTTCAAAATTTCAAGTTGCTTAAAAACCTG,..............................,42.53106912712361
TATATTCGATGATCTGGGTTTTCAAATTGG,..............................,42.478658465143525
TACCGTTACTAAATGTTTAATATTCTTTGA,..............................,42.32079778452362
GTCGTATGTAGTTATTTGTGTCAGTAGGTG,..............................,42.30639035344659
ATTCATATTCTAATCTAATGTAATAGTTGC,..............................,42.26550087873463
AATAAACATATTCTAACATTAATTAGTATT,..............................,42.21
CGTCTATACTTTAAATTTAGTTATTTCTAT,..............................,42.13595489162273
ATGTAATTATTCTTCGAGATACAATTTAAT,..............................,42.07795547744581
CAGGTTTATTGAAATTTTTGTTCCAAAGTG,..............................,41.98906951767233
ATCAAAGCTTGTTTATCTTTTATTAATTTT,..............................,41.85923257176333
GGACAAACAATATCTGGCATTTATTTATCG,..............................,41.800881663737556
TTTAGGTATAGTCTGGTTTTTGAGTTTAAA,..............................,41.624413910635354
ATTACATATAATCATTAGAGTGCTTAGAAA,..............................,41.55789103690685
CATTTATATTAAGCCACTATCAAAAGTATG,..............................,41.10387814879907
TTTTTCGCGGTGTATTTTGGTTATTAAGTT,..............................,40.93107303261082
TTTACGGCATGAAATTTTAATTAATGATTA,..............................,40.68189513766843
CTTTAAGATAATTTTACAGGAGAGATAAAA,..............................,40.672000585823085
TGGTCTCGTAATTATTTGTTTGTATCGTAG,..............................,40.50908513962116
AATGATATACTGTAAGAATTTATAATTATT,..............................,40.39541593438781
TTCAAAATAGTATAGGTTTAGATAAGTTAG,..............................,40.34661687170474
TCGTAAGTTAGAAGGTTTGTATTGATGTCT,..............................,40.25971241412366
AGTAGGGAACATAGTGGTTATTTAGTTGAG,..............................,40.24884805879533
AATCATATATCATTTAAGGAAATTAAGATT,..............................,40.24561804335091
AGAAACTATCTATTCAATACTGTTTGTCCC,..............................,40.1145489162273
TACAGTATATCTAAAGGAAATTTTGACTAA,..............................,39.77899238429994
ACAATTCTTCTTAATTTTTGGTGTCCTAAG,..............................,39.75415446201914
TCAACTATTAATTTACTACTAATTTCTTGA,..............................,39.58375805506737
AACTATCTGTTGCCTTATTGATTATTTTTC,..............................,39.56851786760399
TTACACGGGGTTTTTTATGGAGTATATTTG,..............................,39.5071323960164
CAGTACTGTTAATTTAGCCTTCTTGTTTTT,..............................,39.34913591095489
CCTAATACTCTCACTTTACTCTACTTATGC,..............................,39.326930287053315
ATTTAACGCATTGATGTACTTTAACTAGAA,..............................,39.320410076157
CTTACAATTATCGCACTTTCTATTCCTGTT,..............................,39.312870533099
TTCATATAGTTATTTATCCTAGGTTGTCAG,..............................,39.262453622339386
ACGGTACGGATAAGTTGATATTAATTTTAC,..............................,39.24814001171646
TTAGCGATAGACTTAGTAAATGATGATATT,..............................,39.071473345049796
GTATTTCCTTGTTGTCATTTCTAGTTGTAA,..............................,39.03198700537892
CTTTCCTCGCTACATACTTATATCATCATC,..............................,38.567744581136495
GTAAAGATCAACTTATATATAAATCTAATC,..............................,38.526684241359106
TTTACGATTGGCGATTTATTTAAGTTTTTA,..............................,38.46169009958992
TTCGGTAGTATATTTGTCTAAACATTCCCT,..............................,38.41203378246436
AGGTCGGGTTGTAAATTTTGTCAGTGAGTT,..............................,38.315372974028506
AGCAGTTATCCTAAATATTAGTATATTCAT,..............................,38.29731160462268
TTATATTACATAAGCTTCAAAAAATTCGTT,..............................,38.06413005272408
CGCTATGTATGTTTGACAGATGATTCATTG,..............................,37.94580843585237
GATAACTTCTGTATAGTCTTATATTATTTC,..............................,37.91808728763913
ATCAGCGGTTGATCGGAATTAAATTATTTT,..............................,37.90463386057411
AGTTCGTACCGCTATTCTTTATCATCATTG,..............................,37.834294083186876
ACTAAAAAGTCATGTTACCAAATTCATAAG,..............................,37.828643819566494
AACAGCTGTGACAAATCTTAATTAATCTAA,..............................,37.80066783831283
ATTTACTATGTCTATGTTTGGTTTCCTAAG,..............................,37.80062975981254
TCGATCATAATTTTCTAATAAGACATAAAC,..............................,37.76998828353837
AGTGTCAGCAGGTAATTTTTTCATAATTCG,..............................,37.57411150165983
CATCCGTCTTACAATTATATATGTTCTTGT,..............................,37.14216461628588
CTTATTACAACGTAATTTCAAAGCAATTTT,..............................,37.12353544229643
AGAAAGCGCAACCACGGAAATTTACTTTAG,..............................,36.941265377855885
AATGGTCAAAATAATGCTAAAGTGAAAATA,..............................,36.91859988283538
TTCATTCGCTCGTCGTTGTTTCGTTCTAAT,..............................,36.68693907439953
AAGATAAGTCGAATGTTTTCCATGTTTTTT,..............................,36.67403339191564
TGTGACTATGATAGCAAGATTTCAATAAGC,..............................,36.66937316930287
ACAGAAAAAGAATGCAGTACATACACTATA,..............................,36.51395430579965
ATTACAGGTTAGCTAATTCCGTTTTATTAT,..............................,36.42865260691271
ATCTACTTTCCCAATTTACACGCAATATAG,..............................,36.33937902753369
TGCTACTTTAATGGAAATCGTGAACTATTT,..............................,36.210079086116
CTTCACTGGAATAATTTAATAGATACTTCG,..............................,36.14040714704159
CTATCTTACGCGTACTTAATATCCATCTGC,..............................,36.0274985354423
ATCACAGGGTTGGTATAGTTCTAGTATGAG,..............................,36.02135910954892
AAACCGCCTACTCATATACGCTAAAGTCCC,..............................,35.805234329232576
AAATAATTACGTATATACTCATTATCTCTT,..............................,35.70010251903925
GTAAGGATTAGTTTAAACGTTTTCGGTGGT,..............................,35.491842413591094
TCAATCACACAGCTGCTTTCAATTAATTTA,..............................,35.30191564147627
TCAAATTGGTCTAACTGTTCTATCACTTGT,..............................,35.04874633860574
ATTAAAGCCTTTTACCAAATAACTTCATTA,..............................,34.80228178090216
AATGATAAACTAAGTAATCCCACTAAATTG,..............................,34.783113649677794
TTACTTTAATACCTTTGCTTTCGATCTTGA,..............................,34.73790568248389
AATGAAACCTACATATGATCATGAATTTTA,..............................,34.59078793204452
CTTTCCCAGCAAGACACGTAAATATATCTC,..............................,34.551575864089045
GGTCAAATAGGGTTCTAGTAGGTTGAAATC,..............................,34.460373062789586
TTAATAATAGTCCTGTCGCAAAACACATTA,..............................,34.309751025190394
ATTTACTTCAACTTGACCATGAATTTCTTG,..............................,34.23684827182191
CTACCTTAACTTCCTACTTATTTATGCATA,..............................,34.16249267721148
CGAAAGAGTTAATGTAATACCGATACTGCT,..............................,33.96260984182777
AAGGTCAGAGTCAATCATGTATGCATATCG,..............................,32.95543350908026
AGACGTAACGGTTGAGAGACTGAACAGTAA,..((....(((((....)))))....))..,0.0
TATAGCGAATACGAGTAAACAGTGACGTGT,........(((((............))))),0.0
GAAAACCCTGATGTAGTATTGCATTGATAA,.........((((((....)))))).....,0.0
GCCATGTTCCAGAGTTATTATTTACAGCAA,((..(((....((((....)))))))))..,0.0
TGAGACATTGACTCGCCATTAGAAGTTGAG,.......(((((((.......).)))))).,0.0
TGAACAGGAGCGCGTCATGTACTATTATTG,...(((.((.....)).)))..........,0.0
TTATTAATTTCTATATCTTTACAAACTATA,..............................,0.0
CCTTCTGGTTCGCAAAAGCTAAAGGATATA,((((.(((((......))))))))).....,0.0
CAATCGTGTTCTACATTATCTTTATCGTAC,..............................,0.0
GTATTCCGGCAATATTATGGCTTTGGGTAT,((((((.(((.........)))..)))))),0.0
AATAAAAACCGTGAATACGCGATTCGTGCT,.........((((....)))).........,0.0
GAATACGGGTGTTATAACAGTTTGCCTGAG,.....((((((...........))))))..,0.0
GCCTTATTGTAGTAATTTGTAAAGAGCATC,(((((................))).))...,0.0
AGGCTCTAAACCAGGGTTTACTGTGAACTT,(((((((.....)))))))...........,0.0
ATTTTTCATCTTCTCAATGGCATTGTTGTG,...................(((....))).,0.0
AGAAGATAATAATACCATTTCAACTGTCAA,..............................,0.0
AGGAGGACGGCTATTAAGGATCACAATTAA,..............................,0.0
GTTTAAGGATAAATGTAACAAAGAATATGT,..............................,0.0
GACTTTTGGTTGACCCGTGGATTGTTATAT,..((..(((.....))).))..........,0.0
ATTAACCATTGCGATCTATGTTACCCTTTT,..............................,0.0
CGAGGTAAGGCAGGTCGAATTAATGGTGGC,(((...........))).............,0.0
TAAAACGTCAAGCATTTTTATGGGTAACTA,......((....(((....)))....))..,0.0
GGGTATTGGATTAAATTGTCGCATCTTGTT,(((.((..(((......)))..)))))...,0.0
GTTGCGAATTTGCTCTGTTAAATTTTCAAT,((((.(((((((......))))))).)))),0.0
GCACACATCACGAAACCCACTGTCACTGTT,..............................,0.0
ATAAGTTTTAACGAGTCAATGATTTGTTAT,........(((((((((...))))))))).,0.0
TTCGAAACTCGCTTGTCTTGGTGAGTTTGC,....(((((((((......)))))))))..,0.0
TCCGAAGTAATAGTAATACGTGAGAGGTTA,..............................,0.0
CTTCGTTATGGATCGGAAATCGACCGATTT,..........((((((.......)))))).,0.0
CATGTGTTTCAAGGCCCCGTTCTACAGACT,.....((((..(((......)))..)))).,0.0
GTCATGAGGGTGGCTTCAATTATAACAGAA,(((((....)))))................,0.0
TTGGTATGACGGTTGTATGATTTGAAGGAT,.(.((((((...)))))).)..........,0.0
GTTTTTGCTCAGGTATCTTGGAATTATCCT,...................(((....))).,0.0
AGGAAAGTTCAAGCGTGCTTATATGTTGAT,........((((.((((....)))))))).,0.0
TCATGAATAGCAATTAGATGCTAATGTCTG,.......(((((......))))).......,0.0
GGCACTGCGGGATAATTGATATCGATAGGG,....((....((((.....))))....)).,0.0
AAAATACGTGGTTTGAGAGTAGTACGTACG,....((((((.(........).))))))..,0.0
ATAGGTCGTTGGTCGCCCATTCTAACTGTG,((((.....(((....)))......)))).,0.0
CAGTGCTTGTTTAAATATATTCACCCAATA,..(((..(((......)))..)))......,0.0
ACACGTTGGGTTATCGTATGTTCATTGTTA,..(((((((....))).)))).........,0.0
TAGGTTCCTGTACCAATCGGTTGATGACGT,...(((.....(((....)))....)))..,0.0
GGAGATCCTAATGGGGTGTAAAATACTGTA,..(.(((((...))))).)...........,0.0
GACTTGGTATGCCTCAACACCTGGGTGTCC,.....((.((((((........)))))))),0.0
GTATAACGTTCAAATAGTTTTGTGCCACTA,.......((.((((....)))).)).....,0.0
TATGTCTCGTTATTTTTCTTTAACCATTGA,........((((........))))......,0.0
GCATGAGGAGAATTGGCTTCAGGTGGTCAA,.(((..((((......))))..))).....,0.0
TATGGATTTGTAGGGTTAGTAGGCCCTAAA,..........(((((((....)))))))..,0.0
GGACACGTTGGATCACCCAGTTTAGATTAA,.......((((.....))))..........,0.0
TGATTCATTTGCCGACCTCATCCCTTTCGC,..............................,0.0
ACATTACGTTTCGATTGTCCAAGGCTTGTT,..............................,0.0
GAGTTCTATGTAATCCTCTTAGTGCTAAAA,.(((.(((.(.......).))).)))....,0.0
TATTTGATTTGAAACTTATTCACTAGAATA,................(((((....))))),0.0
AACTATAGTATAGAGGCAGTAGAATCCTTA,............((((.(......))))).,0.0
ACGACTATATGTACTTATTACGGCTCCATA,..............................,0.0
CAGTTAGATCTCCATCGAAAATGACAAACT,..((((..((......))...)))).....,0.0
ACTGGCTTTGGGTATACTTTATCCGTATAA,.........(((((.....)))))......,0.0
ACTTATTGTTATAGTCTTGTCAATTCACGC,..............................,0.0
CAGGGCCGTTCATTGTGATTCCCTCTATAC,.((((....(((...)))..))))......,0.0
GGACCTGTGAATGTTGCTTGTTTTAATATG,.(((..((((...))))..)))........,0.0
TCTAACAATGCGGTACCTTAAGACTGTGAT,.........(((((........)))))...,0.0
TTCTAGCGATGTTAGTGCATTGAGGTATTG,......((((((....))))))........,0.0
ACTTGTGTGATAGCAATGAATTTGACGCGG,...(((((.(............).))))).,0.0
AAACACAACGACGTGGCACTTAAATCACGT,..........((((((........)))))),0.0
ATATGTGTTAACGCATGTTAAACCTAGAAT,(((((((....)))))))............,0.0
AAATACCTCGGCGATCAATGGTAAAAAGCT,...((((............)))).......,0.0
TGAGGTCTCATGTGCGGGGCTCCGTGTAAG,.(.((((((......)))))).).......,0.0
GGTCTTGTTTTTACCATCGTATAACAGATT,.((((.(((..(((....))).))))))).,0.0
ATCAGAGTGATGATTTGTTTTAGTACTACG,.....((((.(((......))).))))...,0.0
GTTCTGCACAAGGAGAATTATCAAGCCATT,(((((.(....).)))))............,0.0
GAGTGCACGTTTAGGGTTTACCTGTGTTGA,....((((....(((.....)))))))...,0.0
GGTAATTACTCACAATATGAATTGAAGGGA,........(((.((((....))))..))).,0.0
TTCCGGCCATTCTCTCCTTTTCTTGAGGCT,....((((..((............)))))),0.0
ATTATGCGATCTTGATTTATGGAATAAGGG,.........(((........))).......,0.0
CGGAACGTGGTGGGGCGACTAGGATCATCA,..((.(.((((......)))).).))....,0.0
CAAACTAGCCATCTACGTGATTTATTTAAG,..............................,0.0
CGTTGAACGTTTAATCAAAGTGTATCAATT,.(((((((((((.....)))))).))))).,0.0
CGTCCACTGGTAGACGCTCATTAAATATCA,((((........))))..............,0.0
ATAAACTAAAAACCCAAGGTCACTTTTTCT,...........(((...)))..........,0.0
TGAATGGGTTGCATCGAAATCTGGTGAGTC,...........(((((.....)))))....,0.0
CGTAACAGCGAGTGGTATGAAACACTGGTG,.......((.((((........)))).)).,0.0
TAGGCGGGGAACAATCAGGGCGTTAATTCG,...((...((....))...)).........,0.0
TTAGCTCGTTTGCATCTATTAGAGTTTTGA,..(((((..............)))))....,0.0
CAAATCGCTCTATGAATCGTTAAAAAGCAT,......(((...(((....)))...)))..,0.0
TGATTTAGTTTTTTATAAAACCCCTAGTAT,.......(((((....))))).........,0.0
CTAAAGATTATGCTCTCAGGTGTTACAGAT,.........(((((....))))).......,0.0
TTTGCGGCGCTGATTGGTCCAAGTAAAAGT,((((.(((........))))))).......,0.0
TACTTCGAACTTAACAGTCTACATTCATCT,..............................,0.0
CAGGGGGATTAACATTGTCGTCAGTTGGAT,...((.(((.......))).))........,0.0
AACCGGGGCATGGTGTCCTCTATTGTAATA,....((((((...))))))...........,0.0
CAAGGCAGCACGCCTGTAGCCTTACATGTC,.(((((.(((....))).))))).......,0.0
TGCAATCGGAAATTAATTTCTGTCAGAATA,......((((((....))))))........,0.0
AGGACATGCATAATTATAACGGACGTCATG,..(((.(.(...........).).)))...,0.0
CATCTATTTTGGCTTGACAAGAAGAACTAG,..(((.(((((......)))))))).....,0.0
GGAATTGGCAGGCTTGTTCTCGCCCCGTCG,......(((.(((........)))..))).,0.0
CAACGTTGTGGTTCCACGGCGTGTACAGAA,..((((((((....))))))))........,0.0
GAGGGACGCAATAGTCGTTATGCTATTTGA,.((.(((......))).))...........,0.0
ACAACACCTATACAACTAGAATTTAATTCC,..............................,0.0
CATGATTTCTTAGGTGCGACTGTTTCAGTG,..................((((...)))).,0.0
ATTCTAGGGTAAAGGGTGTCGTGGAAGATG,.(((((.((((.....)))).)))))....,0.0
CTAATACGTGCAAGTTCATCACAAATGGAA,..............(((((.....))))).,0.0
CAACACACCGTTATTACAGTAATCGTCAAG,......((.(((((....))))).))....,0.0
TCTATAAATGATAATAAGTCGCTACCTTTT,.........(((.....)))..........,0.0
GCGGTATAAATGAGGTAGCGATGCAGTCAT,.........((((.(((....)))..)))),0.0
GGTAACTTCTTTAAGGAATGAACAGGTTAT,.(((((((.((((.....)))).))))))),0.0
TAAGAGTCGGGAATTATCGTCCACCAATCA,...((....(((.......))).....)).,0.0
TTAAAAAGCTTTCTAGCTAGCTCGGGAGTT,......(((((((.((....)).))))))),0.0
TAATTTTCTGTATGGATGAAACGTAGTTAC,..........((((.......)))).....,0.0
GTGTTGATATGTGCCAACTACATTCATTGT,((((((........)))).)).........,0.0
TAGGGTAGGAAATGGTAGTGGTCAACCGCA,.................((((....)))).,0.0
TCTAGATTAAAGATTAGCAATGAGTGAGTT,..............................,0.0
CTAGGTTCTATATAGTATTTCGGAACACGG,....(((((..(......)..)))))....,0.0
GTACGACTCGCTCGTACTTTAGCAGAAGAC,((((((.....)))))).............,0.0
CAAAGTTCTTGTAAACGCTATATATGCGCT,...............(((.......)))..,0.0
GAAGGAAGCACCGGTGGAATCAAGGCGCAG,.......((.((..((....)).)).))..,0.0
AGAGGTTTTTTATCATAAATACTCTCAAGT,((((..(((.......)))..)))).....,0.0
TTACCCGGAACCGGGTCCTATTCCTAGTAC,..(((((....)))))..............,0.0
AGTTCGGCTGTATACGACACAACACTTTGG,.(((((........))).))..........,0.0
TGTATGAAAGGAGTATGTCCACTTTTATTT,...(((((((..(.....)..)))))))..,0.0
CAATTTTCAACTAGAGCCCTAGTCTGTCCG,.........(((((....))))).......,0.0
AATATTGATATTATGCTAAAAAAAAAGGAG,..............................,0.0
GTGCAAAGTCTGTTTGGTAGTTGTTCAATC,(.((((...((....))...)))).)....,0.0
TAAGAATGTATGATGTAAATGATTTAAAGG,..............................,0.0
AACGTAAGAAATAGTTTTGAACCTTGGCCA,..............................,0.0
AGCTCAAGAGGAGTGGAAGTGATTGGATGT,.((((.....))))................,0.0
GTTTGGCATTGTAACACGGGTGTTAAGGTC,.(((((((((........)))))))))...,0.0
TCTTTCGGTCTCGGTTGACGTCGCATTTAG,.......(((......)))...........,0.0
GTACACCACGGAGATTTGGCTTACATAACT,(((..(((........)))..)))......,0.0
ATTACTTTCTCAACTACGTGTTTATTGATG,..............................,0.0
ACCTGCTATGATGTGCGAGGAGGATGCGAT,.(((((........)).)))..........,0.0
GATGATATGTGAGAGAAGTGCGTAGCTGTG,.....((((((.......))))))......,0.0
AGTAAACAAAAAAAACTGGTTTAAGTTTTC,...........((((((......)))))).,0.0
GTGGTATGTCTGGTATTCCTAATGATATAA,....((((((.((....))....)))))).,0.0
TATGGGTCAGATGGAAGGAGTACTTCTGTA,..........(((((((.....))))))).,0.0
TCTAGTGTTGGTTCTTATGTCATTTCAGTA,..............................,0.0
TTCCGACCTTGGATCTAAACAATGTCGATA,...((((.(((........))).))))...,0.0
TGCCGAGGACATTTTGTTTGTTAAGGAACT,..((...((((.......))))..))....,0.0
CCAATAGCTAATCCCTCATTCGTTTGCGTA,..............................,0.0
AGGCGGTCGTCTAATTGGTAAATTAGAAAC,.........(((((((....)))))))...,0.0
GGCATCGAATTGTACCTATTAGATAAAGGC,.(((......))).(((.........))).,0.0
TTAAAATGAGCCAACAAATATGGTAGACGT,.........((((.......))))......,0.0
GTTCATACATAGTACTCGGATTTATGCCTG,.......(((((.........)))))....,0.0
GTCTGGATGCTCCATCTTAAGAAATCTCTA,.((((((((...)))))..)))........,0.0
ACGCACTGATTACATTCTCTTGGGAGTCCG,.((.(((.....((......))..))).)),0.0
GTTCGCACTTAACTATTCAATACTGTAATT,..............................,0.0
ATTTTTAATTCGTAATAAGACTGGTCTTGT,..............((((((....)))))),0.0
GCATCAGCAAGAGTTGTTAGCGAAGTGATA,((..((((....))))...)).........,0.0
GTGCAAGGGAATGGGTGAGCCTAACCCAAT,......(((..((((....)))).)))...,0.0
CGCAAATTATCCCTCTCAACTTGATATTGG,..............................,0.0
TGGGTTAACTAATTATAAAATCACCATTAA,(((....................)))....,0.0
AATTTGAATCGAACCAATAGATTTACATTT,....((((((.........)))))).....,0.0
GAGAAGAAATAGAAGGTGTTACACGTAGAG,.............(.(((...))).)....,0.0
AATCGAGGCTGATATTAACAGTATGTTAAT,.((((....))))(((((((...))))))),0.0
ACTTTTATATCAAAGATTCCTATTCTAATT,.............(((.......)))....,0.0
TGAAGTGGCTGGTTTGGTACAAGTTCGAGA,....(((.(......).)))..........,0.0
CATTCAGGCGTGTATGGGTTGTAAAATACA,..........(((((..........))))),0.0
CATATAACCGAATAATTTTATGAATGTTAT,...(((((...(((....)))....))))),0.0
TATAGAAGGTGCTTGGTTGTGTTGTTTGAC,..............................,0.0
GGTCGCCATGAGCTGTCGGTCTTAACGGCG,...((((.((((((...)).))))..)))),0.0
ATGTCATAATTAATGCATAAATTGGTGCTT,..............((((......))))..,0.0
TACCGGGTTCACTTGAACGTGTGTCGGACA,..((((...(((......)))..))))...,0.0
CCTCAGACTCTTGAGTAAGGTACTTGAACT,.(((((....)))))...............,0.0
CATGCAAAGGCTATTATTAACTTTACTTAA,...((....))...................,0.0
TACGTAGGTACAACTGATACATACATAAAA,...(((.((((....).))).)))......,0.0
GTTAGAACTTGGTAAATGGAATGAAGTTGT,.....(((((.((.......)).)))))..,0.0
AGACATGGTTGCCTGTCTGCAGTATCAAGT,(((((.((...)))))))............,0.0
ATCCACAATGCATAAAACGTGCATTCGTAA,....(((((((((.....))))))).))..,0.0
CGTGAAAAAATCTTGTTGATACTTGATGTA,.........(((..((....))..)))...,0.0
TACTTATCGGTTGGTTGGTAGCATGCCAAT,.........((((((((....)).)))))),0.0
GGACTCGAAAGTTTATCTTTTTGTTATTAA,.(((..(((((.....))))).))).....,0.0
GAGTGTAACTACAGCCATGGTGTTGTACTG,.((((((((..((....))..)))))))).,0.0
ACCATTAGTAATCACATAGAATTTAGATGA,..((((.....((.....)).....)))).,0.0
TCTATCAATTGGTACACCGGGTCAGATTTG,((((((...(((....)))))).)))....,0.0
TTGTATGGGGAAATCACTTAATCAGCAAAT,(((..((((.......))))..))).....,0.0
GCCATCAACTTTTACTTGCTTTGTATGTCT,..............................,0.0
ATGTTTCGTCTCCACTATTCAATAAAAGTT,..............................,0.0
CCCGGTAAGCAAGTCAACCCTAGTTAAAAA,...(((..........)))...........,0.0
CGATCTGATTAATAAAGGAGATGTCAGGCA,.(.((((((.............))))))).,0.0
AGGCATCTCTCTACCTACAGGAGCAGAGAA,.....(((((((.((....)))).))))).,0.0
GCGGTTGAGTCTTCGGTACTTCAGAATTAA,.(((........)))...............,0.0
CAGTCTAATTTTTAAGGATTTAGGTTGATA,((((((((.(((...))).))))))))...,0.0
CACCTGAAGATGATGCTACTTACGTAATGA,..............................,0.0
CGAGGCAGGGCTTGAGAATATCATAAAGAT,((((......))))................,0.0
GGCCTTGATTTCGAACGGTGACTTCAGGTA,.((((.((..(((.....)))..)))))).,0.0
GATCAACCCTTCTAAAAGATGTGTAGTTCA,((.(.((.(.(((...))).).)).).)).,0.0
GTTTACACGGTAAAGAACATACCTTGTTTT,....(((.((((.......)))).)))...,0.0
AACGGGGGGACAGTGTTAAAATCATTTCTT,......((((.((((.......)))))))),0.0
ATGCTATTACATTAATATCATAACCCTCAA,(((.(((((...))))).))).........,0.0
GCGGTTATACCCGACTGGGTACAGAAGGTT,.......(((((....))))).........,0.0
TAGCCTATTGTCTCTTATTTATTGAGTGTT,...........(((.........)))....,0.0
AAAACACCAAGACCCCTCTGAGTTTTTAAA,.(((.((..(((....)))..)).)))...,0.0
AGAGAGAATTGGTATAGGGATCCCGTCGAT,................((....))......,0.0
TCTAGTCGTACACGTAGTGATGAGCTTAGG,.((((((((.(((...)))))))..)))).,0.0
TGTTTCGCCCGATGAAACTCGTGAACTAGA,.((((((.....))))))............,0.0
TGGTGGAATTTCGCAATCTATTTAATGTTT,..((((....))))................,0.0
TAACGATTTACTTATGGATCGCTCATATGC,...(((((((....))))))).........,0.0
TCATAAATATGGATCGTAATATTGACAATA,.....(((((........))))).......,0.0
GATCGGCATGTTAATGGTCGGCCCTTCCGC,((..(((.((........)))))..))...,0.0
AGATCTGTAATCTGTGGGGTGATTATTTTT,......((((((........))))))....,0.0
GTCATATGAATCCTATCAAATTTATGAGTC,.((((((((......)))....)))))...,0.0
CGTATGAGGTATTTTGGAGTACTATAGATT,.......((((((....)))))).......,0.0
TCGGAGTAGTGTTCGATTTCTATGATTTGT,(((((......)))))..............,0.0
GATAAAACATTTTTAAGTCATTCGGATTAG,...............((((.....))))..,0.0
TGCATGAGAAGCTGTAAGAGTAATTTTTCG,.....((((((((.....)))...))))).,0.0
ATCAAAGATGGCAAAGATATTATGGAAATT,..............................,0.0
GGATGAGAAAGAAATTAGACTGGTAGGCAT,(..(((........)))..)..........,0.0
CTAGGATTGTATTTCGATCACGGTATGCTA,((..(((((.....)))))..)).......,0.0
GAATTAATGAGCTCGTCTTAACATATGGTA,..............................,0.0
TAGCTAGTTTTTAAGACTCAGGGTATATCA,((.(((((((...)))))..)).)).....,0.0
ACGTATAGTTTCCCTCCTATATATCGAACA,..((((((........))))))........,0.0
TAAGCGTAGCTTTAATTGTCTAGGTTGTTG,..(((.((((.......).))).)))....,0.0
GACGATTAGTTCAATTGATGCTTACCGGTT,..((...(((((....)).)))...))...,0.0
GCTGTTTGGAACTCGATGGTTTACTCTCTT,........(((((....)))))........,0.0
ATGGGTTACAGGTTGTCGGGGAGGATTAGC,..........((((.((...)).))))...,0.0
TAACCATAAGTAACACTAGTGATTATGTAG,....(((((...((....))..)))))...,0.0
GCTTAGTGAATTTGTGGCTTAAATCCTTGG,(((............)))............,0.0
TGCACGAAACCTGGTTTTGCGAAATTTTAA,..(.((((((...)))))).).........,0.0
TGTATGCTAGAGATGACAGATGTCATAGAT,............(((((....)))))....,0.0
GTTAATACTGAACGTCGTTTAATCTGGCAT,((((....(((((...)))))...))))..,0.0
ACATGTAGTGTTGAGTGTAAATGATCGTGA,.((((....(((.......)))...)))).,0.0
TTAGTGGGTAGTTCAGCCGGATTTAGTTGA,............(((((........))))),0.0
TCGTAAACAATCAATCGATGAACGCGAATA,((((.....(((....)))....))))...,0.0
TTAGCATTCTTATGATTGCGAATCAGTTAT,...(((.((....)).)))...........,0.0
CCGTTTCTGATCGAGTAGTCTGGAAAGACC,.....(((..((.((....)).)).)))..,0.0
TATCAATGCGTCAGTACAGATGTACTTCTT,......((((((......))))))......,0.0
AAGGTTTCCATGATTACCTTAAACCGCTTA,(((((..........)))))..........,0.0
GAAGCCTTTCGCTGGGTGATTATGTCATCA,..(((.....))).((((((...)))))).,0.0
TACATCGTGGATTCAAATTGTCTGATTTCG,........(((.(((.......))).))).,0.0
ACCTAAATGTTATAATTTTTTAAAACACCT,.......((((.(((....))).))))...,0.0
GAGGTAATGTGGTCAGTTGGGGAAGGCGAT,........((.(((..........))).)),0.0
GTTATAGGTGGCAGGATTATGGTCCGATTG,((((....)))).((((....)))).....,0.0
GAGTTATTCTCTATTTGCCCGATTCTTAAA,(((.....)))...................,0.0
CCGTAGTTAACGACAATTAGTTAGTTATGT,.((((((((((........)))))))))).,0.0
TTCTAGACTAATGTGGTTGGAAAAACATTG,(((((..(......)..)))))........,0.0
GCTATCGTTCAGGACCAGAGGACAGTATTG,(((.((.((........)).)).)))....,0.0
GCAGAATAGTGTGTGTATTCAGGAACGTTT,...(((((.......)))))..........,0.0
TATTTAGAGTTGTTTACTTATCGCTCTAAA,..((((((((.((......)).)))))))),0.0
CCTGGCGCTGCATACGATATTAACGGAGAG,.(((...................)))....,0.0
ATGATGATGCCTCTAAGGGACGGTTTTGTA,...((((.((((((...))).))).)))).,0.0
TGGTACTGTAATCATGACTGAAGTCGAGTG,((((......)))).(((....))).....,0.0
TCACGATTATGTTCTAATAAAGAGATAATA,.....(((((.((((.....))))))))).,0.0
ATGGTTCGCGGTTCCAGTTGTTCCTGCTGG,.............(((((.......))))),0.0
TGGTACAGCGTCATTCATTAGATACAGTGA,...(((.(.(((........))).).))).,0.0
GCGATGGTAACAGTGGAAGAGTTAAAGTTG,.((((..((((.........))))..)))),0.0
TTAAACTCTGAGACGTGTATATCAAGCTGT,..............................,0.0
GTTCGGAGTAATCATTGGTTTAATATGACT,................((((......)))),0.0
CGCGCACATTCTGCGTCCCATAACTCTCCC,.(((((.....)))))..............,0.0
TCAATATTTTTTAACATAATTAGCGTTTGA,..............................,0.0
GCAGGATAATTAGTTCTCTGTCTGAGTATG,((((((........)).)))).........,0.0
CGCATTAAGATTATTTGTATTTTGAAATCA,....(((((((.......))))))).....,0.0
ATCTTGATAGGCTATTCGTAAACCAATCGC,....((((.((...........)).)))).,0.0
TGTGAATCCGATGATTACAGCATACATTCG,(((((.((....)))))))...........,0.0
CTATAACACTTAGTAGCTGGAGGTTTTTAA,....(((.(((........)))))).....,0.0
GATAGATAAGATATTTAACGTGCGCGATAT,(.((((((...)))))).)...........,0.0
AAACCGGTCGGATCGATTCACTAAGTAGGT,.....(((((...)))))............,0.0
GATTCTTACCAAAATGTATAAGTAAGATTT,...((((((............))))))...,0.0
GTTGAAATATTTAGGAAAGTTTAGGAGACA,..............................,0.0
CGGAATCCAAGGAGCACAGTTTGGTCCTAG,.(((..(((((........))))))))...,0.0
TGCGGTACTTTCAATTCATCTTTTGGGCTT,.........(((((........)))))...,0.0
ACGTCAAAAAGTTAAAATGCCGGGAGTACC,.....................((.....)),0.0
AGATAACCATGATGTCATATGGTTCCCGGG,....(((((((......)))))))......,0.0
CGTTTCGTTATTTTTGTTCGTTTTATTTAG,..............................,0.0
CTTTGATACAGGTACGTGGGATGAGATTAG,(((...(((......)))....))).....,0.0
GAGTGCTACTAAAGGATGGCTCAATGACGT,((((....(....)....))))........,0.0
CTGGGGTAATTTTGATGTCGTAATAAGACT,................(((.......))).,0.0
AAGTCTTTATTAGTACTGTGAGATGCAATT,..(((((............)))))......,0.0
GCTTTCAGTTTTCATTGTGAAGGCGTCGGG,(((((((..........)))))))......,0.0
GGGTGCGAAGATGGGTGGGTAAATACCAAA,.............((((......))))...,0.0
AAGGGACTGGGTTGAAAGGCGCTGGAAGTA,......(((((((....))).)))).....,0.0
GTTGGTGGCAATGTGCTATCGGTAGACGAA,.(((((((((...)))))))))........,0.0
TATAGGGGTGCATGTAATCTCTATTTATCC,.((((((((.......))))))))......,0.0
AAATCAGGATTGCAACGTAAAGTACTAAGT,..............................,0.0
TGTCCTGTTTGGCTATCTCTTGGCATTCTC,...........((((.....))))......,0.0
TCCTTCATTCAATTTCTTAATAAGGTTTAA,.((((.(((.........))))))).....,0.0
GGTTATCTTCGAAATAGGCTGTTGATATTT,...((((..((........))..))))...,0.0
AAAGGGAAATATTAGGAGACAGTTGGTCCG,....(((...(((.(....))))...))).,0.0
CCAGTGCTATTTATTGAAGGTATAATGGTA,((((((((.((....)).)))))..)))..,0.0
GGTGAGAATTACACTACAATGGATAGGTTA,((((.......))))...............,0.0
GGCAAAACTCTTCAATAGGCCGTTCAGTTG,(((...............))).........,0.0
GTCACATGAAGTTGTTGTTTTTCAAAATTA,......(((((........)))))......,0.0
CTGCAGTGTTTTAGAATAACGGACCGTGTG,..(((..((((.........))))..))).,0.0
GAAAATTGAGACTCCGCCAATGTTATTATG,....((((.(......))))).........,0.0
CGACGATTCCCATTATCACATTATAGCTTA,..............................,0.0
GAGTTATAAATTTGGAAGAGGTATATCTGA,................(((......)))..,0.0
CAAACGCTTGAGTATTATTGCAAAAATGTA,...(((.((..(((....)))..)).))).,0.0
TATATATATGCTGTAAACGGTATGCCCTAT,......(((((((....)))))))......,0.0
ATCTTAATTAAGCGTCTTTTCCGTGTTTCT,.........(((((.(......))))))..,0.0
CATGCAAGACAATTAGTATTGTGTTGAATA,....(((.(((((....))))).)))....,0.0
GGCAGTCACAACGAGCATTTGTTGTACGTT,....((.(((((((....)))))))))...,0.0
CTCTTGTTATGTTTACTCAGTATGAGGTCC,.((((((..((......))..))))))...,0.0
GGTATGTCAGGAGACCTAAGGACTGGGCTT,..........(((.((((.....))))))),0.0
CCGCGCAACATGGTTCTCCAGAATTAGAAT,..........((((((....))))))....,0.0
GGAATGTAAAAGAGTATGTTCTGTAGCACC,((((((((......))))))))........,0.0
AGGCATGTCGACGTGTAGCATCTAGCTGTC,..(((((....)))))(((.....)))...,0.0
CGCACGTTTTAAGTCGGTGCAGAAGGAAGT,.((((...........))))..........,0.0
TTTTCAAGTTAAGATTGGATTAACTTTGTT,.....(((((((.......)))))))....,0.0
AACCATTTTTCGTTTAAGTTGTTTGGTATG,.((((.....(......).....))))...,0.0
GATAGAATTTCAGTTTGCTGAACGTGGCAT,........(((((....)))))........,0.0
TATGTGTTTATTATCTTTGGATTCTGTCTG,..................((((...)))).,0.0
AAATCAGTGTGGCTTTTGTGTGGTAAGCAG,...........((((.........))))..,0.0
GGGAAGTTATCTGGAAGGTACTTAAAAGGC,...((((.((((...)))))))).......,0.0
GCACAGGGTCGGAAATAAAAGTATTACTGG,.........(((.((((....)))).))).,0.0
GGTCAATGTGTTAATCTCTAGTTTTCTTAT,..............................,0.0
CTCCGTGAATAGTCGCCTCGCTACGGAGCA,(((((((...((....))...)))))))..,0.0
AGACCGCGCAGAGCTATGTTCATGTTTGAT,....((.(((((((...)))).))).))..,0.0
TTTGTAAGAGCTGGATGTTAGTATTTTTAA,....(((((((((.....))))..))))).,0.0
ATCGCATTTGACTTATTATGATAAATGTCT,...(((((((.(.......).)))))))..,0.0
AGTGAAGAGCATCTTTTATACCGACTATGA,.((((((((...))))).))).........,0.0
ATTCGTGTATTAACACATACACTAAACTGG,....((((((......))))))........,0.0
ATGTGCCGTTGATTAAGAGTTGTATCGTCC,..............................,0.0
GCAGGTATTCTAGTTTGCACTGTATGATGA,(((((((........))).)))).......,0.0
GATCCATACATCTGTCTCGATGAGGGAAGC,..(((...((((......))))..)))...,0.0
GGTTATGTGCTGCGACGCCCTTTAATTGTT,(((..(((...)))..)))...........,0.0
GGATAATAGATCTTACTTCCTTAGCCTAAC,(((..............)))..........,0.0
ATGAGATGAGAGTTTTGTATGATCCGTTTC,..((((((.((...........)))))))),0.0
CGTTTGAAAATTATAAGGCATCTTTTATAT,...........((((((......)))))).,0.0
GGGACGAAGGAGTAGTGGTACTATAGCCGT,........((.(((((...)))))..))..,0.0
TCTCGGGAGGTACACATTTTGCATGGAGCA,(((.(.(((((....))))).)..)))...,0.0
TTGTGCCCCGATTCGTGTGTGGCACTTAAT,..(((((.((.......)).))))).....,0.0
TGAATGCAGTGATGCAGGGGTCACTGGTGA,......(((((((......)))))))....,0.0
GCGTAAAATGACAGTCATCGTTATACGCAG,(((((.(((((......))))).)))))..,0.0
GATTTCATGGCGTAGTGAACTGTTACTGGT,.........((.((((((....)))))))),0.0
AACCTGAGAATGGAGCCGTCTTGAGGAGAT,..(((.((.(((....))).)).)))....,0.0
TGCTATAGGTGGTAAACTTTATAGATATAT,..((((((((.....)).))))))......,0.0
AAATGGGTAGTTTAATGAATTCAAAGCTAG,.......((((((..((....)))))))).,0.0
TGTTTCAAGGTTATAGACACTTTTAACCGT,........(((((..........)))))..,0.0
AGCCTGGCTCTGTAATGGAAATTGCAGATG,........((((((((....))))))))..,0.0
TTGGGTAGTGAGTGTTGGGACTATTTTGTG,..(((((((..........)))))))....,0.0
TCGTCAAGAAACTTGTTGATTCCGTTTCTG,......((((((...........)))))).,0.0
TTATGTTCGATTGCATTTAATTGCTTATCT,........(((.(((......)))..))).,0.0
TAGCTTCACAAGGGGTTTTCATTAATATTG,.((((((....)))))).............,0.0
TGCATCCCTTCGTTAAATTGTCTCTTCCTC,..............................,0.0
GTTTAGGGTTTATGCGTTTTGATAAGTTGA,..............................,0.0
CAACTCTTTGACGGTCGTGGGGACAGTAAC,..........((.(((.....))).))...,0.0
ATGTCTCTTATCACGTTGTATATGTCAGAG,....((((....((((.....)))).)))),0.0
CGGTGAGGATATCGTGAACTCTGGTTACGT,............(((((.......))))).,0.0
TGTTTAATATCATATAGTCACTCGAGACAG,................(((......)))..,0.0
ATCGTGGAGTGATGTGAGTAAGCTGGGATG,(((.(((..((.......))..))).))).,0.0
GTTATGTTTGATATTTTTATTTCAATTATC,...(((.((((.((....)).)))).))).,0.0
TAAGGTTGATAGCAGAGTGCACTTCGCGTT,...........((.(((....))).))...,0.0
AATATAGTGAGACATTGTCGAATAGAATTG,...((((((...))))))............,0.0
TAAGAACAGATCATGTAGGAGTTTACTTTA,.....(((.....)))..............,0.0
TTGTTGTATCCTTAAGCTGTAAACTGACTA,..............................,0.0
AGACTACAACCCGCTATGTGCTGATGGTTA,.(((((((....((.....)))).))))).,0.0
CACTCTTACAAACCAGTTCGAAATTCTCCT,..............................,0.0
TACACAGCTCTTCCTAAATACTTTGATGGA,...........(((.............))),0.0
ATGTAAGGTTGTAGAGCTCGGCTCTATACG,.........((((((((...))))))))..,0.0
CAGGAAAACGGCCATCCGGGATAGCCTGGA,..((.......)).((((((....)))))),0.0
TGACGATGTGTACCGAACCTCGTTTTGTAG,.(((((.((.......)).)))))......,0.0
TGGCTATTTGAAGAATTAAGCTTAGGTCCT,.((((.............))))........,0.0
AGGTGCACATTTTACAAGTGACTATGTATT,.(((.(((.........)))))).......,0.0
ATGAGACTAAATGATCTCGTATTCTCGTTA,(((((((.....).))))))..........,0.0
CAATCGGATCGTGAAGAGTAAATCGCTTGA,..........((((........))))....,0.0
AATATTATTAGCCGCTTGTTTAACCCCACT,..............................,0.0
TAGTTAATGTTTGTCTGAAGTGTTATGTTG,..............................,0.0
ACACGTCACGGAAGATCATTATACGCTTTG,..............................,0.0
AACACGTAAGCTCGTTAATATGCACAGGCT,........((((.((........)).)))),0.0
AATACTTCATTTAAGTGTTGTAGAGATCTC,(((((((.....)))))))...........,0.0
CGGCTACTCGTTGTTTGATTGCTTAAATTC,.(((...(((.....)))..))).......,0.0
TAGGATGTCAAGTCATAATAAATGTGAGTG,..........(.(((((.....))))).).,0.0
TGTGTGGATGATTGGTCGTGTAATAAGCTT,....((.((((....)))).))........,0.0
CAAGAAATCAAAGGGGTCCAGGGACTCTCG,............((((((....))))))..,0.0
GCTGGTGCATACATTCTGTTAACTGACGTC,((....))......................,0.0
ATTTAGGTGTAAGAATCTGCCTTGTGTTGA,....(((((........)))))........,0.0
GGTCACGATTAAGAAATTTACGCGGTTTGT,..............................,0.0
AAGATGTAGGGATATTACTGGCTCGAATTT,..((..(((........)))..))......,0.0
AGGAGGTTTAAATATCTGTGATTTACTCAT,...((((......))))((((.....)))),0.0
GTGTAGAATATGATTTCATTTGGGTCTCGC,(((.(((..(((....))).....)))))),0.0
CATTATTAGAATACAGTAAATAAAGTTATG,..............................,0.0
CAATGAACAATATAGTATTATTTTCGTTTA,.((((((.((((......))))))))))..,0.0
TCGAGGCGTGATTAATAAAGTAGACAATGT,..............................,0.0
GTGCCTACATGGGTTATATCGTATGGAGGA,...(((.((((.(......).)))).))).,0.0
ATTATCCTAGGCTGGGGTTTGAGAGCAAAA,...((((((...))))))............,0.0
CGCATGGGTAAGAAAGTGGTGTACTTTTTG,..........((((((((...)))))))).,0.0
GTATTAATGTACGCGACTTTGAATAGTTTA,((((....))))..((((......))))..,0.0
CAGGTGGCATAATGAGTAGTAACTGATAAA,...........((.(((....))).))...,0.0
CTTGCTGTGGACGAGTTCATATTACAACCC,.....((((((....)))))).........,0.0
TGGATAAGGATTTCAATTTGTGCGATAAGA,((.(((((........))))).))......,0.0
GTCTTTTTGTATGTGGTGGAGTATTTACGG,.......((((.(((......))).)))).,0.0
ACTGACAAGTCCTAAATAAAGATGTTTGAC,............((((((....))))))..,0.0
CCCTTATTCGATTGTCATTCTGCTTGTGTA,..............................,0.0
TTCAATCCATGTGACTGCCAAACATATAAT,........((((.........)))).....,0.0
TTGAGCTTATTGTTTTAAATTGGTTGAACT,((.((((.(((......))).)))).))..,0.0
TGTTGTGTATTGGGTATTGCGCGAAAAGTG,..(((((((........)))))))......,0.0
ACCTCCCGTTTGTTAATCATTGTTCTTATC,..............................,0.0
ATATGTTATTGTACGGTGTGTCCGTCCTGG,............((((.....)))).....,0.0
TGTGTTTGGGGTGGGATCCTGTTAGCGAGC,(((...((((((...))))))...)))...,0.0
TATGTGAAAACACTTATCTGCTGGACCAAA,...(((....))).................,0.0
AGCTCTTTGGAATAAAATGTTTTTCAGTCT,......((((((.........))))))...,0.0
GCCTGAAATCAGTCAACTCAATTGTCGTTT,(.(((....))).)................,0.0
ATCCAAGATATTCCTAACATGAAGGGAATA,........(((((((........))))))),0.0
GGTGAGGCAAATTTTTTTGTTCAACTTAAC,(((..((((((....))))))..)))....,0.0
TGTTGTTTTAATGCATGCTTTTTAAGACCA,....(((((((..........)))))))..,0.0
CAGGGGGTAAAGTTACGCGAGCAATCGTTA,................((((....))))..,0.0
GTGACAGATCATTATAAAGAGTTGGTTCGC,(((((((.((........)).)))..)))),0.0
TTGATGAGAAAGTTCGTCGTCCCGATGCTG,..((((((....))))))............,0.0
AAGAAATGCGTTGGGGGTAAGTCATTTTTT,((((((((..(((....)))..)))))))),0.0
GCAGTTGCAGAAGCTATTTTAGGGTAATTG,.(((((((((((....))))...))))))),0.0
GAACCACGGTATCGAGAACTACACACCTAA,.......(((..............)))...,0.0
ACGCATAAGTAGAGCCTTCGTGTGACTATA,.((((((((......))).)))))......,0.0
CAGAAAGAGTCCTCATAGACATGTGTATAT,........(((......)))..........,0.0
GGAAGACATCGGTACCGGATTCGTTGTTTG,...(((((.(((........))).))))).,0.0
GCTAGCTGAGGCGTTATTGAATCTGTAGTA,((((.(.((..((....))..)).))))).,0.0
GGAAAGAAACTTTGGACACAGTCAAATTAT,..............(((...))).......,0.0
TTGCGGAATAAGATTTGTGTGCGATGGTGG,(((((..((((...)))).)))))......,0.0
GTATCTCTTAAAGATGTTTAATGCGTAGTC,.(((((.....)))))..............,0.0
GCCTGTATCTTCTTCGCGATTTGCCCGCTA,...............(((.......)))..,0.0
ATGATGATCGATGTGCGTCTACTAAAGCAA,..((((..(...)..))))...........,0.0
GGTGGGCATCAGGAATCTTGTGGAACTCCC,((.(..(..((((...))))..)..).)).,0.0
TCCGTAGTCAAGTGTCAAGTTACAAGCGTG,...........(((......))).......,0.0
GAACCCACACACGCTAACTTGTTCTATACA,((((................))))......,0.0
AGTTTTAATTAGTGAAAGTTTTGAAAGCTG,((((((((((......))))...)))))).,0.0
TCGGTTAGTTAACATATTACCTACTGAGCT,(((((..((.........))..)))))...,0.0
CACAAATTCCTAGAATGAGATACCTATAAT,..............................,0.0
GCTGAACACAGAGGTCTTGAGAGAAGTCCT,.(((....)))(((.(((.....))).))),0.0
TCGAACGAGGACCATTGCTGCCATGCCTCT,......((((..(((.......))))))).,0.0
CAATACCATGGTATGTGCGTCATTTGACAT,..((((....))))....(((....)))..,0.0
TGTGTACCCATCTTTTTGATGGAGTTATAA,((((.(((((((.....))))).)))))).,0.0
TGTCACTATTTTTATGGTAATTATATGAAG,....(((((....)))))............,0.0
GGATGGGAGTGACTTCGGATTATAACGGAT,.............((((........)))).,0.0
CGTAAAACGTAATTCTGCCCTGGGGATTGA,.........(((((((......))))))).,0.0
GAACAGGACCAAGAATTCGCAAATGGATGG,..............((((......))))..,0.0
ACTGCGAGTTAATGCTCGTGAGTTTTTTAG,(((((((((....)))))).))).......,0.0
TATTGGCCGTGTTATTACTTAATTTAAGTG,...............((((((...)))))),0.0
TTAGGCGTTTTTTTTGACTACTCACAGTTC,..((..(((......)))..))........,0.0
ACTGAGTTGCAATCACCTTCGATGGCATAC,.......(((.(((......))).)))...,0.0
GTGCTGTTGAGTAGGGCGATTTATTAATCA,((.(((.....))).))((((....)))).,0.0
CTTGTAGGGAATTTCAGAGTGTTTTCTTGC,...((((((((...........)))))))),0.0
AGGAATTTACATGAATGAAAGTTGTGTCAC,........((((((.......))))))...,0.0
GGTTCTATGCGCCGTGTATTAGTAAGAGTT,(((.......))).................,0.0
TAGAACTTCTATCGTTATCACTTAGTCATA,..............................,0.0
ATGGGCCGTTCGCCCCCATCTTTCCGTATC,..((((.....))))...............,0.0
CAAAAAAGGAGAGACGTTACATCATTTCAA,..........((((.(......).))))..,0.0
TAAATAGTTTTTGGGGGTTAGTTTTCTGGT,...........(.((((......)))).).,0.0
GCCAACTAGTAGAATTTCGGTTCGATTTAA,...........((((....)))).......,0.0
TAGTAAGGGCAACTGCTGATGTACCTTCTT,.((.(((((((.(....).))).)))))).,0.0
ATAGAGGACAATGCATTAATATCTTATATA,..............................,0.0
TTAATGAACGAGTTTCGGTCGGAGTATTGA,((((((..(((.......)))...)))))),0.0
AAGTCGCGTTGTGGTATATGTATTTGTTAC,.....((((........)))).........,0.0
CTATTTTGGAGGGTTTTATATGCTTGGTAT,......(.(((.((.....)).))).)...,0.0
GTAAATTTGTTGTTGCATGGTCAGACTGGT,((((........))))..............,0.0
TTGAATATGCAGATTCGTAATGAAGAGCGT,......((((...(((.....)))..)))),0.0
AAATTCTCACTGATTAGACAAGCGCATTAG,..............................,0.0
TATCTTGGCTAATCGAGTTAAGACATTGCA,..((((((((.....)))))))).......,0.0
CCAGGAACGTTTTGATCTTTAGTGTTAGCA,.(((((...)))))................,0.0
TTAAAGGCACTTTTCCATGGTGAACTTATT,...(((.((((.......))))..)))...,0.0
TTAGGATTGGATTAAGCTTCGAGTTATTGC,....((((.((.......)).)))).....,0.0
TAAGTTCTAAAGAGTAATGTGCGGGAACTT,.(((((((..(.(....).)...))))))),0.0
CGCTGTGTATAGGACTGATAATTCAGATGT,..............((((....))))....,0.0
CTGTATGAAACTTTTTGTATTCCATTCTGT,..(((((((....)))))))..........,0.0
AGGGTCACCTGCGTTGCGGCGACAGACAGT,...(((.((.((...)))).))).......,0.0
ACTCATATTCGCATGTCGAGGCGTATACAC,.....(((.(((........))).)))...,0.0
AGAATTTCGGGAATTTTAATAACTGTTCAA,..........((((..........))))..,0.0
GTGAAAGCTACGATGGTTATGGTTCTTTCG,..(((((..((.((....)).)).))))).,0.0
AACGGAGATTGACCCTATATCACTTATAGC,..............(((((.....))))).,0.0
AGGCAAATACTTGTAAGGCTTGAAACTAAT,..((((....))))................,0.0
GGGTTAAGATATATTCATAATTAATGTTAG,.(((((.((.....)).)))))........,0.0
GAGCTAATATTTGCAAGGTTGGGTACCTGG,..((........)).((((.....))))..,0.0
TTAACTTTCTTTTTTAAGTTATTGTGGGAA,.((((((........)))))).........,0.0
ACAAATCTTTAGTGCCAACGCAGGGCTCGT,...........(.(((.......))).)..,0.0
ACGTACTAGGCTCATATGTAAGTATAATGT,..(((((..((......)).))))).....,0.0
AAAGTTATTATTCTATCAAGGATACTAACA,...((((.((((((....)))))).)))).,0.0
CGATACCTTCAAACACTGGGCTCGAAGTAT,(((..((..........))..)))......,0.0
AAGCAGTCGAACGTAATTAGTTTGCCGTAC,..((.(.(((((.......)))))).))..,0.0
TATTAAGCTATGTGGAGTGAATTGTCTACA,..........((((((........)))))),0.0
ATCGTCTTTTCAACCACGTTGTTACCGAGT,.(((......((((...))))....)))..,0.0
ATACCCATAAATTATAGTCAGGTAACTCCA,.((((...............))))......,0.0
CTAGTGGAAGTCCGATATAATAATATCTTT,.....((....))(((((....)))))...,0.0
GCGCTAAATGATTAATGTTCGTTAGCATAT,..(((((.(((.......))))))))....,0.0
TTGGGCGAATACAATCAGATCTTGCGTTCT,..(((((.................))))).,0.0
AGGGCTATGACAGAAGTTTGTACGAGAAGC,...(((.((((((....)))).))...))),0.0
TATAAAAAGTGGACAATCTAACAGTTTGAA,.....(((.((..........)).)))...,0.0
AATACCGACGGTCCAAAACTTATCGACTTT,.....(((.(((.....)))..))).....,0.0
TTAGTGCTCAGTTCTTGAAGTATGGATCTA,...(((((((.....)).))))).......,0.0
TGTCAAAAGGTCACTTTAGCGTCGAGTTTC,.....((((....)))).............,0.0
TTGCTATGAGTAAGTGACTCTATAAGGTAA,.((((..((((.....)))).....)))).,0.0
GGGGCTAATTCCCAAGTGGGTCCCAGGGAG,((((((.(((....))).))))))......,0.0
CTTTTGTTAGAGGTTGGTACGGTGGGCGAC,...(((((....((....))....))))).,0.0
AAGTCTTTTATGTGGCATATTGTTGTTAGG,..........(.(((((......))))).),0.0
AAATAACCTAAATTCTTGATTATGTAAAGT,..............................,0.0
TTGTGTGTTTTCGTTATTCAACCTTGTAAA,..............................,0.0
ATTTGTTAGATTGATGAACCTTTCAATGAC,.........(((((........)))))...,0.0
ACATCGTCGATGCTAACTCTTTATGAGACG,.((((...))))....(((.....)))...,0.0
CTTCCCTTAGTAGGACTGACAGAATAATGT,.(((..(((((...)))))..)))......,0.0
TACACAAGACCAGAGGAGTATATTACAGCG,..............................,0.0
GAGTGAATTAATGCTACCATATGATCCGTA,..............................,0.0
TTGTCACATTCTTGAGGTCGTGTAAACCTT,.............(((((.......))))),0.0
TATCATTAAGTCGGGTTGAAGGTTATTTAA,.(((.((((......)))).))).......,0.0
AAGCAATGGGGGAAGGTCAAAATAAGTACA,..............................,0.0
AGTCTCACACGCTGGGTGAGAACTGGACAG,((((((((.(....)))))).)))......,0.0
TTTTGTTGGATGGTGCCCTTTGATATTATT,...(((((((.((...))))))))).....,0.0
ATATAATGGCTGCAGCTTAGGTCTTATGTA,((((((.((((........)))))))))).,0.0
CAGATCTGTTGGGCGAGCGAGGTATGACAG,.....((((((.((.......)).)))))),0.0
ATTATTCCTCGTTACTTTTGCACTCCCTTA,..............................,0.0
GCTATTGTCAATATGAGATACACAGAACCG,.....((((.......))))..........,0.0
GTATATGACTTTCGCCTCCGGGATCGGTAT,.................(((....)))...,0.0
ATTGGTCGATGTTCTAGAATGTCGTCAAAT,.((((.(((((((....)))))))))))..,0.0
CTCCCTTGTAGGATCTTTTAGAGGTTTATG,..........(((((((...)))))))...,0.0
ATGCGGGATAACCCGTAACGCAGGAGAATG,.((((((....)))))).............,0.0
TAAGAAATTTATGGCTGTGAGGTTTAGTAC,.............((((.......))))..,0.0
GTATCGAAACTACTGTTAAGAATAAGCACC,...((..(((....)))..)).........,0.0
CATGTGTATTTTGGTTTAAGTTAATTAATA,..........((((((......))))))..,0.0
ACTGAGCACCCGTCCTGATTAAGTAGCACT,...........((.(((......))).)).,0.0
GGTACATGTGGTCGTTTTGGTGGTACAATA,.((((...(((.....)))...))))....,0.0
ATAGATATCATTGATTTCTCCTCTTTCTAT,..(((.(((...))).)))...........,0.0
GGTCAAATATACGCGGGAGGAAGATTCAAG,..............................,0.0
GAGATGACATGGTGGTTCTCCCTGAGATGC,(((((.((...)).).))))..........,0.0
CAACTAGGTTTTTACTGCTAATCCAAATTG,......((.((........)).))......,0.0
CTGGAGTGAGAGTGTGGCTCGGGAACTCGT,((.((((.(.....).)))).)).......,0.0
TGAATCGGACAATGTTCACTCACTTCATCT,(((((........)))))............,0.0
TGCATCATGAGCCATGTAGTTTGGTGGCGT,..........(((((........)))))..,0.0
TCAGATTCCTGAGACAAGTAAGGGCGATTA,((((....))))..................,0.0
CATTGGTCCCAAATTCGATATGTACGAGGC,.(((((........)))))...........,0.0
CTTTTGTTATTCAATCCAAATTAAAGAACA,..............................,0.0
AGACCGAATAGCTTAAAATTTTTTGGTTCT,.(((((((.............)))))))..,0.0
CCATCGGAGGGAATGTAGTGCGTGAATTAC,((......))....(((((......))))),0.0
CCATGGATAGACAACGTGGTTGTTTTATGT,.((((((..(((......)))..)))))).,0.0
TGTTACGTTGACTGTTCCTTGAGTTGTCGA,.....((..((((........))))..)).,0.0
CAAGGCACGACGTAGTATTTCAACATAAGT,..............................,0.0
ACTGTAAAGTTAAATGCTAAATAGGCAGAC,.((((..(((.....)))..))))......,0.0
GGGTTCTAATGTCGGGTCAGACATATCTCA,(((.....(((((......)))))..))).,0.0
ACTATGAGGTCGGAACACTGGGGAGTAGGG,.((((....((((....))))...))))..,0.0
TGGAATTTCCTGGGTTTAGTGACCAATTTC,.(((...)))..((((....))))......,0.0
ACTGAAATCTATATATAAAACAATAAGACT,..............................,0.0
TGTCCTGATAATTAGACCTAATATAATATT,.(((.(((...)))))).............,0.0
CGTCTTGGTGCAGCCCTTCATTTGTGATTT,......(((...)))...............,0.0
TACTAGCGGAGAACGATGTTATGTACCATG,((((((((........))))).))).....,0.0
ATATCGAATCAATAGAGATCATGGTTCTAA,.....((((((..........))))))...,0.0
CACGTTAGATTCTTTAACAAAATCTATTTG,...((((((...))))))............,0.0
AGTAGGAATAAGTCGACCGGGGCAGGAGTG,...........(((......))).......,0.0
TCGACTCGAATAAGATTCTCATTGAGTTCT,..(((((((............)))))))..,0.0
AAGGGAATATAAAGTATTAATATGGACAAG,..............................,0.0
TTGTCATGACATGTCATTTGTCTTTTGGGT,.......((((.......))))........,0.0
GAAACCTTTTTACCATTTTTTACAATTTGA,..............................,0.0
AGCGGCGATCATTGGATCGGAAAATTCCAG,.....(((((....)))))...........,0.0
AACAGGTAAATATAACATGAACGCATGTCC,..............(((((....)))))..,0.0
TCAAAATTCCGAACATGAATATGCTGGGAA,......((((.(.(((....))).).)))),0.0
GGTTTGTGAGGGCAATGTAAATAAAGTCAG,...((((....))))...............,0.0
ATAGGATGATACTGGTTACAGCACCAGTAT,........((((((((......)))))))),0.0
ATAAATTTGCCGATTTATCGATCCTGGATA,.........((((((....))))..))...,0.0
AGACGGTTTGTAATTTGTGTCTCGATTGGC,(((((............)))))........,0.0
GAAAGGCTCGAAGCCACCTCGAGTTACTCT,((..(((((((.......)))))))..)).,0.0
GTTACATTTGCCATTTGAGACAATTAATCT,(((.((.........)).))).........,0.0
ACAGATGGTGTGGTTAATAATTTGTCCAAC,((((((.((.......)).)))))).....,0.0
AGTTACTTTCTAATTGGCATTTAAATTGTA,................(((.......))).,0.0
ATGCCTAATTTGACGATTCATCAGCTGACA,..............................,0.0
GAAATGTGGATCTGCTGTTAAGTTCATAAT,....((((((.((.......))))))))..,0.0
CTCTGTATCATCTCTGAAATAAATCGTGTG,...(((.(((....))).))).........,0.0
GAATCGTCTAGGTAAAGGATGTTATCTTAG,....(((((.......))))).........,0.0
GAAGAGGGAGGGTAAAGTTTTATGCCTTTT,......((((((((........)))))))),0.0
TTGTATTTCGTTGATTAGTGTCAAGAGTTT,......(((.(((((....))))))))...,0.0
GTGCGAAGAAATTTTGATGGATTTTAATGC,..(((..(((((((....)))))))..))),0.0
AGATTTAGTCACCATACTGGGATAATCAAG,.((((..(((.(((...))))))))))...,0.0
AGAGATTAGTAAGCTTTTTGATGGTGGGGC,............(((((........))))),0.0
CGTTGTTTGATCAACACACGAAAGAATGTG,.((((......)))).(((........))),0.0
GGTAACGGAGATATTTCTTGGTTCGGTCTG,.(.(((.((((....)))).))))......,0.0
TTTACTACTAAATGTTGCCATAAAAACTTT,.............(((........)))...,0.0
AGCAAAACTAGAGCCATTTTTAGACTTTGG,..((((.((((((....))))))..)))).,0.0
TTTGTGCCACGCAACTAGAGGTATCATCAA,...(((((.(.......).)))))......,0.0
GTTAATGCAGTAGCCGAACTAATAAGGTTC,......((....)).(((((.....))))),0.0
ATAAATAGATAGGTGTAGGTTAGTGTTGAT,..............................,0.0
TTCTCAATGTAACCAAAAAAATTGTTCCTA,..............................,0.0
ACTACTTAACCGCCCGGCTGAGTATCTTTA,..((((((.((....)).))))))......,0.0
TATCTACGACACACTCACTGGTTTACTTTT,..............................,0.0
ACCTATAGCGCTTTAGGTGATGAACTAGTG,(((((........)))))............,0.0
GCATATTGAGGTCTATTTTTAAGTAATAAC,..............................,0.0
TATCGTACATTTCAGCTCTATTAACCTCAA,..............................,0.0
TTCTCGGGGGAACAGTAATTGATGCATAAT,..............................,0.0
CTGTACAGCAATGATCATGTGAGGGTGGAG,((.((((..........)))).))......,0.0
TGAACTTACTGACTTTTCCCAACGCAATGG,..................(((......))),0.0
GCTACTGTAGAACGGTTTCTCATTGTATAG,....(((((.((.((....)).)).))))),0.0
ATTAATCAAAATGAGATGACTTACGGATGT,....(((....((((....))))..)))..,0.0
ATACTTTTGAAAGGTAGTAGTTACAGTTAG,.((((((...))))))..............,0.0
TGCTAGTATTGGAATCCAAAAAGGTCGTGA,.(((....((((...))))...))).....,0.0
GCAAACGTGGTACTCGGCATTATGAAAACG,......((.(....).))............,0.0
ACCAGAGCATTGGATTCTAAAGTTACACTC,.(((......))).................,0.0
TGATTTGTACATACTGATGTTGATCCAACT,.((((...((((....)))).)))).....,0.0
GGACCAGTGTTGGCACGCCCAATATCAGCG,......(((((((.....))))))).....,0.0
AGGTACGTGGAATGTATCACGACATGTACA,..(((((((.............))))))).,0.0
CGGTAATGTTTGCTAGGTTTACTAATGGTC,.(((((............))))).......,0.0
ACAGTATCCTCTCTGGCAAATGCTAGCTCG,............(((((....)))))....,0.0
TGATTCATTTTGCGGTTGTGGGTACCATCT,..((((((.........)))))).......,0.0
CATCTATGATATCTTTAGGGGTTTATCGTT,.....((((((............)))))).,0.0
CTGCAATCCCTAATTGGAATAAAGCCTTCG,......(((......)))............,0.0
CACCGTGGTGAGGCGGATTAATATGCGAAA,..((((......))))..............,0.0
CGTCATTGTCGAGTGTTCCCATAATATCAA,...((((....))))...............,0.0
GCGATAAACGGCAAATTTTGAATACTAACT,((........))..................,0.0
CATAGGGTATGCTATCTGAGGCCGTAGGGA,..((.(((.(........).))).))....,0.0
GAGTCCGAACGTGAACTGTCCTGTACTGGT,....(((.(((.((....)).)))..))).,0.0
TGAGGTATCTATTCCGTTTTTTAGGCTTTA,((((((..(((..........))))))))),0.0
GGAGGGCACGAATTATGTCTATTTTCCTAG,((((((((.......)))))....)))...,0.0
GAGTCATTTAAAACTGGTTTAATTTATTTA,..............................,0.0
TATCGTCCAGTATTGCCGTTTAGAGTGTGT,..............................,0.0
GGATCATATTTCTAAGAATTGCTCCTGTTA,(((.((.((((....)))))).))).....,0.0
AATTTTTAGATGTGATTAATTTAGTTCCAA,.....((((((.......))))))......,0.0
TCTCTATATGTTATAGCAACCTTTTACGTA,......(((((...((....))...))))),0.0
GACCAAGGGGCACAAAATAGAATCGCATGT,(.((....)))...................,0.0
TTCGTTGCTTTACGTCTCACCAACAGTCGT,...........(((.((.......)).))),0.0
TGGTGCAAGTTCGTTGCGGGACCACTCTTT,((((((((.....))))...))))......,0.0
CGAGTTTAGAGTGCGCCTTTTCTATTGTGG,......(((((........)))))......,0.0
TCACAGTTGAGATACAGTAACATGTTTTGA,..(((((((........)))).))).....,0.0
AAAATTTACTGTAGACTTGTGACTTTTTGT,((((.((((.........)))).))))...,0.0
TAATAAGTCGTAGACAGCTTTCCGTTAATA,......(((...)))...............,0.0
AACACATCCTCCGCGCCGTGATTATGAGAC,....(((..((((...)).))..)))....,0.0
TCACGGGATGACAGCTATGTTTAAGTGATG,((((.....((((....))))...))))..,0.0
ACGTTCAGTAGGCGACTGTCTAGAAATCTT,........(((((....)))))........,0.0
GTTATTAAGCCTTGCACTTCGCGGACCTTA,.....((((..((((.....))))..)))),0.0
ATCGGTAAATGGACTGATGTTAGTTTACAA,....((((((.(((....))).))))))..,0.0
ATAAGCGTCTAATCTTGAGTTGGGACTCTG,...((.((((...(....)...)))).)).,0.0
TTCGGAATGATGAGTACCGAATAATTTTAG,(((((.((.....)).))))).........,0.0
CATTATGATCGTGCTCAGGGCTATTTTATT,....((((....(((...)))....)))).,0.0
AGTGTTAAGGGCACCGTTCGAAGATTGGTT,............((((.((...)).)))).,0.0
CCAGCTCAATTGAGGGATTGTAAATCATCA,.((((((......))).)))..........,0.0
ATGAATCACTTAACGGTAAATGTGACATTA,.....((((............)))).....,0.0
CTTAGTAGGTCCGTTCGAGGAGGTGAGGAT,((((.....(((......)))..))))...,0.0
GTTAGTCAAACTTAGAAAAAGGAGTAAGTT,........((((((..........)))))),0.0
AGGTACTACGTAATAATATATAGTCTCTGG,(((.((((.(((....))).)))).)))..,0.0
TACCAATTTTATCAGTATGTAGGACATTTG,..............................,0.0
TAAGCACGCTTTATTCAGTGAGTCCCCAGT,...((.((((......)))).)).......,0.0
GAAATAAAGTGTGTTTCGGTGGCGTTACTT,((((((.....))))))((((....)))).,0.0
CGCAAAACAAGGGTGTGAATAGTCCGTAAA,((((.........)))).............,0.0
GTACTGCTTAACACAAAGTCATAGCTTTGA,.............((((((....)))))).,0.0
AACCGAAATTTGTTTAGGGTATTTGGGTCG,.(((.((((...........)))).)))..,0.0
TCGCGGATTGCGGTGGATAAGTACGACCAT,.(((.....)))((((..........)))),0.0
TGGATTTAATTATAATGTCCGTCGGTTGAG,.((((...........))))..........,0.0
CAAATATTGATGGTAATTAGCTCTCATTTG,.......(((.(((.....))).)))....,0.0
TGTTTGCAAAGGGCAAGAAATATTGCTATA,...........(((((......)))))...,0.0
CATATATGTGCTTTGCTATAAAGAGTGGTA,.............((((((.....)))))),0.0
TAATTAATTCGCAAACACTGTGTTGGTTTA,.((((((..((((.....))))))))))..,0.0
CTTCAGTTTGTCTCCTAAAACGATCTTGGG,.............(((((.......))))),0.0
GCTATGCAAATTGCCACGTATTGGGTTGAA,............(((........)))....,0.0
GCAACTGTTCTGATTATGCTGTACTCACTA,(((.............)))...........,0.0
TTTCGACAAGGTTTGCCTTACAATGGTGAA,...........((((((.......)))))),0.0
TATTTGTCATCTGAAAGGACCTTTTAAATA,...........((((((...))))))....,0.0
CTGGTTCATGTCGAATGTATTTAAGCCCTG,..(((((((.....)))......))))...,0.0
TATCATAGTTTTTGAATAATTGTAATGATG,((((((((((.......))))...)))))),0.0
CTGCAGTACGCGTGTCAGTAGGTTCTTATG,((((.(.((....))).)))).........,0.0
CGCTTTATAGTTCGTATAAAGCGTTCAAAA,(((((((((.....))))))))).......,0.0
GAGTTATTAACTCCAATTCCTTCCTTTCTA,(((((...))))).................,0.0
CAGCTCGGTTATAAGTGCTTTAGCTCTACC,.((((.(((.......)))..)))).....,0.0
CTTCAGGGTAATAGTCGACTTGCTTTACCC,.....((((((.(((......))))))))),0.0
TCACGTCGATACGTCAGCAATGTTGCTCAA,..((((....)))).((((....))))...,0.0
ATTAGTCATTGGTTTGTATCTGGGAACCAA,........(((((((........))))))),0.0
CGTGTTTCTGTGCTCCTTTTGTGTTTAGAG,......((((.((.........)).)))).,0.0
TGCGTCTTATTAGTTAGTGACTGTGCTTTT,...((((((.....))).))).........,0.0
CATCACAGGTAAGTACGAGAATTTTTCTAC,............(((.((((...))))))),0.0
GCTACAATTGTAAAGCTGTACAATGGTAGA,.((((.((((((......)))))).)))).,0.0
CACGGGAGTAAAATTATTAGTAATTAGGTA,..............................,0.0
GTTCGTTTCATAGCAGAGATTGATCATCTT,(.(((((((......)))).))).).....,0.0
AGAAGGTTTATAAGTGGTTTGATTATCGCA,.............(((((......))))).,0.0
TTAGGCTGTGGTATACTTACGTGTACTTGG,.........(((((((....)))))))...,0.0
ACGGCCTCGCTTCCTGATTGGCGGATTCAC,......(((((........)))))......,0.0
TGTATGTTGAATCTACGCTTAATCTGTTTA,..............................,0.0
ACGGCGTTGGTTTGTTTAACACTTGGGAGG,..((.(((((.....))))).)).......,0.0
GGCAGAGTAATACAAGATTAGGTCTTGTTA,...........(((((((...)))))))..,0.0
GGATAATGGACTAGGGGCATATATTATCCA,((((((((.............)))))))).,0.0
TCTTCAAAAAATATAAGCTACATAAGTCAT,..............................,0.0
TTTAGAGTTAGTTAATGTACAGTGGATAAA,..............................,0.0
GGCACCTTGTCTCATTCTTTCCGTCACTTA,((((...))))...................,0.0
TGAAGTCATAATGAACATTTGGTACTGAAA,..............................,0.0
GTATTGGGCTGGTGGAAAGGAGAATGTGGT,..............................,0.0
CATATTGTTGACAGCCGGGTTAGTTCACCA,.................(((......))).,0.0
AATTGGCCCTAGCGTCCGATGCTTTCTATT,.((((((......).)))))..........,0.0
CCAGAAGAAATGTGTTAGTTTTTTCCTTTT,...((((((((......)))))))).....,0.0
TGGGGTTACATCTATATTATAGAGCCGCTT,.(.(((....(((((...)))))))).)..,0.0
CTGACAGTTTCCTATTGGACATTATCAATG,.(((.(((.(((....))).))).)))...,0.0
AGACCCTACCGATTTATACGACGGTGACTA,......(((((..........)))))....,0.0
TTGCTTTTATTGGTATAGTAAAGTGATGGT,(((((((..(......)..)))))))....,0.0
CAACTTACCTCATGGCTGGATTTTCTTCGT,...((..((....))..))...........,0.0
TGATGCTTTCATAAGCACTGGTGTTTCTCA,...(((((....))))).............,0.0
TACTCGCATGCTTTGTATGACGGCAGCTTT,...((((((((...))))).))).......,0.0
AAGGATAGAGAATTTGGAATTTTCAGCGAG,.......(((((((...)))))))......,0.0
AATTCTTTTAGATGTGCTTTTTTCTTTCCC,..............................,0.0
AACTACTCTTATGCTGTTCATTTAAAATTT,..............................,0.0
CTTTTGCGTAGTTGCTGTTAATAGCTTACC,.......((((..((((....)))))))).,0.0
TATCGTAGTTGCCCGTACGCTTTGTTTGGA,............(((.((.....)).))).,0.0
GAAATCGGACTATTTCTATGCTATTACTTT,(((((......)))))..............,0.0
AGGAATTTTTGATGTTAGAATGAGTCGTTG,..............................,0.0
ATCATTATCAACGAGTGACTAGGAAGCAGG,.(((((.......)))))............,0.0
GTATGGCATAGTGCTCCACATAATACTACG,((..((((...))))..))...........,0.0
AAACCAGCGAGCCGAGCTTTTGCGGGAGAG,...((.((((((...))))..)).))....,0.0
AACTGGTATGGGTTCTCTCTATCGTACTAT,...((((((((..........)))))))).,0.0
CAGTAGACGTTTTTGCCTAGCTTAACCTAT,..(((((....)))))..............,0.0
AATGTTCTGACACATTAAATGAAATTACCT,(((((......)))))..............,0.0
ACATGTCGGCCCCCGGGCAGCAGTAGGAAG,((.(((..(((....))).)))))......,0.0
GCCGCCCACAGAGTATAATTTAGTTTAACA,..............................,0.0
ATTTGGGGAAGAAGTACGTCTGTAACTTGG,..(((.(((.(.....).))).))).....,0.0
AAGGATTAGACTGGGCCTCTGTTAGTTCAA,..(((((.(((.........))))))))..,0.0
GTATTTATGTTCGAAGGAATTAACGTCGTG,........((((....))))..........,0.0
ATTGTCGGAGTATTATTTGACTCAACATTA,...((((((......)))))).........,0.0
CAGTTGGCTGTATCCCAATTGCAGAGTCCC,(((((((.......))))))).........,0.0
GCTTAACCTTGTATGACTTTAAGTACTGAT,((((((.(......)...))))))......,0.0
CAGTAATTAGATCATCTAATTATGGACATT,..(((((((((...))))))))).......,0.0
AAGTTGAGATTTACAGACTAATATGTTTAA,..............((((......))))..,0.0
CTGTCATAAAGATGATTGAATATCTGAACG,..(((((....)))))..............,0.0
ATGGGAATGTAAGGAGGCTGTAAATCTATC,...(((.....((....)).....)))...,0.0
CCTGGGTCAGTGCGGGCAGGGTATTTGAAT,((((............))))..........,0.0
CTCTAGAGATGTTCCTGTTCTTTCAGGTAA,.............((((......))))...,0.0
ATAATCATGAGGATTTCTCACTGCGGTTAT,((((((.((((.....))))....)))))),0.0
TTCAAATGGTCTAAACACATTGAGCGCTCC,(((((.((((....)).)))))))......,0.0
GTAAAAGAGAACATCGTTAATCTAGGTCTG,.....(((.(((...)))..))).......,0.0
AAAAAACAAGTCATATGGTTTTGTTATGTG,....((((((.........)))))).....,0.0
CTTAACAGGTGGGTTGGTGATTCCGCGTCA,........(((((........)))))....,0.0
TGTGATCCATGAAGTAGTGCAAGCTCGGGT,......((.(((.((.......))))))).,0.0
TGAATGAACTTGTATAATGCAAAACCTAAT,.........(((((...)))))........,0.0
ATTCTTGGATCGGTTTTTTACGGGTTTGTC,......(((((.((.....)).)))))...,0.0
CAAGTTGCGGATTTATAGAGCTCATATTAG,......((...........)).........,0.0
GTATGTACACAATCATGTAGTTAATGTCGG,((((..(((((....))).))..))).)..,0.0
CGCTGGATATCTTGCACAGACAATCGAGTA,.(((.(((.(((.....)))..))).))).,0.0
TATCACTGAGTTACAGAAGGAAATTGGAAG,.....(((.....)))..............,0.0
TGGGGAAAAAAGTTTTGAAGCAGGTTCGCC,.((.(((....(((....)))...))).)),0.0
GTCGGATAATTAAGAAGTGTGATGTGTAGG,((((.((.........)).)))).......,0.0
GAGTCAATTAGGAAGTGTAACTTTTCTAAT,......(((((((((......))))))))),0.0
GTTTAATGTTGGAAGAAAATTGGAATATGT,..............................,0.0
ACAACAGCAATATAAAGTTTTTCAGGGTGG,..............................,0.0
TGGGTCTATGCATCCCACTTTTGTTCGGAG,((((.........)))).............,0.0
ACTGCTTATTTGCACGGTTTTGTGAGCCCT,..(((......))).(((((...)))))..,0.0
GGGTTGGTGTAACTGAGGTTTAGACAGGAT,......((.(((.......))).)).....,0.0
AGTTGTACTGATGGTTGGTTGTTAACATTT,.((((.(((((...)))))...))))....,0.0
ATGGTAACAGTGACGCGTTTCTTGCGTCGG,..........(((((((.....))))))).,0.0
CAGGAAACTAAAGCGATTTCTTAAGTATAA,.(((((((......).))))))........,0.0
TGGGTATAAAAGCTATCGCGGCTCTCACAT,((((......((((.....))))))))...,0.0
GGTAAGACGACTTTGTGCGAGCGGTATGGG,............((((((.....)))))).,0.0
TTCTAAGACTGGTACATGCCTTGTGGTGTT,...............(((((....))))).,0.0
CCTGGCGCATAAGAGGATGATTACATCAAG,...............((((....))))...,0.0
CACAAGTTCTTATAACCACCATGCGGGAAT,..................((....))....,0.0
ATTCAAGTAGTCTGTAAGCGTGGCAGTGTC,...........((((.......))))....,0.0
CGGAGTACGGGTAATGCCCTTGAGAGGGTT,((.....))......(((((....))))).,0.0
CCCAACCGGCGTTTGTTTGAGCTTTAGTGA,..((...(((..........)))....)).,0.0
CATATGAGTCTGTCTATAACTTATATAATG,.((((((((.........))))))))....,0.0
GCCTGCTTTTCGCTCAAAGTAGCTCGAAGT,((.((((((......)))))))).......,0.0
CGGGTTTAGGAGAGTGTAATTTTTACAAAA,..............(((((...)))))...,0.0
GCATTCGCATATTATGTAGTTAATGGCAAT,......((.(((((......)))))))...,0.0
TATTCTTGTCGTGTAGGTATAATACGTTAG,.........(((((.......)))))....,0.0
GCTCGTGCGAATAGCTAAGGAATTTTAAAA,((....))......................,0.0
ATCTAGTCGGATCAAGCTAGTTTCACACAT,..(((((........)))))..........,0.0
TTGGGTGAACGCCTGTTTTAGTCACTCCTA,..((((((.(..........)))))))...,0.0
CACAATTAATTTCTTTATGAACTGTGTTAT,((((....((......))....))))....,0.0
GTCGAGTTTCGTCTACGCAACTGTCTTAGT,....((((.((....)).))))........,0.0
CACTCGGTCACAGTGTAAATTGTCTAAGCG,....((.(.(((((....)))))...).)),0.0
TATAATTGTTGAATGAATTCAAGTCGTATA,((((....(((((....)))))....)))),0.0
GGATATGAAGGTTGTAAGTCGTAAATTATG,...(((((..........))))).......,0.0
CAGTATCGCCTACTGGTGTTCGATTTCGGT,......((((....))))............,0.0
TATCTGTTCTATACATATTCGTGAACAATT,....(((((.............)))))...,0.0
TTATGCGCTCTCATATTTTGTATCGGTGAT,.....((((..((.....))....))))..,0.0
CGACTCTGATAACCATACTACAATTGTATA,..............((((.......)))).,0.0
TCCTTTCTCAGCAATTAATAGGTTTCCCTA,..................((((....)))),0.0
ATAAATGGGGTTATAGGTGAGACAATTGAC,..............................,0.0
GCCGAGTTTTATAGTGATGGGCTTTGAGTT,(((.(............).)))........,0.0
CGAGGTCTCCAATAAATGTTTCGTGAAGTT,(((((.(..........)))))).......,0.0
TCACTATTTAGTTGTCTGACTATCAGTGTT,.((((...(((((....)))))..))))..,0.0
TGCTAGTCATCTCGATCAGGGAACACAATT,.....((..((((.....))))..))....,0.0
ATCAGATGCAAATCAGGTCTAGGAGTATTG,(((.(((....))).)))............,0.0
CGTCTTCTCTTAATTCGGATTAATAGGCAT,.((((..(((......))).....))))..,0.0
GCGTGTTATTGTTACACAGGCTACGTATGT,(((((...((((...))))..)))))....,0.0
GTACAAAGGCTATTCCGATAGTTAAATAGG,.......((((((....)))))).......,0.0
CACAGGTAGAATCTAGTTGTAATGCGTCTT,.((((.(((...))).))))..........,0.0
AGTGATAGTTTTATTTAAGATTAATACTAG,((((.(((((((....))))))).))))..,0.0
CAAGTAGACATTAAATTAGTCGGTGTGTTT,.....((((((.............)))))),0.0
TGAGATCGATAGTTAGGACTAGCTATATTT,........(((((((....)))))))....,0.0
GCTACATATTACTAGTATTGCGTGTAAAAG,........((((..((...))..))))...,0.0
ACATACGACGTTCCTATGTAACGTAGATCA,...((((((((....))))..)))).....,0.0
CAATCTCATTCAGCAGCACTTCAGATCGTT,..............................,0.0
AGTATTTTATAATCCGAAATGGTATAATCC,......(((((..((.....)))))))...,0.0
TACAGTCCACGGATTAGTTGGCATGATTGT,....(((.((......)).)))........,0.0
TTAGAAATTGTAGCTGAAAACTTCACTCAT,........((.((.((((...)))))))).,0.0
GACACAGTTATGTACTGTGGGGTGTCATGG,..((((((.....))))))...........,0.0
ACTTCCATACATACTAGTAAGCATTTATAC,..............................,0.0
ATTCATTCTGGTTAAAATCCCACTTGGTTT,........(((........)))........,0.0
CAACTTAAACTAAAAATAATCTCTTAAATC,..............................,0.0
TGTTTCAATGATTATCCCACTAATAAAGTG,.................((((.....)))),0.0
CGTCAAGGAGTACTCAGTCTAAAGTCACAC,......(((........)))..........,0.0
TATTCTCTTTATAATTTAGTGAGTCTTATA,....(((.(((.....))).))).......,0.0
AAAGAGGGACTTGAGGACTCGCCTGAGTCA,.......(((((.(((.....)))))))).,0.0
TTGTCAAAAAAACATTGTTAGAAATGATAA,............((((......))))....,0.0
GCAAACCTTCGTGTTTGTTTCGTTAGACTG,((((((......))))))............,0.0
ATAATTATGGTAGGTTGGTTTTATTGCCCT,........(((((..........)))))..,0.0
ATCAACGTGTATACACAGTTATCAGCTGGG,...............(((((...)))))..,0.0
TATTTCATAGCCAACTAGTTACCTAATTCA,.......((((......)))).........,0.0
GAGGATCATCTCGTCGACGTATCGTGTAGG,((.((.....)).))...............,0.0
TACGGAACATGTAGGCGCCTTCTGTTAGAT,.((((((...((....)).)))))).....,0.0
TCCATCAATGGGCTTGCTTACTGTGCGGAT,.(((....)))..((((.......))))..,0.0
CTTGTTAGATGGGTGCGATGGTATTTAATT,.........(((((((....)))))))...,0.0
TAAAATCGTATTCAGTATATTGTATGGATT,......(((((..........)))))....,0.0
TACTATATGTCTAAATGTGGTACGATACGA,((((((((......))))))))........,0.0
CTCAAGGTGTTCTGTAAAAAGGCTCGCCAT,.....((((.(((......)))..))))..,0.0
TAAGGGATGGAGGTACTAGACTATAAGGGT,...((..(((.....)))..))........,0.0
CAACTTTTTGGAATACCTCGAGATCATGCA,.....((((((......)))))).......,0.0
TAAGAATTGAAAGTACCGTTGTTTATTCGT,..............................,0.0
TAACTCGAACATATTTGTGGAGTTTGGGAA,.(((((..(((....))).)))))......,0.0
CGCATTTACTTTTCCTTGGTAGAATTTGGG,....((((((.......)))))).......,0.0
GCTTTAACTTAATAAAAGGTCAAAAGTATA,(((((.((((......))))..)))))...,0.0
TATTTTTAATACGTTATGTTTTATGGTCAT,..............................,0.0
CTAAGTCTTGTATATCGTATCTTCTACCTC,..............................,0.0
TTGTGGCAATATTTAGTATAATATGGGAGG,........(((((......)))))......,0.0
CTTTGTAGTGGTTCATGTCCTAATTTAGTA,.........((.......))..........,0.0
CTCTAAGCAGGTGGATCAGCGGTTACTAAC,.....(((.(.((...)).).)))......,0.0
GAATCGCTCATAAGTAAAAATTTAAGATTT,.......((.(((((....))))).))...,0.0
CGTTAACAGTGCGAACGTGGAAATTAATCG,(((.......))).................,0.0
TCGAAGTTATATTCCGGTCATAGATGGGGA,...........((((.(((...))).)))),0.0
AGTACCATTTTTATAGCAACTTCACGATAT,..............................,0.0
ACTCCTTAAAGGAGACTGTGGGGATGGCAA,..((((((.((....)).))))))......,0.0
TCAGGAGATGACGTTACATGTGGGATCCAT,...(((..(.((((...)))).)..)))..,0.0
ATAGAAGTAAATTCTATAGGCAGTTGCGTA,((((((.....))))))(.((....)).).,0.0
TTCCTACCTTCGTAAAATGGCAAAGAGTTA,.....(((((.((......)).))).))..,0.0
AAAAGAGTCTAACATAATACAGTGGGCCCA,....(.(((((.(........)))))).).,0.0
ATAGAGGTTATACGAGTGTAAGTTCTCTAG,.((((((...(((....)))...)))))).,0.0
GTCTCCGCTAACACTTTATACGTAGTGAAT,...........((((........))))...,0.0
CGCATGTGAATCGATAAAGCTGGCTCCGCG,.((..((...........))..))......,0.0
CGCTTAAAGTGTTAGGAGGATGCAGGATAT,........(((((.....))))).......,0.0
CGGGCAAATGAAGCATGCCGTGGGATTATT,..((((.........))))...........,0.0
AGGCTGAACTACTATAAATTGCTCACAACG,.(((................))).......,0.0
ATTATTCGACGGTAGCTGGTAATAGAATTG,((((((.(.(....)).)))))).......,0.0
ATTGGATATATACGGCGTAATTCACTCGAT,..(((((.(((.....))))))))......,0.0
GATGTAAGGTAGAATCAATTGTATCTGATC,......(((((.((....)).)))))....,0.0
GTGTAAATGCAGATGTCAGTTGCGGTTGAT,...(((.(((((.......))))).)))..,0.0
GGTCATGGGCAACGTGTTGCTTTTATGTAA,...(((((((((....)))))..))))...,0.0
GGTATAAAGATAGTGCATATAAAGCCCTCA,.((((.......))))..............,0.0
GTTTTCTAATACTTCATTTTGGACGTCGCA,....(((((.........))))).......,0.0
GTCGAAAGCAGATACCGTAACAATTTCGAT,(((((((................))))))),0.0
TTTTTACAGTTGTCTCTTACATAAAGGAAT,..............((((......))))..,0.0
CAGGGAACATAAGGTAAGCCAGTGGGGTGC,.................(((.....)))..,0.0
GAACTAAAGATTGTTCAGTCGCGCAGTTGT,((((........))))..............,0.0
ATGATATTGCTCAGGCATTAGTGTTGTTCT,((((((((((....)))...)))))))...,0.0
GTATCTTGGGTAGTTTAAAATTACAGACTT,.........((((((...))))))......,0.0
TTGGCCAAGGATATGCTTGTTCCTGGGATT,....(((.(((((....))))).)))....,0.0
GTTGACTACTATATTGGCAAATTTAATGGC,.(((.(((......))))))..........,0.0
TATTGTTAATTGTTTGTATCGGGAAATTTA,..............................,0.0
GCAGTCACTGCTTGTTCTCCTTGGGTATTA,((((...))))...................,0.0
GCTTCTCTTTGAATGTTCTTTGGCTTCAGA,.......((((((.(((....))))))))),0.0
CTTAAAACATTCCTCAGAAGTTTAAATATT,....((((.(((....))))))).......,0.0
CCTGAGGTTCTTGTTAACGTTCGGAGAGAT,.((((((((......))).)))))......,0.0
TGTAGTGTGTCATAGCATGATAAACTATTG,.(((((.((((((...)))))).)))))..,0.0
GTACAGCGCTTTAGTGCTAATCCTAATGGA,....(((((....)))))..(((....))),0.0
TAAACGAGCCTACGGCAACCGACCTACTTT,.......(((...)))..............,0.0
GTAAGAAATGAGAAGTTAAATATTCTTATA,.......(((((((........))))))).,0.0
GCAGAAATTAGAAAGAATTAACAATCTCCG,..............................,0.0
ATAGTCGATATTCTGGTTCTGTAAGTGTGA,..............................,0.0
GGAGTTTAATAAATTAAGCGAATATCATGC,...((((((....))))))...........,0.0
TTGGTTTAAACGTAAATTCGTCTGCAATGC,.........(((......))).........,0.0
TATTGTGGATTGCATCCGTGGGAACCGATT,.......(((((..(((...)))..))))),0.0
ACTGGGTCCCAATCCACGAATATACTTTTG,..(((((....)))))..............,0.0
ATAAAATGGTTATTGACTTGTCGGTGCAAT,..........((((((....))))))....,0.0
AGCATAAGTAGTATACTATTGGTATTATGA,..(((((.((.((......)).))))))).,0.0
GAACGCGATTCGAGCAAATTTCGATTTGTT,....((((.(((((.....))))).)))).,0.0
ATTCCGATATGTGATTATAAGTCTTTTTTT,.....(((.(((....))).))).......,0.0
TCATAATACAGTGGCGGAAAGGGACTGTGT,.....(((((((..(......).))))))),0.0
AAGTTGAAGCCTTCATTCATTTTTTGAAGG,.........((((((.........)))))),0.0
AGGAAGTTAGTGTACCGTTACTTGCTTCTT,.((((((.((((......)))).)))))).,0.0
CGTGGGGTTTCCATGCTTCATATGCTTCGT,.(((((((......))))))).........,0.0
GTCTCTTTACGACTAATTAGAATTTCAATA,(((.......))).................,0.0
TTCGTCCGAATTATGAAATATAACATTTTA,(((((.......))))).............,0.0
AGCGCGGCACAAGACAATAAATCGAGTAGG,.((.(((..............))).))...,0.0
GAGCTGGATGTGTGACGTCTATATCGTCAA,((..(((((((...)))))))..)).....,0.0
CATAGGTTCTTTTAAGTGCGGTGCGTAGGC,................((((...))))...,0.0
TGCAGAAGTAGCAGGTTCGGCTGATGGATG,.((.(((........))).)).........,0.0
CTCTTTTGCTTTCCGTTCAATACCCACGCA,..............................,0.0
ATAGTACTCAGCATTTTTCTAATCGTGGAA,................(((((....))))),0.0
GTCTTTGAACACTAAACGAATTATTCAATT,..............................,0.0
CAATTTCGCTTTGAGTCTTAGTTAATACTT,..............................,0.0
GAGTTTGAAATAAATTATAGAGGTCACTTT,((.(((.............))).)).....,0.0
GGGAATACTTTTTGCGTTAACTATAATAAA,(.(((.....))).)...............,0.0
TTTAAATTCAACAGACAGGTGAGAGAGTGT,.....((((..((......))...))))..,0.0
CAGGTACGTAATGCAAGCTTGCAATCATAA,...........((((....)))).......,0.0
GTTAGCCCTTTTAAGGAGGATCCGCTACAT,..(((((((((...)))))....))))...,0.0
GAGCGACTGTGTCATTATAAGTGAGTGTGT,.....((....(((((...)))))....)),0.0
AGTCGGTATGTAATGTGAGCAATCGAAGTA,..(((((.(((.......))))))))....,0.0
TTGTTCGCATAGTTTACTTTCCAGAATCCA,..((((....((....)).....))))...,0.0
CCATCGAGGACTTACGTCATACGAATAGTT,...(((..(((....)))...)))......,0.0
AAAGGGCCTATTCATTTTCTATCGACTAAA,..............................,0.0
TTTGATTATGTAACATGGTACTCCAGAGCT,...............(((....))).....,0.0
CTGGACATTTAGCCAAAGCAGAATCAATAC,.(((........)))...............,0.0
CTAGGGTTAAAGGGCTTGTATCGACGCGAA,...(((((....))))).............,0.0
ATTTTATTTGCCAGGGGCCTGCTTGGTCAG,.........((((((......))))))...,0.0
TTAATACGCATAGATTTAAACGAGCTGGAT,..............................,0.0
AGTTGCGCTTAGACTCTATCCTAAGACTTA,.......(((((........))))).....,0.0
GCTATACTCTGAGATATACAATTTTGAACG,..............................,0.0
TTTAGATTGTGGTATTTTTTGTATTAGTTT,.........((((((.....))))))....,0.0
TGCTCTATGGGTATGTAGTGGATTAATGAA,(((((...))))).................,0.0
TGTGACATTTTGATCTTTTAATCATCTGGA,..........((((......))))......,0.0
GTAGGTATTTGTGAAAGCTCATTATTATGC,....((((..((((....))))....)))),0.0
GTTGAAATTGGGAATTGATCATGCGCCATG,........(((..............)))..,0.0
TCCGTATTTGATTAATAATGTAATCGAGGG,......((((((((......))))))))..,0.0
AATTCAGTCTCTTAGCCCTGTATATAACTT,..............................,0.0
CCAGATGCTGTATGCTACGATATTCGTGAT,......((.....))(((((...)))))..,0.0
TACATTTGTTGCATGTCTAATACATTTTGA,..............................,0.0
GTAGCAATCCTGGTTTTGATATTAAAAGTA,..............................,0.0
TTTTTGAATAATGTATGTGTATCAAAGCGT,.(((((((((.......))).))))))...,0.0
CGAGATTTGTCTTAATTGGATGGTTGAATA,........((((.....)))).........,0.0
AGCTTCACGTCAGTACTCCCAGTTGGTTAC,..................((....))....,0.0
GTACATGTGTTTCGGCGGATGTAGAATCAT,.(((((.(((....))).))))).......,0.0
AACACATACAGATGGTGTGGAAGGCTCTCG,....(((((.....)))))...........,0.0
ATAGTCATGAAGAGAGAACAGCACTATACT,(((((..((.........))..)))))...,0.0
TCATCTAAATTGTATAAGTTAATTTTGTGT,.(((..((((((.......)))))).))).,0.0
GAAATGTCTAATCTGGTTGAACATATACAA,...((((.((((...)))).))))......,0.0
ATGAAAATATTTATGGTTTGCGGTTGATAA,.......((((.((.(....).)).)))).,0.0
TAAGATCAAGCCAACTAGCGCCTCAGGATG,...((....((......))...))......,0.0
CCGAAAAACGCATCGGTAAGTTGATATGAT,((((........))))..............,0.0
TGGGATCTTGTTGGGGATTAAAGAATTACA,...((((((....))))))...........,0.0
TCAGTATGAGTGAAGGTGTTTAATCTCCCT,........((.(.((((.....)))).))),0.0
TTGGAGTAATTTTTTCAGGACGAGAGTTCT,.(((((......)))))((((....)))).,0.0
ATAATGCGTTCGGGTAATTGTTAGACACTA,....(((......)))..............,0.0
CACTTGCATCATTGTTCAGGAGGGTGTATA,....((((((.((......)).))))))..,0.0
TCGGAAGCACCAATATTAAAACTAAGTTCA,..((.....))...................,0.0
AATCATCAAATTCATGTCCTAAAAAGTCTA,..............................,0.0
ACGGGCTTAACACGATAATAAATTAGCAAG,....(((.................)))...,0.0
TATCCAAAACTATGGGATCAAGTTATTGTG,...(((......)))...............,0.0
AGAAAAAGAGTCATAGTTTTAGGATGTCTC,.......(((.(((.........))).))),0.0
GGTGGTGTTATTCTAGAACATATTCGAAAA,....(((((.......))))).........,0.0
GGTCATCGTAGTGGGACGTTCTTTTCTCAG,...........(((((........))))).,0.0
ACATTACTGTTAGAGGAAAAAGAATAGGTG,......(((((...........)))))...,0.0
AACATAATGGGTTATTGTTAATTTGTAGAT,......((((((((....))))))))....,0.0
CCTCATAATGTATGCGAGGTGAATAGAATA,((((.((.....)).))))...........,0.0
AGGTACGCATTTAAATTACACGCTTGTAGA,................((((....))))..,0.0
AAGGTGAAATAAGAGTTCTTAAGTCAACTG,.((.(((..((((....))))..))).)).,0.0
GAAACTAAATTCTTGTGTATAGGTTATCTG,..............................,0.0
AAACAACTGTTATCCTTCATAATCTGGGAA,............((((.........)))).,0.0
CGATTGATTCGTCAGTATTGGTCACTCCGC,.(((((((.(....).))))))).......,0.0
AGTAAGATGACAAAGGGAGCTTGGGTATAA,......(((...(((....)))...)))..,0.0
GATCCTTGAGAACGGGTGTCCTGTTGACTG,..........((((((...)))))).....,0.0
TGATGATCTACATTAATTGAGACTATAAGA,..(((.(((.((.....))))).)))....,0.0
CGTGTATTGGGGATACGCTCTTCGACAGTC,.(((((((...)))))))............,0.0
ATTTAGAATATATTTTATGTTGTCGTCCCG,......((((((...)))))).........,0.0
CGTACCTGCGTGATATACAGAATTATCTGA,(((....))).......((((....)))).,0.0
CAGGGTTATCCCTCATCCGTACATTGGACC,.((((....))))..((((.....))))..,0.0
ACAGCGCCTACCAGAGACCCTATCAGCTAA,..(((....................)))..,0.0
GGGAATGACCTGGCAATTGGAAGGTTTATA,......(((((..(....)..)))))....,0.0
GCTTGCTAAACGCGAAGTGTATAGATAGCT,(((..(((.((((...)))).)))..))).,0.0
TATCCATGTCAAATAAGTGTTGTTTTGGAT,.(((((...(((.......)))...))))),0.0
TTGTCTATCGAGGCAACAATATTCCGTGTC,((((((....))))))..............,0.0
TATACGTGTAATCTCTGGAAGAGGTCACTA,.....(((..((((((...)))))))))..,0.0
ACATATTCCAGACATTATTGACGACATCCT,..............................,0.0
GAGCGCTCGGAAGATAGTGGGAATGGAGGT,...((((........))))...........,0.0
CATAATCTAAGAGTCGTGTTCTGGAAGAAT,.....((((.(((.....))))))).....,0.0
CATATTATACGTGACTACGAGTCAGGTCTG,........((.(((((...))))).))...,0.0
TCTCGGGAGTATGTTCCTATGGGAAGTTAT,((((((((......))))..))))......,0.0
AGTAGTCGAGGCCTGCAAATGATACGTTCA,.((((.......))))..............,0.0
ATTTTTTTGGAGTGTCTCATGATTATGTGA,.........(((...)))............,0.0
GGCTGTACTGCGTTATCACAGTGCTGGTCA,((((((((((.(....).)))))).)))).,0.0
CTCAATAAGGTTTAACGAACTTGCATGGTT,.(((...((((((...))))))...)))..,0.0
GGTTAGTGGGCAGTTCCAGCCGTAGGAAAG,(((...(((......)))))).........,0.0
GCCGTGAGAGGGGTATAGTTTAGACTATTA,(((........)))(((((....)))))..,0.0
ACCTGATAACTTACGAAAATACTGGAACAA,..............................,0.0
TCTCAGTGTTATGTTCCCGCTACGAGGCAC,.....(((((.(((.......))).))))),0.0
ATTAATACCGAATATAATGTCTTGGTAATG,.....((((((..........))))))...,0.0
TGTGACTCGCAATGGTGAGTAAGTTTTGAA,....((((((....))))))..........,0.0
GAACCGAGTTAGAGAAATGTTTATAGGGGT,..(((....((((......))))....))),0.0
TGAAGAAGTTATAAACCTCGAGCATGGTTA,.............((((........)))).,0.0
ATAGCGCGTCGCATAGAATTAAGGGATAAA,...(((...)))..................,0.0
GGCGGACCCATGGAAAGTCAAATACCGGAA,(((...((...))...)))...........,0.0
GGGGATTATAAATTCGTCTATTCCAGTTAA,.(((((.............)))))......,0.0
GTCAGTTGTTTATTACGGCAATCTTAAAAC,....(((((.....)))))...........,0.0
TTGATTTCTTCACATGTATGTACGGATCAT,.((((((...((......))...)))))).,0.0
ATGAGAATCCGGTATTGGCTAAAATAAGAA,........(((....)))............,0.0
AGTAAGGTTGATTGGTATGCCCGACGTGCG,.(((..((((...((....)))))).))).,0.0
AATTTGTCTGAAGCTTTGGTATGCAACTAG,............((........))......,0.0
TAAATCCTCTTGATTCAACGGAGATGTGGT,......((((.........)))).......,0.0
TGTATTTATCAGTTCTCTAGAAGAAGTTGA,........((((((((.....)))).)))),0.0
AATGGCTGATGCAATGTGGCAAAAGGTTCG,...((((..(((......)))...))))..,0.0
TCCTACGTAACTTACTGTAACTCTACTTTA,......((.((.....)).)).........,0.0
AGGGTTTAATGTTGAGTTTTAAACATTTTA,.......((((((........))))))...,0.0
GGCGATCGCATGAGTTAGTCTTCGAGTAGG,..(((..((........))..)))......,0.0
GAACGTATCTTACAGTCGTAGATGGGGGAT,...(.(((((.((....))))))).)....,0.0
TTTAAGAAACCATGGGGTCAAACAGTATGA,........(((....)))............,0.0
CTATTTATTTGGCCTGTTAAATATTAATTG,.....((((((......)))))).......,0.0
TGGTTTTTGAGTGTCTTATGATCCGGGTGC,(((.((.((((...)))).)).))).....,0.0
TTAACGGAGCCCCATGAGCTAGGTGGTTGA,.......((((((........)).))))..,0.0
GATGGATGAGTAGTGGCTTTTATCTGTAGC,.(((((((((........)))))))))...,0.0
GAGACATGTAAATTTCATAACACGACTTTT,((((........))))..............,0.0
GCACGTCAGAGTGGTAATTAAATCCATTCT,.......(((((((.........))))))),0.0
TAGTGAGTTAAAACCGGTGTCCCGCAAATC,..............(((....)))......,0.0
TAGCATCAAGTTTTATGGTGCTTTCCTAAA,.(((((((.......)))))))........,0.0
TATAATGACAACAGCAATAACCAGTGTACT,..............................,0.0
TGGGAAAGTCATTTTTAAGAATTTTCAAGT,..(((((.((........)).)))))....,0.0
AGGGGGTGCGTAACTAGTCTAAATTTTTTA,(((.(((.....)))..)))..........,0.0
CAGATACTCGAGAACCTAAATATCTGATGT,((((((....((...))...))))))....,0.0
AGCTGTTCGGGGTCGTTTTAAATCAGACGT,.(((......)))(((((......))))).,0.0
TAACGACTATTACTAAAGTTGGTGTGCGAT,...(((((........))))).........,0.0
TTCTTCAACAATGGGATTTCGCTAAGTAAC,((((........))))..............,0.0
CAAATGTTTGGTTTAAGTTCAAACGAATAT,.....((((((.......))))))......,0.0
TTAGCGGTAAGTTCGCAAACTTAATAATTA,...((((.....))))..............,0.0
CTTCCTATTTCCATTGGCGCGGCGTGGTGT,................((((......)))),0.0
TGCCTAGTAAGATGGTTTCTGTGAAAAAGG,.(((.........)))..............,0.0
AAACAATAGGTAACGTTTACATGAAAGTGT,..................((((....)))),0.0
AGAGCCTTCATCTGGGGACTATCTTCCAGG,...........((((((......)))))).,0.0
ACTTCAAATTAGTAACTCATACTAGATATG,.........(((((.....)))))......,0.0
ATGTTTACACAGGAAAGTTTGTACAAAAGT,........(((((....)))))........,0.0
TGTTGGTCCACGGCGGCGAGTTTGTCATCT,.((((.....))))((((....))))....,0.0
TCATAAGAAGATGCTGCGAACCGCTTGGGA,...............(((...)))......,0.0
GGCTCTTATATATGGGGATTCTTTGCCTTA,.............((.((....)).))...,0.0
CAAAAAGGAACAGCCTGTGTCGTATTGAAT,.....(((.....)))..............,0.0
TATTAAGTCCGAGCCGAAAATGAATAATTA,..............................,0.0
TAAGAAACAGTTAATGTCATTTAATCCAGT,.........(((((......))))).....,0.0
CCCTTTGTCAAACTCATGCGTTTAGGCGCC,.....((((((((......)))).))))..,0.0
ATGGAGCTAAACTGGTGTATGGATTAGTCG,..........((((((......))))))..,0.0
GCGATTTAGTTGCTAACATACGGTTACATT,(((((...)))))((((.....))))....,0.0
CAAGGTATCAAGTTGTGTACCTTATCGTTG,.(((((((........))))))).......,0.0
AATCCGTTTCTTTGCCCGTTCAAGTCGAGA,........((((.((........)).)))),0.0
TCGTTTATATAGGATTAGTGGAGCAGAGTG,..((((...((....))...))))......,0.0
GAGGTAATCCTTATGTCTTACTTCTTAACG,(((((((..(....)..)))))))......,0.0
TATAGCCAGTAACGTTTACGGATCCCTACG,.....((.((((...)))))).........,0.0
CTAATTTGAAAATACACATGTTGATACGCG,..............................,0.0
GTCATACATTAGTATTGTTGCACACGTTCG,((((.(((.......))))).)).......,0.0
TTGTGACTAGGGCAAGCCTTCGGTAGTATT,.....(((((((....)))).)))......,0.0
ATACCGAATAATGCAATTTACATGTTATAT,..............................,0.0
CAAGCCTGCTACCTGATGCTCAGCTCCCGT,..(((..((........))...))).....,0.0
CCGTCAGAGTGAACATTGGTGTTTAGTGGA,.......(.((((((....)))))).)...,0.0
CTTGACGAAGCAGAATATTTAATTTATTTT,...........((((((.......)))))),0.0
AACGCCATCGCCTACTGCTAATAGTTGTAA,............(((.(((...))).))).,0.0
TTTCACTCTACTTAGTAGAATAATTTTAAT,......(((((...)))))...........,0.0
CTATAGTTCAGAGCGACTCCGAAAAAATAA,......(((.(((...))).))).......,0.0
AAGTTGCTATTACTCCTAAGCTACGCATTA,..((.(((..........))).))......,0.0
TTACGGTTTGCTTTTCGTATCGTACGTTAC,.((((((.((.....)).))))))......,0.0
GGTTTTATTCATAATAGAATGCAATAGGGG,.(((.(((((......))))).))).....,0.0
CGTAAGCTTACTAACGAACGAAGTTTTACC,.((((((((.(........)))).))))).,0.0
GAAAACTTAAATAGATTCTATTGTGGATGA,.....((..(((((...)))))..))....,0.0
AGTGCATTCTGAAGAACAGGTTGAGGTAAT,....((.((((.....)))).)).......,0.0
TTACACAGGAGTTAGTATGTCATTCTATAG,.......(((((.........)))))....,0.0
ATCATGCTTTTATATGGTGATCTTCATACG,((((((......))))))............,0.0
AAGATCGTATGCCATAATCAAGACGGGCAA,.........((((............)))).,0.0
GGGGAAGTTTAGTAAGTCATTTGTTCGAGG,(((.((((..........)))).)))....,0.0
GTAATATATTTGGGGCTGTCATGTTCCCGG,..........((((((......).))))).,0.0
GGGTGATATGAGCTGATTTTTACGCTGGAA,(.((((.............)))).).....,0.0
GGTCACCAAATATTAAATCGTAAAGTCCAG,..............................,0.0
GGATTTAGCACTAAGTGAAGCTACAATCTA,(((((((((..........)))).))))).,0.0
TCTTCTGTCATTACTCTAATCTCCTTTAAG,..............................,0.0
CTAAGATTTTACATAAATTGGATTTGCGTA,.........(((.(((((...))))).))),0.0
CGGGAGTGGTATAGGTACAGGTTTAGTCAG,...((.(((.............))).))..,0.0
ATCATCAAAAAAATCGCATATCTGCATTGT,...............(((....))).....,0.0
GAGGGTTTAGACCCTAACTGTGCATGATAG,.(((((....)))))..((((.....)))),0.0
CAAGGTATTGGCAGGCTTCAGATTCCATTT,...((..((((......))))...))....,0.0
AAGCTGAATGTACATGAGTTTTCATTCTGT,..((.(((((.((....))...))))).)),0.0
ACTATCTCCGGGGTTAATGAATTTAATTGA,...........((((((.....))))))..,0.0
GTAAGAGTATTAGGGTCTTGTGTTACTCGA,....(((((.((........)).)))))..,0.0
TAAACTACTTCAGTTATCCCCGCCACTCTG,..((((.....))))...............,0.0
TGTTTCCAAAGAATTAAGCATTTTGAAATA,((((((.(((..........))).)))))),0.0
CATCGAGAGATTTTTTGGTCTCTAAGGTGA,((((.(((((((....)))))))..)))).,0.0
AAAGTGTTTGATAATGTCATTTCAGATGGT,.....((((((..........))))))...,0.0
GGGGTGTTAAATAAAAACAGTGTCCACGAC,(((.((((.......))))...))).....,0.0
GCCTACCAACCGAACATAAATCGAATAACG,..........(((.......))).......,0.0
ATTTGTCCGTTAAATGTAAGCATCAGTGGG,......(((....(((....)))...))).,0.0
TCACTCAAGTGTCAACAATTGCAGGATCAT,((.(((((.((....)).))).))))....,0.0
TTTGGGCCTGCGCATATGAAGGAGGAACAA,.(((..(((.(.........).)))..))),0.0
CCCTGCATAGTATGCAGCTTGCATGGTCGC,((.((((.(((.....))))))).))....,0.0
GCTCTTCGTTCTTTTGCATTGATAAGGTCC,.((..(((...........)))..))....,0.0
TTGTCGCAAGTATGTACTATTGTATCTTTG,......((((...((((....)))).)))),0.0
GAAAGAGGGAGTACGCGGTGTTAGTATCTC,......((((.(((.........))))))),0.0
TGATATGAGGGTACGGGTCCGTACGTATGT,........(.(((((....))))).)....,0.0
TCAGTAGAGCCAGAAATAATACGTCGCTTT,.....(((((...............))))),0.0
TAGTAATGCTCTTGCTGTTTGGGATCGTTG,...(((((.((((.......)))).))))),0.0
TGACGGCTACGGATGTTGTTGCCGCAATCT,((.((((.(((.....))).))))))....,0.0
TAAAGGTATTGTTTTGGACTGTTGATAAAT,..............................,0.0
GTTGTTCATTGCTTTCTCGACCGTAGGTTT,..................((((...)))).,0.0
CAAGAATGCTACCTTTAAGATCAACTACTA,..............................,0.0
ATCTTTTTTCGGCTTGCTCCAATCAGTTTC,..............................,0.0
TGAGCTGAACGAAAATATTACTTGGTGTTT,............(((((((....))))))),0.0
TTCACATAATTGCGCGCGTTTTTAAATTGG,..............................,0.0
CTTAGCTGGGTATTCTTGTATATACTTTAG,.......((((((........))))))...,0.0
TTGGAACAGTGACATTTTGGTATGGTTATG,........(((((..(.....)..))))).,0.0
TACTAGGTTCCGATAGTGACAAACACTCAG,(((((........)))))............,0.0
ACATCCTTCAATAATAGTATATAGAGATAC,..............................,0.0
TTATTGGGGACGTGTAATGTTCCGTAGCTA,......(((((((...))))))).......,0.0
CTTTTCGATATCGGTATACAAGATCACATA,..............................,0.0
TCGTGTCATTATGCAAATAGTTAAATAGTG,......((((((............)))))),0.0
GAAAAATGGTTGGGCTATCTGAAAGGCACG,.............(((........)))...,0.0
TGCCATATTACCTATCAGGTGGTAGAAGTG,.((..((((((((...))))))))...)).,0.0
ATAGTATAGAAATTAGTTATTAGATCTATT,.....(((((..(........)..))))).,0.0
TCGGGTCTAGTTACGCATATCTAGTGGTAC,.........((..(((.......)))..)),0.0
ATAAGAGGGGGTTCACTAGAGGCGTTTGGA,.....(((.(.(((....))).).)))...,0.0
TTTAAAAGGGGCTAAAAAAATTATATTACA,..............................,0.0
GTGGCATTGACGGCAAACTTTTATGTTTTG,((.(......).))((((......))))..,0.0
CATGTGAGTTCGAATAATCATCGATATGAT,...((.(..((((.......))))..).)),0.0
TTGGACGGGAATGGTATAACCTTATTCAAA,(((((.(((..........)))..))))).,0.0
ATGCGAAAAATCCCAATGTTAGACGGACTG,..........(((...........)))...,0.0
CTGCTTAATATGGGGTGTTTATAAGTGGGC,(((((((((((...))))...)))))))..,0.0
GATAGTCACCGCCTGTTTTTTGGTGCCTGA,..(((.(((((.........))))).))).,0.0
GCTATTTAAGGGTTACATATCGCTTTAATT,.....((((((...........))))))..,0.0
GGGATATAAGTCTGGGGGTTTTGTATATGG,...(((((((.((...)).)))))))....,0.0
GAGGATTTATTACAACAAATAATTTCCTTA,(((((.(((((......)))))..))))).,0.0
ATAGAGATTTATCATCAAACGTCGGGTGCG,............((((........))))..,0.0
GTTACCGAGCGGCTGAAGTTTAATAATTAG,((((..((((.......))))..))))...,0.0
TAGCTAGGGTTACGTACGTTTTAGTTCCAT,.((((((((.........))))))))....,0.0
TGATTACCAAGGGTCTTAATCTTTATGTCT,.(((....((((((....))))))..))).,0.0
GCTCGTTATGATTTCTAGAATAATCGAATC,..(((((((..........)))).)))...,0.0
CACTCTGATTTGGCATACGGTCGTACTGGG,..(((.....((((.....))))....))),0.0
ATGTATGCTTGTTGGGGGGGTGGCATGGTT,...((((((............))))))...,0.0
GTTGGTTGGGATCGTTAATAGTGTCTTTTG,.......(((((..(....)..)))))...,0.0
TAATTTTACTAGTTTCCATCTTACAAAACA,..............................,0.0
TCGGGTTTCTTCGGTTAGATTGAGTCTGTC,.(((((((..((.....))..)))))))..,0.0
TGCAACTTTCAGTTAGGACTCCAGAAGCTA,.....((((.(((....)))...))))...,0.0
ATATGTGGGTTACAACTGGTGCTTGTGTAT,((((((((((..(....)..)))))))))),0.0
TGGGCTTATTTAGTTACGATAAGGTTGGCT,.((.((((((.......)))))).))....,0.0
TTATACGATACATGTGGTGTCTTTACTTGA,......(((((.....))))).........,0.0
TAGTGTTTACGAGGCTGCCCATCTGTACAG,((((.((...)).)))).............,0.0
TGGTTTGTCATTGTAGCTTTACTGATCCAG,(((...((((..(((....)))))))))).,0.0
AATGAAACGATAGACGTTGACTCGTACAAC,.((((..((((....))))..)))).....,0.0
TCTACCGCGCATGAGAATTTTGTAACGCCT,......(((.((((.....))))..)))..,0.0
GTATAAGTCGAGGCGAAGCAATAGTGCCAG,...........((((.........))))..,0.0
TAATTTTACCTCTACATTTCTGACTAACAG,..............................,0.0
GACTGTTTTTTTTTAGATGGCTCCTCCCAT,((((((((......)))))).)).......,0.0
TTATGTGGGATCAGTTGTATGTAATTTCCG,(((((((.((....)).)))))))......,0.0
TATGTGTCTGTCCATTTGGCGGTGAATATG,(((((..(((((.....)))))...))))),0.0
TTGCTTTCGTATCATACGAATAGCCTTTAA,..(((((((((...)))))).)))......,0.0
ATAAATAGGCATTTATATCAAAGTGGAACT,.........(((((......))))).....,0.0
ATGATGGATCCATTCTTATGACTCGTTTAT,((((..((..(((....)))..))..)))),0.0
CCTGTAGTACGTCTGGAGGATGTTAGGTTG,(((.(((.....))).)))...........,0.0
CACGATAAACATAAATCATCTCTGCCTAAT,..............................,0.0
TGTCTTTCTTTAAGTAGTGTCGTTTTAGTT,..............................,0.0
AGTCGGCTCAATTTCTATTTGTTGACCAAT,....((.(((((........)))))))...,0.0
TGGTTTTAGTATACATGCAATTCATGTGAT,...........((((((.....))))))..,0.0
TAAACACGAATATGATTTAGGGCTCCGCCA,....................(((...))).,0.0
GACCTGACAGAATCGTGATTCCGGTATAGT,.(((.((((......))..)).))).....,0.0
TTGAAGTTGTGGTTTCGTAAAATCAGGCTA,....(((..((((((....)))))).))).,0.0
AGAGAACGTCGAAGATTTGCTAGCTAACTA,..............................,0.0
CAATCTTGTATATCTCGCGAATCAAGACTT,...(((((.((.((....)))))))))...,0.0
ATACAAGTTTAGCATCGTAGAGTTACTGAT,....((.((((......)))).))......,0.0
AGAGTATTTTACTTTCATGAATTGACATAG,.(((((...)))))(((.....))).....,0.0
TAGTACAAACTCGGGGCGATATCAATAAGC,..............................,0.0
TTTAGGACTATAGAGCGTCGAACTTGGGAA,.....(((........)))...........,0.0
TGTTATTAAAAATTGTAAGCTAGCTGGGAT,..............................,0.0
TGCAAAATGGTTTATTTAGAAGAGGTTTCT,..............................,0.0
GACTACTCTTCAGTATAGAGTAAGTTTGAT,(((((((((.......))))).))))....,0.0
TAGAATCGTTTCCGCCAGGTTTGTTAAAAT,..(((((..........)))))........,0.0
TATTGCTGAGCATTGTTCAGACTTTCTTAC,.....((((((...))))))..........,0.0
TTTCAAAGGTTGTTGGTAATGCCTACTTAC,......((((..........))))......,0.0
ATCTCACAAATGTAAGACGCAGTGGGATAA,(((((((...(((.....))))))))))..,0.0
AGATTTTGTTGTGAAAATTAATGTTAATAG,.((((((......))))))...........,0.0
AACTCATTTAAGAGCAAAGTTTGCTGGTCA,............(((((...))))).....,0.0
TTTTGGTCGAATTGCATCTCCCTTAGCTCG,....((..((......))..))........,0.0
TAGTTCATTCTATCCTTGATCGTCTGCGTT,..............................,0.0
TTAGAAAAAATTATCGCAAGCTTAGTATTT,..............................,0.0
TGACTAAGATGAATAGTCGTGTTTGTGTTC,.(((((.......)))))............,0.0
ATGAATGTCGATGGGGAGTTAACTAGGGTG,...........(((........))).....,0.0
GGCCGTGGCGGATAATGGGTTTTGTATCAG,..((((........))))............,0.0
CATTGTTGACCGTTAGACGACACGGCAATA,...(((((.((((........))))))))),0.0
TAGTGTTATAGTCTGATTAACAGATATTAG,..........(((((.....))))).....,0.0
GATGCATTCCTGTTTACGTGGAATGATATA,.(((((((((.........)))))).))).,0.0
GTGGAACAAGCTAAGTGAACGAAGTGTTAG,..............................,0.0
GGAAAGAGTCACCTAAGACGGGTGTTTGTG,.........(((((.....)))))......,0.0
GTCTTGCATGAAAAATTTCGCTATGCTGTA,.....(((((...........)))))....,0.0
GGAAAGGGGTCCTTGCGAGCTTCTGTGTAA,....((((((........))))))......,0.0
CTGGGGGTAAATGTTGACTAGAGGCATAGG,((((.............)))).........,0.0
AGATCTGTGCCCATTTAGGACTTATGATTG,.((((...(.((.....)).)....)))).,0.0
ATCATTTCCATTCCATATATCTAGTACTCT,..............................,0.0
CACATTTCTGAAGCGTTCAATCCAAAACTT,..............................,0.0
TTCTATGAACGATACCGCTGCATTCAGACT,.................(((....)))...,0.0
GCATTATTTTTCAGTTCGGACCAAACTAAA,..............................,0.0
CGGATTTCTATAATGTTGGTTTGCAATGTT,...........(((((((.....))))))),0.0
CCAGGTTTTAAATCGATAGGTGTTTGCTTT,..((((.....(((....)))....)))).,0.0
AGGAATCAATCTGGTATTTTTTTGATTAAT,...((((((............))))))...,0.0
TGGCTCCGTCCTGAGGTGTCTCGACCAGAC,.(((.((.......)).)))..........,0.0
CCATTCCAGATCATTATGTTATCCGATAAA,..............................,0.0
TTTCGCCATAAAAAACTCTTTAATGCGTAG,...(((..((((......))))..)))...,0.0
GAATAAAGCCCGGGTCAATTTAAATATTGT,...............((((......)))).,0.0
ACTTTACGGTAACTCGTACTTCACAATTTG,....(((((....)))))............,0.0
GTCGTAAGTTTTCTGCGAGTATTTACGTGA,..(((((((.(((...))).)))))))...,0.0
GCAGCGTTTTTGTGGAGGGCCATAATTTTC,.........((((((....)))))).....,0.0
CCAGAATCCGGTCAAAATGAATAACGGCAG,.......(((..............)))...,0.0
TTACCCTTTGGTAAGTAAGGTAAGTTCACA,(((((....)))))................,0.0
CCGAAGGCAAGCTTTCTTAAGGGCATGTTC,.....((((.(((((....))))).)))).,0.0
TAGGGCGCCACTGGTCATGTGACATGTTGT,......((.((..(((....)))..)).)),0.0
TCGATACTGCGGCTCTATTTAAGGTGTATT,.......((((.((.......)).))))..,0.0
ATTAGGAATATGGGAGCATTACAAACAGCG,..............................,0.0
TTAACTTTTGTAGGTTTTTAAAAAATATAA,..(((((....)))))..............,0.0
GAGTTAGAAGATAATTTCATTGTGCTGAGA,.(((..((.((.....)).))..)))....,0.0
TGCAGTTCAGTATACTGGCTTCACACGCAC,((.(((.(((....)))))).)).......,0.0
TCATTATTAGCGATATGCCCAGCGGCCAAT,................(((....)))....,0.0
GTTAGTAACGGAATACCCCAATCACCTTAA,.........((......))...........,0.0
GGTTACCCTGGTGTTATAGCGTTATGACGT,............((((((....))))))..,0.0
CGGCGAGGCGATACCAAGTAGGGGTAGCAA,.......((..((((.......))))))..,0.0
GGATTCAGGTGATCTGCTGTGCCTGTTTCT,(((..((((((........))))))..))),0.0
GGTTCGTACAAACCGTTTAAGAAAGCAAAA,((((......))))((((....))))....,0.0
AAAGTTAAGTATACTTCCCGGTAGGAAATG,..............((((.....))))...,0.0
TTGCGAGCAACACACACTTAGTTCAGGTGT,.............((((((.....)))))),0.0
TGTGTAAATGGTGCAAGGACTTTCCGCTTA,.(((.....(((......)))...)))...,0.0
TAAAGATTGTGCAGAACTCGCCAGCACCAT,........((((...........))))...,0.0
CTTCGCACTTTCAGATTTATAGCATAGAAT,..............................,0.0
CGCAGGGTTGGTTAATATAAACAAGGATAG,..............................,0.0
AAGTTGCTATGTTGGAGTGCAGGATAATCG,.......(((.(((.....))).)))....,0.0
TGGAGAGAGCATGGTTTAAGCTTTGGCGTC,..(..(((((.........)))))..)...,0.0
ACCGGTTTTAGTGATACTTATTATATCTTG,...(((..((((((...)))))).)))...,0.0
AATTACGTACTGTAAGTCATTAGTTGCTTT,......((((((........))).)))...,0.0
ACTGCCGGCAGGTTATGGAATCGTATGGGA,....(((...((((....))))...)))..,0.0
ATGCTTTTATAAACTACGTACATCTTTACG,................((((......)))),0.0
AAAGATACAATCATTAGAGGAATACTGTTT,..............................,0.0
GGTGCTCTACTAGAGTAATTACAATCTTCT,..((((((...)))))).............,0.0
GCTAACAGGAGCTACGTAGTCTCCAAACGG,.......((((((....)).))))......,0.0
CCACAAAGATTAGCCTGGACTCGAATGGGT,............(((((........))))),0.0
ATTCCGTATGAATCACTTTTAAGTTCGCTT,..............................,0.0
TGTATACTAAATTCACAAGATTATATAAGT,..............................,0.0
ATTCTGGTTGTCTGGACAATAACCTAGTTA,.....((((((.......))))))......,0.0
GAGGAATTTTATTCAAATTCTGAAGTGTAG,..(((((((.....))))))).........,0.0
TAGGGGCCCTTAGAATTGCAGATCTGGTGA,.....(((...(((........))))))..,0.0
ATGGTTCACGCAGGAAACATTATATCGAGC,(((..((......))..)))..........,0.0
AATGAGTAGACTAACCGGTACCATCGGTAT,.............((((((...))))))..,0.0
GAAGCGTTATATGTAGGGTTTCTGCGGACA,(((((.(((....))).)))))........,0.0
TTATGGTAGCCATAGAATTCGGTGCACGGA,((((((...))))))..((((.....)))),0.0
AACATATTGATTAAGGTACCTCATGTGCTT,.............((((((.....)))))),0.0
TCGCTATCATAGGTTCAAGTGCCGTGATGG,...(((((((.(((......)))))))))),0.0
GTAGAATTAAACCTAGTATTAAATTTCTTC,..............................,0.0
ACGATTCCACGAGTTACAAGCGTCGAAAGA,....(((.(((.........))).)))...,0.0
GTAGCTTTGCCCTTTTGGGTGGAATGCACA,(((..(((((((....))))))).)))...,0.0
TTATACCAATTTACTGAGCGAACGGACAAG,.............(((......))).....,0.0
TCAAAGTTAGATGACATTAAAAGTTAGTCT,........(((((((.......)))).))),0.0
TCACAGAGACTAATTACTGAGTAAGTTATT,.......((((.(((....))).))))...,0.0
GGTATTAGATAATAATGCTTGCAAAGTCAT,(((((((.....)))))))...........,0.0
GTTGGAACGGTATACGCAAAGTTTCCTAGG,...(((((............))))).....,0.0
AGATTGAGTGGTCAACATTATCTAATCAAA,.(((((.(((((....))))).)))))...,0.0
GTTATGAATACAACCCCCAATCAAATTACT,..............................,0.0
CGCAAAATTGGTCAACACAGATGCAGGGTC,.(((...(((.......))).)))......,0.0
TTCAGGAATAGCCCAGAACATTGTGGGTTA,........(((((((........))))))),0.0
TGGTTTGGTCAGATCAATATGCTTTTGTGT,((((((....))))))..............,0.0
TCTTCGTGCGTGTCTTGTTGATGGACATAC,.........((((((.......))))))..,0.0
TATAGACAGCCACCGATCTATTAGTTTTGA,.(((((..(....)..))))).........,0.0
ATAAGTAAGTGCGCGGTAAGGATACAGTTG,........(((..(.....)..))).....,0.0
TTACTGATAACAGAGTTTGTGTTTCCCATG,...(((....))).................,0.0
TTAAGGTTTGAATTCGATACATTGCCGGAG,....(..(((....)))..)..........,0.0
AGTGGGGACCTTGGGTATCAATTTGGTCCG,.....(((((..............))))).,0.0
AGTAACGCACTAGCCTCAGTTTTGAATCTA,..........(((..(((....)))..))),0.0
AACGTTCTTGAATGTTCTCGGTTGGGGTTA,((((((....))))))(((....)))....,0.0
ATAATTGTGGCGCACGTAGTTTGCACTAAC,.......(((.(((.......))).)))..,0.0
ATGCCAAACTATCCGTTGTAAAGGCGCTAT,..(((..((........))...))).....,0.0
TAATTATCTTTCGCCGTACTTTGACGTTTC,..............(((......)))....,0.0
AGTGTTATTTTGCGTTAAATGCATTGAATC,..........(((((...))))).......,0.0
GTGTGATATTGTGGTGCCAGTTTAAATTTG,..............................,0.0
TAAGCTTATTTGTGATTTAGAACCGATGAA,.....(((((.((........)).))))).,0.0
GAGCCTGTAACGGTCTTAGAATTATTTTAT,(((((......)).))).............,0.0
TATGCTGTGGCCAGGTGGCCATCCCAGTCT,...(((((((((....)))))...))))..,0.0
AGACTAGTAGAGTTTTAGTTTAGACGCTTA,(((((((.......))))))).........,0.0
ATGCATTGGATGGTCAACTGTTGCGGCGAT,..((....(((((....)))))...))...,0.0
ATGTATGTGTTGTCTACTTACGACTACGTA,...((((((((((......))))).))))),0.0
GGCAGTTATCTTTACGTGAGAGAGGTCTAA,(((.....((((.....))))...)))...,0.0
TACGTGAATCTAATTTATGAACTATTTTTG,..(((((((...)))))))...........,0.0
TTGCCGACATAGTAACAGTATGGATGGTTA,..((((.((((.......))))..))))..,0.0
AATGTTCAACGTCATTCCAGTACACCATTG,..............................,0.0
TCATACGAGTATGAGATATGGTAATCGAGT,.....(((.(((.(....).))).)))...,0.0
GACAGGGGGTGAACTTTCTTCCCTCATTGT,....(((((.((....))..))))).....,0.0
TGACTGAATTAGCCTAACTGGATGTTATAG,..............((((.....))))...,0.0
AGCAACGATAGAATAATGCCACTGATTATT,...........((((((.......)))))),0.0
TTCCTTATTGGTTAGTTCTGGTGTGCCCTA,.....((((((......)))))).......,0.0
TAAGGGAAGTTCGTGGTATAGGTTCTATTT,....((((.((........)).))))....,0.0
CTAGATATGATATAAGAATAGTCATCTAAC,.((((..((((.........))))))))..,0.0
ATAGTTACTTCGTGCGTGGAAAGTAATGTT,...((((((((.......).)))))))...,0.0
GTAATACCTAGAAAAATATCACCGTCACTA,..............................,0.0
TGTTCTGGGTAATCTAAATTCCCATGTGGG,.....((((.(((....)))))))......,0.0
CTCCGTAAATAAAACTGAAGTCACCGTCCT,..............................,0.0
GGCTTTGGAACATTTAATCCTCTTTAGGGA,.................((((.....)))),0.0
GATATAGCGTGTTTGTTCGTACGTCGTTAA,....((((((((........))).))))).,0.0
TTGTTTCGTATTATTACTTGAGAAGATCTT,...((((.((........)).)))).....,0.0
AAGGTGTGACTATGTTATTGAGATGTTTAT,.....(((((...)))))............,0.0
CGCAGTTTACTTGCGTTTCCAAATATACTA,(((((.....)))))...............,0.0
AACCCATGTTATCTCTTTAAATACCTAGTT,..............................,0.0
ATTATAGTCCTGTGTTTGTTATCCAGAAAT,.........(((.(........))))....,0.0
ACTGTCCACCAAGCGTGTAATTATTCATCT,......(((.....))).............,0.0
TGATTTAAGGGTGTTTGTGAATATTGTCGC,................((((......)))),0.0
AATAGACGTGGGGAGATGAACGCGCCTAGA,..(((.((((..........)))).)))..,0.0
AGCGGCGAACCTGATTGTTTATCCAGACGA,...((.((((......))))..))......,0.0
TGTTATGAGTTATTTAGTGGTTAGCTCGCA,......((((((.........))))))...,0.0
CAAGTATCATCCATGTACTAAATCATTCGC,..(((((.......)))))...........,0.0
TAAGAGAGTGATCGTTTGTAAGTTACTAGT,......((((((.........))))))...,0.0
TAATTTTAGCTTCGTTATGATAATTTTTTG,..(((.((((...)))).))).........,0.0
GCTGAATTTAAAAATCGTTGTAAGTTCACA,..((((((((..........))))))))..,0.0
CTCTAAACAATTTAGATATCAGTATCGCCA,.((((((...))))))..............,0.0
GAGACCTGCATTGGTGTAACTCACCTCGAG,............((((.....)))).....,0.0
TGGGAGGAGTTTCCCGTGTCATGGTATAGT,.(((((....)))))...............,0.0
TAGTGCGAGGGGGCTATTATCCGTTTGGAC,..((.((((.(((......))).)))).)),0.0
TGATGTACTCATCGAATTTTCCCAGTCATT,(((((....)))))................,0.0
TTAAAGGGTTTCATATGCTTAGTTATGAGT,.........((((((........)))))).,0.0
CAATAGTTATTCAACATCTACGGGAGCATA,..............................,0.0
AGAGGAGCTGCGATCATGTCTGCATGGACC,...((..(((((((...))).))).)..)),0.0
ATTAGGTTTTATATCACTACTAAGCAAAAT,.((((..............)))).......,0.0
GGTTTATTACTGGTCATAGCTATGATAACT,...((((((.((((....))))))))))..,0.0
CTTGATGATACCACGCCAATTTGGTTTCGC,......((.((((........)))).))..,0.0
TTTGTTAGCACATATGTCTTAATGGTTCTT,......(((.(((........))))))...,0.0
TTCGTGCTTCCAAAGTGTCTGTTTTATTTC,..............................,0.0
CCTGTATGTGCCACGTGTTACTGAATTGAC,....(((((...))))).............,0.0
AATGGCGTGTCTTAGAGGAGCATCTGATTA,...........(((((......)))))...,0.0
AGGAATTCCGGCTCTCGAGTGAGGCTGTGT,........((((.(((....)))))))...,0.0
GGTAGGAGACGTGAAACTAGTCAATCGTCG,.......(((((((......)))..)))).,0.0
GCTTATTTATTCACGAGTTTGTTTTAGTCT,..............................,0.0
GTTTTCCTTTCGTCTTACTAGTGACGACGT,.........(((((........)))))...,0.0
CACTTCTGGGCATTTGTTCTTTACATCGAT,.......((((....))))...........,0.0
GCGTAGATCTCTGGAGGTGGTTTTTCATCG,...............(((((....))))).,0.0
GGAAATTTCCGTCTGCTAAAATTCTGTTTT,(((....)))....................,0.0
CGGCCTTCAAAAATCAGATGGACAAGTTCC,...((.((........)).)).........,0.0
GTTTAAAATGTGTTCTAGGTAGGATCATTA,......((((.(((((....))))))))).,0.0
TAGCTAGATCCGTGAAGTCCACAAAGAGGT,...........(((.....)))........,0.0
TGATCGTGGGTAGGATTAGTATTTGCTCTA,.......(((((((.......)))))))..,0.0
ATTCAACCTCTATGTTTTTTTGTAAGTTTC,..............................,0.0
CCAGGTTATTTGGCTCTCATCATAACTTCG,..(((((((.((.....))..)))))))..,0.0
TGAATGCGGTCCCAGACGCTGTTACTTTGT,(((..(((........)))..)))......,0.0
TAGCTGATTTATAGTTATTTGTTTGCGTAA,((((((.....)))))).............,0.0
CATTGTTCATCAGGATTTTACTCGCGGTTT,........(((..((......))..)))..,0.0
GATCTGCACAGTGCGGAAGGGTGGTGGAAT,..((((((...)))))).............,0.0
TAAGCTATTTTTCGTATCCACACGTATGTT,............(((((......)))))..,0.0
ACGAAAGTTGAGGGGATGTCCATTAGACAC,......(((....((....))....)))..,0.0
ATTACCTGACTTAATAATTTTATCTTTGCC,..............................,0.0
TTGAACGATAATTTACTTGAGGGTATAAAG,.............((((....)))).....,0.0
AAAGGTTCCGTTATTAGACAGGTACGTTAG,.((.((.(((((....))).)).)).))..,0.0
GATGTTTCAATTGAAAATAGCTTGTCTGGT,....((((....))))..............,0.0
CATTAATCTATCAAAAACCTTATATTGTAA,..............................,0.0
TGTTACACTCTTTCATAATCTTACGGGCGA,..............................,0.0
TGGGACATTAAGTCAAGTGTTGATTAAGAC,...((((((......)))))).........,0.0
CACATATATGGCGGTAATCGGTTATGCATG,..(((.((((((.(....).)))))).))),0.0
GAAGAATCTTCATTTACCACTAAGATCTTT,(((((.((((...........))))))))),0.0
ACAATCAGCTGCCAATTAATTCCCTTTTAT,..............................,0.0
ATGGGATAATGTACCGGTCTATTGCTATTT,((.((........)).))............,0.0
AAGAAGTCATAGATAATCCAATTTGTTATG,...........(((((......)))))...,0.0
ATTGGAGGAGCTTAAAATATGGTCAAGTTA,.......((.(.........).))......,0.0
TATTTGGGAACAGTGGGAACAACTTTCTAG,......((((.(((.......)))))))..,0.0
AAAAAATCTATAATTGAGTGGAATTGTAGT,.......((((((((......)))))))).,0.0
TAAAGTAGCTGGAACCACTTTTGATGATTC,.(((((.(......).))))).........,0.0
TTGAGCTGTCACAAGTTGGGGTACCATGAA,...((((......))))((....)).....,0.0
AGCAAGCAGGCAGACAGCAGATCTCTTTGG,......((((.((((....).))).)))).,0.0
ACGTAATCGGTATAAATCATCATCGGCTCA,......(((((..........)))))....,0.0
GACATTGGATAAGGGAGACCGCACAACTAG,....(((.....((....))...)))....,0.0
GTTTTGGAGTTGTGAGGCAGTGATTTAAAG,((((((......))))))............,0.0
TTTAAAGCACATTCGAAATCTCAGGTAGAG,...................(((.....))),0.0
ACGATCAGCAACCCGTAAATTATATCCTCC,..............................,0.0
ACTGATGGATCGCAACCTTGAAATTCAATT,.....(((((..((....))..)))))...,0.0
CACCGTAGCAGATCTGATCTTCCATATATT,..............................,0.0
AGAGCCTGCTTAGGAAATGGCTGAAGTGTC,..((((............))))........,0.0
TACAAGTGATTTTCGTTACCGCTTAATGTT,...(((((...........)))))......,0.0
TAAGATTAAGTCGCACAAACTAATAAATTA,..............................,0.0
CATGTGAGTAGTATTCAGTTTATGAACCTC,(((((((((...)))))...))))......,0.0
AGCTACTAAAATTTGTGTTTGGATAGTGGA,..((((((((((....))))...)))))).,0.0
GAACTCGTTGAATCCATGCTGGCGGATCTA,...........((((........))))...,0.0
AAGTAGGTGGAGTTTAATCCGGAGGTATGA,.......((((......)))).........,0.0
CGATAAACCGAAGGCAAACTGGGTTATCTC,.(((((.((..((.....)).)))))))..,0.0
ACTAGGGCTTACTACAATTGTGTGGATTTA,...........(((((....))))).....,0.0
ATATAAGTATCAGACAGGATTCGAGAGTAG,..............................,0.0
AGCGAAATTAAGGCATTTCGCGTGACGAAC,.(((((((......))))))).........,0.0
TGTAGTTCAATGCGGTGGACATCGTCGTCC,((((......))))..((((......)))),0.0
ACATTGAATAGTGAGGACGTACTGAGATGA,.((((...(((((......))))).)))).,0.0
AGGTTACATTAAATCGTGTAATGCAGCTGT,..(((((((......)))))))........,0.0
CATTATTTAAGGATATACATTTAAAAAGTG,((((.((((((........)))))).)))),0.0
AAGAGAATTGGGAGTTTATTTGAGATGCGG,..............................,0.0
TGGATCATTGTGAGAGAGCTTCCAAGTACA,((((...((......))...))))......,0.0
ACGAATGGACGTTTTTACTTTAGTAATGAC,..........(((.((((....)))).))),0.0
CAGGAGCCTTCACATACGATAGGTTCGATG,...((((((((......)).))))))....,0.0
TAGGCAATTCATAGTTATTGGTTCACACTC,.((.((((........)))).)).......,0.0
AGTGGTTAGTGTTATTTTGTGTGATTGAGG,..........(((((.....))))).....,0.0
GTAACGGATTTTCGCGGTAGGTCTTATATT,.....((((((.......))))))......,0.0
GTTTCTATCACGTTACGAAAATGAAGTAGT,....((((..((((.....))))..)))).,0.0
GGGTAGTAATATCATTGTATTACTACTTTA,.(((((((((((....)))))))))))...,0.0
CCAAAAACCAGATATATTGAAACCAGAATA,..............................,0.0
ACCAGGGTGGCGAGATTTGTTTATTTTTAA,.(((...)))....................,0.0
GGATAGAACAGTTCCCTTGTGGTTTTGTTA,.((((((((............)))))))).,0.0
AAAACTTGTCTAGAATGAGTACAGGGTGAT,....(((((((......)).))))).....,0.0
CCTTAGTCCTGCTCCGTGCTGTGTTGAGTT,.(((((.((.((.....)).).))))))..,0.0
TGGTGTGTTATTGATAGGATTTGTTGTTAA,..........(((((((......))))))),0.0
ATAAAATGATTAGGGATTCTTATATCATTG,....((((((((((....)))).)))))).,0.0
AGGTTGAAAATGCATCGGTAGCGAACTAAA,.((((.....(((....)))...))))...,0.0
TGTACATCAAGGGAATTAAGATGGCTCGTT,....((((...........)))).......,0.0
AAGTCTGCCCTCCACTTTCACTGGTGAATT,............((((......))))....,0.0
AGCTTACAATCCTTTTAGTAAACTTATTGT,..............................,0.0
GGACAAAGCGTGGTCTTGCCAAAAAAAGAT,((.(((.((...)).)))))..........,0.0
ATGTTTATGGCGTACCTATGAATTAATTTA,..((((((((.....)))))))).......,0.0
ATGTGAGAACTAACCGTAGGTTTGTATAAT,.((((.(((((.......))))).))))..,0.0
ACCAGATGACTACTGTTTCACCTTACTCTC,....((.(((....)))))...........,0.0
GGTCATGGTAGATCTTCAAATGTCGGAGTT,((((......))))................,0.0
CCCTAGCAGGCAAAATACGGGGGTAGTTAA,((((..............))))........,0.0
GCAGTTTTATAACACTCTATATAACTCCTA,..((((.((((......)))).))))....,0.0
CATGTCAGATCCTGGTTCAGACCGCTTCGG,...(((.((.......)).)))........,0.0
GGAAGTGCGTTGGAAAGAGTCACGCGGTTT,.(((.(((((.((......))))))).))),0.0
CAATTCCTTTTGAACAGTCTGTGACGTACT,................(((...))).....,0.0
