Sequences,Secondary structure,Scores
TGTAGTAATCAACTTTTAGACTTTACAGCT,(((((...((........))..)))))...,118.1049221394719
TATGAGGGATAGTTGCGTTGGTTCGTTGAT,...((.((((..........)))).))...,113.52280410742496
CGACCTACTGATCGCCGAGGCTTAATGAGG,...(((.(.....((....)).....)))),107.88351049424509
CTACATAAATTATAATATTTTAGGATGTGG,((((((...(((........))).)))))),102.8839178515008
GGCGATAGCCGTTGTTTGATGGCAGTGGCC,(((.((.((((((....)))))).)).))),101.1298420221169
TCAGTTCTCACTAGTGTTAGTGTAGGCTGT,.(((((..(((((....)))))..))))).,100.94402843601895
AGACTAAAATTATATGTTTTAGTTCGATGT,.(((((((((.....)))))))))......,99.51977883096366
GGCAAGATTTATCTGCGCCATCGTGGAGTA,(((.(((....)))..)))...........,99.48248815165877
TATAAGTCTTGGTCTTGTGATCGGCGACAG,.....(((((((((....)))))).)))..,98.60499999999999
AGGCAGATTTATTCTGCTTCCCATTGCGGA,.((((((.....))))))(((......))),98.42099526066352
ATTATAATTTTCTAATAGTATTAGGATGTG,......((.(((((((...))))))).)).,98.14995260663507
AAATATGGTTGTTAAATAGCTGTGATTGAA,...(((((((((...)))))))))......,98.04520649966149
TAGTATAGTCTTCTGCAGGGACACATACAT,..((((.(((((.....)))))..))))..,97.80360979462876
GTTCATAAATTATATGGATATCATTAGAAT,(((((((.....)))))))...........,97.56981832543443
TAATAGTCTTCTGGTTGGAGACGCAATAAT,.....((((((.....))))))........,97.2485150078989
ACATAAAGTAAATGAATATTTTAGATGAAC,...(((((((......))))))).......,96.88091627172196
ATTCTAAAAAAGTGGAAACGATATTGGATT,..(((((....((....))....)))))..,96.73798578199052
GGCGTGCGTTGTTTAATTGGAAGGGGGCAT,...((((.((.(((.....))).)).)))),96.67889415481832
CATTTTTTATCGGCTTTGAATTTTTGTTCA,................(((((....))))),96.58177725118483
TAATACTGCATTTTAATATTGTAGGGTTTG,.....(((((.........)))))......,96.46109004739337
TGTTTTTAGTAGAGTTGGTATCCGTCGGCT,............((((((......)))))),96.31859399684043
AAAAATGATTGAAGAGTCTAGCTTTTCATA,.........((((((((...))))))))..,96.2939336492891
TGTTTAAGTAGTTGGACTTTTGGTTGGGCT,.........((((.((((...)))).)))),96.23652448657188
TTTCGTATAGATAGGGGTAGCGATGCTTCC,.............((((((....)))))).,96.22277251184833
TGTTAGGTATTATATTTAGTTATAATGAAA,.......(((((((......)))))))...,95.9937914691943
TACTAAAATTTCATTGAAAATTATGGTTTG,.((((.(((((......))))).))))...,95.96859399684044
CCAATCTATCCGAACGGATGTGGATGTTAA,(((...(((((....)))))))).......,95.96412322274881
TGAGATTTATTAGTAATGAAACTTATGAGA,((((.((((((...)))))).)))).....,95.58656398104264
TTTGACAAAATCAAATATTTATATTTACAG,(((((.....)))))...............,95.41182464454977
ATCGTATAAGTTCACTTGTTAGTGTTGCGG,.........((.((((....))))..))..,95.30244075829384
GAGCGCTTGAAACTCCTGCGACTTATTATT,((((((..((...))..))).)))......,95.29495260663508
GCTACTAGAAATTTTAAATTAGTATGTGTA,((((((((..........)))))).))...,95.28944707740916
GTGTACACAAGGTCTCCTTAGTTAACATCT,((((..((((((...)))).))..))))..,95.24175355450237
GGTGATTAAAAATACGCAATCTCACCTATT,(((((................)))))....,95.1450710900474
TTGTACAAGAAATTTGCAATTAAGTACTCT,..((((.................))))...,95.14056872037915
AATTGGCCCAGGTGTTGTGTTCGCCGACGA,..(((((.((.......))...)))))...,95.02822274881517
ACTGAATATTAGTAAATATTTAACAGAGAA,..((((((((....))))))))........,94.95457345971563
TAAGACATTAGTCGTTATGTGGTGTTTGTA,..((((((((.........))))))))...,94.87767772511847
TTTGGTACATTTTTAATTTTTTACTATTGG,..(((((..............)))))....,94.84745429925525
ATGTCGTTTAAATGTGTAGATTTACTGCTG,...............((((.....))))..,94.68623222748815
ATTTATTTTTTGATGCCCTTTTTCATCTCA,...........((((........))))...,94.60725118483411
ATTAAATCTGTATTTTAAGATCTTTTTATT,.....((((........)))).........,94.58414691943128
TGCCATTCGCGTTGATGTGGGATTTTAGTC,(.((((((.....)).)))).)........,94.50457345971563
ATGCTTGAAATCAGAATCTAGATTTACATG,.....(((((((........))))).))..,94.4402606635071
TTGTACTAATATTTCCTCAGTTTGGCAATG,.........((((.((.......)).)))),94.42469194312797
AGGCAAATCAACTGTTTTGTAACGCTATGA,..(((((........)))))..........,94.42267772511849
CATTCTTACTTCAGTAAGGCCTGCTCTTTA,...((((((....))))))...........,94.41957345971564
ATGGATAATTAATTTAGACTAATTATGGAT,....(((((((........)))))))....,94.3824779959377
CCATCGTTGCTTTATTTGTTCATTGAGGGT,((.(((..((.......))....)))))..,94.34568720379147
AGATTTTAGATTAGAGTACGTAAGATCGCT,.(((((((..(......)..)))))))...,94.23494470774092
TAAGTATATCTTACACACGGTACACTTATA,(((((.((((........)))).)))))..,94.1221327014218
CCGTACTTAAAGTAAAATACTTTTTGAGTG,...(((((((((.........))))))))),94.06492101105846
TAGGATGGTTTTAAGTGTGGGACGCATACA,..............(((((.....))))).,94.00515007898895
GCCGATATGGCTACGTAGATATGTGGATAG,(((.....)))(((((....))))).....,93.98879146919433
TTGTAGTAAAAACTTTTTACTGTATAGTCA,...((((((((...))))))))........,93.9617941773866
AATTAAGCCCAGATCTGTGGTGGCGCATGA,......(((((.........))).))....,93.87407582938388
TACAACGTTTTAAAATTGTTATAAATGTGG,....((((((............))))))..,93.83470774091627
AGTAAAACATCTTATCTTATAGGACAAGGT,........(((((.(((....))).))))),93.82443127962085
TTTGTTAATAGGTAAGGCATCAGTGAGTCC,...............(((........))).,93.72537914691942
GGAGGCTCTATTTAGAGCCATGCTGGAATA,...((((((....))))))...........,93.70227488151659
CTGCCTTGATATCGTAGTTATTTTGGATAG,(((((..((((.......))))..)).))),93.69112164296999
ATCGTATTTCAATATGTTCAGTGCAGGCGT,..(((((....)))))..............,93.6761374407583
ATGCAAAAAATTATGTTTAGATTTTACATT,......((((((.......)))))).....,93.66206161137441
TGAATTTCGTAATGCGAAAAAAATTGGGCA,....((((((...))))))...........,93.60597156398104
TACGGAAACGTATGTGAACATATTGGATTT,((((....))))..................,93.51847551342811
TGGTTATAAGTCTATCAAGATTTGTAAAAT,...((((((((((....))))))))))...,93.51503046716317
GAAAATTTTATTTCCGCCTTGTGGAGTGCA,...........((((((...))))))....,93.50037914691943
ATGTCTTAGTATTCGCTGTAACTAAACTTT,..((..((((....))))..))........,93.45715639810426
ATTCATACTTGGTCAGGCCTCGATGCTTCC,...(((.(..(((...)))..)))).....,93.4135308056872
TGCAAATTTTTATCATTTTTTATAGTGTAT,.............((((......))))...,93.358299104792
CTAGGTACGAATTTAGTAAATTAGGTGTTG,((((.(((.......)))..))))......,93.35180884676146
TACGTTAAGTTCATTGATTTATATTGAACT,.......((((((...........)))))),93.26954186413901
CAAACTTTTATTCGTGCAGACCGATTGGTT,..................((((....)))),93.23077409162718
GTTTTTAGTGATGTTAGTCGTCCCGATGCT,.........((((.....))))........,93.17684834123222
TTGTACTTGGTTAATTATTTTAAATCAGTG,...((((.((((..........)))))))),93.07886932972241
TGTGGATAATTAATTAATATTAGCTTTACT,.(((((...(((((....))))).))))).,93.06776912660798
AATTTACTATGTTATTTTTTTTCTCATGGA,......(((((.............))))).,93.05126503827927
CAGTTGTTAAATTGCTGTAATTGAATTTCT,((((.........)))).............,93.0380297901151
TGGTTACGTTTAGTTAGATATTTTCTATGT,..............((((.....))))...,93.01497968855789
ATTGGATTTTTTGTTTACGCGTTTTTGAAC,............(((((........))))),93.00677725118484
GTGATGTCAAATGGCTATAATGGGTAGCCG,............((((((.....)))))).,92.91729857819905
ATAAGTGATTCAGAATCTTGTATTTAGTTG,(((((...........))))).........,92.83563981042654
TGGTGATTTAGTAACTTGTATTGCTCTGCT,.((((((.(((....))).)))))).....,92.76274881516588
TTGTCAAAATAAATTTTTAGACTTTGCGTT,..(((((((.....)))).)))........,92.64094109681787
TGGTTAAACGTTTAGTCAGGGTTGGTTTAT,....(((((...............))))).,92.61323628977658
GGTGTAATAAACTTTGGGTAGTTTTTCATC,((((....(((((......)))))..)))),92.60739336492891
ATTCTGATAGTGGAGTTAGATTTTTAGTTT,..((((((......))))))..........,92.56424170616114
CGGAAGGTATTAGTAATGAGTCTAAAGGAA,.........((((........)))).....,92.55741706161137
CTTCTACGTTTAGTAGGATTGTGATCATAT,.((((((.....))))))............,92.55688896411645
GATCATATGGTTGTTAAAAGCCCGGATATT,.(((....((((......))))..)))...,92.53290115098171
ATCTATGTGGATTACCTATGTTTTTTTAGT,....((((((.....)))))).........,92.47087677725119
GTATGTCAAGATGTACAGTTGTGTAGACTG,((((((....))))))((((.....)))).,92.4704186413902
TGATTCTGAAAGTAGATTTGTATGCTCTCT,.......((.((((........)))).)).,92.39750394944708
TAGGAAAATAGTTCTAAAAAGTTCGGTAAC,(((((......)))))..............,92.38814375987363
TTAACTAAAGTACATTATTGGAATATTTGG,....(((((...((....)).....))))),92.37680884676145
TGACTATTAGTCTTCTGCATGGGGCCGTAT,...(((((((....))).))))........,92.30526856240127
GCTGATGTAGTTGGTTGGTTTCGCGTTGGT,((((((((..............)))))))),92.29768562401264
ATCTATTAGGGCAGTACTGTAGATTTCATG,((((((.((.......))))))))......,92.29049763033176
ATGATATTAAGTGCTGTATCGTTTTTTCCT,(((((((........)))))))........,92.28349921011059
GTTAATTTGGTTGCTTACAGATGCGGATAG,....(((((........)))))........,92.28266982622432
ATGATTGAATAATCTGACGTCTTTTATATT,..((((....))))................,92.17485781990521
AGCATTCGTATAGCCAAAAAAATTGGGGGG,.............((((.....))))....,92.14708530805687
CTACATTATCTATATTTGGTTTCAGTGTTG,..(((((..(((....)))....)))))..,92.11954186413901
ACATTAGTGCTCGTTCTGAGTAGTTTTTTT,.....(.(((((.....))))).)......,92.0674644549763
ATATTTAATTATGTAGAAACGTGTTGATTG,....(((((.((((....)))))))))...,92.05876777251186
TGTCGTAATCTACAATAAAGTTTACGATAT,((((((((.((.......)).)))))))).,91.9780433310765
CTGAGTATGTTAGAATTAGTCTAAGGGACG,....((.(.(((((.....))))).).)).,91.96049763033176
ATTGGGTTGGACTTAGAATCTAGCTAACAT,....(((((((.......))))))).....,91.95021327014219
TTTTACTCCATTGATTGATTATTAATTTTA,.........((((((.....))))))....,91.91575152335815
GGCAAATTAATCTGCGGCCTATTAATTGGA,.(((........)))..((........)).,91.88260663507108
CGATGTAGCATCCGATTCTTGGGTGTTTTT,......(((((((((...)))))))))...,91.86422590837283
TGTTAGTCCGTCTAGCAGGTATACTAAGAT,((((((.....)))))).............,91.84823854660348
ATCGGACTTGTAGGTTCCTGGTGAGGACGT,..((..(((.(((....)))..)))..)).,91.7930410742496
GCAGATGTTGTACTAAGATTATGTTGAAAT,((((((.(((...))).))).)))......,91.75711690363349
ACTTTAACGTTCCTTATCAAATAGGACGGT,.......(((.(((........))))))..,91.73236966824643
TGATCGAAACAGGTTCTATATTTTTTAATG,.((((......))))...............,91.63421800947867
GTATGTTGGTTGTTCAATACTATATTCGAC,....(((((.(((........))).))))),91.5195125253893
GTACCAATGATGTACTAATTATGTAAAATT,((((.......))))...............,91.48744075829383
CTACTAAAACAAAACTGTTTTAAGGTATAG,.((((((((((....))))))..))))...,91.46239336492891
TATGTATAGTGTACTGAGCGGCTGATCAGT,............(((((........))))),91.43030805687204
TGGTATTCTTGATTATAGCACTTTTAGTCC,((.(((........))).))..........,91.42104265402844
AGGGTTGGAGTTCTAATCGAGGTTTACATG,..((((((....))))))............,91.3891943127962
CTAATCAACTGTTTAGTCCCTTAACGCTTT,((((........))))..............,91.37895734597156
CAACTATATGTTTAGATGATTGGTTGTGAT,(((((((((......)))..))))))....,91.36415745129015
ATTATCTTTTTAGTTACTCTTTAATGTACT,..............(((........)))..,91.3039336492891
AGAATAAACGTATGTTTTTTTTGCTCTGTG,((((.((((....)))).))))........,91.26438935472112
GGGATAGATGTATCTTCGCATCTAGATATG,....(((((((......)))))))......,91.25476303317535
ACGATGTGTAAGCCCGTACTTCGTTTTTTT,((((.(((........))).))))......,91.23855450236967
TGGAAACAGTAAGTAAATTATGTTATTTAT,........((((((((......)))))))),91.22391258557136
AGGTTTTCTAGGGTTGAGTATTCTTCGGAT,......(((((((........)))).))).,91.21203791469195
CAAATACGGCTGGAATTTAGGTGTTTTGAA,((((.(((.(((.....))).)))))))..,91.20333107650643
TCGGGTGTTGCTTTGTAGGTATCTAGTTAG,..((((.((((...))))..))))......,91.19495260663507
CTGGTGGTAGTAGTAATGTATTTATAGACG,.........((.((((.....))))..)).,91.19260663507109
CGGATATTTGAATATTACAAGTGAAGGAAT,....((((((.......)))))).......,91.18849921011059
GGCAATCGTTGTTTGCATCGGCGTGGGGAG,..(...(((((.......)))))...)...,91.17537914691943
GAGTATAATAAGATACTATGTATATTCCTT,((((((((((......))).)))))))...,91.17481832543444
AATACGGAGCTTTTTATTGGCTATGTTGAA,...(((.((((.......)))).)))....,91.17347325660123
ATGGATTGAAATGAGATCTGGGTTATCATA,..(((((.......)))))...........,91.16443127962086
TCTGTCAAGGGATGACAGTTGTATCAAACA,.((((((.....))))))............,91.11382306477093
ATTGGTTGAATATTAAATGAAGGTTCACAT,......(((((...........)))))...,91.05021327014218
TCAGTAACCCTGCAGGGTCTCAAGCTACAT,...(..((((....))))..).........,91.02
TACGATAGTTTGCTAGCAAGGCTAACATAT,.......(((.(((.....))).)))....,90.97315955766193
ATGGAATTATAATCGACAGTATAAGTTCTT,..(((((((((........))).)))))).,90.9716982622433
AAGTAAACACGTTTGGTTTTTTTACTTGAT,(((((((.((.....))...)))))))...,90.9598960991615
AACTATGTGAATTTGTCCGAGTCCTGGAGT,...............((((.....))))..,90.9349842022117
TCGTTTGGATTCAGAATTCAAAGTTACAAT,...((((((((...))))))))........,90.91443127962086
TTAACTTGTAAGATCAGGGTTGTTTATTAT,....((((......))))............,90.8645057549086
GTAGATGTTACAGTATTACAATTAGTACTT,...........(((((((....))))))).,90.7323617693523
GTGGTTAAATCACACTATATATCATGCATG,(((((...))))).................,90.72379146919431
GAGGTATGGCCAGTTGACATGTGTGGATTG,..........(((((.((....)).))))),90.71695102685624
GGGAAGTGTACTAATATCCGTAAATATAGC,.(((.((......)).)))...........,90.71101105845182
TAGTTTATTCGTGCAGTAAGTTCACTACAT,..........(((.(((......))).))),90.64266982622433
TGGTGTTATAAGGGAACCATTTATAGTTTG,((((...........))))...........,90.61368088467614
AGTAAGGATCAGGAGTTCAGCGCAGGCTGT,.................((((....)))).,90.60315165876779
AAGTTGGTGAAATACTAACTTAGGATATGT,(((((((((...))))))))).........,90.54273301737756
TTGGTATGTTATGTAATAGTCTATAGGAAA,.(((..((((....))))..))).......,90.53478672985783
TGTTTCTAGTAGTGTTGAAGGATATCCAGT,...........(((((....))))).....,90.52214849921012
AGCATTAGCGTTTGTGCGTGGGATTAGTCT,.((((........)))).............,90.48751184834123
AACTATGGAATGTTAAATACTTAGTAATTT,.((((.(............).)))).....,90.46607650643196
GATTTCAGGTGTAGTTGGCTATCCTAAGCT,......(((.((((....))))))).....,90.44742496050553
GGCCAATAAGATAAGATATGTTATGAAATG,.....((((.(((...))).))))......,90.42863875724065
GTATTCAGGCGTAACTTAGTGTGTATGCTG,((((.((.((........)).)).))))..,90.4027251184834
TGGAGATTATAAGAAACTACAATAATACTT,..((((((((...........))))).))),90.3657345971564
ATCAAATACATGTTCATTTATAGGGCTATG,........(((((((.......)))).))),90.34208530805687
TTAATGAACGGTCGAATACATGTTTGTATC,...............(((((....))))).,90.31219589257503
TAATATGGTTTTAAGCAATGATGATTGGGT,...............((((....))))...,90.30729180771834
TATGAATATTAAGATGTCTGTTTTAGCTAT,........(((((((....)))))))....,90.27037124802527
TAAAAGGGTTAAGCTCTTTGATTTTGATAT,..(((((((...)))))))...........,90.21367035281727
CCACATAGATCATCTTATCTTAGGAATGGT,........(((((((((...)))).))))),90.20440758293839
ATTGGTAGATTGGAGTTCCTTTTAGTAATA,((((.((((..((....)).)))).)))).,90.20286729857821
TGTTGATGAAATGAAACTAATTACATCATT,...(((((.(((.......))).)))))..,90.17979462875198
TATAAATAGTAAGAGCAGCTTGATGTTTAT,.(((((((.((((.....)))).))))))),90.17342548709848
AAGAGTAGTAATAACTTTAGTCTATAGACG,.(((.(((........))).))).......,90.16436696005417
AGTTGGTTATAAAATCAGGTATGATCTAAA,....(((((((........)))))))....,90.14303994583615
TGGCATGAATGCCTTATGTGGGTCTAGTCG,.((((....)))).................,90.05350710900474
TTAATTGTAATGTACATGTGATGTAAACTT,............(((((...))))).....,90.02665876777252
TATCATATTATGGATGTTGGGTATATGAAC,..((((((..(........)..))))))..,90.01755397577674
TAGTTGGTTAATGTGCATTATGTAGACTTG,.....((((.(((((...))))).))))..,90.00489731437598
TATGGTAGTTCTAAATATGCTTGTTATGAT,...((((..........)))).........,89.94840555179417
ATGCGTGGTTAGTAGAGATTTGTTCTTTGT,............((((((.....)))))).,89.9471327014218
TCGAAACACTGTTAAGGGTAAACATCTTTG,............(((((((....))))))),89.89466034755134
CCAGCAGTTGAATATTCTTTTGGGACGTGG,((((.((.........)).)))).......,89.8877093206951
GAGGAGTTAACTAAATAATTAAATATCGTC,((.((....................)).)),89.86448657187994
AATAACAGTAATGATATTATTGGGATATAA,.((..(((((((...)))))))..))....,89.85897840968931
TTTAGTCATTTGTGGCTGTGGTTCGTTGAC,..((((((....))))))............,89.81427330173776
TTTAAGATTTGTAATGTACTTAAAGCTGAA,((((((((.......)).))))))......,89.79770142180095
AGTTGTTTATAGATTACCATATTGGTACCT,..............(((((...)))))...,89.77857819905213
GCCGAGGTCTAGTCTGTAATTATGCGGTAG,((((....................))))..,89.7734281200632
GGGATTTAAGAACCAAGATTAATGAATCTT,((..........))((((((....)))))),89.73058451816746
AATACCATTTTAATCTGTTGAGTGAAGCTT,.....(((((.........)))))......,89.6804028436019
TACAAATGTTACAATATTCATTTTAGATAT,...(((((..........))))).......,89.65831226961558
TGTTCGGATTGTATGTAGAATTTTAAGGAC,.(((((((((........)))))...)))),89.6517298578199
TAAGATTAAATCAAGAGCTTGTGTATTGAT,.........(((((..((....)).))))),89.60552132701422
TTTGTCGACCCTAGGTTGGTCAGACGTACT,...(((((((.......)))).))).....,89.58239336492892
TGTTGCGAAAGTGATTAATAGGGTTTTTAT,.(((((....)))))...............,89.53986120514557
GAGTAATCGTTTAAAGTTAGCTTGAATGTA,.......(((((((.......)))))))..,89.4421259309411
GCTGCATTAAAGTATAATATATAGACTGGT,(((.......))).................,89.43597156398104
TAATAAGTTGTTACTATACTTTGGGTGAAT,..........(((((........)))))..,89.43513540961408
TTCAAAGGTACAGGTACGCTGTAATTGAAT,(((((...(((((.....))))).))))).,89.4157767245919
TTGCTTTTCCGCTGTGTGGTTGATGTTAGT,..((((..((((...))))..)).))....,89.39971563981042
TTCATGGTAATGTTGTACGGTTGTTAACCG,.................(((((...))))),89.39656398104265
TAGTTTAGGATCTGGAGGGTAAGCACACGT,..(((((............)))))......,89.38824644549763
CAACTTTAATCATTGAATTATTATGGTCTT,........(((((.........)))))...,89.35954976303317
TACTTGCGTGTATAGTACATTTAAACTTTA,...(((.(((((...))))).)))......,89.32218009478673
TATCACGTATAGTCATAGTGGTTAGTTATA,.(((((...........)))))........,89.29578988941549
AACTTCTATTAGCTTTAGACATTTTTTACT,....((((.......))))...........,89.26791469194313
CAACATAGCGTATGAATTTGTATTGGGTGG,...(((...((((......))))...))).,89.26334123222749
ACATGTACTAAACCGTAATTTGTTTAGATT,.......((((((........))))))...,89.2578672985782
TTTTATTTTGCAATTTGCATATCAGTACTT,........((((...))))...........,89.25393364928911
TTTATTAGTAGCCAAAAACTAGTTCGGAGG,...((((((........)))))).......,89.2498104265403
TATGGCATAGTTATTGCTTTGAGTTCTTGT,...((((.......))))............,89.24456556082148
TGGACAAATTTAAGTGTGTGTTTTAAGCAA,.(((((.((......)).))))).......,89.23656398104265
TATGAGGGGAACGTGGCTTTATATAGTTAT,(((((((.........))))))).......,89.20191153238547
TATAGTCATCGTTTTGTTATGGTTTAAGCT,.......(((((......))))).......,89.15524373730534
TGCAAAAAGTAAATATGCAGTTTATTATAA,.......(((((((.....)))))))....,89.11573723012111
AGTTACATGCTTGTTACAGTGTTATTGAAT,.((.(((....))).)).............,89.11416384563304
CATTTATCTGTATGTACTTCTTGTTGTATT,.............((((........)))).,89.08983412322274
ACTGATGTGAACATTATGACGTTTTTGTTT,...(((((.(......).))))).......,89.07093996840442
TTAATGGGTTGGTTGCAGTTGTCTCGTTAT,.((((((((((....)))....))))))).,89.06964454976304
AAATATCGTTTTGAATAGTCACTTATTGTG,...................(((.....))),89.03024373730534
TAAATTTGGTTAAGATGGATGACTTTAATG,.......(((((.......)))))......,89.02728278041074
AAAAACTTTCTTCGAACGGATTGGGTGCTT,....((((..(((....)))..))))....,89.01862559241707
AATTATTCTTATTATTTAGTTGTGCCTAAC,...............((((......)))).,88.99527420446852
GGGCTAAACCTTAAGTTTCATTTGATTTAT,((......)).((((((......)))))).,88.99118144888287
CGGACTTTATAATTAACGTCGCTTAAACTT,..(((.(((....))).)))..........,88.97817535545025
GTGAAAAGTTGAGTTAGGGTTTGTTCTTAT,..............(((((.....))))).,88.9636086662153
TCGTAAAACAGTTGCAAACATCTTGGTTTC,..((((.....))))((((......)))).,88.94774091627173
AATCCTATAATTCAACAAAATTGAAGAGGG,...(((....(((((.....)))))..))),88.9275355450237
GTTTAATGTCAAGGTAAAGTTTTAGAGACT,.......(((................))).,88.8858214849921
TGCTGGGCATGTTGCTGTAGGATGTCTGTC,....((((((.(((...))).))))))...,88.88526066350711
GTTCACTATTAGATAAGATGGGTATGTAAT,.....(((((......))))).........,88.87987625065824
TCTTATTAAAGTAGTTATGCTAATTGTTTG,.........((((....)))).........,88.86886594448205
TCGGGGATTAGTAACTTGAGGTAAAACGGA,(((((.........)))))...........,88.8522037914692
GGAGTTTATGTCGAAAGCGACCATAATCAT,...(.((((((((....))).))))).)..,88.82785939968404
TGAAGAATCAACGTTATTGTTTACTTCATT,(((((((.(((.....))).)).)))))..,88.80905213270142
TGTTCAGAGGTGTAAGGGTTTGTGCCTTAT,......(((((((((....)))))))))..,88.7690250507786
TTGAAACATATTTCTGTTGGTTCGTGTGGA,......(((((.((....))...)))))..,88.76174565560822
TAGTAACAAAGTAATGAATCATTTCGGTAT,..........(((.((((....)))).))),88.74826224328594
GTTTCAAGTAACGTTTGAGGTATGTCGGTT,.(((((((.....)))))))..........,88.7433570300158
TATAGGGGAATTAGGTTCCTTCTACTTAGA,..(((((((((...))))).))))......,88.740663507109
TAAGGTTAAATAATCTACAAGTTATAACGT,..(((((....)))))..............,88.70846761453397
TGTTAGAGAATCTGGTATTGCGTCGGTTGG,..(((((...)))))...............,88.70532385466035
CGTATGTATCATAATGAGGAATTAAGGACA,....(((.((.((((.....)))).))))),88.6750710900474
TACGTGAGTAGACCTGCAAGGACTAATACA,...(((..(((.(((...))).))).))).,88.62177725118484
ACAGTATGTGTAGGAAATAGCTTTTATGAA,.........((((((......))))))...,88.59474949221395
CATTCTGGTTGAAATGGAGCTCGTTTGAAT,.......(((.(((((.....))))).))),88.58068381855111
TGTGTGAGGTATAGATTGTGTTGGCCTGCT,...((.(((((((.....)))..)))))).,88.52497630331754
GAATATGGCTTTTATAGTGGGCTGATCGTA,......(((((.......))))).......,88.5168720379147
TCTAAACACAGGTTGAATCTACTTAGTTGC,....(((..((((.......)))).)))..,88.51026066350711
TTCGACACTGTAAAAAATTTGCAACTGTCT,...((((.((((((...))))))..)))).,88.48998984427894
AGATAGAGTATAGTCTCTTTGTACTTTGAG,...((((((((((.....))))))))))..,88.47076923076924
TAAAGATGAATAATGCAAAGCATAAGTATT,............((((...)))).......,88.47006319115323
TGCTGGTATAAGTTTAAGAACGTTACAGTG,.((((..((..(((....)))))..)))).,88.45104603926879
TTTAATTATAGGTAACTCAAGAGATACCCT,..........((((.((....)).))))..,88.38536334913113
TTAATCGATCCATGCTAGTCAGATCGGACG,.....(((((...........)))))....,88.34945497630332
ACAAGGAACGTCGCAATTACTCTTGGATTC,.(((((..............))))).....,88.34402843601896
TGGCATAGGCGTAGATGTGGCTCTGTACTT,.((.((((((.........)).)))).)).,88.33454976303318
TCACACTAATAGAAATATGATGTGTTCGCT,..((((..(((....)))...)))).....,88.30174302264349
TATTGTAACAAGAATTGGTCTTCGCCTGTT,................(((....)))....,88.28593206951027
ATTAATCTTTGAATCTAACTTATTATAGTT,................((((......)))),88.27241706161138
TGTAAAGCGGTTGTGACTTCTGTAGGTATC,......((((.........)))).......,88.2483728278041
TACTGTAGACATAAAAATGACTATCAGTAT,((((((((.(((....))).))).))))).,88.24003422854133
GAGAATAAATAGTTTTTCTTACTTTAGGTA,(((((........)))))............,88.23822274881516
TTACTAATTATCAGTAATACTTTAGCATGT,(((((.......))))).............,88.21231437598736
TATGGTTGATAATGAAGTTTATCAACCTTA,...(((((((((......)))))))))...,88.1699289099526
AGGCTATGGGTAATATGTTTTTTGTGCGTG,....((((.((((........)))).)))),88.13268137076193
TGTAAAACTACTTTTATAAGGACACGTTAG,(((((((....)))))))............,88.13201421800949
ACGTTAGCGTTTAAAATGTATCTAAAGGAG,......(((((...)))))...........,88.0958056872038
AGATTCTGGTTAGTTAATAGGTTATCTGTA,((((((((.........))))..))))...,88.08063303994584
ATACTTAAATCCGTGTAGATGTTACCTGAT,((((........))))..............,88.06478672985781
GTCCAAATATTTAAATAATCGGTTATTGGT,..((((...................)))).,88.05324381253291
CGAGATCTTGGTTCAAATTAGCTGTGATTA,...((((..((((......))))..)))).,88.00041976980366
TGAATAATACGTGATATATGTTTTGATTTA,(((((...(((((...)))))....))))),87.96636711629603
TATCGAGGGATTAGTAAGAATTGCTTCATT,....(((.((((......)))).)))....,87.96553712480252
GGACGTGGGTGTTGTTGGGAGTGTGTTGGG,.((((.......))))..............,87.92384676145339
TTCTACCCCTAAGTATATTTCAAGTTGGGT,.......(((((.(........).))))).,87.92258970886932
CTCTAAATCTTTAGTAAGTTGGTTGGTCAT,..((((..(((....)))....))))....,87.90262356127285
CGAGATACAATTATGTTATATTGGATCGTG,((.((..((((........))))..)).)),87.86750637987605
TAATGATTAGTAGCAGACTATCAAATACTT,...((((.(((.....))))))).......,87.8053475513428
TGCGTTATATTTTAGGTCCGTCTGGTTTAG,............((((.((....)))))).,87.78505416384563
GATCTTGGAAGCTCGTATATTTCTTTTTTA,......(((((........)))))......,87.75849921011059
GGCGTGTAATACCTTCCGTAAAATTACTGC,.(((.(((((............)))))))),87.75425750394945
TACTTGAAATAACGTTAAGGTATTTGTAGT,.(((..(((((.(......))))))..))),87.7224512901527
TATCGGTGCCTCTAGTCAGATAATGACATG,..............((((.....))))...,87.68701421800948
CAATTGATATCATACGTTGTAATGGTTAGT,........(((((........)))))....,87.68561611374408
TACCAATCGTAAGTAATTCTATTTTAGGAT,.....(((.((((.........)))).))),87.68528699315429
ACAATAAAGGATCTCTCTTTTTTATTCTTC,..(((((((((......)))))))))....,87.65772694130514
GTAGGAATCCTATTTTACGTTTACAGACTG,((((((......))))))............,87.65551455653352
GCTAATGCAAAATATTTGTTCTATAGACTG,((....))......................,87.62085308056872
AGTAAGGTTAAACCGTTCAGGATTGTTTTT,...((((.(((.((.....)).))).)))),87.60384224779959
ACATCTTGTAACAGACTTTGATTGCACATG,......(((((((.....)).)))))....,87.59523696682464
GTACTATAAAAGCTTTCAGTATGTAGAGTG,...(((((...(((...))).)))))....,87.58890205371247
GATGGTTAAACGTTTGACTCGTGCCGGTTT,.((((((((....))))).)))........,87.5854942450914
CGCGTAAAGACACAAACTGCTCTTCGTTTC,.(((..((((((.....)).)))))))...,87.54667456556083
TTGAGAGAGGACTTTCATAGGTTCGCTGAG,.....((.((((((....)))))).))...,87.54144549763033
AACACAAATAGATTTAGATGATGTATCCAC,.......(((.(((.....))).)))....,87.461327014218
GTGTCAAAAACTACTAGTTTGGAGACGGGG,((.((..(((((...))))).)).))....,87.45493680884677
TAGATTGGGACAGTTGAAATTTTCGATTAT,..((((((((..........))))))))..,87.43259873617694
TAGTCATCATTTTAAAAGAGATTACAGCTT,(((((.((.........)))))))......,87.41067704807041
ATGCTGATCTGAATCTTGAGTTATCTAAAT,..(((.(.........).))).........,87.40376777251186
ATCTAACGTCTTAATGTTTAGTACAGTGGT,..(((((((....))).)))).........,87.38912322274882
TAGGGGTAGAGTAGTTACGTTTATACGTTT,((((.((((.....)))).)))).......,87.37631911532385
ACACAAATGGAGTCTTGTTAGTAGCTAAGA,............(((((........))))),87.35135071090048
ATTGATGTTGTGAGCTGCTTTTTAGGTACG,.............(((........)))...,87.35109004739337
TACCCAATTAAGATGTTGCGTTAATGACTT,.((.((((......)))).)).........,87.23439178515008
CGATAAACTCTATAAGGTTTTGGGATGTGA,....(((((......)))))..........,87.1712401263823
ACGATGACTGGGCTCGGTCTTCACTTAGTT,..((.(((((....))))).))........,87.16785939968405
TGGAGTCATCACGTTTTAGGAGATGTCACT,....(.((((.(......)..)))).)...,87.15761340555179
TTAGTACGGTACGTGCAGTTAAATCGACTG,...(((((...)))))((((.....)))).,87.12954976303317
TATAACGCTTAGGGTTACGGGGTGGTTTAA,.....(((((.(.....).)))))......,87.1260663507109
TTAGGGTAAATGATCATAACTTAGATGTTG,................((((......)))),87.12203001579779
TTGAATCCATTTATGCTTGTTTATTTGACG,..................(((.....))).,87.03322274881518
GGAAATGAATGGTTTTAGTAGCTTGGAGAA,.(((((.....)))))..............,86.98219025050778
CGTCCATAATTTTCGTAGACTTTATCAGGT,.(((.((.......)).)))..........,86.98024373730534
AGTTGTCAAGATATCACAGTTATTGAAATT,.....(((((((......))).))))....,86.93716429699842
GATCTATGGCTAATATAACGTTGGTAACTG,........((((((.....)))))).....,86.83570300157979
TGTCAATCACTTGAATTTTTTTGCTCTCTG,..((((....))))................,86.80727123587313
TATAAATATTAAAACAATGGCTTGTACAAT,.............((((....)))).....,86.75266456029489
TACTAAGTTATGACTGAAATTATCATGAAT,.......((((((.........))))))..,86.74200105318589
AACGAATGATTGGCAAATAGGCGCTGATAA,........((((((........))))))..,86.67415030467163
TACAAATTGTTACGACGATGTGACGCATAT,.......((((((......)))))).....,86.65781200631912
TGTACTTATCACGTGTCTACTTTTACATTT,............((((........))))..,86.65372037914692
GAATATGTGTCTAAATAGCTATTTCCTGAA,(((((..(((....)))..)))))......,86.65292484766418
CTCGTTACAAGAGTATCAAATTTTGGTGAT,...(((((.(((((.....))))).))))),86.65075039494471
GATGGTGATATGTTCTAGAGGGGGTTTTAT,....((((.((.(((....))).)).)))),86.60519634394042
TGTAACATGCTATGAATTACTTGGTATAAA,......((((((.........))))))...,86.59395734597156
TGACATCGGTTGGTCTGGTATTCCTTGGTT,....(((((.....)))))...........,86.5735308056872
GTATGATTAAAAGAAAGCACACATTTAGTT,....(((((((.(........).))))))),86.56285150078989
AGAGATTAAACTAGTCGGTTGATTGAGTAT,.........(((((((....)))).)))..,86.44456668923493
TGCATTACTCATAGCTTATGACTTTTAGCA,(((.....(((((...)))))......))),86.42613067027759
GGGATCTTACGTTTAAGCAGTGGTTGTTAT,...............((((.....))))..,86.34498984427894
AAACCAAGATTGCCATTTTCTAGGAGGTGG,............(((((((....))))))),86.15058451816745
TGGTACAACAAATACTGAATTATCAGGTGT,..............((((....))))....,86.04934175882043
GTACTTGACACTTTTCTAGAACTGGAGCTA,.............(((((....)))))...,85.98843601895734
TAGATTCTAAAAGGAACTCATGAATACTTA,..((((((....)))).))...........,85.95503159557661
TTGCATAACTTGTAAGAGTGAAGGATTAGA,(((((.....)))))...............,85.95196682464456
TAGTAACAAATTGCGACTGCTTTGATGTAT,.....(((.(..((....))..)..)))..,85.94356240126382
TACTAATGAATCAATTACTGTTTCTTGAAT,.......(((.((.....)).)))......,85.91646129541864
TCATTTCTCTAATGTTTTCGGAAATTGGTG,..((((((...........)))))).....,85.87198036560595
TAACCAATAGAAGTGTATTATATCGGTATT,..(((.(((...........))).)))...,85.82565824117957
TAAGAAAATCGTCAAATTGTGTCAATTGAT,..........(((((.(((...)))))))),85.77880989994733
CTATATCAAACAATACCGTATAGGATGAAG,((((((...........)))))).......,85.74438388625592
GGTCGTAATTCACTCCTTACATTTACGCTA,((.(((((..............))))))).,85.72694312796209
ATGGTAATAGCGCCAGTGAGGGTTCGTTTT,.((((......))))...............,85.6775558564658
GTTCAATCGAAGCATACCTGTCAGATAGGG,................(((((...))))).,85.64116113744076
TACATCAATCTGCTGAAGGGTCATATGCAT,..........((((((....)))...))).,85.60041074249605
TGCAAATAGTGTATTAGAGGTCGAATGATT,((((.....)))).................,85.59217219589257
AGTCAGGTCAAGGTGATGTTGTCATTGAAT,.......(((..(((((...))))))))..,85.54986045286992
GTAACGATCCAGTTGTAGTCAGACTCGAAT,.......((.((((.......)))).))..,85.53227488151659
GTATTCGAGAGTTACAGTTGGGCTTTATAG,.......((((((.......))))))....,85.44241706161137
TCAGGATATGATCGCCGAACTTTCATAAGG,......(((((...........)))))...,85.43782667569397
ACACAGTTGATGTTACAAAAGTATGATGAA,......((.((..(((....)))..)).)),85.33031144211239
GGGGAGGTAGTGACGTCACAGTAAAAGGAA,...((.((....)).)).............,85.21203791469195
AAATAAGGCAGTTCAATTTCTGGGATCAAT,........(((........)))........,85.13962085308057
ATGTTTCGGTTGGAAGATGGGTTAGAAAAG,((.((((....)))).))............,85.12005529225908
GAGATGATTTAGGAAACGTAGTTAACACTT,....(((((..(....)..)))))......,85.09527646129541
CTTCAGTGTGAATTAGTTTGCTACTCTTGG,....((((((((....))))).))).....,85.09469532836832
GTGACGTCAGGTTGTTCAGTGCTATACTGT,..(((.....)))...(((((...))))).,85.07867298578199
AAGCAATATCGTACAATCTCAGCTTTCATG,((((.................)))).....,84.94191943127962
TGGTCACGGACTGTGCAATTATTTCGTTAT,.....(((((.((......)).)))))...,84.92457872564508
ATACAGTTTGCAGTGAGGACTTTATGTTAT,(((.(((((.......))))).))).....,84.75784360189573
TTGAGAGTCTCTAATACTCGAAATAGTACC,....((((.......))))...........,84.69675355450238
TGGTGGAGGATTTTGATTTGATTTTAATTT,......((((((.......)))))).....,84.65109004739337
CTTATAGAATTGATTTTTTCTGTGTTTTTG,..(((((((........)))))))......,84.57127962085309
CAATTTAGTAATCGATTGTTACTGTTTTGT,(((..(((((((.....)))))))..))).,84.28549763033176
CCACAATTTTGATATTATTTTATGTTTTCT,..........(((((......)))))....,84.25706161137441
AAACTCGTGAAGTATACGGATGTTAGACTG,....(((((.....)))))...........,84.04490521327014
GTAAGCAAGTCTACATTGTATAGTACTACG,....((((.......))))...........,84.02693522906793
GAGAAGCGTACCAATTTAGTTCAACGTTGC,....(((((..............)))))..,83.80579778830963
CGAGCTTGTAAAAACTACATCTGATGCATT,..((..((((.....)))).))........,83.76960505529226
TATGAAGGACTAGTTGCAGGGATATCGTTC,...(((.((...(((.....))).)).))),83.62683254344391
GAAGATAGTTTGGAAGGGGTCGAAAGAGAA,........(((.((.....)).))).....,83.60516587677725
TAGCAAATAATGTGAATCAGCCGAGTGTAT,..(((.....((.....))......)))..,83.55084254870985
GCTGCTCTGAAGATGAACAGATTGAGTCTG,(((..((((........))))...)))...,83.50394944707742
GCTTTAAACTTATCTTGTGTCGGCTCTCTG,(((....((.......))...)))......,83.42698505286182
TGGAAACGTGTGTCAGCCCCATTAATTTAT,(((...............))).........,83.2963777928233
GATATGTTGGACTTAGAAGGCTTTGATACT,....((((((((((...))).)))))))..,83.06791469194313
CAATAAGGTTGCTAAATCGCCCGTGCTGTC,......((..((......))))........,82.95788422477996
TACATAAAAACATGAAAACGTTTCGGTATT,.........((.(((((...)))))))...,82.8272906793049
TTAATGGAGATTGATACTTTGATTTGATTT,.......(((((((....))))))).....,82.63450236966824
GGGAATGAATATGACAGTCGGTGTAGCTTG,.............(((.....)))......,82.63167456556081
TAACAATTTAGAGCAATCGATATTGTTTTT,.((((((...((....))...))))))...,82.50611374407583
GGGATATGGTTTACATCAAGTTTTTTTTCC,.((((.((((....)))).)))).......,82.48936018957346
GGGATGTGTTCTACCTAACCTTAAAGCTCC,.(((.....)))..................,82.44418641390206
CTAGCAAACTGGTGAAGATGGCGGTATAAT,.......((((.(......).)))).....,82.44185624012638
CATTGTTTAGTCAGTATAGTTATTTTTTGT,.((((......))))...............,82.35978672985782
CACTTAAGTAATTTTATAGTGTTTGTATCT,((((((((....)))).)))).........,82.31630331753554
TAATGGGGATTATGGTTTACTTCAACTTTT,...(((((...........)))))......,82.26779620853081
TTAACAAAGGACCATCACAACTTTTCGTAT,...(((((((..........))))).))..,82.25315955766193
CAATTTTTACGTAATTTATTGATTATATTG,..........((((((....))))))....,82.2389336492891
AGCAGACTTATTAATCTATTGTTTGTTGTC,(((((((.............)))))))...,82.17116113744076
AATATGTGTTCAATAGATGTTTTCGCTTTA,(((((.(((...))).))))).........,82.08824306025728
TAAATGGTGGTTATGTTTTGATTAAGTGGT,.......((((((.....))))))......,82.04587677725118
TTGGATGGGATTATTGTTTATTTGAATTTT,(((((((((.......))))))))).....,81.99824644549763
TAGTAGCAAAGCACTGTAAGAAGCATCTAT,((((.((...))))))..............,81.54088994207477
CATTTTTACAAATAGGGTACTGTTTGGTGT,........(((((((....)))))))....,81.53537914691942
ACTATGTAGATGAATTGTCTACGTTGTATT,((.((((((((.....)))))))).))...,81.15671406003159
ATTACATTGATTGATGATTACATTAGTATA,.........(((((((....)))))))...,80.48538704581358
TAATAGGTGGATTATCGTATAATCCAGATT,.......((((((((...))))))))....,80.41921800947867
TGATGGGGGCATTTATAAATGCAACTTTAT,....((..(((((....)))))..))....,80.39824644549763
AATTTTTTCAACCATTTCAGATCGTTGCTT,........((((.(((...))).))))...,80.13164184157075
TTAGGGGATTATGTTTTAATACGAAATAAT,...........((((((.....))))))..,80.08450236966826
CTAATTTATCCTGAGAAAGGGATGTGCTAT,......((((((......))))))......,79.89165086887836
TAATGATTGGTATTGTAGTTCAGTTAATTT,...(((((((.........)))))))....,79.88142180094786
TTGGGGATAGGTATATTATCGTAAATTTTT,...(.(((((.....))))).)........,79.64516587677726
CAAATTTGTATCATATAGTTATCGTTATGT,...........((((..(....)..)))).,79.55398104265403
CTATGTTATTCTTATTACTTCATAACTTTT,....(((((............)))))....,79.48462085308057
TAAACTGGATACTGATTGGGTTTAACGTTT,((((((.(((....))).))))))......,79.47490521327015
CACGATTATGTATTATTGTTTCGGTTATAT,.(((((........)))))...........,79.44165876777251
TCAATTTGGTAAATGGTTAACAATTGTTGA,((((((((............)))..))))),79.42767772511849
AATATGATGGAGAATTACAAACATAGTATT,(((((.(((............))).))))),79.27049763033176
CTAAATTACTAAACGAATTGTTGTTTATCC,.........(((((((....)))))))...,79.24142180094788
TAGATACGGGTTTGTGGTTTCATAACTTAA,.......(((((.(((....))))))))..,79.18082938388625
TTTATGATGGTTTTCAACCTATCAGTATTA,....((((((((...)))).))))......,79.14265402843601
TCATGGTGGGTATGGTTTAACAACTTTGTA,(((((.....)))))...............,79.0087914691943
ACAGATTTGATTGGACAATTAAAGATGTTT,(((..(((((((....)))))))..)))..,78.95126382306476
ATAACAACTGTTAAGTTCCAATTGAAATTA,.....((((....)))).............,78.91813586097946
TTAAGTCATTTCTAGTCTCTTTAACGACTT,.............((((........)))).,78.36375197472354
TAAAGGTCATATCTATGACTGTCAATTTTT,....((((((....))))))..........,78.12419431279622
GTATTGGGTTTTGCAGATCAGATTTGATCC,(((........))).(((((....))))).,78.09593996840442
TAATGAGGTTTGTCGTTTTTGTAAACTGTG,......((((((.((....))))))))...,77.99137440758295
TGATCGAAATTCATAAGTTTATCTACTTTT,..............((((......))))..,77.93734597156399
AGGAACTTTCACAAGTTTTAGTGAATTTTA,.......(((((........))))).....,77.90545700744752
CAATTACTAGTCGCCGACTGGTCTTTTGAT,(((..(((((((...)))))))...)))..,77.73016587677725
CCCTTCGAGTAATCGATGTTTATGTGATTT,....((((....))))..............,77.67791469194313
ATAAAACTTTTAGTTCTCTAACACGTCTTA,.........((((....)))).........,77.45530015797789
CATTTTACAATTTGAGTGTAGGTGTTCCGT,(((((........)))))..((....))..,77.4059952606635
TGAATTGACCTCAACAACGGTTTAGATCCG,......((((........))))........,77.38496050552922
AACTATTCGAACTCGTGTGGGTGCATTGAA,..((((.((....)).))))..........,77.20993680884676
CCTGTGGTGGGAATCTAAAACATAGTATTG,.(((((.(((....)))...))))).....,76.94075829383885
AATAAGTGGCTAGTATTACTCGTGGTTATT,....((((((((..........)))))))),76.9361374407583
TATGGAGTTAAGGTTTCATTTCTAAGTGGT,.((((((......))))))...........,76.87265402843602
TAACTTTATAATGGATCTATTTCTTGTTAT,.......((((((((......)).)))))),76.74426540284361
CAGATTATAAGTATGTTATACGGTTTTGTG,.....(((((.....)))))..........,76.36618483412322
TAAAGTAGGATATAGTTTACTGCCGTTCGT,....((((...........)))).......,76.11815165876777
CTAAGTAAATGTCCAGTGGCGTAACGTATT,........(((((....)))))........,76.1156477093207
AATATGATTATACTAAGGTGTTATTTTATT,((((.(((.((((....)))).))).)))),75.97324644549764
ACATTTTAACCTATTTAGTTACTGGTCTGT,........(((............)))....,75.92732227488152
TCCATTAAAATCGATAGTTAGTAGGTGTTT,.(((((((.........))))).)).....,75.836327014218
AATAATGCAGGAGTATGTATCTAAACTATT,....(((((......)))))..........,75.8112954186414
ATTAACTATGGTTTATTATCGTCGTTATTT,..((((.(((((.....))))).))))...,75.66019634394041
ATATGATGGGGGAGGATTATAAAAGATCGT,.((((((........)))))).........,75.63941548183254
CAATCTCGTATCAATGGACTGTGGTGTTTG,...............((((......)))).,75.59741706161137
TAATATGATGAGAAGTTTATTCGAAGTATA,..((((.....(((.....)))...)))).,75.55612164296998
TACAGAAGAGGAGTTTTACTATCGACTTTT,........(((((((........))))))),75.26815165876778
AACACGTTCAAGTGCAAAGTGCATAGTATT,...........(((((...)))))......,75.23716429699843
TCAATATGAGGAGATGCATATCTAGTATGA,...((((..(((........))).))))..,75.18238546603476
ATTTTCTACTGTGTGTTATATAGTATGTTT,......((((((((...)))))))).....,74.74629993229519
CAATATAATTAGAAACGAGCATTGTATATT,..(((((((...........)))))))...,74.67314375987362
GAATTAATGAATGTAGATTTACCGTTATGT,....(((((...(((....))))))))...,74.44758293838862
AATGTGTTTCTCTGTAACATATGATTTATT,.(((((((.......)))))))........,74.40391672308733
GATCTATGTGATGATTGAAAACTGTATTGT,((((........))))..............,74.3698578199052
GAAATATATGTAACTTGTTTTATTCAATTT,((((((.........)))))).........,74.34220379146919
GAATACTTTACTAATGTGAAAATCGGTTTT,......(((((....)))))..........,74.28629654705483
AATAGATGGTAGAAAGATACAATAAAATTG,........(((......)))..........,73.87764612954186
ATGTCGGTGATCTCGATTTTACTCTTTTGC,.....(((((........))))).......,73.34521327014218
AGTCAATGTAATGGTTTTATCTTCGTTTAT,.........(((((........)))))...,73.33866621530129
GGAACATATTTGATGGTTTAATCATCTTTG,...........((((((...))))))....,73.29504739336492
ACTATATGGTGTTGCAACACATAAGGACTT,.((.((((((......)).)))).))....,73.21544233807268
CGTACAATGTATCGGATCCCCTAAAGCTTG,.............((....)).........,73.01560821484992
ATTATAACTGGTTTCTTTTCTCGTTGTTTT,...(((((.((........)).)))))...,72.64797562626947
CAATATAATAAGTGCGACGTGACGTCTTCT,...............((((...))))....,72.57258293838862
AGTAATCTTATATTGGGTTTATTCAGTTTG,...(((((......)))))...........,71.8830297901151
ATATAGGGCTGGAGAATTACGACAATCGTA,.................(((((...))))),71.6818720379147
TGATTTGATTCGTGCAACAAGATTGGATCC,......((((((..(.....)..)))))).,71.03393364928911
GATATGTTGAGGATTTACATCGTCATTTTC,.......(((.(((....))).))).....,70.88284360189574
CTATTTATCCTAGATCCTTAGCTCTTTTGC,....................((......)),70.58052132701422
GCAGTATGAAGCAGATAAGACACAGTGATT,((........))..................,70.50513428120064
AGTAACTTTCTCTATGTTGTACATAGTTTC,...........((((((...))))))....,70.45802979011509
AAAATTCTCTGATTATATCAATAAGTTTTT,((((((...((((...))))...)))))).,70.41808395396073
TAGGTTGTCAATGGTGTTAGATGTCTTTTT,.(((..(((..........)))..)))...,69.38506093432633
GGATCTATCGTACGATCTAGAATTGGATCA,.............((((((....)))))).,69.38413112164298
TATTTGGGGATTTTTGCAGATCTGGAGTCC,.......(((((((.........))))))),69.24045023696682
GATTTCATCTGTCGTGCGACTGAGGGATCT,((((((.((.(((....))).)))))))).,69.11726698262244
AATATCTCAATGGTTATCAGTCGGGATTTG,...(((((..((.....))...)))))...,68.36926878808396
TGATTGAATTGGTGTAATACGATTATCCCT,......(((((........)))))......,68.20257503949448
CATGTGATCAACTGAGTGTTTATCGTTCTT,.....(((.(((.....))).)))......,67.6869566689235
TAGTTTCTCTGGTTTCAGCATTGTTCCTTT,........(((....)))............,66.92967840216656
GTAGTTGAGTGCAACAGATTCGGATTTACC,((((((((((.......))))))..)))).,65.4962954186414
TGCTTTGCGTTCATGCAAGTCAGGTGATCC,((.(((((......))))).))........,63.819083728278045
ATTCTTTATGGTTTTTTATTTTGTTTTAAT,..............................,50.1968923493568
TTTTAATGGATTAGTTATTTTAAATTTTTT,..............................,49.28117129316182
TTAATAAATTATAATTATATTTAGAGATGC,..............................,49.235695102685625
TTTAAATTTTAAATTTTCAGCTATATTATG,..............................,46.557322274881514
TAGGGTTAGTTATTTTTTATTTCAATTTAT,..............................,45.400497630331756
TGTTTATATTTAGTTAAGTTGTTTTTGTAT,..............................,45.394414353419094
TAGGTATTTGTGTTTTGTGGATTTTAGTGA,..............................,45.11630331753555
CCTGTATAAATTGATAATTTTTTGAATCTT,..............................,44.92112164296998
CTTTATTTGTTTAATATCCGTTTTATGTAT,..............................,43.50689573459716
AGTAAATTAATATGTTCTCAGTGTATCCGA,..............................,43.394344391785154
CATAATTGATAGTATTTTAGCATAGGGTTT,..............................,43.20864139020537
GGTTACATGTAAGTATAGTATTTTAGGATA,..............................,43.174083728278035
ATTTATTTTGGATTTAGACCTTTTTGTACT,..............................,42.99978672985782
AAATATCTGTAAAATTATATTGTTATTAAA,..............................,42.838486797562624
CAATAGTTTGAAATCTTGTTTAGTTTTTTG,..............................,42.79
GTGTACTCAGAAATCCTCAACTTAACTATT,..............................,42.60004739336493
GGAGTTTAAAATTTATCGTAAATATAGTAC,..............................,42.51480252764613
TACAAATAGTTAAGATGATGTGTATTGAAT,..............................,42.30461295418641
GACGATTAATTTATGATTTTTGGATATGGT,..............................,42.28605055292259
ATTTAATTTGGGTTTTTTCATTGTTGTACT,..............................,42.25156398104266
TGGTATTGGGTAATGGTGTTGGTTTGATAG,..............................,42.15512638230648
TATTTTTTATACATTATGGTCATCGTCGTT,..............................,42.0236887835703
TAATTGTAGTTTGTTGTTAGTGTTGTAAAT,..............................,41.9357345971564
TAGTACATTATTATTCAAGCACTTTTACAT,..............................,41.875647709320695
ATCATACTATAATTTGTTAATTGCACACGT,..............................,41.784549763033176
CCATTTTTATTATTTCAGAACGTTTGTAGT,..............................,41.72016587677725
TGTATTTGAACTTTTTTATGATTTGAACCT,..............................,41.549302640487475
TATCACTTTTTCCTCCTTTTTTTTCTTTTT,..............................,41.37072444143534
TAAAAATATTAAGATTGAAAACTATTAATA,..............................,41.27959978936282
TTTTAATGTTGATATATTTTCCATCTAAAG,..............................,41.199502369668245
AATATCTTTCACTGGTTTTATATCGTTTTT,..............................,41.16168584969533
CAACATATCTTTTAAGTATTTAGTCTTCGG,..............................,41.02341232227488
TTTAGTTAATAAATGTATAGTACTTTAAGA,..............................,41.0195125253893
TATATAATTTCTTTCTGGACACGTACATTT,..............................,40.988206951026854
TTTTATTTACAAGTTGTTCCTTTTAATATT,..............................,40.944691943127964
ATCTTGTACCCAGTATGTTCATTTCACGCG,..............................,40.92515007898894
CAACATGATTATTGTATTTCTTGGATATTT,..............................,40.92428120063191
CGTAAATGACAGTGGGAATAAATATTTTTG,..............................,40.75552132701422
AGTTTCTAATAGCGTTATTTTCTGTCCGTA,..............................,40.63289099526067
CTAGTCTTATCAGTTTGTACCCGTTAATTT,..............................,40.466753554502375
TGAAAACGTTTAGTAAAGTGTATGATTTAG,..............................,40.41244075829384
TAGATTATAAAAACTATGTTAAGACAGTAT,..............................,39.874857819905216
AAATATTTTAAGAGAATTTATACCTTTTTA,..............................,39.87309410968179
TTTTACTCTTAAATATTTTCCAACTTTTTG,..............................,39.82577183480027
TAGATAGACTTCATACACACTTATATACTT,..............................,39.76901263823065
GTATACTCCTATCTATTTTGTAATATTTTG,..............................,39.69857142857143
CTGCAACTCTTAAACGTCGTCTTAAACTTT,..............................,39.698388625592415
ACTTTAAATTTAAGTTTTGTATTTGTTGTG,..............................,39.56886438206344
CAATTTGTATTTGTTCTAATGTCAGTATGT,..............................,39.505639810426544
TTATTGAGATTAAATTTTAGACTGACATAT,..............................,39.49606973595125
CAGAAAAGATAATGATGAAATATATTAATG,..............................,39.43922327540811
TTGGTGGGATTGTGTTGTGTGGTTATTGAT,..............................,39.32134281200632
TAATATTGTAGTAGAATTTAAACAAATATT,..............................,39.318443917851496
ATTTTAATTGCGATTGTGTTTTCTGATTTT,..............................,39.24793838862559
TACATTCATAGTTTATATATTGATATTCAA,..............................,39.22845444971037
TATGCTCTTTTAATTTCTCCAAATTTATTC,..............................,39.16505754908599
ATAATGGAATCATAATAGTTAAGAATTTGA,..............................,39.10556082148499
CTAAATAAGTTATGCAAATTTTTATGGTCA,..............................,39.050071090047396
GGGATGTAATACAGTATGATTAAATAAAGA,..............................,39.04837282780411
AAAATAGTTAAATATTGAATCCTGTTATGT,..............................,39.01215639810427
ATTACATTTCAATTCTTTTATAGTCGTATG,..............................,38.84093432633717
TCATAAACAAAGCCTAATAATTTTTATTAT,..............................,38.8242364402317
GTTAATAATCAGTTTATATTTTGCAACGCT,..............................,38.70070751523358
AAGTTAGGGCTTTTTAAATTACTGGTTTGA,..............................,38.55014895057549
TTAGTATCTAGCTTTTATATTTACAACAGG,..............................,38.129702098849016
CCAATCTAATCTAGTACGGCCTGTTGAAGA,..............................,38.12605055292259
GTGGTTTGTTTGTCGTTGTTGGTGTGAAAG,..............................,38.12175355450237
AACAATTTGTGATCCCTTTTATTCTTTCGT,..............................,38.049478672985785
TTTGTGTAAGTAATCAATTTTCTAAGAGCT,..............................,37.736421800947866
TTAACTAGCTATATTTTCTTCAACTTTTAC,..............................,37.71634394041977
TTTCTCATCAATTTTTACGGAATTTAGCTA,..............................,37.54862559241706
CAATGGGTTTTAGATTAACACTGCACTTTT,..............................,37.51234597156398
CAAGTTAGTTAGTAGTTCACTGTTTCAAGA,..............................,37.40729857819905
CCAGTTAGATCGATCAATTATAAGTTTTCT,..............................,37.3836018957346
GAATAAGAAAGTTTTGAATAGGTTTTGTCT,..............................,37.2016719325961
GATAAGAACAAAGTAACATATGATTTATAT,..............................,37.02763296471827
ATTTAATTCAGATTCTTACGGTTTATTAAT,..............................,36.847535545023696
TTATATATTTTAATGCAGGAAGATCGGATG,..............................,36.564383886255925
AAAAATGACACTTTTCAGAACTAGCTAAGT,..............................,36.46912322274882
TTATGAGGGAATATTACAATACACAATTTG,..............................,36.391706161137435
ACTGTTTGCCTTTAACTCTTTTTGAATACG,..............................,36.33983412322275
CAGTGTAAAACAAATAATAATCATCCGGTT,..............................,36.306332280147444
GCAAGGCATCAATATCATCGTAAATAAAGA,..............................,36.25236176935229
GCGATACTGTAGTTAATATACCTAAAATGT,..............................,36.18522116903634
AAATATGTTCGTTTAATCAGCCGGCCTAAG,..............................,36.185135409614084
CTTTCTTATCGTTTAGCTTATTTGTCTACT,..............................,35.99090047393365
ATCTAACAAAAGTAATGAACAGATAGTAAT,..............................,35.85451553449184
AAAAAATGTGTTAGGAGTGTTGTGATTGGA,..............................,35.74385729331227
GGGTTTGGGTTGGTGGGTGTGGGTAGAAGG,..............................,35.711208530805685
ATTATTTACGATCTGTCTTTTTTGCTTAAG,..............................,35.46086219467736
AACAGTTCTCATATATCCATTAATATAGTC,..............................,35.44134281200632
TGGTAACAAATTATAACAGCAATGGTAGAT,..............................,35.43515007898894
TGGTAAAAAAGATATAGTAGGGGAGGTTTG,..............................,34.90685511171293
AAAATGTTCTCAAAATCACTATGAATTAAA,..............................,34.74759309410968
TAATAACAATGATGTCGGCTTGTGTAACTC,..............................,34.3859794628752
TGGATATCGAAATAACATTACAATACACTG,..............................,34.344249605055296
TAGCATCCAACTTTTACCTCTATAACAGCT,..............................,34.260033852403524
TCGACTCATAAAATAGTACACTAGATTCTT,..............................,33.9572037914692
ATAGTAAAAGTAGGCATGTCCATTTGGTAT,..............................,33.30850447604002
CTCTATCTTTGGCTTTAAACCTAATGTAAC,..............................,33.27348341232228
TTTTACGCTTTAATAACATCATCCCATTTA,..............................,33.19577860528098
TCGTGCCTTGTGAGTGAATATTTCGTGTAT,..............................,33.05751711427067
CATTCAGGTTTTAAAAACGTAATACGTTAT,...............(((((...)))))..,0.0
TATACATAGGTTTCAAAATCTAGGATTATG,......((((((....))))))........,0.0
GATGGGGATACTAATATTGAGGTGTGTGAG,.....(.(((((........))))).)...,0.0
TCTGAATATATCGCCATATGGTCTGATAAT,........(((((((....)))..))))..,0.0
CCGATTAGCGGACGGCTACATTTTTAACTA,.....((((.....))))............,0.0
TGTTTATAGGGGGTGCGGAAACCTCAACGA,.........(((((......))))).....,0.0
ATGGTTAAGTAATTTATATCGGTGGGTTGT,.........((((((((....)))))))).,0.0
AAGAACTATAGGACTAAATTTTTAAGAGGG,..............................,0.0
CCAATAGGCGCGATCTCTAATATGTCACAT,......((((............))))....,0.0
ATATTCATTATTTGTGTTAATGTGAGTATT,((((((((.(((......))))))))))).,0.0
AATAGGCCCTGTGTTGAACTGCTATGGTGG,......((((((((......)).)))).)),0.0
AGCGGAGAACTGCTCATTAATTCAAATGTT,(((((....)))))................,0.0
GGAGGTTCATCTTAATTAAGGTAATGACTA,...((((.(((((....)))))...)))).,0.0
TTTTCAGGCTAGTCGAACGATTAATCTTTG,.....(((.(((((....))))).)))...,0.0
ACCAACAGCTATTTGAGGTCGCAATATAGA,........(((((((......))).)))).,0.0
TGTGAAATTGGAGCTTGAAAATGACTTCGT,.........(((((........).))))..,0.0
CATTATTTGTTTGAATGGGGGGTATTGTTA,((.(((((.((.....)).))))).))...,0.0
ATGGGTCCATTGCAAGCGTGATGACATTTG,....(((.(((((....)))))))).....,0.0
TTTCTCGAGTTTCTACAATTCTGTGATGCA,........((.((.(((....))))).)).,0.0
ACTAATGGAAACCAAATGGAGATAGACCCG,.....(((...)))...((........)).,0.0
TTGCTCATTTAAGATGTGAGTGTTCCTGTC,..((((((.......)))))).........,0.0
CAAATCCAAGTGTTTGAATGAGAAAGTCTA,(((((......)))))..............,0.0
AGACAAATTGGGCTCGGCCACTGAAGGGGG,..........(((...)))...........,0.0
GTAACGGTATTTTAATTTAAAATCTTTAAC,..............................,0.0
TACGGATCTCTCTCTTTCGATTCTTCTAAT,...(((((..........))))).......,0.0
GAATCGTCTGCTTTATGTGGTTGCGGAGTC,......(((((...........)))))...,0.0
TTATAGTCCGAATTAAATAGGTATCGTTTT,..............................,0.0
TTTGCGTCGTACTCAGCCATCAATTAAGTT,..............................,0.0
TCAATTTGTCCGCGATTGTATGCTTATATG,...........((........)).......,0.0
CTGACTGGTCTAACTTCTGGATGCTTTACA,.......(((((.....)))))........,0.0
TCAACTCTGTCGTGTCATCTGCCATTAGTG,..............................,0.0
CCGTACGAAATATCGGATAGGTTTCGGGAA,.....((((((.........))))))....,0.0
ATTAAATATCTTTGACATCAATGTTTGTAG,..............(((........)))..,0.0
AAGAGGTCTATGATATCGTCTAATACGCCC,....(((.(((...........))).))).,0.0
ATATTGGTATCTTAGCTAGCGTAGTTCAAT,...(((((......)))))...........,0.0
GATTAAATGTTTGGATATTAGTATGGGTAG,..............................,0.0
AACACAAAGCAATTTTATAACCGCGCATTT,..............................,0.0
GGGAGATACCTGGGATATGTATTTGTCGTG,((.((((((.........)))))).))...,0.0
CAACTTTTATATTGGCGTTATTAGCGCATG,..............(((((...)))))...,0.0
CCTATAACTCTCTTTGACCAGGCTTTTTAA,..............................,0.0
ATGTAGAACTGGTCTTGGTTTCTTCGAAAT,.....(((((......))))).........,0.0
GAGTCAAATAACTAAAGAAGTGCCACCTTT,..............................,0.0
ATTTACATCGGTGAGGTAAGGAGGATAAGG,.(((((....)))))...............,0.0
GTATGATCGAGGCGTATATAAAGAGCAGTA,(((((.......))))).............,0.0
TGAGTACAGATGGCCACCTGGTAAACAATT,............(((....)))........,0.0
TAGTATTGATACCGGGTTTTTATGTAGCTG,............(((.(........).))),0.0
ATAGGGTTATGAAGCCGAAAGGCTGACATG,.......((((.((((....))))..)))),0.0
TGTTAGATTTAGCGAAATCATGCAAAAAGG,(((..(((((....)))))..)))......,0.0
TAGTAAAATACGATCGCATGTGTGACTTTT,.............((((....)))).....,0.0
CGTGCTTTCTCGGGTCTGTTTCATTTGGGC,........(((((((.......))))))).,0.0
ATATGTTCACAATATATTATGTTGTGTATT,.......((((((((...))))))))....,0.0
CAAAGATTATAAATTAAGCTAGTTTGGGTG,.........(((((((...)))))))....,0.0
CATTACATTTTGAGCAAGTCATGCTCAAGG,........((((((((.....)))))))).,0.0
GGAATCAGTTTTCGGTCCAAGAGTAACATG,(((.((.......)))))............,0.0
ACCGTAAGCCTCAGGCTGTTCTTCATGTTT,......((((...)))).............,0.0
GGTTATCCCATTTTTTGTTAAATGGTAGTA,.......((((((......)))))).....,0.0
TGTAATACAGCTTTTTATGGGATGGTTATG,.(((((.((.(((.....))).))))))).,0.0
ATTGTTCTTAGGCAGCACGTGTGAATAGAA,..(((((.((.(.....).)).)))))...,0.0
GATGTTAGCAACTACTGTAGTTTATACAGA,..............(((((.....))))).,0.0
TTCAGCCTTTACTTCCGTGCGCTGACTATC,.(((((...(((....))).))))).....,0.0
GTACGAGTTCGCGTTTTCAGGTGGTTTAGC,........((((........))))......,0.0
TTGTCCCTGCAGACGTTTTGGCGTTTTGAG,......((..((((((....))))))..)),0.0
ATGTAAGATTAATTAAAGCGCCCATATCAG,..............................,0.0
GGAGTATAAGAAATTTTAGGAACTAGGTGT,..............................,0.0
GTCTGTTATTTAGTCCTTTTGAGGGTTTCG,.............((((....)))).....,0.0
GTTTGTAATAGCTAACGGGATTGGTTATAT,.......((((((((.....))))))))..,0.0
AACGAAAGATGGAATACTTTAACCTCTACA,......(((.((..........)))))...,0.0
GTCTGTCTTTTTTTTTTGGGGGGGGAGGAA,.(((.(((((((.....))))))).)))..,0.0
ATGAATTTTAATAAAGACTATACGTTTCTG,..............................,0.0
GTCAATTTCTTTCTTAGGATATTCTTCGTG,...(((.((((....)))).))).......,0.0
CTGTGAACAACGGGTCTAAGAGTCACGCGA,((((.....)))).................,0.0
ATCTTGTATGTTTTGTCGGGAATGCATTTG,.(((((((.....)).))))).........,0.0
GTTCGAGAGTAGCGTTAGAGTATTGGTGGT,((((....).))).................,0.0
TTTAAACCTGCAAGCGGGTTATCGGAGCTT,....((((((....))))))..........,0.0
CGAATGTTCCATTCATTAATCACACTATAA,.(((((...)))))................,0.0
TTAGAGCTTGGATCTTATGGTCCTGTACTA,.(((.((..(((((....))))).)).))),0.0
CTGATCTTATATATGACTAAGCAGACTTGT,(((..((((........)))))))......,0.0
TGAGTACGTACATCGATATGACCCTATTCC,.(((((.((.(((....)))))..))))).,0.0
GTGGGTTGTGGTAAGTATTACTTAAAGAGG,.(((((.(((.....))).)))))......,0.0
TTGTCGGTAAATTAAGGTGGATTATATTGT,....(((((((((......)))).))))).,0.0
AAGTCTGTGAGAAGCGAAATTGGATATATG,..(((((.............))))).....,0.0
CCATTTATTATCTGAATCAGGTAGGCGTGA,.(((...(((((((...)))))))..))).,0.0
GCATAACTTTACTTTTAGCATTGAGTAAGG,......((((((((........)))))))),0.0
GCGCGCGGTTATGAGCAGATGGAAACCTGA,......((((.(.(.....).).))))...,0.0
TCTCCTTGTGTTTTATCGGTTGGTACGAAT,...............(((.......)))..,0.0
TTCATCCGAGTGCTCCCCTGTAGGCTCTCT,.......(((.(((........))).))).,0.0
ACGTGTGACAGCAAAGACGGATAACATTGC,.(((.(........).)))...........,0.0
AATCAGCTCACTCATCTTAGGGCTTTGATG,.((((((((..........))))..)))).,0.0
CTTTTATTATGGTAGGCTTTATTGTTCAAT,..............................,0.0
GGATTTCTGGTTTCGAGGTTGGGCAATTAA,.((((((.......))))))..........,0.0
TGCAAGTGTTCATATTTAAAAACTCTTCCT,..............................,0.0
TCTCTATTTGGCCATTTGTTAAGCAGTAAC,...((.((((((.....)))))).))....,0.0
AAATGCGGAATTACATGTACATCCTTCTTT,......(((............)))......,0.0
TTTCACGATTTAGATTCTTTTATCTGTTTT,..........(((((......)))))....,0.0
ATTGAAGATGCCATATACATATTCTGATTG,...(((.(((.......))).)))......,0.0
GCACTATATCTTATTGAGAATGGTAGGATA,......(((((((((......))))))))),0.0
TGAATGGGTGCCTTTTTAGAGAGACGGTAG,........((((((((....)))).)))).,0.0
ATTAGCATAATCCGAGTTATTTTAACGACC,.((((.(((((....))))).)))).....,0.0
TGTAGCGGTTTATACTGTGGGTAAAAAGAC,....(((((....)))))............,0.0
TAGTTGTTGTGTCTCAAGCGGACCTAGAAG,..........((((.....)))).......,0.0
CATATGTATTTAGTTGGATTCGCAATCCAA,.............(((((((...))))))),0.0
TCTGCTTATGTCACAATTTGTATCGTGGGA,....((((((..(((...)))..)))))).,0.0
GCACAGACACATATGCGAGTAATTTCAGCA,.............((((((....))).))),0.0
AGGAAATATTAGTAGCAGCGTTTAGGTTTA,................(((......)))..,0.0
CATATATTACTAAACTCGTGTTTGCTGTGG,.......((((((((....)))))..))).,0.0
AGGTTGTCATTCCAATTTAATTTAGTCCTT,((((((......))))))............,0.0
CCTTGAGTATCTTCTTGCTAGAAAAAAGAT,.....((((......))))...........,0.0
GTAGATGCCGTCCACGCCTCCAATGTTCGG,.......(((..((.........))..))),0.0
TGGGCGCTACCTTGATCTCACAACGTTATG,((((..(......)..))))..........,0.0
GGTGGTCCGGAGCGTGATGCTGAACGACGT,....(((...(((.....)))....)))..,0.0
TAATAAGATTTGGTCGTTAGCATTCAGGTA,.......((((((..........)))))).,0.0
GCACTTTTATAAATTCGCAGGTAACTCGGG,..............(((.((....))))).,0.0
TCGCATACGGCAGTAAGAATGAATCCAACA,..((.....))...................,0.0
CAGTGTGAAAATGAAGTAAGAAGTTATCAG,..............................,0.0
TGACGACTATCTACGATAATATGTGCTAAA,..............................,0.0
GAGGAACAATAGAATAATTACATATGTCGA,..............................,0.0
TAGGCGTTCTCGAGGTATAATAATGATCTT,...........(((((.........))))),0.0
ATCTAGAACTTGCTTGTTGGACACATGTAA,..........(((.(((.....))).))).,0.0
ATGAGTCATGTCTTCGATCTAATGTTAATT,..............................,0.0
AGTCTACTCGTACCAACGTTTGCAAGGAGC,......(((.(..(((...)))..).))).,0.0
AGTATTCAATTTCAGGTGGTTGATCGGATA,.....((((((......)))))).......,0.0
ATATCTTAAGACCCCCTGAAAACTAATAGA,..............................,0.0
GATAATACAGAATCGATTATATGGATATTC,...........(((.((...)).)))....,0.0
GGCGAAATCAATTTTTAAGTAGGCTCTTGT,(((...................))).....,0.0
TTCTTAAACCAGAAAGTGTTTACTTCATAT,....(((((........)))))........,0.0
CCGTGGTAGTAGCCAATCGTGTAGTATTGC,..((((((.((..(....)..)).)))))),0.0
TGGATCTCTTCGGTAGCTTAGACCAGCACC,...........(((.(((......)))))),0.0
GACCGATCTGAGATCAGCCACCTTTAAAAA,....((((...))))...............,0.0
TACATACTAAGATTTCCCAGAATAGATTAT,..............................,0.0
GGATCTGACAAAATGCCATATATGATAACG,..............................,0.0
ACCACTAAAAGTTATGCTGCCCTGCTGTTT,...............((......)).....,0.0
ATTGGGTGATAGATATCGTATTGATAGCGT,.............((((.....))))....,0.0
CATTGGTAATCATAAATCTCAATACCATTG,((.(((((..............))))).)),0.0
TCGTAATGATACTGTGTCATTGTATATCCT,...((((((((...))))))))........,0.0
TGATCTGAATATTTGATTGGCTTAAGTGAC,.((((.........))))............,0.0
TTAAAAAGTTGAGTACCAGATCAAATGTTT,........((((........))))......,0.0
TTTAGGGAAATTGATCAATTTTAGAAAAAG,......((((((....))))))........,0.0
CCTTGCTAGCATTTGGCGTACGAATCTAGA,.....((((.(((((.....))))))))).,0.0
TGTCGATGATCTATAGTTGCCGTCTAGGGT,..................(((......))),0.0
CGACTTTGGTAAGTATTCGCTGGATTTCGG,(((.((((((........))))))..))).,0.0
TGTTCGGCTGATTCCGGCTAATCAGGCGGT,...(((.((((((......)))))).))).,0.0
TTCGCAGGTTAAGATAATACTACTCGAGGG,((((.((...............))))))..,0.0
TGTAATTTGGAACATGGTTCCTTTGTTAAA,........(((((...))))).........,0.0
GGAGTTAGAAGTTTTAACAAGGTGTGGTTT,...((((((...))))))............,0.0
TACTAATACATACTAGGTTTTTTTATACTT,..............................,0.0
ATTATATTGAACTTGTGTGGGCAAACGAGT,..........((((((........)))))),0.0
TAATTAGGATAGAGATATCTACATCGTGGG,......(((((....)))))..........,0.0
CAAGACTTTTTTGAGAACACAATAGTTGAG,...((((.((.((....)).)).))))...,0.0
GGTTCGGGAAACTAGTCAGATGTTCATTGT,..............................,0.0
TAAGTACGTTTAGAGAAAATAGCAAAATTC,..............................,0.0
AATTATTACATAAAAAAAAGGGTTCAGTGT,..............................,0.0
TAAAGATCATGGACATATTTGTTATTGAGC,......(((..((((....))))..)))..,0.0
TTTACGCCGTTTAGTATACATTATATCTAA,..(((........)))..............,0.0
GGATTGTTCTTATTTGTATTTAAAGCACAG,....(((.(((...........))).))).,0.0
TTCAGCAGACGTACTATAACCTGAAATTTC,(((((...............))))).....,0.0
TAAATATGTGTGGTAAAGGTATTACTTATG,....((((.((((((....)))))).)))),0.0
ATTTAGTTGCTATGTAAAAAGTTCGTTTAT,..............................,0.0
TTATCTTGACATATTGCAATGCGAGATTGC,..((((((.(((......)))))))))...,0.0
ACTATTTAATCCTTAATGCCGAGTTAATAG,.(((((...((.........))...))))),0.0
TATGCATATAACTTTCCGTATCTCTTTTAC,..............................,0.0
AGCGATTCAGATGATATACTTCTACAAGCG,.((.....(((.........)))....)).,0.0
CATGCAACCCCACCAGTAAGCGTCCTGCTT,.................((((.....)))),0.0
CATTCATCTGGTACACTTCATGTGTCTGAC,.........((.((((.....))))))...,0.0
GATCAGCAATGTGGTTCTTCTTTTATGATT,(((((......)))))..............,0.0
TTTGTTCTCGCCACGATAATCTTGTGTGCT,.........(((((((.....))))).)).,0.0
TGGAGTAGTTAGGGTAATGATTTATGTGGT,.(.(..(((((......)))))..).)...,0.0
TAATGATATGCGGGTCTAGTAAATAGGATC,............(((((........))))),0.0
ACTAGAGGTCGGGATAAACTCTCTGGATAA,.((((((((........)).))))))....,0.0
TATCGACGTATTATTCTAATAACCTGTGTG,..............................,0.0
TCAAGGATAGATGCTGTTAATAGTTAGTTA,............((((........))))..,0.0
ACCGAATTTGGCTGTTTGCCCTTATAAGGT,(((......(((.....))).......))),0.0
GAACGGCATCTATACAATAAATGAAGTGTC,..((..(((.(((...))).)))..))...,0.0
GGAGTCGAAGGAACATATTAAGAGACATAT,...(((.................)))....,0.0
AGGATTCGAGATATGACACAATATACTTTC,.......(((((((......)))).)))..,0.0
AAAATCTTTGTATCATTTTGGGCAACGGAC,....(((((((.(((...))))))).))).,0.0
CGAAAAAATGTTTTAGCGGTTAGAAGCATT,......((((((((........)))))))),0.0
CTATCATTATATTTTTAGGGTTGTAACATA,..............................,0.0
GAGCTTAGAGATATGTATTCGAATTATCTT,.......((((((...........)))))),0.0
TACTCAGTGGTAGCAGAATTGTCATGGGAT,..((((.((((((.....))))))))))..,0.0
ACGTTCGACAATGTTTACTAATCTACTATG,..............................,0.0
TCTATCTAATGTTCCATTTTGGATCCTGAT,...((((((.........))))))......,0.0
TCGTTTGCTAGTCACTGTACCCTAGCAGTT,....(((((((..........)))))))..,0.0
TGGAGTCAATGAATTTAGCCCAAACAAAGA,(((.((.((.....)).)))))........,0.0
TTAAACAGAGCCAAATAGATTTATTGCGAT,..............................,0.0
TGCAGGAGAGATGGCATAAATCTCTATTTG,..((((((((((.......)))))).)))),0.0
GTGTGGTCTAAGGAAAGAAGTCGTAGATTC,....((((((..((......)).)))))).,0.0
TGGTTTGTTCGTAAACGCTCGAATTCCGAA,(((...(((((........))))).)))..,0.0
CAAATAATAATGCTGGTACATTATTGAAGG,....((((((((......))))))))....,0.0
ATTAATAGTAACAGATCATTGTTTCACCCG,.......(.((((......)))).).....,0.0
AGGGCTTCATATACTCGTATTGTTTGTTAT,..............................,0.0
ACATGTGGATTAACTTTTAGACGGAAGGAA,.............(((((....)))))...,0.0
GGTTGTGATCGGTTTTGGAATTCATCTGAG,........((((...((.....)).)))).,0.0
GCAATGGATTTGAAGGATCGATGCTCAGCC,(((.(.(((((...))))).))))......,0.0
GTCCTGCAAGGAGAACGAATTATCCCAGTG,...(((...(((..........))))))..,0.0
AGCAAATGCATTAACTTGCTTATATGGCTT,(((....(((......))).......))).,0.0
AGAGGATATTTCAATGAAAGGGTCAGGAGC,....(((.((((...))))..)))......,0.0
GCCCCTCTTTTAATTTATGGGTTTGTTATT,..(((.............))).........,0.0
GTAAGTCTCTTGAGAGGTCGCTCGTCTTTT,...........((((.(.....).))))..,0.0
GCATACATGCGAAACGTGAGGTTTGGATTG,.....((..(.((((.....)))).)..)),0.0
GGACTCGCGGTATTGTCCGTTTGGGTCGGC,.(((((((((......))))..)))))...,0.0
TAAATCAATTGACATTTAGATAATGTCATT,.........(((((((.....)))))))..,0.0
CGATGAGAGTTATGTATTAGGGTCGCTTTT,....((((((.((........)).)))))),0.0
CCTCATAAGGAGGAAATGAACGCAGAACAA,((((.....)))).................,0.0
GAGTGTTTTGGATGAAATGCCTAATTATCT,..(((((((....)))))))..........,0.0
TCGAAGCAACGTATTTGTGTTTAGTACTAC,...(((((.((....)))))))........,0.0
TATTGGATGTATTGCTTTTGGGTTCTGTAG,(((.((((.((.......)).)))).))).,0.0
ACCAGTAAAGGGAATAAAAAAATTATTTTA,.((......))((((((.....))))))..,0.0
TGGGCATTGGGTATGATGTTCTGTACCAAA,.((((((((....)))))))).........,0.0
AGGCTGCGTTGGTTGAGTTATCAACAAGTA,..(((..((((((......)))))).))).,0.0
CACAAAGATCGAGTAACGTCATGAGGACCG,.................(((.....)))..,0.0
GCGTAGCTGGGTGGGATTGTTTAATAATTT,.............(((((((...))))))),0.0
TTGTTCGGTGCCCAGAAAAGGACGAAAATG,((((((.............)))))).....,0.0
GGTTGCCCCGTATTTTTCACCTAGCAGGCT,(.((((...((.......))...)))).).,0.0
TAATGCATGGTATATTGGTAAAATACACTC,........(((.((((.....)))).))).,0.0
TGTAATAAAGTTGTGACTAAAGGTTTTGTA,..............................,0.0
GATTTATTTTTTAAGAGGCAGCCATACCTG,...............(((........))).,0.0
GTTTGATGTTAACGAGATGGTGTTACAAAA,......(((.((((......)))))))...,0.0
TATTTAGATATGGCGTCGCATGATATCAAT,......(((((.((...))...)))))...,0.0
ACGGTTATACTTTTTTTTACAAAGTTACCG,.((((...(((((.......))))).)))),0.0
CTTTCTTCTCGGGTCATAGGGTCCATGATG,......((..(((((....)))))..))..,0.0
TCAATTGGACATATAGTCTTTCAAGAGTAA,......((((.....))))...........,0.0
CCCTAACGATAATGTGCGTTGATCACCAGT,...(((((........))))).........,0.0
TTATGTATCTAACGGAAGATATTTGACTCG,(((.((((((......)))))).)))....,0.0
TAGTGCCATTCTATATGATAGAGTGTTATA,..(((.((((((((...)))))))).))).,0.0
TACATACCCGCTCTGTCGTGTCTTGTTTCC,.(((....(((......)))...)))....,0.0
GCAAGGTTCTATATAGACATGGGCTGTTAC,....(((((...........))))).....,0.0
CATATATTCAACTTTCTGGGCACTTGTAAT,..............................,0.0
TAGTTCGTTCTCAGAGAATGTATAAATCGT,.....((((((...))))))..........,0.0
TGCCGTTGCTAGTGTTTACCGTGTTCGTTT,.((.((.((....))..)).))........,0.0
AAAGAACAGTTTTCAGTTATGCGATCTTTT,(((((...((..........))..))))).,0.0
CTCATTGGTAAGCACAAGGAGTAGTCTTGT,(((.(((.......))).))).........,0.0
ATGTACATGTGTGGGAACTGTGTCAAAATT,.((((((.((......)))))).)).....,0.0
GTTATTGTTCCCTAAATCCATTTTTTGTTA,..............................,0.0
TTACATTATGTAAGTTGCTGTTCTATAGGG,(((((...))))).................,0.0
AGGGTTTATATAAGACAAGTTGGTTGGATC,..((((((..(((......)))..)))))),0.0
TTGTCTGTGATCCAGAATGCATTTTGAACA,...((((.....))))..............,0.0
CATAAATGATATGATTCAATCCATAAAATT,.........((((........)))).....,0.0
GCTTCCTCGTGTAATAGTCCGTTTTAGTCA,..............................,0.0
TTACGACGAGTGCTATACTGAGGCTATTGT,.....((((..(((.......)))..)))),0.0
GGAAAGAAGTGTTATAAAGCTTACCTTGAA,......((((........))))........,0.0
ACTTTATTTTTAACTAAACTAATGTACTAA,..............................,0.0
CCTTAATTGTGATAGTGAAATATTGTCGGG,.......(.((((((((...)))))))).),0.0
TGATGCATGTTGAGACTCTTCATTTATAGC,..(((.(((..((...))..))).)))...,0.0
AGGTATCTTGGTATTTAGCCAGATTAACCC,.(((((((.(((.....)))))))..))).,0.0
GCGAGTTGAGGAACCAACCACAAGTGGGCA,((.(.(((.((......)).))).)..)).,0.0
TACAGGTTCCAATATGTAATAGCTCGTTTG,((((..........))))............,0.0
TGGTATCCCTCTCGCATTTATAAGTGATTT,...........((((........))))...,0.0
GAATATAAGTTGTGTACATGGTTGGAGGTT,..............................,0.0
GGATGTCACTTTAGTTCAAACCTGTGACGA,....(((((..............)))))..,0.0
AGCAGGGGTTAAAGCTATTTGATGCCTTCC,...(((.((((((....)))))).)))...,0.0
AGTAGGGATGCACATACGGATCATTTTTCA,......(((.(......).)))........,0.0
GGGAGTTAGTAAGAGGTTTTTATTGTGCCC,(((...((((((((...))))))))..))),0.0
TAGGGTTAAGACTAGCTGCAGAATGACTGT,...(((((....)))))((((.....)))),0.0
CAGCTTAATTTGTAAGAAAATCTTTGGTGT,((.(...((((......))))....).)).,0.0
TCTCAAGCCGACATTTCTTTAAGATAAATT,..............................,0.0
GTGGAAGGGGAATGATTGAAAAACGATCTG,.............(((((.....)))))..,0.0
GTATGTATTGAATTGTAGGTTACTCAAGTG,((((.(((......))).).))).......,0.0
TTTAATTTTGTCGTGGATATTTATAGTTTG,..............................,0.0
CGAAGTCTGGTACAATATTATTATGTGAAT,..............................,0.0
AAAATAGAATTTGGTCCCGTGTGTATTAGA,..............................,0.0
AGCTATTGAAGTGTTGGTGTTGGGGCTGAT,............((((((......)))))),0.0
ATTAGGTCTGGACAATTGGATATCCTACAT,..(((((((........)))...))))...,0.0
ACTTATACTTGGTGAATGTGTCTGAAGTTC,......((((.(.((.....))).))))..,0.0
AACTGTGTTAGTCATTAGAATAGTTCAATT,((((((.(((.....))).)))))).....,0.0
TCAATAACCTAAGAATGCCGCGTTCTTTAT,..........(((((((...)))))))...,0.0
TGACTACGAAGAGAAAAAAATTTTGCAAAT,..............................,0.0
ATCAAGTCCATATACAAGATAATCAGATTA,..............................,0.0
CAGACACGTATGTGATAAGAATTCAAAGTG,....(((.....(((.......)))..))),0.0
ACCGTTATATGTAGAGTCTTAAGTATCTGT,...........((((..(....)..)))).,0.0
TGTGAATGTAACTGATGTGTGGCCGTTTGT,...(((((..((......))...)))))..,0.0
ACAGAAAATAATTAAAACCCTTAGCCGTTG,..............................,0.0
AATGCCTTCACATGGTCAGAAGCCTAAAAG,...(((.......)))..............,0.0
CTATTTTGAATATTCATGTTTTTAAGCAGC,....((((((.((....)).))))))....,0.0
ATCTACGATGCCGTTCTCTCGTTGCCGCGT,....(((..((((......))..))..))),0.0
CTTGAGAATGCTTTGAGAAAATGGTATTCA,.....(((((((.(......).))))))).,0.0
GGTTGAACCGTTACATTCCATTGGTTTTCT,....((((((...........))))))...,0.0
CCGGAGAAGTGAGCCACTGCGTAATGAGTT,.......((((...))))............,0.0
ACTGCTCCAGCATAAAGGGTCGTTTGGGGG,....(((((((..........).)))))).,0.0
AGATTATGATAATGTAGTGTGGGTAGTTGG,.((((((.(((......)))..))))))..,0.0
TCTTTCGAATTTTGTATGGGTATTGCGGAA,.........(((((((.......))))))),0.0
TACTCGCTCTTAAATCTAGACTAATGTCCT,..................(((....)))..,0.0
GCTTTTAAAGAATTTTTATGCCTATTTGTA,..............................,0.0
ATACTTCGGTTTAAGAGGGCTTAATTAAAT,...((((.......))))............,0.0
TTTCTATAATATCGTAGATGTAATTTGAAG,..(((((......)))))............,0.0
GGGTTTTACTGGTTAAGTGGATAAAAACAA,....((((((.....)))))).........,0.0
CCTTGACGGTAATTTTCAGTACGATTGGTG,......((.(((((........))))).)),0.0
TATGTTTCAATTATTAATTGTGTGTATCTA,..............................,0.0
GTTATCAATTTCGTTGGATATTTATTTGGG,..............................,0.0
ATCGTTAGATCGTGTTAAGTCAGTTGAGTG,.(((...(((........)))...)))...,0.0
CTATACAAAGTTCCAGTAAAATTCCTTTAC,...............(((((.....))))),0.0
TAGTGTAATCACTGGAAGTTCGGTATTGTG,(((((....)))))................,0.0
TCAGGGCCATATTTAATTTCTAAAAAGGCG,.....(((...((((.....))))..))).,0.0
TAGGTAGGGCTGTCCTCGTTTTCCATATGT,..((.(((((.......)))))))......,0.0
TAACATCAATCTGTAATCTAAAACTGTTAC,............(((((........))))),0.0
TATGGGCTTTTTAATTTTAAGTATATACCT,((((.((((.........)))).))))...,0.0
TTGAAGGGTCAAGCGATGTACCATGTATCT,.....((..((.....))..))........,0.0
TTAAAAAGTCAATTAAGTAATGTGTTCTTG,..............................,0.0
GACATTACGACAATTGTATGTGTTAGCTGT,((((((((((...))))).)))))......,0.0
GAATTATAAGCCATAGAATGGGATTGTGTT,....(((((.((((...))))..)))))..,0.0
GAGGCCGCTGTACCACAACCAATGAGTTCT,..((........))................,0.0
TTTTTAGTAATATAAGTGCATTGATATTTA,..............................,0.0
CTATGAGGAAGTCATGGTAGTGTGAGGGTC,((((((.....)))))).............,0.0
CTACACGCCGCAGGAGAATCATGATTCGTG,...((((...((.((...)).))...)))),0.0
CGGCTAGTCGTGAAGTGGGCGTAGCCCTCA,.((((((((........))).)))))....,0.0
ATGATAATAAATAGTCTGAATTCATTATCT,..((((((.(((.......))).)))))).,0.0
TGCGACTGTCTTGCGTTTTACCAAACCTTT,.((((.....))))................,0.0
TTGGTGACCCTGATATGTAGTATAAGTGTG,......((.((.((((...)))).)).)).,0.0
TCACTTAATAGATGTGCCTTCGTAGGAGAT,.(((.........)))(((....)))....,0.0
AATAGTGATCTCTAAGAAGTAGTGACCGTT,....((.((..((....))..)).))....,0.0
ACAGTTTAACTTAGTCTAGCCTTTGTTCAG,.......(((..((......))..)))...,0.0
CGCGTAAACCGGTCATAATGCAACGGAGTG,........(((............)))....,0.0
TGTGATGAATACTAAATGCTTGCTTCTTTT,..............................,0.0
AACTTGATCAAAGTCAGTGAACAGAGGGAA,.(((.(((....))))))............,0.0
AATTGGTGCCGATTTTTTATTAACTACTAT,(((((....)))))................,0.0
TTATCTAGCTAATTGGGTATCGTACTTAGT,...........((((((((...)))))))),0.0
GAACTTAAATGAGTTTCGGCCGCTTCAAAT,((((((....))))))..............,0.0
ACACAGTTGATTGCGTAGAAGCCGGAGTTA,.......(((((.((.......)).))))),0.0
TTCACCGGAATGAAGTTGGGTCGACCTGAC,((((......))))((((((....)))))),0.0
CGGTTTTTGATGTGATCACATTTGTAATAG,..(((...(((((....)))))...)))..,0.0
AACAACGTTTTATCTTAATTTGCTGGAACG,.....(((((((.(.......).))))))),0.0
TCATGAGTTGCCACACTCCACTGTTGAATA,....((((......))))............,0.0
GTTTGCATATATTGTGTTCGCTTTAGTTTT,((..(((((...)))))..)).........,0.0
TACTTAAACCGTCCTTGAGTCAGTGCCGTG,.((((((.......))))))..........,0.0
TTTGATTGGAATAGGTAAGCGCCTTAGATA,............((((....))))......,0.0
ATTGAATCGTAATCTTGATTAGTTCCTTAG,....(((((......)))))..........,0.0
TGACTATTATGCACAAAATATAGAGTCTTT,.((((.(((((.......)))))))))...,0.0
TAATATTATGTGTCTGTTATTTGGCTTAAT,...........(((........))).....,0.0
TAGGGCGCGTGCTGTAGTAATTGGCGCAAG,....((((...............))))...,0.0
AACTTATGTTAGTAGGGTTCTTGATGTACG,..(((((....)))))..............,0.0
GTCTCGTGTGTATTTACTCGGTCCAGTCAA,...(((.(((....))).))).........,0.0
CATTGGGGGTCGGTTATTGTATCAGTCATG,......((.(.(((......)))).))...,0.0
AGGCTCCTTCACCTGTGTCTTGGATGATAA,........(((((........)).)))...,0.0
CAGTAAATGTTGCCGGATTTAAACACATTA,...(((((........))))).........,0.0
TGTCTGACTCAAATCGAAACCTTTGCAGTA,......(((((((........)))).))).,0.0
TGTACAGGCCATATAATGGAAACAAGCGAA,........((((...))))...........,0.0
ATAGGGGAAAAATAATGCATGCTAAGAGAA,..............................,0.0
TTACACAGTATCGTAGTATGTACAACAATT,.......((((........)))).......,0.0
GTTGGCTATTTTTAACTCTACGACTTGTCG,((((................))))......,0.0
TAAGTATGGGACAACGAATGTATGGGAACG,..............................,0.0
ACAACAAGATGTTCCCCCACTCCTATAGTT,..............................,0.0
TAACGAGAAGGATATTTATATTAATACGGT,..............................,0.0
TACTCTGACATCACTTCATTTATTTTTTTA,..............................,0.0
TAATCGATATTCGCGTATTTGTTCCCTATT,..............................,0.0
TAAGATTGTCAGAGAGCGCGGCAACTTACA,((((.(((((.........)))))))))..,0.0
TAATAACATGATGCGAGAGATCGTGGCCGC,......((((((.......)))))).....,0.0
AGTGCTATCGTGCTTATTGAAGAGTTTTAA,(((((....)))))................,0.0
GATGATCACAAGGATTCGGGATCGATACCG,...........((..(((....)))..)).,0.0
ACGTAGGTGCGCTAAAGCACATAGTAATCA,((....((((......))))...)).....,0.0
CTCCTAAGATTTCACGTGTAATAGGGTAGT,.(((((..((.......))..)))))....,0.0
GACCTTCCAATAAGCTAATCTAATGGGGGC,...((((((.((........)).)))))).,0.0
GCTAAATATCGCGTTCTTTAATTTAGTTGA,(((((((.............)))))))...,0.0
ATTGTTGTAGCATCAGCAGGGCATTTCGTC,.((((((......))))))...........,0.0
GGAGTAAGGGTAATTTCTAGGAGGAGAGGC,.............(((((....)))))...,0.0
GTGTAGTTTAGCTATGATCGGATTACTGTA,..(((((((..........)))))))....,0.0
ACGATAGCGTTGCTGGTCCTTGGCAGACTG,.........((((((.....))))))....,0.0
GAGAAGGATCGTCTAAGGATTAACATAATG,......((((.......)))).........,0.0
GATGAGGAATTGTTTTCGCAAGTACCATTG,((((.(...((((....))))...))))).,0.0
TAATGCTAGTTAAACTTCTTGTGGGAGGTA,.............((((((....)))))).,0.0
CGTCCTTTGTCGTTTAGTCGGGCTGTACTT,.((((.(((.....)))..)))).......,0.0
CGAGTTCTTTAACGTATCTAACGAACAAAC,...((((.(((.......))).))))....,0.0
GGTGGAAAAGACAGTAGGAGCCAAGCCTGG,..............((((.......)))).,0.0
CGGTGTTTTTAGTCGGTTTAATAATACCGA,(((((((.((((.....)))).))))))).,0.0
GGGGTCATTTTCTAATATGTGATACCCGAT,((((((((..........))))).)))...,0.0
TCTAATCAGAATTATGAGCAAAGGGTTAGG,.((((((................)))))).,0.0
TGCACGAGGATTACGAGCACTAACACACAC,(((.((.......)).)))...........,0.0
TACGATACAGTATAGTCCCTCTAATTACAA,(((......)))..................,0.0
ACTCTAGTACTTGACATTATAATTCGATCA,..............................,0.0
ATAATCTCGAGACTGGATAGGTGAGTGAAT,.....(((...(((.....)))))).....,0.0
TCTCTTGAGTTATCGCTTGATCACTGTCTG,.......(((.(((....))).))).....,0.0
GAGGGAATTAATTATTTTATTAACGGGTAC,..............................,0.0
ATGTTATGGGTCGGAAGTTCTGTAGGGCAT,.(.(((((((........))))))).)...,0.0
TTTCACCAAAAGAAAATATTTTGTCCCGAT,......(((((.......))))).......,0.0
ACTGGATTAGTGAGGGGATATATAGCTCTT,...........(((((.........))))),0.0
GAGATTACGTTTTTTTTTTGTGAAAGGTTG,......((.((((........)))).))..,0.0
ATGGTAGGTCCACTTCTGGAATTGCTATGG,(((((((.((((....)))).)))))))..,0.0
TCATGCAATTGCTTGATTATTAATCTTGCA,.........(((..((((...))))..))),0.0
TAGAATGTTAAAGAGGTTAGCTCGTGTCGG,............(((.....))).......,0.0
TATATATTAATATCTTTGATAATCAATAAT,....((((((.....)))))).........,0.0
TATTGGGCAATGCGACCTTGGTTGACCAAT,.(((((.((((.........)))).))))),0.0
TAGCTACCTCGGGTAAAGATAAATCGAGTT,.......(((((...........)))))..,0.0
AAAACTGTTTGATAGGGAATTAAATTGGTT,..(((((((((((.....)))))).))))),0.0
TCTAAAAAAGTAAGTTTATTACTGTAACTG,........(((((.....))))).......,0.0
TAGTATGGGATAGTCACGGGTTCAAGGTAA,.......((((........)))).......,0.0
GTTGAGAAGTGCAGTTTATGAATACGTCGG,..(((......((.....))......))).,0.0
AGCTAGCACAATGACTAGCTGATCTCCTAG,((((((((...)).))))))..........,0.0
AATACGGGTGTCAATAAAACATGTCCACAT,.....((((((.......))))..))....,0.0
TTGACCACCGCTTCATTGTAGGCCGCGACT,.....(.(.((((......)))).).)...,0.0
AATCTAAACTCATTGCATATCCTATGTATT,.............((((((...))))))..,0.0
CATTTGTACAGCAAACTTCGGGGTCCTTTG,..(((((...)))))...............,0.0
TATTGACGGATTTAATCGCGGTAATTGTGT,(((((.((........))))))).......,0.0
AACTCTAATGTTTTTAATAACTCATGTCTT,..............................,0.0
AAATGACTCCTTAGTTAGCGAGGTACATGT,......(((((.....)).)))........,0.0
ACCTAGACCACATAGGTCCTGTCTGTCTTG,.....((((.....))))............,0.0
TATTATGAGGAATCATATGCGTAACGTTTT,...(((((....))))).............,0.0
ATGCGTAGTTGGAGTCCTAGTCTTTGGAGC,..............(((........)))..,0.0
TATTCTTTTTTGACTTCGCGTCTGGAGCGT,................(((.......))).,0.0
ATATTATGGAGTTCTTTCTGTTATCAACTT,.....((((((....)))))).........,0.0
GGGTCTATGTAACGTGTCTTCATTCCTCTG,(((...(((...........))).)))...,0.0
TTGTTATGATTGCGCATTAGCATGTACGTT,..........(((......)))........,0.0
TGCCATATTGATGTCTCGTGAGTGGTATCG,((((((..(((....)))...))))))...,0.0
TCATATCGAGAGTGTATACGTTGCTCATTT,.........(((((.......)))))....,0.0
TCAATCATAGAGAAACAAGGAGCGAAGAAG,..............................,0.0
GTTTTGGAATTGGGGATAAACCGAGGGGTG,...................(((....))).,0.0
AATCGAATGACATATCAATAATCGTAGATA,.(((..((((...........)))).))).,0.0
CGCTTCTAAGTATTTGTTAAATGACTTACA,......(((((..((....))..)))))..,0.0
TTTACTTAATAAATTATAATTTCGGTAACA,.(((((.(((........)))..)))))..,0.0
GTCTTGGGAAAGATATCTGGATGAATGTCT,(((((....)))))....((((....)))),0.0
CTTACTGGTAATTATGTATGTGGCTAAACA,.....((((.((.......)).))))....,0.0
TTTTGTGGGGGAGCTTATTACTACACCCGC,....(((((..((.......))...))))),0.0
TTGCAGTAGCCCTGCGTATATCATCCATTG,..((((.....))))...............,0.0
TGATGTACTTAAAACTTCAGAGTTTGGGAC,.......((((((.((....))))))))..,0.0
TACGTGCAAATATATAACCAGTGATTTTAA,..............................,0.0
CGACTTTGTTAGTTAGGGATCGAAAGTATC,((((((((.....))))).)))........,0.0
TATCTATGTTGACAAACTATACCAAAACTG,.......(((....))).............,0.0
TTAAACCATGGCAATATGGTTTTTCCACGT,..((((((((....))))))))........,0.0
GGTTTAATAATTCTACCTAATTATTTGAAA,(((...........))).............,0.0
TCGTTATATGATCCAAAACAATTTCATGTC,.....((((((............)))))).,0.0
CAGTCTAACAATTCACTTGCTTTCAGGTAG,..............(((((....)))))..,0.0
CTAACGAGTCCGTCAGCTCATGCGCGAAGC,.....((((......))))...........,0.0
AGAAAGAATATTGCATATATCAATCTTTAG,..(((((((((.....))))...)))))..,0.0
TGCTTCGTTTCATACTAACTCGGAACTAAG,..(((.(((((..........))))).))),0.0
TCCCACTATTGAGGTTCGTAGAACAATACG,..((........))..((((......)))),0.0
TTTTTCACTGTGCTCCTATGCTCTCTCGAC,.........(.((......)).).......,0.0
TCCTACTTCTATAAATATAGCTAATTAGGG,.((((...((((....)))).....)))).,0.0
GCAGTTAATTATTGATGATTACATGTAGAG,(((..((((((....))))))..)))....,0.0
ATTCGAGCACCAAGAATGCAATAGTGATCT,......(((.......)))...........,0.0
TTGCAACAGAATGTCATTTAGAGTTATTAG,..............................,0.0
GGTTTTGAACAGCATAGTTGTCTGAAGTCG,(((((((.(((((...))))).))))))).,0.0
GGATTGTGTCATGCTTATATTCGGAGCTGT,............((((.......))))...,0.0
TCGATCCTGTCCAGATGAATGCACTTAATG,........((.((......)).))......,0.0
GGAAGCGAACCATGGTTAAGGAGGTTTTAC,.(((((...((........))..)))))..,0.0
ATATTCTTAGAAATGTCTAAATTTAGGCTG,..............(((((....)))))..,0.0
GGTGGTACAATGCAAATAGGTTATACTATG,.((((((.(((........))).)))))).,0.0
GTATTGGAGTGGATTAAGTCCATTGTATCT,....((.(((((((...))))))).))...,0.0
GGAGGTCCTCTTTTGACTGCATGTACAGTT,((((...))))...(((((......))))),0.0
AGATCCAGGTGGTCGTGTGGCATCACGCTA,.((((.....))))(((((....)))))..,0.0
ATAAGTTTGATAGTTATAGTAAAGTATTAT,.......(((((.((......)).))))).,0.0
GTACGTAACACTTAGAATGTGGCAAGTACT,((((....(((.......)))....)))).,0.0
ACTGCTTTGAGGGCTTGGGGTCAGATCGTA,.(((((((((....)))))).)))......,0.0
AAATTAATTCTAAGCTCATGATATTGTATT,..............................,0.0
CTTTTATAGATCAACGTCTGCCGACGCTAT,..............((((....))))....,0.0
CCTAATTTTATAAACGTCCTTGTTACGTCT,.............((((.......))))..,0.0
CAGGGGCGCACATCAAGTATTAGTTCTCTG,(((((((...............)))).))),0.0
TCAGACGGGATTCCTTGGATGCCGTGCATG,....((((.((((...)))).)))).....,0.0
ATTGTAAGTCGTGGTAATTTCATTTGATTT,.....(((((((((.....))))..))))),0.0
GAATTCGACGTATTTCGCTGATAAACTAAT,....(((.((.....)).))).........,0.0
TAGGATTCCCAGGATATTTAAGCACGCATA,..((....))....................,0.0
ATATTATATGGATTATAACAATATGATTAT,..........(((((((....)))))))..,0.0
ACTGTGATTGCGTGTTTTCCGAATGTACAC,...(((..(((((.........)))))))),0.0
CTGTTTCGTTCCGGACTAAGAAACATTAGA,.((((((............)))))).....,0.0
CGCAACACGATGCTATAGAGATACAATACA,.(((......))).................,0.0
TGAAACCGAGATTATGCAGTGATTGTACGG,.....(((.((((((...))))))...))),0.0
TTCTATGAAAGCGATTAATCATAATTAAAG,...(((((..........))))).......,0.0
GAGAGTGCTAATGCAATCAGTGGATTGAGG,..((.(((....))).))............,0.0
TACATTTCCGGTGTAATTAAGCTAGGACTT,......((((((........))).)))...,0.0
TTTTACCGGTAGACGATACAATTTACTGTT,......(((((((........)))))))..,0.0
TGGTTTTTGGCATAGATATGGCCACTCAAA,.......((((.........))))......,0.0
TTATTAGGGACTGTCATTCGTTATGCAACT,...........((.(((.....)))))...,0.0
CGGAGGATAATGAAACTCTTGATGTGTCGG,.((((..........))))...........,0.0
CGTGCATTTTGAGTAGGAGATTTCATAATG,....((((.((((........)))).)))),0.0
GATTTTAACTTATCTGCGTTTGTGGCACAT,(((........)))(((.......)))...,0.0
TTTGATAAATAGCCTGAGTAATCGTTCTGT,........((((..(((....)))..)))),0.0
TACCAACTCGGAAGCTAAACTCACCGATAT,.......((((.((.....))..))))...,0.0
AGGTATCTGGGTTTAAGGGTCAGTTGTTAT,......((((.((...)).)))).......,0.0
AAAGTATTGTTGAACCCCTGTCAGGCTTAT,.((((....((((.......))))))))..,0.0
ACAGCTATAACTCGTCTTTACGTTCGAATT,...........(((..........)))...,0.0
CTTTGATTTATATTTTGTTAACTTTTATGT,..............................,0.0
AACTTGCACTTCTAAGACAGAAGCCTAGGA,..((((..(((((.....)))))..)))).,0.0
AGTACATAATTGAATTTATATTTCATTTTC,..........((((.......)))).....,0.0
ATTTTTTCAGACGTATATGCAGAATCCAAT,..............................,0.0
TGTTGTGAGATCTCGTAATTGACTACTAGA,..........(((.(((......))).))),0.0
ATGTGTTGCAGATTCAAGATTTGGAATAAT,...((((.((((((...)))))).))))..,0.0
CGCAGCCATTGGGTTTCAGAAAAGAGTTTT,.(.((((....)))).).............,0.0
TAACCTGATTGTTCTTGTTAGTATCGTGTT,((((..((....))..))))..........,0.0
ATGGCTAGATGTTTGCCACGTTAGCGCTCT,...(((.(((((.....)))))))).....,0.0
CTCTTTTAATTGATTAAACAAATAGACGCT,....((((.(((......))).))))....,0.0
ATTATTAACATGATATGTTAAGTTTATAGG,....(((((((...))))))).........,0.0
AGCCTTTTTCCCTGCAAGTTAGGGTTGATA,.........(((((.....)))))......,0.0
AGCTATAATTCTTGACTCTGAGATAGTACT,.(((((..(((........))))))))...,0.0
CATTAAGTTATTCACTGCTTCTAGTGAGAA,...........((((((....))))))...,0.0
AAGGCAGGGCGTTAGACGGGGTTAACCAAG,((.((...)).))....((......))...,0.0
ACTCATTTCCTTTAAGGAAATATGACCTAG,....(((((((...))))))).........,0.0
AACTATTGGTTGACGCTGCATTATACGCGT,............((((..........)))),0.0
TTCAAATAGTATCAATTGTGTCGTAAGTTT,..............................,0.0
TTGCTCAGAGGATCTAAGTAATTGCCGCTT,(((((.(((...))).))))).........,0.0
CGTACTTTGATCAAGTTTTCGCATCTATAT,..............................,0.0
CTATATACTAAGGACTCATACTATTGGTTT,...........((((.((......)))))),0.0
GCGCAGTACCAGATGTCCCTCTGTGGCTAA,.(((((..............))))).....,0.0
CACTACCCCGAAATTGGTTATTACCGGACA,..............((((....))))....,0.0
TACAAGTCTGTGTCACAGTTCCTCTTAAGT,.......((((...))))............,0.0
TTAAAGTCACTCTTTGTAGAGGGTGGGTAA,....(.((((((((....)))))))).)..,0.0
ATCTTTACATGAGCGGTTTTCATGTTTGAT,(((...(((((((.....)))))))..))),0.0
TACCAGACTAAGATAATTGTAATAAGTTCA,..............................,0.0
CAATATGGAGATGTGTAATGCTTATATTGC,((((((((..((.....))..)))))))).,0.0
TCGTAGAATAATGGGTGGGAGACATAATTG,..............(((.....))).....,0.0
CTTCAGATGTTTCGGATCACCTCTTTTAAC,.....(((.......)))............,0.0
CTAGGGTGAGATATCTACAAAGATAACACG,.....(((...(((((....))))).))).,0.0
TGAAATAATGGGCGGGAATTTGGCTTGAAA,.........((((.(.....).))))....,0.0
AGATTAAGCAACGTTAGAGAAAGGGGCCCA,.......((..(..........)..))...,0.0
AGGTATGTGAGCGGGGGTGGTAGTGTCACG,......((((((..........)).)))).,0.0
GTAAATTACAGACTGGCATATTCCTCATGA,..............................,0.0
TAGGACCTGGGTCTAAGCTAACGAACGGGA,.....((((................)))).,0.0
AGCCTTAGTTTTCCGATTTGCCAAGGAAAA,........((((((..........)))))),0.0
TGCTATTAGTCTGAGGTTGTTGTGAGCTGG,......(((.((.(.(....).).))))).,0.0
ATTTTAACAATTACAAGAACCGCGAGCACA,..............................,0.0
GCAGGGGCCGAATGATGCGGCAGGGATCCA,...(((((((.......)))).....))).,0.0
GTCGTTGCGCATGCTATTAACGCGTATGTT,.....(((((...........)))))....,0.0
TGTTGATTGTTTGACGAATTACTTTATATA,((((((....))))))..............,0.0
TAATGTAAGTGTGCATTGCTCATCCCTTCA,(((((((....)))))))............,0.0
CCTGAATTGAAGGTAAGGGAAGTATCCATT,(((.......)))....(((....)))...,0.0
TAGTGGGACTCGTGCTTTCGGTCTAGACAT,..((.((((.((......))))))..))..,0.0
TCATGTTATATAAAAGTTGAACTTAGTTGG,..............................,0.0
GCGCTTTTGTCTATCTGTTAGATTTCGGGA,...((...(((((.....)))))...))..,0.0
CGGTAAATTTTGTGTAAACGGGATTTCTAG,.((.(((((((((....)))))))))))..,0.0
GCCGGCTAGGGTTACTCGGCAGTATTTTGT,(((((.((....)).)))))..........,0.0
TTCACTGGGGTAGGTAAAGGTCTGCCACAT,.....((.((((((......)))))).)).,0.0
AAGCTCCAGAAGTAACTGTCAGCTGCAGGT,.((((.(((......)))..))))......,0.0
TTGATGAAATTGAGCAATGCTTCAAGGTTC,.....(((.((((((...)).))))..))),0.0
AGCGGAAAGCTAAAGCTAATATGTAGCCAA,(((.....)))...((((.....))))...,0.0
TGTCAATATAATAAAGCGTTGAGTTCCCCA,..(((((..........)))))........,0.0
GTTTCTTAAGGCAGACCGTTAGTAAGTAAA,....((...((....))...))........,0.0
AATTAACTAGTATGGCGACAAGAGATCCGT,..............................,0.0
TGTTATAGTCTCAAATGTGATAGTCAAACG,(((((((........)))))))........,0.0
ACATTTACAGCACGACGTGAAATAATTATT,...(((((........))))).........,0.0
ATGAGAATTCGGTTGGTCCACTTACCTAGT,..........(((.((....)).)))....,0.0
GAATGCAGTTGGTTACACGAAGCAGGTAAC,...........(((((.(......)))))),0.0
TATATGTTCGCACTTTTAGGCGGTACATGT,.((((((((((........)))).)))))),0.0
AGAAAAATTTGTCTAGTTAAATCGTGGGAT,....................(((....))),0.0
ATACTGTGGTTTTTGTGTGTTTCCGTTCAC,((((..........))))............,0.0
GAGGTTGGCGGATGATTTGTGTGTAGAGGC,.......(((.((.....)).)))......,0.0
AGGCTGACAATTTTAGAGTTGTTCTGATGT,.....(((((((....))))))).......,0.0
AATAAATTCATATTTAGATCGAATTTGGTT,..(((((((...........)))))))...,0.0
ACTGTTTTATGGTAGTATAGTATGCTCTAC,.........(((.(((((...)))))))).,0.0
AGACCGCAAAGACTGCCTGACCGACTTCAG,.....(((.....)))((((......)))),0.0
GTTGGATTCTGATAGTTAATAATTCCCTAT,...(((.................)))....,0.0
GCTCTGTAAGGTAATTGGTACTCTAAGGGA,.((((....((((.....))))...)))).,0.0
GTAATGTCATGGTTAAATTAGTGATGTGAT,...(((((((..........)))))))...,0.0
TTCTTAAAAAATAGAATCACAAGATATTGG,((((........))))...(((....))).,0.0
TGACTGGTGAAATTTACGCAACGAGTAATA,..(((.((............)).)))....,0.0
AATTATAGACAATTGTTCGGATACTGGACA,.............(((((((...))))))),0.0
AGTTATGCGAGAATAATGTTTCTCGCGATG,......(((((((......)))))))....,0.0
CCGGTCTCAATTACTTCATATTTAGACTTT,..(((((.(((........))).)))))..,0.0
GTATCGTGAGTTTTCTATGAGCAATCATAA,...............(((((....))))).,0.0
ATTAGACCGGGACCACCTACTAGAGTTTTA,..(((...(((....))).)))........,0.0
CTAGGACGCGGAGATCTCTAAAATAAGTGT,.....((((.................)))),0.0
AAAGTGGTGAGGTGATCGTTCATTGCGACG,...((((((((.......))))))))....,0.0
TGTGAATCGGGATTGGGAAGGTTTTATGAA,...(((((...........)))))......,0.0
TACGCTGCATTTATTAGGAAACAGTACTTA,...((((..(((....)))..)))).....,0.0
ATATGAGCTATATAATGCTTGACTGAGAAC,....((((........))))..........,0.0
CAGTCACAAAAGACCATTTTTTACTTGTTG,..(((......)))................,0.0
AGTCTGCTTGGTTCTGGCTTCTCACTAGAA,...........((((((.......)))))),0.0
GGTCGTAATGTGGTAGTTTGATGTAAGCAG,.((((.(((......)))))))........,0.0
TGCTGCCTACGTATTAATATTGAAGGTAGC,.(((((((.((.........)).))))))),0.0
ACGTTCTGATTGTTCATACAGTTGCTCGCG,.(((...((((((....))))))....))),0.0
ATGCAAAAATTTTGGACACAATGGAACGCC,..((.......(((....)))......)).,0.0
CAAAGTTAGGTAGCAACTATTTATTGATCC,......(((((((...))))))).......,0.0
ATCGATACTTAATCGCCTTAGGTTGGATTT,(((.(.((((((.....))))))).)))..,0.0
GTTGGATGCAAAGCGTAAAAGATGTGATTA,.....((((...))))..............,0.0
TCATTAGAGGAGTTAAACTGTGGACTAAAG,....((.((........)).))........,0.0
AGATAATGCACTGGTTCCAATACAATGATC,..............................,0.0
TAGTCTTTTTATTGTGATATATGAGATGTG,..(((((..(((......))).)))))...,0.0
CATTTTTAGTATTAACCATTACGTACATAG,........(((........)))........,0.0
GTAGAATCACCCATAATTCCTAGTTTAATT,...((((........))))...........,0.0
CTATGATGCATTTTAGTATTTCGATCTAGA,....(((((......)))))..........,0.0
CAAGTATATGCGCGCAATATGTGATCTGGT,............((((...)))).......,0.0
GTAATGTTAGAATTAATCCGGAGGTCGCAA,((.((.((.((.....))..)).)).))..,0.0
ATGCTAAAAGACCATTAGGTATTTTGACTC,....(((((.(((....))).)))))....,0.0
AACTTGCAGCGATGTCACAAGAATGGTACC,..((((..((...))..)))).........,0.0
CGCGGGTATGCAATAAAGGGACCCTGTGCT,(((((((.(.(......).))))).)))..,0.0
GAAGTTATTGTGGCGCCAGTAAGTTCACGG,(((.((((((......)))))).)))....,0.0
TAAATCCCATATGAGTTCTTTTTCGATTCG,............(((((.......))))).,0.0
AGGCGAGTAGAGGTATTGAGATTACATTTC,............(((.......))).....,0.0
TCACGCTTGACAATTTTCTATAATTCACCG,..............................,0.0
ACCTTCCATAGTACGTTTACTTGTTCGTGA,...........((((..........)))).,0.0
TGGGTTATTTCGATAGGTAATTTTAATAGT,.(((((((((....))))))))).......,0.0
GTTAGTAACTTTTTGGTCGCGTTCGGAAGT,.........(((((((......))))))).,0.0
TCTACACATCCTGTGTATTACAAAATGCGG,..((((((...)))))).............,0.0
TACCAGGTGGATTTCTTTGTCCACAACTCC,......((((((......))))))......,0.0
AGGTGTTATGTATAAAAGTTCAATATGTGA,.....((((((((.........)))))))),0.0
CAATATAACCGTACTAAATGCGCCAGGAAC,.........((((.....))))........,0.0
TAATAGTTGGTCAATGGGTTTTTAACCCTG,...............(((((...)))))..,0.0
GCATAATTGGTTCGACGGTTGACTAGCCTA,................((((....))))..,0.0
AGCAGCTATTGTATTGACAGAACATTGCGG,.((((...((((....))))....))))..,0.0
AGATAAGAGGCCAGCGCAATGCGACATACA,..............(((...))).......,0.0
ATGGCCGGAATATAGCTGGAGATAATTCAT,....((((.......))))...........,0.0
AGCTGCTAAACGCAACATTGGGGATTTGTT,...(((.....)))................,0.0
TATGACTTGAAAGGAATTTTATGGTTTCCG,............((((.........)))).,0.0
TCATAGCGGGAAAGGGTTATAGCCGGTTTT,....(((.((..(......)..)).)))..,0.0
TTAACAGGCAAGGTCATAGGTTTCAGGGGA,......(((...)))...............,0.0
AAAGAAGGATTTATGATCGTCAGTACTATT,...((..((((...)))).)).........,0.0
GGTCTTGGGCGTTATGAGGATAAAAGGCGA,.(((((...(........)....)))))..,0.0
TCTAACTGAGTGTATAGATACTGTCGTTAG,.(((((..(((((....)))))...))))),0.0
CGGTGCGTCTTAAGGATATATTACTGATAC,(((((.((((...))))....)))))....,0.0
CATTGAGGGCATCGGTTATAGAGTAATACG,.(((((.....)))))..............,0.0
GATTCAGTATTTGTCTCCTTATTGTTTTAT,((..(((((..........)))))..))..,0.0
CACATTTATGTTCACAGACGTATCGTATCA,......((((((....))))))........,0.0
GAAGATTTGTTATAGTGTGCGACATCGGGG,...(((((((........)))).)))....,0.0
AGAAGATACGAGATTTATTTGAATGAAGAC,..............................,0.0
TAAAGTTTAGCTTGATTGTTCTAGGCTTTA,((((((((((..........)))))))))),0.0
TTTCAATGCTCCTGCATATTTGATACATGT,..(((((((....))))...))).......,0.0
TTAGATCACCCCACTAAGATGTACTACAGT,.((.(((..........))).)).......,0.0
TGTAGGTATTGAATTGAAACTTGGTTACTG,.((((.((.............)).))))..,0.0
ACTGGACCAGGTTATTGGATTATATTTTGC,......((((....))))............,0.0
TGGTTTTGGTTATACCATAATGAGTAGCAG,(.(((.((((...)))).))).).......,0.0
GCGGTGCGGTGATCATTATCTGAAGCCCAA,..((.((...(((....)))....))))..,0.0
TTTTACGCCATTGTGTAAGGGGTTGGTCCG,((((((((....))))))))((.....)).,0.0
GGTATAAAAATCGATTATTTACAACGATAT,.........((((...........))))..,0.0
GTAGCGGGAAGTCTATGTTGGAGGATTTCC,......((((((((........)))))))),0.0
GTCATTGTCTAAAATGTATTGTTTGATGGG,..((((......))))..............,0.0
TACCAGATGATTGATTTGTCACAATTACTT,....((.((((((........)))))))).,0.0
ATGGTGGTTAGATTTCAGTTCCCAGCGATG,..(.(((..(........)..))).)....,0.0
GTGAATACCTCCTCGGAACTTCGCGTAATT,(((((..((.....))...)))))......,0.0
ATACCATAGTTTATTCACACTTGTAATGTG,.................(((.......))),0.0
TATTTCTAGAATGGTTATGATCTCACGCGT,..............................,0.0
GGGATGTTCTAATCACTTGGATACTCTATC,(((.(((((.........))))))))....,0.0
TACGGAGTGCTCGGATTTATGTCGTGTTGT,(((((.(((........))).)))))....,0.0
GTATTAGGTATAGTGTTTGTATAAACGATC,.......(((((.....)))))........,0.0
AGTATGCACAAAATTTATTATCTTCGATTA,..............................,0.0
TAGGGCTAATATGGAGAATGTTTCATCAAG,..((...(((((.....)))))...))...,0.0
GTATCGAACTCTTCAATCAGTCTATTTACA,(((....(((........))).....))).,0.0
TAGGTTGATTGGTTTTTTTGTGTGTCACGA,.................(((((...))))),0.0
AAGAACTGGGAAACAGCAATGAAGTACTTT,.....(((.....)))..............,0.0
GTATTCAATTGATGTTCCGATCTGGCATTT,..........((((((.......)))))).,0.0
TATCTACGCGGGAACTACTAGGTATCGTAC,.......((((..(((....))).))))..,0.0
TGTTTACGTAGATGCATGGCACTTTGTTAC,.....(((.((.(((...))))).)))...,0.0
ATTTGTGGTGACTATTATCTGTTACAAATG,.......(((((........))))).....,0.0
ATACGGCGCTTTCGTTATAGCAGTTGTTCA,..((((((((........))).)))))...,0.0
CAAGAGAAGTGCTAATATCACATTATCTTG,(((((...(((.......)))....))))),0.0
CCTATAGACGTTCTCTGAACCATAAACTTA,.........((((...))))..........,0.0
AATTACTGGATAGAGGTAACATCTAGATTG,.....((((((.(......)))))))....,0.0
CAAGCTAACATTACTCGTTATCACTGTGTC,.....((((.......))))..........,0.0
CTTCTTACTTAATGCTTTAATCGGGTCGAA,......((((.((......)).))))....,0.0
GAATCGATCAGAAAATACGAATTAACAGGA,..............................,0.0
TTTTGGGCGTCACAGAACAATTCAACTTAA,..(((..(......)..)))..........,0.0
GGGTATAGGGATAGTCTTCATCGTTTTGAC,.(((..(((.....)))..)))........,0.0
GTTGTAATGAGGTATATAGTAGACAGGCTT,..............................,0.0
AAAGTCACGGTTTGCTAATAGCTTAACCTT,........((((.(((...)))..))))..,0.0
ACAACTAGCATCATGTTTGTTAGTGAGTAG,...(((((((.......)))))))......,0.0
GGATTAACCCCATTTACCTTGCAGAGATCG,((.......))...................,0.0
GTCCGGTAAGAGATGGCATGAGTGTGGGCA,(((((...................))))).,0.0
TGAAATTATTCGAGACTTTAGGCATTCTGT,..............................,0.0
TTATATAATTACATTCTAAAATGCGTACGC,..............................,0.0
ATTGATTTATCTTATAATCCTCTTACACGA,...((((........))))...........,0.0
GTCTATCCCATTAGTAGAAATACAGATTTG,.(((((.......)))))............,0.0
TAAGATGGTCGATCTGGCACACGAACTCAA,..((((.....))))...............,0.0
CAGAATTTTATGAACGGGCATTTTATGACA,.......(((((((.......)))))))..,0.0
CGGACATAGACTTCGGGAACCTGTTTGTTT,.....((((((...((...)).))))))..,0.0
TCTGATGTACTTTACATAGGTACCAATAAG,......((((((.....)))))).......,0.0
TTGTCTGATCGTTATGCGTATTGTTTGACA,.((((.((((((...)))....))).)))),0.0
CAAACAGCAATGAAAATAGCTTTCACATCA,.....(((.((....)).))).........,0.0
GAGGTCTCATTATTATTAAAGGTAAGTTGT,..............................,0.0
TCAGTGACTCGCTAAAAATGATCCGCCTTT,...(((..(((.......)))..)))....,0.0
CGGTGTGTTAACTGAAGGAGTATACTAGCA,..((..((..(((.....)))..))..)).,0.0
GGTCATTCTATTCCATGTTGCGGTTGATTA,(((((.((((........)).)).))))).,0.0
GTAAATTATTTTTAGACCGGACAACAGGAG,................((........))..,0.0
AGAATTTTCGTGAGAGGGCGTGGCAAGTGT,........(((......)))..........,0.0
GGTCAACATGTATCATTATCTTAAGCTGTT,..............................,0.0
GTCCTTGGTCTGCCAAAACAGTTGCTGTAT,....((((....)))).((((...))))..,0.0
GTTTAAATAAATATACCTGCAGGCTGATAT,..............................,0.0
GATTTTAGAAATTTCCGATGTTGAGCATAG,.................((((...))))..,0.0
ATGTAATTGATATACACCGAGAAAATATCG,........(((((...........))))).,0.0
AGCACAGAAAAGCTTGAGACGGTTTGATTG,....(((..(((((......)))))..))),0.0
AAAATACCGTATAAGGTGTAGGTATTACTT,..((((((.((((...))))))))))....,0.0
GTTCTGCAAGCAGGGGGCACTTGTGTCTTA,...(((....)))((((((....)))))).,0.0
TTAAAACATGATTGAACCAATGTTTGAGTG,...((((((..........)))))).....,0.0
CTAACATGTCTGGTGTATAATCCCAATCGG,...((((.....))))..............,0.0
TGGTCCTTCTGAAGTATCGACTTCCTTATT,..........(((((....)))))......,0.0
AGTTTTGTCTGAGCGTCGTTTAGAGTGCAC,.((....(((((((...)))))))..))..,0.0
GAAATCAGCATCCTTTATTTCCCTTCGAGA,..............................,0.0
GATAGCGCGGTACTCTTTGATAATTATTAT,..............................,0.0
AGGTTACTACGTGAATTAAATGAGTTACGT,..((.(((.(((.......)))))).))..,0.0
GTTGAAGGCGCACTGCTACTGTATCCTTTC,...(((((.(((.......)))..))))).,0.0
TTATATCTGCGATTGTGGGTGATAATTTGC,((((((((((....)))))).)))).....,0.0
GTGATGATTTTTATACACGCATGGGGGGGT,(((((((...)))).)))............,0.0
TATACACTTATGTTTTTTGCTACATGGTAA,.......((((((........))))))...,0.0
TAATACTTAACTATGTTCATCTGCGTGTTT,........(((.((((......))))))).,0.0
TGAACGTTTTTTTACAAAATTCCCCAAAAA,..............................,0.0
CAACCATTTAATGTGTTCTAAGTCCGCAGT,...........((((.........))))..,0.0
TCGTACTTTAGGCTATTGAGTAAAAGTTAT,....(((((..(((....))).)))))...,0.0
GGTGCAGTTACTTAAGTACTATTCTATGGG,(((((..........)))))..........,0.0
GAAGTGTTAAAGTTGAATTTTTGTAAATGA,..............................,0.0
CTGTTTATTTGTTTAAAGGGTTTTACTACG,((.((((......)))).))..........,0.0
ATCTTCGGCTTGGTTATGATATAGTGTAGA,.(((...(((............)))..))),0.0
CGAGGCTAGTGCTGCGCTACGGAGGTTTAA,((.(((....))).))..............,0.0
TTAGCCGTCTCTAATATTTCCTCTACGTAT,..............................,0.0
TTTCCACAGTACGGAAAGGTCTTTTCTGAG,...........((((((.....))))))..,0.0
GATGACTAGGGAGTGCATTGATTGGCCGAG,(((((((....))).))))...........,0.0
CTATGCTTTCATTAAGCAGAGGTCCATTAG,((.(((((.....))))).)).........,0.0
GTAGAAGGGGGATTGGATTAGTCAATTAGA,..........((((((.....))))))...,0.0
GTTCGGCATCGTTCGTAGGTCCAGGCGTGT,(((.((.(((.......))))).)))....,0.0
TGATGGATCAGTTCTCTTTTAACGTTGAAG,..............................,0.0
AGTGTGGATACACCAAAGTAGTTGGGCACT,(((((...(((......))).....))))),0.0
GAATTAGGCACAACTTTTTAACGTAGTTTT,((((((.(.............).)))))).,0.0
GATCTCAGCTAATACTTATTATCGGAGATT,((((((.(.((((....)))).).)))))),0.0
AAGAGTCTAGATCGTGGGTAATATACGCAA,..............((.(((...))).)).,0.0
TAATTAGGCTCTCAATTTGCTACAGGAGGG,........(((((............))))),0.0
CAAATAGAGGCATGCGCGGGTTGGGCTATA,.......((.(..((....))..).))...,0.0
GGGGGTTGTAGCTGTTAAATGTGCGGTGTA,..........(((((.......)))))...,0.0
CTTCGCTTAATTAAGGCAATGTTTTCAAAT,....((((.....)))).............,0.0
ACCTCCTAAATATCGGGTAAACTTATCACC,((((..........))))............,0.0
CTTCAGTGACCTAAAGATTTTACACCGCCT,..............................,0.0
TTAAAAGGCTATTCGGGAGGATAGTTGTTG,......((((((((....))))))))....,0.0
AGAATGAATCCACCTTCACGGAAGAATGAG,........(((........)))........,0.0
AAAAGGTAGTTCAGTGGAGGTACAGTCTAG,.....(((.(((....))).))).......,0.0
AATTTAGTCGTTGAATAAGATACGCAAATG,.((((.(.(((..........)))))))).,0.0
TTTTACCCAATATCTTCAAAAAGAATTGTA,.......((((.((((....))))))))..,0.0
AGGTACTAGTCCTGCAGAGCCTACTGGTGA,...(((((((.((....))...))))))).,0.0
GCGAAAGGTGGGATGCCTATTACGTCTTAT,.......((((((((.......)))))))),0.0
TGTTGTCTTATAATATGCGTTTTCTCAATG,..............................,0.0
GTTTCAGTTGAAGGTCAGTCATTGCAAGTG,....((.(((.((........)).))).)),0.0
AGTTTACGGATGCCAGGGTTCGATTTCTTG,......(((((......)))))........,0.0
TTCTACGATCTTTAAATTGAAAGAAAGTAG,..((((..(((((......)))))..)))),0.0
GAATAAAGAGCAAACAATAATGATTGTTTA,.......((((((.((....)).)))))).,0.0
TTATAACATGACGTACGGGTAGGAGGTGGG,......(((..(.((....)).)..)))..,0.0
TTCGATTCATCGACGTTTTTGTGCGTGATT,........(((.((((......))))))).,0.0
CGGTTATTTTTTGAGGAGTCTGGACCTGGT,.(((((((((....)))))...))))....,0.0
TGAATTGAATTATTTTTATTAGATCGTGTA,..............................,0.0
GCTAAGTGAATGGCTGTAAATCTTTCTATG,((((......))))................,0.0
ATCCCGATATGAGGTCTTCTCAGAATTTAA,.........((((.....))))........,0.0
CTAGAACCACCATTGCGCCAGTTGTTACCA,..............................,0.0
GCTAAATCTGTTAAGAAACATTTAGGAATC,.(((((..((((....))))))))).....,0.0
TGTGAGATAAACTGTCGACCTCATGTACTC,.(((((.............)))))......,0.0
TAATGGTACCACCAGACCTGTATGTAGACA,...((((...))))................,0.0
TAGAGAGTGATGACGGTATTTGTTGATCCG,.............(((.(((....)))))),0.0
AATTTTAAACACCCCTGTTTTTCTTTTAGA,......(((((....)))))..........,0.0
GGTGTGGTAGCGCGGCTCTTCCAAATGTTT,(.((((....)))).)..............,0.0
TTATTTTTTGGTTCGCCGGTTAATCCTGTC,..............((.((.....)).)).,0.0
GCGTCTTTTGAATTATTCACAATGCCATCG,((((....((((...))))..)))).....,0.0
ACTGTCTTCAAAGTGTCTTACAAGTGGCCC,(((........)))(((........)))..,0.0
AGACGTTTTATGCGCCTAAAAGTGGAACTG,....(((((((..........)))))))..,0.0
CCAATAGTCGGTTGCCCAGGGACCCTCTGA,....(((..((((.(...).))))..))).,0.0
GCCAGTATTTAGGAATAGTAGGCAGGATTT,((((.((((....)))).).))).......,0.0
CACACGAAGTTCACTTCATCTAAATCCTAG,.....((((....)))).............,0.0
TCCGTCATGGTGTGGACTGTTACACCGGTG,........(((((((....)))))))....,0.0
ACAGTAAGTGTGTTTTATTCACCGCTTACA,...(((((((((.......)).))))))).,0.0
ATGCCGACTGGATCTAGAAACTTACATTAG,...((....))...................,0.0
AGTTATGTTTCCTTCTCTAGTATAATACAA,..............................,0.0
TTTTGGACTGTGATTTTTTGAAGTGGGGTT,.....((((.(..(((...)))..).)))),0.0
GCTCACCTTGGCGATAATAGTCCATTTTTA,(((......)))..................,0.0
TTAGAGGCTTATTCAGTTTGGATCAATCTG,.((((.....(((((...)))))...)))),0.0
GTAACTTACAAATATTAACATTTTCAATCC,..............................,0.0
TTGATGTGCGTTGAATCGTGAGAACTGTAG,.......(((......)))...........,0.0
TTTGCAGATACTGCTTTCTAATATGGGCTC,...((((...))))................,0.0
AAATCACTAAGCTCTCAGCTACAATGAACG,...(((...((((...))))....)))...,0.0
TATCCGTTGATTTATGTCGTGAAATGCGGG,...((((((((....))))......)))).,0.0
TAGCAAAAATTATACAGAGGATTCATTCTA,...............((((......)))).,0.0
GAGTAAACGTGCGATCATTATCCATACTCG,((((....(((.(((....)))))))))).,0.0
TTACTGTTCGGTGAGTACGATATTTGGAGG,.((((........)))).............,0.0
GTAAATGTATTATTTTATAGAGATACAATA,(((..(.(((......))).)..)))....,0.0
GAACGACGCAAACTACTTAGAAATATTGGC,..............................,0.0
TAAATGTCCTCCAGCATTGTATGAACAAAA,..(((((......)))))............,0.0
CATTACTAGTGAATAAGACAGCGGTCATGT,(((.(((..((.......))..))).))).,0.0
TAAGCTAACGAGTTGTGACTTGAACTGGGC,........(.((((........)))).)..,0.0
TACATATGGATTCAATAAGCTACAAATGTG,(((((.((..............)).))))),0.0
TACCCCCGCTCAAAGGTCATGCTCCTAACA,.............(((.......)))....,0.0
CGAGTATAAACTCCACTGCGGTAACCACGC,.((((....))))....(((.......))),0.0
GCTCACCGCATCCTTCCGTTCGAATGTTAG,((.....)).....................,0.0
TCGGATGGCTGATTGACTTACCGGAAATAG,((((..(((.....).))..))))......,0.0
AATGTAACTGTCCCGTATAACCCTAGCATT,..............................,0.0
CAAAGGTACCGATAAACATTCACTTTCGTC,.........(((.............)))..,0.0
ATTCGCGACGAGGATCTATGTACTGTGGCG,...(((.((.((..........)))).))),0.0
TCCCATTACCTAAACTCCTATAATGGGGTA,((((((((............))))))))..,0.0
GAGCACTAGTTCAGCGAAACACGCTACCGT,((((....))))((((.....)))).....,0.0
CGAGTCCCACTTTAGGTGTTTAAATAATAA,.......((((...))))............,0.0
TCAACCACACTAAGAGGAGAATAAATTGGT,........(((((............))))),0.0
ATTCTTATCTGAGTATATAAGAACGATTGC,.(((((((........))))))).......,0.0
TCTTATACAAGGAAGGAATTCAGAACTTCT,..........(((((..........))))),0.0
CGTTGTCGCAGAATTTCTCGGATGTGCTCA,.((.(((..(((...)))..)))..))...,0.0
TAATTCAATACTGGGTATCTGCCAGTAAAA,........((((((.......))))))...,0.0
AGCATACTACTAGCGACAATTATTCCACAG,..............................,0.0
TTTATCCCAGAGTTAGCGTTCACTCGGAGT,......((.((((........))))))...,0.0
GGCTAGTGGAAGGTGCAGGGGTTTAGAGCG,.(((..((((...........)))).))).,0.0
CCTTATAAGACACATTAGTAATCGAGTGCG,............((((........))))..,0.0
TTCGATAAATCACCGCTGGCCGTTGGGTTT,.................((((....)))).,0.0
TGGTATTGTCGTTAAATTTCGAGCAATGAA,...((((((((........))).)))))..,0.0
GGTAATAAAAGGTAGTATGTGTCCGATAAG,((..(((..........)))..))......,0.0
TTAGGGAAGGCGTATTAGAAAAAGTTTTTG,.....((((((............)))))).,0.0
TGTATTAGAATGTTTGTTTATACCAAGTAA,..............................,0.0
GTTACGCGTATTGGCCGTTGGACACGATGG,..............((((((....)))))),0.0
ATAGCAATCAAGCAATGATTTACAGTGAAG,.....(((((.....)))))..........,0.0
GATTCGGGTTTTGATTGTCCGGTGTGAGAG,...(((((.........)))))........,0.0
ACTTATGGTTTTAGAGGGTTATTCTTGTGG,...........((.((((....)))).)).,0.0
TTTCTGCATGTAATGTAAGAATTTACATCT,.((((((((...)))).)))).........,0.0
TATAGCCACTGTTTTCAGGTGTGAACGCAA,.........(((.((((....)))).))).,0.0
GCGGGTTATGTACAAATGTATTTAATCTAG,..((((((.((((....)))).))))))..,0.0
ACTATTATCATTGGTAGTTATAAAATGCAT,(((((((....)))))))............,0.0
GCTGAAACTTAATGAGGGTGCAGGTACAGA,.(((..((((.....)))).))).......,0.0
ATTGCATAGCTGTTATGTCAGTCTTACATG,........((((......))))........,0.0
ACTATATCATGACGTGTTATATCTCTGGGA,..((((.(((...))).)))).........,0.0
GTGTTAGCTTTCGTTTACTTAGGTGGTAAT,..............(((((.....))))).,0.0
GTTTTTTATCATACGTGGAGAAATATAAGA,.((((((((.....))))))))........,0.0
ACAGGCCGATACAGATTGTCTGAAGACACC,.(((((.(((....))))))))........,0.0
ATTGTAGGTGTGGGGTGAAATTTTATACTA,......((((((((((...)))))))))).,0.0
CGTAAATTAAATCAATGCAATGCGTGTTCA,..............((((...)))).....,0.0
TTGGAATATCGTGATCGTTGAAGACGAATC,........((((..((...))..))))...,0.0
GTCATTCTTTACATTGTATGGGGTGGTCGC,((((((((.(((...))).))))))).)..,0.0
GTGGTAGACCTCGTTTACGATGTAGATTAA,((.((((((...)))))).)).........,0.0
GAAAGTGTTCTAATTTAGTTTAGACAGAAA,.....(((.((((......)))))))....,0.0
GGGGAATCTACACCATGAATAGTGTCTAGC,.........((((........)))).....,0.0
CCAATGTACGTGTTTACACCCCCAATTAAA,.........(((....)))...........,0.0
CGACTTATCGAACGTAGGACTTTATAATCG,...(((((.....)))))............,0.0
CCTAAGTTGTAGAAACGTAGTATTAATAAA,.(((.(((.....))).)))..........,0.0
TTCTGTCCGCTATGGAGACATGTAGAAGCC,...(((((......).))))..........,0.0
TATATGTACAATTGACTAAGAGTGGGTCGC,............(((((.......))))).,0.0
TTGAGGACCAATAGGAATCCCTATCCACGC,....(((....((((....)))))))....,0.0
GGCAATTGAAGATTTGACGAAAAATCCAGA,..........(((((......)))))....,0.0
CTCGGTGTCCCATTCGTCCAATCCAATCAT,...((((.......)).))...........,0.0
GTAATCTTTAAGCATTTTTGATTTTTTAAT,..............................,0.0
AGGTATACGACCATAATTCGCTTAGTTCAG,.(((.....)))..................,0.0
TTAGATCTCAGCAGTTGCACTCTAGGAGGG,.....(((.((.(((...))))).)))...,0.0
TGGTGGATAACAGCTCGACTCTTATGATGG,.(((.((.......)).)))..........,0.0
AGGAGAAATTAAACTGTAGTAAGGACTTCT,(((((...(((........)))...))))),0.0
TCCCTGTCCGTGAAAATTATTTGGTCCATA,.....(.(((...........))).)....,0.0
ATAAGAATCTTTTGGTGTAGTATATATTAG,............(((((((...))))))).,0.0
GTGCCCAAGGGTGCCAGGTAGGGGTTAGAG,(((((....)))))................,0.0
TTATCATCAGGCTTACACTATATGTGTGTT,.............(((((.....)))))..,0.0
AGTTTGCGGTGTTACGGGCTAGGTACATAT,........((((..(......)..))))..,0.0
TACCCAGAGAGTGAATTTCTTATACGTTAT,......(((((.....))))).........,0.0
AGAGATGTTCTAAACCTATTATGCACAGAT,..............................,0.0
CTTCATAAGAGTGCTACGCACTGTGTGATA,..(((((..(((((...))))).)))))..,0.0
TCGGTGTATGTCTTGTATGCCGGATTCTGC,(((((((((.....))))))))).......,0.0
GCTAATATGTGTCTATTGGAGACTGTTAAC,..(((((.((.(((...))).)))))))..,0.0
TGTGAGGTGTTGGGGTTAGATGCTTCCTGT,...((((((((.......))))))))....,0.0
ATAGCATTTGTGATTATAATAAACGGGACT,..............................,0.0
GGTGTGCTCGTTACATAAATAGGGCGAATA,....(((((............)))))....,0.0
AAATTATAGGAGAGAGGTAGAAAGAGTCGT,..............................,0.0
TCCGGTTGAGGTAATTCTTTTCCTTGATTA,...((((((((.((....)).)))))))).,0.0
ATAAAGACGAGGTATTAATTAACGAGAAGA,..............................,0.0
CATATCTTATTATGAATATAATTTATATTA,((((......))))((((((...)))))).,0.0
ACCTTACTTAGTGGCGGAGTAATAAGTGGA,...(((((((.((......)).))))))).,0.0
TCCTTTCAATCCTAATTCTTGCCAGCGGCT,....................(((...))).,0.0
AGGAATCGTAAGGATGGTATGGTTCCATAG,.(((((((((.......)))))))))....,0.0
CGTTGCTTCGGCAGTTGTAAAATGACTGCA,..........((((((((...)))))))).,0.0
CATATTAGCTATAAACATATACACTTTGTA,..............................,0.0
GGCTTAATCGAAGCACGTACATTGATGGGA,.((((.....))))................,0.0
ATGGGATCGGAATGTGGTAAAGAGGCGACT,.............((.((......)).)).,0.0
GATTAGGATCAGTATACTTGTGCCAAAATT,.....((..(((.....)))..))......,0.0
TTAGTTTCATTATATGAATCGAGATGAGAT,...((((((((...........)))))))),0.0
AGGCGCCCCTTAGTAAGAAAATTGATTTGG,(((....)))....................,0.0
TTGGTTCCAGGAGCTGCAACCGTAGTACTT,..((((.(((...))).)))).........,0.0
GTCATGGTAGTTCGGGTATAAGGGTAGGTT,..............................,0.0
GTGATACTATTAAAGACCAGAGTCTTTCGG,...........((((((....))))))...,0.0
CTGACCATGCGCTATTTGTCGTTTCACCGA,........((((.....).)))........,0.0
TCGTCTACGGAAATGCCTGAGAGATCGAAT,((((((.(((......)))..))).)))..,0.0
TTCTGACGAGTTATCTGTTGAGTGTCTTCC,....(((.(.(((.....))).))))....,0.0
GCGATATTAATTGTAAAAAAACGAAATATA,(((((....)))))................,0.0
CGCCGAGTTGTGTATCGCGATTCTATCCTT,....((((((((...)))))))).......,0.0
GCGGATTGAAGTTGCTACCGTAGTCAAACA,((((.............)))).........,0.0
GTGGTGGTTGTGTTTGGTCAAGTATTAATA,.(((((.(((........))).)))))...,0.0
GAAAGGTCAAAGCAAGCTAGCTCATGAAGT,......(((.(((......)))..)))...,0.0
TGAAGGTTTTTGAAACGGGAGTCGAGAGCG,.....((((((((........)))))))).,0.0
TTTTAGTGATCACTATGAGCTATGTTTATA,.............(((((((...))))))),0.0
ATTTAGTTGTCTATCTTGGTAAAAGGTACA,...........((((((.....))))))..,0.0
TAGACAATTGGTTGTTTCTTTTTCCAACAC,.((((((....)))))).............,0.0
AAATCGGGGTTACTCTGTTAAATTCGTTAG,....(((((...))))).............,0.0
TGAGGGATGGAACTCAATGAGTTATCTTGC,...((((((..((((...))))))))))..,0.0
AGGGGCTCTGAGCTGGAGTTACATTAAAAG,.(..(((((.....)))))..)........,0.0
TTCGATTAAAATGCATGAGAGCTAAACTAT,............((......))........,0.0
CGGTGAGTGATATAGATTCAAACCACGTCA,.(((((((.......))))..)))......,0.0
AAAGACGTGTTACGCAGGTTAGGATCGTCA,...(((((.((((....).))).).)))).,0.0
TTCAGCTTCCGTATTTACTCTTTGTATTTT,...............(((.....)))....,0.0
TTCGACAATAGCTTTAAGTTTACTTTTTAT,..............................,0.0
TTAACGACCCCCTACTTTCAGTACAGGAGA,........((..((((...))))..))...,0.0
GATTAAGGAAGGATGGCGAATTCGATTCGT,...............((((((...)))))),0.0
ATAGATGAACTAATTGGGGGCGTACGTGGG,....(((..((.....))..))).......,0.0
AGTGTGACCTTTTAAAGTAGCACGAGAATT,.((((.((........)).)))).......,0.0
CCTGATTCCGTTTAAGGCTGGGCTCGATTT,..(((.((((........)))).)))....,0.0
GAATTTTAACTAATGATTCACATACATTAA,(((((.........)))))...........,0.0
TCCCTAGTTTAAAGGACCTCCTGCACTTTC,.....(((....(((....)))..)))...,0.0
CTCCAATGCATAAATTTTATAAACTGGAGA,(((((.(..((((...))))..).))))).,0.0
GATTTTTACCTTAGAAGTGGATTTTCACAT,................((((....))))..,0.0
TTCAATTACAATAATGTTCTATTGGTTTAG,........(((((......)))))......,0.0
TCCCTGCTTAAGTATACCAGGTGTTATGCA,..((((...........)))).........,0.0
TCACTTCTATTTTTAGAGAACTTTCCAAAA,....(((((....)))))............,0.0
CGCCACTCTATCTATCGCCTAGGAAAATTC,..............................,0.0
GTAGGGATGTGTGACTCTTTCTACTTGAGT,(((((((.((...))..)))))))......,0.0
TATTTGGGACAATAAAGTTATCCGTGTAAT,(((.((((((......)))..))).)))..,0.0
TTGTACTCTTCCCCACTTGACTCCCTCCTT,..............................,0.0
GGTATAATTTAGATGGACATGTGACTGCCT,((((....(((.((....)).))).)))).,0.0
CAAGTAAAAGTATCTCAAAGATCAGACGCA,.........((.(((........))).)).,0.0
GATAACTTCGCAAAAAGGTTTAACTATTGA,..............................,0.0
CGACTTTGTTACAAATTAGTTTTAACGTTA,.(((.(((..((......))..))).))).,0.0
ACATCTTTATCTTAAAGCATACGGATACCG,..((((.(((((...)).))).))))....,0.0
GGGTATTTTATTAATGCCTAGAGGTATGTG,(((((((.....)))))))...........,0.0
TAGTTCAGGGGTTTGTCCTTGTGCTGTTCA,((((.(((((......))))).))))....,0.0
AGTTTTAGTGTTCTAATAAAACTGTGTAGG,(((((((.........))))))).......,0.0
TCGAAGGACTTTTAAACGCAACGATTTAAG,..............................,0.0
GGGTGATACCCGTATGACTCTACAGTAATG,((((...))))...................,0.0
CGATATGGGTACCCTTGTGTTCAAATTCGA,(((..(((((((....)))))))...))).,0.0
AAGGCTAATTTATCAGTATAAATCAGGATG,....((.((((((....)))))).))....,0.0
ATATATACTATGGTGGGTTTGTAGTTGTTG,......(((((((.....))))))).....,0.0
CGGTGAATATCAATAAATGTAAGTAATGAA,..............................,0.0
GGACTTCATACACAGTTAAGTAATTGGATT,............(((((....)))))....,0.0
ACTCCTTCAATCTTTAGAGAGTTCTTTCTA,((((((.........)).))))........,0.0
TATGTAATACTCTGTATTTTATGTCGTCTG,((((.(((((...))))).)))).......,0.0
CAAGTTTTTTTTGAAAAAGTTTATGGTTTG,..............................,0.0
TAGGAGATTTTCGGCGTGAATAATCAAATA,.....(((((((.....))).)))).....,0.0
GTTGATCTTTTATAATCACAAACAGACAGC,((((.((((((........))).))))))),0.0
ATTAAATGGCTAACTAAGGAGTTCTGTATA,........((.((((....))))..))...,0.0
CAGCTGTACAATGTTAGTTCAGTGCTGTAA,((((((.((.......)).))..))))...,0.0
TGAGGAGTGAAATACAGTTAGCACACAGAA,......(((..(......)..)))......,0.0
GTCATTTGTTTGAAACGTGAGAAAGAAGTC,.(((......))).................,0.0
CCTCGGAAGGGGACTCGTGATAATTGTACA,((((....))))..................,0.0
ACGAGACGCATGTAGTGAGGATTGGCAACG,.(((..(.(((...))).)..)))......,0.0
CAATTGCCAATATACATCATCTCTGTTGAT,.......(((((...........)))))..,0.0
TGTCTAAACTATAGGTAATATGTTGAGTAA,...((.(((.(((.....)))))).))...,0.0
GTTCCAAGTGGACACTTTTAGAAACTTTGT,(((((....))).))...............,0.0
GGAGTTAAGTTGCAGTTAGTCCAGCCGATT,(((.((((.......)))))))........,0.0
TCAGCTTCTGGGATCAGCAAGTCGGTTTGG,((.(((((((....))).)))).)).....,0.0
CTTTAATTGCAAGTGGCCTCTAGGAGTTTT,....((((.(.((......)).).))))..,0.0
TAGATAGGATAGAGCATAGCTACCTATTTG,((((((((.(((.......))))))))))),0.0
GGAGTGACGCAGCGAGTAATAATTTAGGTA,..............................,0.0
TAACGGGGTTAGTGAGATGGATTGTGACTG,.........((((.(.(.....).).)))),0.0
TACCATTTAAGGTAACACTTTACGCATAGT,((((......))))................,0.0
TTAAAATGGTGAGTATGTCTCGATTAGTTA,.........((((.....))))........,0.0
AATTGAATATACATGATTATCTCTTCAAGC,.............(((........)))...,0.0
TATACAGTTATATACAAGGTATCGCCTTTC,...............(((((...)))))..,0.0
TTTTAGAATAGGAGAAGATATTTAACTTTT,.....(((((........))))).......,0.0
AGGTGTAGTACCGATACCAGACCGTGTCCT,.((((...))))(((((......)))))..,0.0
CCACTATTTCTTAGCCTCTTTTCATCGACA,..............................,0.0
CCCTAGTTTGGATTTGAGGTGTCTAGTACG,.....((((((((.......)))))).)).,0.0
TACGTACTCGACCTAATGCAAACCTGTATT,..............((((((....)))))),0.0
CGTTGTTTCGCCTAAACCATTCGCATTAAG,..............................,0.0
AAGTTGGATTGATTGACTATAAATAGTCAA,............(((((((....))))))),0.0
GTCTAGATTCTGAGGAACATGCATTCTAAT,.............((((......))))...,0.0
TAATCCTGGGTGAACCGAGAATGCTCTGGA,...(((.((((...........)))).))),0.0
CCGATATACGCAGAATCTTTCTATAGAGAG,................(((((....))))),0.0
ATAACGCTGGCATATAGTGTCTTGGGTAGC,...((.(.(((((...)))))..).))...,0.0
ATAAGTTATCTTGTAAGACAATGCATATCA,(((((....)))))................,0.0
GTGGAAAGTTTGTCATGCTGTGGCCCAGTC,.(((.......(((((...))))))))...,0.0
CAATTTAGAAAGTGTGGTCAGCACACTATC,.......((.((((((.....)))))).)),0.0
CATCGTTATAGATCGCTCGCGGCGGGTTGA,.(((......)))((((...))))......,0.0
GGGTATGACTCCCTATAGTGCACTAGATGG,(((.......))).................,0.0
TTATTGAAAAAGTCGCATATAGGTTCTGGT,..............................,0.0
TTGCCTATTGTTGGTATTCATCTCGCTGAT,.((((.......))))..............,0.0
TTCAGACTTGTGATCCATCTGTCTGCTCCC,..(((((..(((...)))..))))).....,0.0
ATCGGAATTTTGCCTTATTTGACATGCGAA,........(((((............))))),0.0
TGGGGGTATCCTAACAGGTTCATCGACATA,((((.....)))).................,0.0
GGAATAAATTTATCTATCAGGCTATGTTTG,.................(((((...))))),0.0
TCGATGAATAGGCTTATTATTCCGGTTACA,(((..((((((.....))))))))).....,0.0
TTAATTCATATATCGCGATAATTAATTACA,..............................,0.0
CATGTCTTGAATCATTACTTAAGTCATTGA,.(((.(((((........))))).)))...,0.0
TGAATCGGGGATTACATTAGGGTACAATCT,........(((((((......)))..)))),0.0
CTGTCATTATGTGCGCTATAATGTCCCTTG,..(.(((((((.....))))))).).....,0.0
TTTGAGTACGCTGTTTACTTATGTTACAAG,..((((((.......)))))).........,0.0
ACTAAGATATCAGGCTTTGGCTACTTTGTT,............(((....)))........,0.0
TATTGCATACGGCCGCTTGTTGATAGTCTG,....((........))..............,0.0
GGGGGTGTCCCTTAAGGTGTGGGTATAGGG,((((....))))..................,0.0
GATACTAAACAACGTTCAAGGGGGTTTGTT,.....(((((..(.......)..)))))..,0.0
TATCACGCCAGTTTCTTCTTAAACGATATG,..............................,0.0
AGTTGAGGGTTCACTGTGTTACACGAGTTT,............((((((...))).)))..,0.0
GGAATGCAAATAAGTATTTAATACGGTTTA,.((((((......))))))...........,0.0
GTTGGTACTTTTGGGTGATATAAGTCCCAT,..(((.((((.((.....)).)))).))).,0.0
AAAATATATGCAATGAAAATATCTGCGGGT,.........(((...........)))....,0.0
GGGTTATGTGCCGATCTTTTCACATTAGTC,.(((.....)))..................,0.0
GCTTCATAATATTTATTCGGTACCTTGAAT,..............((((((....)))))),0.0
CAGCTGTGTACTTTCACTCTCAAATTTTTA,.....(((......))).............,0.0
TTTGCCACAGATTCAGAATTTTTTGGTACG,..(((((.(((........))).)))))..,0.0
ACTCACAATAGGGTATTTCAATTGACTTTA,((((......))))................,0.0
CTCTCGCTTATGTCGAATTATTTGAATTGA,...((((....).)))..............,0.0
TTAAGACAGTATTGATGTCCATCTTTTGTG,....((((.......))))...........,0.0
TGAATAGTACAAGGATAGATCTTATCCAGT,............(((((.....)))))...,0.0
TCTCACTGGTGCCGTGAAATTTCCGTTGTG,..((((.......)))).............,0.0
CCAGTTATCCTTGGAAGCTGTGCTATGATT,.(((((.((....)))))))..........,0.0
ATCAATACGTAACCAGACGACGTTATCACG,........(((((........)))))....,0.0
TGCAGTAGTAGTGTAGGACATCCGAGTATG,((((.......))))((....)).......,0.0
TGTAAGATTTTGCAAAGCTGTTTACGTGAA,(((((....)))))................,0.0
ATCGAAACTTAGTTATTGAGTGTGAATATA,.(((..(((((.....))))).))).....,0.0
CATATAAAGATAGGTAAGGTATTTCGTATA,..............................,0.0
CGTGGTGATTTAGGAATCATATCTCGGATG,((..((((((....))))))....))....,0.0
CACAAAAATTCTTTAATTTACGCTCATTCG,..............................,0.0
TGATCGTAAGGTTCTAAGGATGATTTGACG,.((((((............)))))).....,0.0
ATCGATCACTATGTCAATCCAAGTAATCAT,...(((.(((.((......))))).)))..,0.0
CCTATATCTATGACAGTTTGAACATATCTG,..............................,0.0
TGACTAATATATTCATAATATGGGTTGGCG,.((((.((((.......)))).))))....,0.0
TGTACTAGTGGATTGGTCGGTTCATGCACG,.......(((.((.((.....)))).))).,0.0
TTATTATGTAAGCATATTTAGGAAGATGGT,....((((....))))..............,0.0
CAAGTGTTAGTTGAAAAAGCAGTTTGTTAC,((((((((.........)))).))))....,0.0
TAATGGGGCTTGGTCAATAGTCCGAGCGTT,.......((((((.(....).))))))...,0.0
CTCTACAAGTGAATCTTAGTTCATGGATTT,.(((....((((((....)))))))))...,0.0
ATCTTTCTCGATCCCTTTGAAGTGTGTTTG,.......((((.....))))..........,0.0
GATACATGGTGTCGTGTAGCATGCGACTGA,..........(((((((...)))))))...,0.0
AATTAATAATCTTATTGACCATGTGGTGGG,..((((((....))))))((((...)))).,0.0
TATCAGTTCTCGGTTGGTTGGGATAGAAAT,.......(((((......))))).......,0.0
GGGTATTTACGAGTTATTGTACAATATACT,..((((((((((....))))).)))))...,0.0
TGAAGGGATCGAAACCGGTGATTCACCTGC,....((........))((((...))))...,0.0
ACGATTGATACGGCATCAGGTAAAATTAGA,..((((..(((........))).))))...,0.0
TTCATATTCTTTGAGATAAAGAGTAAGATA,.((.(((((((((...))))))))).))..,0.0
GTTTCAAGTGTGCTCATTTCAAAAGAGGAT,.........((.(((.........))).)),0.0
TTATGTGTTCCTTTTTATTATGGACAATCG,.....(((.((..........)))))....,0.0
CTCGAGAATGTCAGGCAACCACAAGATTTT,..............................,0.0
AGAAACGATGATTTATCACTCAGTGTCCTC,....(((.(((........))).)))....,0.0
TCCCATGTGGTAAAACGGCCTACCTGAAAT,...((.(((((......))).)).))....,0.0
TCCTTAGGCATAAGATGGGGTCTGTGTTTC,.....(((((((.(((...)))))))))).,0.0
TAGAAACGTAATTTGCCAATATACAATTTT,..............................,0.0
TGAGTTGGGATTAGGCGTCACTCGGGGACA,(((((.(.(......).).)))))......,0.0
GGGTGCTGTTCATTGATTTTCATCGAATTT,.......((((..(((...)))..))))..,0.0
CACGGTGAGATCTAGCAGTCCAGACGGTCA,..((.((.(((......)))))..))....,0.0
CACAGTTATCATCTTTTCTTCTTGCAATCT,..............................,0.0
TCGGGAGTGTTGTTATCAGAATGCAGAATT,......(((((........)))))......,0.0
TTTTCAAAATGAATCCATATAATTAGTGTT,..............................,0.0
GTGATGATTGTCAAGAGAGACTTTGAGAGG,.......((.(((((......))))).)).,0.0
AGTTGTCCTCACTTTAACTTAGGTAAGATT,.......((.((((......)))).))...,0.0
TCTTGGCACAGAGGATTTATATAAAACTGA,((((......))))................,0.0
AGATTTAGCTTTAGACAACTAGTTTAGGAT,.........(((((((.....)))))))..,0.0
AGTGACATTAATTTCATATCCGTAATGATT,.((((........)))).............,0.0
TAGTGTAGAGTTTTTTCGATCTAAATGTCT,(((....(((....)))...))).......,0.0
TTGAGGTGGCGAAATGTAACTTTATACTAG,.((((((.((.....)).))))))......,0.0
ACAGAGTGAAGGATGGTAGGCCTGCTATGG,.((.(((..(((........)))))).)).,0.0
CGCCGTAGTTGTTTGCCTTTTGGATTGCTT,....((((((............))))))..,0.0
AGATGTTTCGCTCATTATATTTTACCTTCT,.((((.......))))..............,0.0
TCGTGTACAGATAGCAAGAGATCTGTGTCA,...(((((((((........))))))).)),0.0
AGATGTGTCAATCTAGCTGCCTCTTACAAC,((((......))))................,0.0
TGTGTGGATAGTTGAGTTTCAAATCTAGCA,(((.(((((..((((...)))))))))))),0.0
ACAGGACGGAATAGTTATATTACGGTAAGT,......((..(((....)))..))......,0.0
TCTTCACTCCAAAAACAACGCATGTAGTTT,............((((.((....)).)))),0.0
ATGGCTCCTGGCTGGCAAAAGTACGAGTGA,.(.((((...(((......)))..)))).),0.0
TTCTTTCGGGGGGAATAATTTAATAACCTA,.........(((..((......))..))).,0.0
ACGTGGTTTACATGTATGGAGTCAGTAAAG,(((((.....)))))...............,0.0
GAGTAGATATAATGTTGGACTCGATCTAAA,((((.((((...))))..))))........,0.0
AAGAATCTCGAGTATGCAAATTAAGAGGTC,....(((((...............))))).,0.0
GCAGCATTAGGTTAATGGTTGAATCTCTTA,.((((((((...)))).)))).........,0.0
GACTTGTTTTAATGCAGGAGCGATGGTCGC,..(((((......))))).((((...)))),0.0
AAACCATCGATATGGGGTCATCTTTATCCC,.............(((((.......))))),0.0
TTATATAGTATTAACGTAAAGATCTGTAGG,...(((((.(((........))))))))..,0.0
ATATTCATCTACTACTTGGTATTCTCAAAT,.........((((....)))).........,0.0
TCGCGGAGGCTTTTAAGTGTAAGATTAGGC,..((....))....................,0.0
TTGCTTGCTTTTGCAGCGGTATTCCTTGAC,..(((.((....)))))((....)).....,0.0
CTAAACCTTACAATAGGAGATGTCTATATT,.....(((......))).............,0.0
GATTCTGAGCGGTCCAATATCGGAGTCGGT,((((((((...........))))))))...,0.0
GATACGTGTTTGTTGTCCCGGGCTTGAGAG,....((.(((((......))))).))....,0.0
TACGCAAGGATCACTTTTTGATTTCTGGTA,(((.((.((((((.....)))))).))))),0.0
GGGGCATTCTTCTATGTCACAGAAGGGGAG,..(((((......)))))............,0.0
TGTGGGTAGAGGACAAAGAGATATAGAGCC,..............................,0.0
AATGGAGATACTGAGCATTACCATTTAAAC,(((((.(((.......))).))))).....,0.0
CCTCAGTGTCTTTTAATATCATGGAGGAAG,((((.(((...........))).))))...,0.0
TCATGATGCCTTTTTAGTATCTACCAATTA,....(((((.......))))).........,0.0
AAGAATGGGGCTACATAATGTAATAGGCGC,.......(.((((((...)))....))).),0.0
TTGGTTGTATTGTAATCAGAACCTTGGACC,..((((.............)))).......,0.0
CCAATAATTTCAAGGTTTTATGCGAGAAAA,.......((((..(........)..)))).,0.0
AGCGGATACTCTATTAATATATTGGGTGTT,....(((((((............))))))),0.0
CTACGAAACTCATATTCGTTTTTCCTAGAG,(((.((((..(......)..)))).)))..,0.0
AGGAGTATCTAGTATTGTGTAAGGACTCCG,.(((((.(((...........)))))))).,0.0
AGGTTTCTTGAGATTTACAATGTTACCTGG,((((..((((.......))).)..))))..,0.0
TGCTCGAATTTATTGCAGCTTGGTTTACTA,.((((((.....))).)))...........,0.0
TTCTGTATCAATTTCCCACTTTCTGTAATA,..............................,0.0
GCCCGACCAATTTTCTAGAATGCGGCTTAG,(((....................)))....,0.0
GGTGGCTCTTTTTTGTGTGCGTATGTATGT,....((.(........).))..........,0.0
TGAGCGGACCTACAACTATTGGGTCACTCG,.(((..((((((.......)))))).))).,0.0
TTCTTAAAGTATCTGAATTACTATTAGAAT,((((...((((.......))))...)))).,0.0
GGGGTTCGCACTCCAGATATTGACGATGAA,(((((....)))))................,0.0
GATTGGGGTTACTGTTAGTGTTTTAGATTT,((((.(((.((((...)))).))).)))).,0.0
AGCATTCCGATCGGAAGACATTTTTACGAG,.(..((((....))))..)...........,0.0
TGGTACGTATGCTAAATTACGTTTAATTCT,....(((((........)))))........,0.0
CCGTTCTAGTTTCTGGTAAACCTTCCGTTT,.............(((........)))...,0.0
TACTATATGTAGTTGTACGCTTTATGGTTA,.((((((((((....))))...))))))..,0.0
TTCTATTTTCATCTGTGGTCAAAAACTGAT,..........(((.((........)).))),0.0
CGTGTATATAAGAGTGTTTGAGATTCATGC,...........((((.......))))....,0.0
TACGCGGTATAACGGCATACGCTATTTAGA,...(((.............)))........,0.0
ACAGCTTCGTTACCTTCTTTCTTTCGTAGA,..............................,0.0
GTTTCCGTCTAGGGCTGGGCTGAACACGAG,(((((.(((((....))))).))).))...,0.0
ATGGCAAAAACAGAAATTGAGCGAGAAGGA,..............................,0.0
ACGCCCTAAGACTGATTATCATTAACTTGA,..................(((......))),0.0
ATATCAGGAGTTATAAAGCATGTTGAAAGC,...((((.((((....))).).))))....,0.0
GTAGATCACTTAGGGATCGGTCAATTCCTG,..........(((((((......))))))),0.0
TGAGTTCATATTTCAGTTAATGCTAGCGAT,((((.......))))((((....))))...,0.0
ATACATGGGGTGTCATGTAATGCTTCGAAA,.(((((((....)))))))...........,0.0
TCATGAAGCTTCCTAGATTTTAAAAACATA,...(((((((....)).)))))........,0.0
CGGTTTTTCTTAAAGCGTAGTTTTTGGTGC,..(((((....)))))..............,0.0
AATTTTTGTGGATATCAGGATGGTTTTTGT,...............(((((....))))).,0.0
TATAGTCTTGTAAATGCAGTTCTGGTTTCA,..(((..((((....))))..)))......,0.0
AGTCGAATTGGTTAACCTTCCTGCACCGTA,.........((........)).........,0.0
GCTATGTACATGAGGGCTATGGAATACATA,..((((((((((.....))))...)))))),0.0
CCGTTGCTCCTGGATTTATGGAAGTTGTTT,.....(((((.........)).))).....,0.0
GTTGTGCTCTCTTAATCTTCTTCCAGGTCT,..............................,0.0
ATGAAAACTAGATGTGTAATGGTCAGTTGG,.....((((.(((........)))))))..,0.0
AGTTGAGGCGCGTCAGATTGGGTAAATTAA,.......((.((......)).)).......,0.0
GGTAACTCAATATATTGGATTCTAGTGTAG,..........((((((((...)))))))).,0.0
CATTTGACTCCAGTTCATTCCCACGTGAAT,............((((((......)))))),0.0
TGCTATAACTAAACTGTACGGGTGTTCAGA,.............(((.((....)).))).,0.0
GGTAGCGATAGTAAATTCTTTCGAAATAGC,.....(((.((......)).))).......,0.0
TCGTTAAGGTTCTATAGATCTTCGGTATAT,(((..((((((.....))))))))).....,0.0
CTCGTCTTTTGCAGGGTTGCTAATAAACAT,..........(((....)))..........,0.0
ACTCCTTAAATTCTCAAGATGTTATGGTTT,...((.(((..((....))..))).))...,0.0
TCGAAAAGCCCATACCACACGGGCGACTTG,.......((((.........))))......,0.0
GCTTTCTTAAACGATACAAGAGAGTGTTGT,((((((((.........)))))))).....,0.0
GTTTTCGTATGTGTTTTTTTTTTTTTATGT,..............................,0.0
TTTAGGAGAGTGATGCGTATTGTCGTGCTT,..((.((.((((.....)))).)).))...,0.0
GAAGAATCGGTGATAGAGGTATAACGCTAT,........((((.((......)).))))..,0.0
ACACCTCGAAATGGGATTATTATTGGGAGC,....(((..(((((.....)))))..))).,0.0
ACATTAGATCGATTAGTTTGTATAGTTGAT,.......((((((((.......)))))))),0.0
TTTGGTCATTTTCTGTGACGGAATGCCTAT,(((.(((((.....))))).))).......,0.0
GTTGTCCAGTTTTTTATAATAATTTCACTA,..............................,0.0
TGTTCATCGTCGACCGCGCAATGTCAAATA,...........(((........))).....,0.0
AGACGGATCAGTCGTAATCACAGGTTTATC,.(((......))).................,0.0
TGTACATTAAAAGTATGCAATGTACCTAAA,.(((((((..........))))))).....,0.0
ATCTGGGCCCGAACGTGCGGGTTTTACAAA,....(((((((......)))))))......,0.0
CTGGTGAGTGACGGCTTTTGTTCAATTCTA,.....((((...(((....)))..))))..,0.0
CTTACAGTAATCAGTGTTAGGAGTTACGAC,((.(((........))).))..........,0.0
GCGCAGTCGGTTTAATTCCGATTTAGGTTT,....((((((.......)))))).......,0.0
GATCGTGGATGATAATGCATTTTATCGCAG,(((.(((.((....)).)))...)))....,0.0
GACGTAGAGACCCGAACATTATAGTGTCGG,...........((((.(((....))))))),0.0
ACGTATATTAATAAATTATTATTATTCGTA,(((.(((.(((((...))))).))).))).,0.0
AACTGGGGTATTATAATCATGTTACGCCCG,....((((((.(((....))).))).))).,0.0
TAACGATATAATCTAAATATGAGGTCTTTA,..............................,0.0
GTTATCCTGGGACTGAAGATGGTAATCGTA,((((((((........))..))))))....,0.0
ATGATATCTGTGGTTGATCGGTTCGTAGGT,((((...(((........))).))))....,0.0
CCACAACTATTTACTACATGACATAGTCAT,.................(((((...))))),0.0
TACTAGCACAGGTTGTTGACGGTGCGATTT,.....((((.(........).)))).....,0.0
GGTTTTCGCCTGTTTTTGGTTTTCATGGTC,.......(((.......)))..........,0.0
CGCCTTTTGTGTATGCGGTTTATCAGTGTG,(((...........))).............,0.0
TTGATGAATATGGAACCCTTGCAGAATAGT,..............................,0.0
TTATGCTCGTCTATTGAATTGGCCGGGATT,.....((((.(((......))).))))...,0.0
CTAATTCTCCGATGCATAGGCTGTCATTTA,..........(((((....)).))).....,0.0
TTAAAAGTCTCTCGATTTTAACAAGGGATG,......((((((.(.......).)))))).,0.0
ATGAACGTGTCGAGGAACGGAAAAAAGAGG,.....(((........)))...........,0.0
TTTGATCGCTGTTCAAATTTCAATGCGACT,.....((((...............))))..,0.0
ACTTGGTGATGGAGAGAATGTCAGCGCCAA,...(((((.(((........))).))))).,0.0
TTGTATTAATAAAAAGTAAAGATTGTATGA,..............................,0.0
TAGCTCAGGTTTTAAAGTTATAACTACAAC,.......((((.((....)).)))).....,0.0
AGTAAACCATAAATTAATTAGTCTAGTTCT,..............................,0.0
ACGAGTTTCCATCAGTCACTTCCGTCGGTA,.(((....................)))...,0.0
TTGAGGTTGTGGAATTTTGACGAATGCTTA,.((((.((((.((...)).))))...)))),0.0
CTTCAGTAAATAATTGTTAAACGGTCATAT,..............................,0.0
GGGACAAAAACTGAATGCAAATAGTACAAT,.........((((........)))).....,0.0
AATTTGTTATGTGGCCTCTCGTTTAGAGGT,.............((((((.....)))))),0.0
TAAGAAAATTTTGGATTGTACGAAAAGCTT,........(((((.......))))).....,0.0
TGCTTAGTTAGTGTTAGATAGAGAAAATAG,.(((.....)))..................,0.0
GGCAAAAAAAAGAAATTATAAAAAAAAAAA,..............................,0.0
TTATTATCGTTATGGACGTATATTGATTTG,.....((((.((((....)))).))))...,0.0
CAGGAGAGTGTGGAGATAAAATTGGGTTAT,..............................,0.0
ACTTGGCTCGCAATGTCAGCACTTTGAATA,..(((((.......)))))...........,0.0
AGGGGTCGCTGATGAACGGGGGAGTATCTA,(((..((.((........)).))...))).,0.0
AGATAATCCATTGTAACTGGGGATGGTATA,.......(((((.(.....).)))))....,0.0
TGATTTTTTAACTTCTCCAACTGGGTTGGT,................(((((...))))).,0.0
TTTTAGGGCCCTCCCTAAGCCGTGCGTAAA,.(((((((....)))))))...........,0.0
TAGTGAATACCTGATAGTTCATATGATTGT,..((((((........))))))........,0.0
TAAGTGCCGAACAATAGCTCGCTAACAGGC,.....(((...................))),0.0
AACTTAAATACGCGTTACTTCAGCCCTTTC,...........((.........))......,0.0
CTCAAATCTGTGTTAGATGCCTTAATGCAG,.......(((((((((.....))))))))),0.0
ATAAGTAGGCCAACATTTTACCATGTCTAT,....((((((..............)))))),0.0
GACGGACCTTCGCCATGCCACGTATGTTAT,.............(((((...)))))....,0.0
AGTTGGAATTCATACATGTTCAGATAACCG,.(((.((((........)))).))).....,0.0
CATGAGAATTGAGCGGGGGGGGTTTTGGGA,..........((((.......)))).....,0.0
AGCTTGTACTGGGCTACGCGGGTTTTCATC,.((((((..........)))))).......,0.0
CTAATGAAATAGAATTTACTGGGCCGCACT,(((.((((......)))).)))........,0.0
ACGTAATTCTAAAACCATATCCGCTTTACA,..............................,0.0
ATTACTAGGCTAATTGGGGCCCGTCTATTT,.......((((......)))).........,0.0
ATACTGTTAATTGAAAATGCGAATCGTTAG,..............................,0.0
CTATATTAAGAATAAGAATACGTCGTCCCG,..............................,0.0
AGAATAAGAGATGGCATTTTTTATTAAGTT,..((((((((((...)))))))))).....,0.0
ATCATGTTAATTGGCGTTATAGAGTGGTCC,(((((..((((....))))....)))))..,0.0
TTTCATATTATGACTTTCCTAGCTCACTAT,..........(((((.....)).)))....,0.0
AATATCTCAACTGACTTTAAGAGAGAGGTT,...(((((..((.......))...))))).,0.0
TAATATTGAGTGGACTTACAGCTGTTTCCG,...........(((...((....)).))).,0.0
GGGTTTTCGCGGCATTGCTCGTTCTGCGGA,.....(((((((.((.....)).))))))),0.0
CAGGCATCTATGATCTGAACACTCAATAAC,((((((....)).)))).............,0.0
GGACTAAATTAAAGACATACCTTGTTGTGA,.............((((.....))))....,0.0
AGCTTATTGAAGAGGTATATGATGCGTAAT,.((((((...........)))).)).....,0.0
AGGTAAGAGTCGGATACTGATCCGTTCACT,......(((.(((((....))))))))...,0.0
TCTTCCAAATTACATGGCCGTTGAAACGGG,....(((.......)))((((....)))).,0.0
ACGCCATTCTGTCGTCAGTATTTGATTTTA,....((..(((....)))....))......,0.0
GCAAGTGTTGAGTGGAAGAGGCTTGGCTGG,.(((((.((........)).))))).....,0.0
CTAAAGTGACGCGGAATATTCTCTATGACA,.....((.(...(((....)))...).)).,0.0
CTAGTGTTCTATGCCAGCCGGGATACAGGG,((.(((((((.........)))))))))..,0.0
ATTGCCTTGTAAATGTCTCTTGTGAATTTT,..............................,0.0
AATGAAATAACTTATTGTGCTAATGTAAAC,.................(((....)))...,0.0
ATAATACTTTTTTAATTTCTGATCTAACCA,..............................,0.0
TGTGACTCACCTAGAACATCGGATCGAAAT,..............................,0.0
GACGGAAGAGCATCACTCCTTCTCAGTACA,((.(((.(((.....))).)))))......,0.0
GTGTTTTAATAATCATAAAGATAGTCTGCT,..............................,0.0
CGGGATTTACTCCTCCTGATCAGTGGACAT,(((((........)))))............,0.0
CTTCTTATCAATCACGTGGAGTATGGCAGA,((((.............)))).........,0.0
GACCTCACATGAAAAGTTCCATGGGAATAA,....((.((((........)))).))....,0.0
TATGAACTCGAAGCTCTAAGTGTCTAGCTT,..........(((((..........))))),0.0
TAGAGAATATTGGTAACATGGATTGAGATA,..............................,0.0
GCAGCTGCCAATAACTTAAACTTGACCTTG,((....))......................,0.0
GCAATATAAATGTGATAGTTACTTTAATAA,......((((.((((...))))))))....,0.0
GGATAATTTTAGGTTTCATCGTTCTCCGAG,(((.(((.............))).)))...,0.0
ACGTCATTAAGTGTTGACCGGGCTCCAGTT,..((((........))))............,0.0
TATTGTTTACATATCTCCAGAGAAGTTATT,..............................,0.0
TCGCCTATACAAGGGCAAAATCTGTTACTT,..((((......))))..............,0.0
GGCATCGGCTTAGTGTGGTCTACAAAAAGG,......((((......))))..........,0.0
AGTCAACTGAGTTACCTGAGTTATCTTTAG,((..((((.((....)).))))..))....,0.0
CGTGACGGGACCGACCTACTCTTGGTTCTC,......((((((((.......)))))))).,0.0
TGCATGCAAATAAGATTTACTGTCTACTCT,............((((.....)))).....,0.0
TTCAGTGGGTATTTAATGATCTGTTTTACG,......((((........))))........,0.0
GACTATTTAGTGATCCGTGATTACGGTGTA,.........((((((...))))))......,0.0
CAGGCGTGAGGATGATTTTTTCAGCTCGGT,..(((.((((((.....)))))))))....,0.0
GTAATTTGATACAGGCAAAAAGGAGGGTGT,(((......)))..................,0.0
ATCTTGAGGTGGTGAGTTACCGGTTCGGGC,..((((((.(((((...))))).)))))).,0.0
TGGATTTCCGATTCTACGTGTGTACTCTGG,((((........))))..............,0.0
TGTATGTCCAGGAAAGTATTTTTGCGTACT,.(((((..((((((....))))))))))).,0.0
ATATATAGTATGGTATGGTAACGAATAATA,.(((((......))))).............,0.0
CACCTTATTGCTTATTGCCACTTAAGTTTG,.........(((((........)))))...,0.0
GTTACATTTTTCTCAGTTTCTCCGTTTCTT,..............................,0.0
CTGACGAACATAGAGGTTGGGGTTGGATAG,(((((...((.......))..)))))....,0.0
CATTATGGTCGAAAAAGTCCAATTAGTTCT,.....(((.(......).))).........,0.0
CCCGATTATCACTGTATAATGAAAGATCAT,...((((.(((........)))..))))..,0.0
GTTACTAATAGTATTATTGGAACACCAACT,(((.((((((....))))))))).......,0.0
TTATATGGGCTTCAAATTGGGAAACTGAGT,......((..(((......)))..))....,0.0
TTATTTCACAAATATTTTTACGCTTTAGTG,..............................,0.0
TTTTGACCTGTGTTTCATGCCGGCCTAACT,......((.((((...)))).)).......,0.0
CGGGAAGCGCCTATGAATCCTCCTTGAAAA,.((((..(......)..)))).........,0.0
CAAGTTCCGGGTGACGTTATAGTTTTTTCT,........(((.(((......)))..))).,0.0
CTATTTTTAAAATTGAATAAATCGCGTTCA,.............(((((.......))))),0.0
TCCTTAAACAGGATGGTATAAAATTAGTCG,((((.....)))).................,0.0
AAACACTATTAACGCTTGCCGTGTACTTTT,...........((((.....))))......,0.0
AGCGTGGTATTCTACTTGGCGAAAACCTCT,...(.(((.(((........))).))).).,0.0
GCGTATTCTTGTATGATGGGTATCATTATG,...........(((((((.....))))))),0.0
AGCTTTGCATTCCCCGGAGAGTTAGCTCTT,((((..((.(((....))).)).))))...,0.0
GTTCTGGTTTACGCCTAAAAAACATCCCTG,.....(((....)))...............,0.0
GAAGTCTGGGTAATAAAAAACAAATGCCTC,.......(((((............))))).,0.0
TGCCCACGTTGCTCTGTGTGTGCCTAAGTG,.((.((((........)))).)).......,0.0
CTCATTACTTGCGCTGTGAATTTAAATTTG,....((((.......))))...........,0.0
TCATGATATTATGTGGTTAGCAATCATATT,..........((((((((...)))))))).,0.0
TAAAAACTTCTCACGTTCCAATTTACTTTA,..............................,0.0
ATAGTTCATTTCGCATTGTATAACCGTCTT,..............................,0.0
ACAAATTAAGTAGCAAGTTAAATTAGGACC,..............................,0.0
AGGTTATAGTGTAACCAGAATTTTAAAAAT,.((((((...))))))..............,0.0
TAACTCATTGATTTTGAGCGTGGAGTATCT,..((((..((........))..))))....,0.0
TATTATGCTATGCACCTGGATGTATTTAGG,.....(((...)))((((((....)))))),0.0
CGGCTCGCGAAGATTGTAGTTCCTCTATCG,.((((.((((...)))))))).........,0.0
AGAAATTGTAGGTTATTTAGACGTTCTCTC,..............................,0.0
GGTCGACAATGCGACGGGCCGGCTGGAATT,.((((......))))...((....))....,0.0
CAGAACAAATATAAAATTTAAACCCTTGTT,..............................,0.0
TTAGTGCTGTCAGTAATATTAGTCTATCTG,.(((.((((..........)))))))....,0.0
CTTAGAAAGTTAATAAGCAAGATAGCTATT,...............(((......)))...,0.0
ACAGATTCACTTGTAACTGCTTCATGCCTG,((((......))))....((.....))...,0.0
ACTAAATATTTGCTGAGCTATAGCATGGTA,..........(((((.((....)).))))),0.0
GATAATGGTAGGGATAAAAAATGCGTCAGC,......................((....)),0.0
CGTTCGAAAGGAGGTTGAACTCAGAGGTCA,.((((((.......))))))..........,0.0
CTAATGGTTACAAAATTTAGTTCATTTTCA,..............................,0.0
GTTATTTTAGGTATAGTGCGGCGGTCGTGA,.................(((.....)))..,0.0
CGGCTTTACAAGGTACATGGTTACATTGGT,........(((.(((......))).)))..,0.0
GTATGTGCTTATCTTCGGAAAATATCAAAC,..............................,0.0
TGGTAGTAGTGAAGATGCACAATTGTGTTC,................((((....))))..,0.0
ATTGTGACCAAGTGGATGCATCGCTTCGCA,..(((((...(((((.....)))))))))),0.0
TTGAACATATAAACCGTAAAATAAAAAATA,..............................,0.0
ATATTGGTCTACGTGTTACGGTCGATTTGA,.....((((.((........)).))))...,0.0
TCGCCGAGATGCGTCCGGTTAAGTGGTTAT,..((((.((....))))))...........,0.0
CATGAGTTACAGTGTGCTAGTGTTGGATTA,(((.(((........))).)))........,0.0
AAGGGTTAATCGTGAGACGCGGTCTCGCCC,..((((..((((((...))))))...)))),0.0
AACAGCCGCAATTATTTAATACCTTTTTTG,..............................,0.0
AACTGTTGAAGTGTGCGATTAGTGTTGTAT,.(((.....)))(((((((....))))))),0.0
ATGCTCGAGTTTCTCTGTTCTTGGTGCCGA,..(((((((..........))))).))...,0.0
AGGTGGGAGATAGGTGAGGCATAGAATCTT,......(((((..(((...)))...))))),0.0
CGTTCTTTTAGGTTTGCCAAGACAAAATGT,...........((((....)))).......,0.0
GTTAAATTTGTCCATTTAAAGGCCGAATAA,.....(((((.((.......)).)))))..,0.0
GCGAGATCACGGCTATTATTAGCGGTACCA,........((.((((....)))).))....,0.0
GTGGTCAAGTAATGTTGTGGGCTCAAAAAG,((...(((......)))...))........,0.0
GGCGGCAATCTTAAATTCGTTTATGAACGG,.................((((....)))).,0.0
GCCGGTTCCGTATAGAGTTTTAATATATTG,..............................,0.0
TTAAAGTGGCACAGAGTTAATTGTTGTCAG,......(((((((........)).))))).,0.0
AAGGACCGGGGAAGTTATTTGCGTAAGTGA,......((.(((.....))).)).......,0.0
CCAACTGACGGAAATAATCTCAGTGACCTC,...(((((.(........))))))......,0.0
TGGTGCCTATTTAAGTATGATAGGAATAAA,.....((((((.......))))))......,0.0
CAGCATGATCAGGAAGTAGCGTGAGTCCAC,......(((((.(......).))).))...,0.0
TGATTATTTTATGTGATAATTGATTCTTAG,.(((((((......))))))).........,0.0
ATGCGTAGAGTTGTGATGTTGAAAAACGAT,.........(((((...........))))),0.0
TCCCAATCGTTCAAATTTTCTTGCGCCATA,........((.(((......))).))....,0.0
ACCTGAAAATCCTTGACTCCGTGTTAAAGT,............(((((.....)))))...,0.0
GGTAAGATAATAATTGTCTTATTTTAGTGA,.(((((((((...)))))))))........,0.0
GTAATACACTTGATACGCAGGATTGGGTAT,............((((.((....)).)))),0.0
GATTTGTATGATCTTCAATGTCGAAAGGCT,((((.....))))......(((....))).,0.0
TGTGACTCACCCTTGTATAAACCGGAAGAA,..............................,0.0
GAACAGGGATTAAATTTTGCCGACGAATAG,.....((.(........).)).........,0.0
TTTTTAATACAGTCAGATACCTAAAACATA,..............................,0.0
TGTTTAGTTAGTCATTTAATAAGGTGACAT,..........(((((((....)))))))..,0.0
CCCTGCTAACTACTCTCTATTTATAAGGTG,.(((.....................)))..,0.0
TTCCGATTATTATCGTTGAAAGGAATATTT,((((..(((.......)))..)))).....,0.0
ACGTTTTAGTTAAGTTAAAAAGGTCAGTCT,..............................,0.0
CAACTGCTGGATTTGTATGAAGAGACAGTT,.....((((..(((......)))..)))).,0.0
AGTCGATAACTTAGTGTGTAGATTTAAGTG,........((((((.........)))))).,0.0
CTTCACGGAAGATTAGTGTTATTATATGGG,((((...))))...................,0.0
GCTGTCCATCCCTACGGCCTTGTGTGATAA,(((((........)))))............,0.0
TTTGAAAGGATATTATATCTTATCGCTAAG,..(((.((((((...)))))).))).....,0.0
TTGAGGGGGTATGCGAAGAAGTTTTGGTGA,............((.(((....))).))..,0.0
TCAAATGTTGAAGAGATATTTTTTTGGTGG,..(((((((.....))))))).........,0.0
ATAAAATACAATCAAGTCTTGGGAGGGATC,...............(((((....))))).,0.0
CTGGGACGAGGGATGGTGATGTTATACAAG,..............................,0.0
TTTGACTGATAGGTATTCTTAACATTATGG,......((.((((....)))).))......,0.0
CCCTGGGAATTCATTATTAGTCGATCAACT,..............................,0.0
ATACTCATATTACAACACTTTATTTGGACT,..............................,0.0
TGGCCTTTGTACTAGTCAACCATTTGGATT,((((..........)))).((....))...,0.0
TGCAGGGTTTTAAGCATGGGGGCCTGTATG,((((((.(((((....))))).))))))..,0.0
GTTCGACGTGCATAATACTGCAGTGTTGTC,...(((((((((......)))).)))))..,0.0
GACTAATTAAAGGGCTAAAGCTACAGCCTA,...........(((((........))))).,0.0
TGAAAATGATTGGAGGTATCATATACCAGG,..............(((((...)))))...,0.0
TCAATGTGTTCCGTTGTATTACACACTGTA,.((.(((((...........))))).))..,0.0
TCTATTACAGCACGTTAACCTATGAGTAAG,.........((.(((......))).))...,0.0
ATATCCCGTACCGAATTTCCGAAAAGAATG,..............................,0.0
TGAGCATTCGTCTTTTCAAACGGCGATAAT,.......(((((.........)))))....,0.0
TGGCCTGACAAGAGTTGAAGTTCCTACTAT,.(((((....)).)))..(((....)))..,0.0
TGTGAATCGGCTGGAGTTGTACTTCTGTAA,.........((.(((((...))))).))..,0.0
GACTGTGTCTATAAAAAAACGTCAATGGAA,(((.((............))))).......,0.0
GCTGGATATCAACAATATAGTCTTTTGATG,......((((((............)))))),0.0
ATATGTAAGATTATTTGTTTCACAGTATAC,...(((.((((.....)))).)))......,0.0
TCATTTAAGGGATCGGACTTCCGGGGAGGA,............((((....))))......,0.0
GAACTGGATTTGACTAGGGGTAATACATAA,...((((......)))).............,0.0
AGAAAGGTTAATGATTTGTTCAACGTCATG,..........(((((.(.....).))))).,0.0
ACGTTGATAGTGATTAAAGTCGTTCGACAG,..(((((...((((....)))).)))))..,0.0
ACGGACTGTTACCCCAGCCTTAGGTGGACT,..((.(((......)))))...........,0.0
CTAAAGAAACTTTGTTTCAATTTAGTTGAT,((((((((((...)))))..))))).....,0.0
AGTTTGCAAAATGCAAGGTAACGCGGAAGT,(.((((((...)))))).)...........,0.0
TTTTTAAAAATTAAAACTTGTTGAAACTTA,..............................,0.0
TTGTTTATTATTGTATTATGTTCGACACCG,.((((...(((......)))...))))...,0.0
TAAATTCTGTGTGGTTATCAGGACTTTTGC,....(((((.........))))).......,0.0
TAATCAAATTGAAAAGTGTGGATAGGGTCC,...................((((...)))),0.0
TGGTTATACATTATGTTAAGTATAGTCCTT,.((((((((..........)))))).))..,0.0
CTTGATCGGTGGCGAAAGGAATAGACTAAC,(((..(((....))).)))...........,0.0
CCAAGTGAAAGGTGTTGTTGTGTTTCATGT,....((((((.(........).))))))..,0.0
TAAACGAGGATGTACTAACGGTTCTTGAGA,....(((((((.........)))))))...,0.0
GGCAGGGTGATATCTTTCATTCCCATTCAC,((..((((((......))))))))......,0.0
GTACAGCTCGGACCTTGCCCCGTATTGGTG,...(((..(((........)))..)))...,0.0
TAACCTTTATATGAATTCGATGATATGTCT,.......(((((.(......).)))))...,0.0
TTTAAGATTTAATTGACTATGTATAAACAT,..............................,0.0
TTGTTAGTTAGTTTCTGTCGACAATGTCTC,(((((...(((...)))..)))))......,0.0
TCGTGTATGTAATTTTGCTAATTAAGTCCA,....(((........)))............,0.0
CGTTATGATACGTTCGAAGTTTCTATTTAG,(((......)))..................,0.0
TTCTTCAGCGAAAATTTATATTTAGTAACA,..............................,0.0
CCTACCTGTCATTCAAGTTTTATGTATCAG,..............................,0.0
ATAGGGCAGAAATTGTGTTAATCCAGGGTG,.(((.(((.....))).)))..........,0.0
GCCAACTTGACCTGTCTAGGGCAATTGTGA,..(((.(((.(((.....)))))))))...,0.0
ATGCGTCAGCTTTATTTTAGGATGAAAAAA,..((....))((((((....))))))....,0.0
GTCTATATCTTAAGTTGTTGCTAATACTTA,..........(((((..........))))),0.0
TCGCACGGGTTATTTGTAAGGGACTGCTTG,.....(((((..(((.....)))..))))),0.0
ATTACAATCAGGATTAATTTCTTTTATTAC,.........((((......)))).......,0.0
CACCTGTATCGTCTAAAACTATCTAATTAC,..............................,0.0
AATATGTAATGAGATATTGTGCACATGAAC,..(((((.((((....))))..)))))...,0.0
AAGTTTCGGGTCATTTATTATGTCGGTTGA,......(.((.(((.....))))).)....,0.0
TTAACTATGGGAGACAGAGTCGAAGACGTT,...(((.((.....)).)))..........,0.0
ACTTTGTAAGTTTCTGCATTTGTAAACAAA,....((((......))))............,0.0
TTACAATAATATAACGATTAAAAGGATCTA,...............((((.....))))..,0.0
GCACAATCTTTAACTGCAATTGTGGGATGT,.((((((...........))))))......,0.0
GAGTGGTTCATAGTTCTGCAGGGTAAACGA,..((((.........))))...........,0.0
CACAGAACCCTCCCGGAAAAAAAACCCCTT,........((....))..............,0.0
TATGTATTACGCTCTGAGGCGGATACAAAT,..((((((.((((....))))))))))...,0.0
ATTTGTGTTCTCTTTAGAATGCAGGTATTG,(((((((((((....)))))))))))....,0.0
TCGTTAATCACCCCGTTTCGCACCCAATTT,..............................,0.0
TCATTTCCAGCGTGGTCGCAGCGCTCTGCA,........(((((.......))))).....,0.0
TCAATACGCATCTTATCGAGCATAAGAATT,..........((((((.....))))))...,0.0
GGGAAGAGACGTGGTTGGTAGGGTGCAGAG,..........(((.((....)).)))....,0.0
AAGCTATGTGATGGTAGCACTATGAAATGC,..(((((......)))))............,0.0
CTTTGGACGTACGTGGCTTTTATTGGGTGT,...............((((.....))))..,0.0
GAGTCGTGTAGAACGTTTGGTACGGCGTTA,..((((((..((....))..))))))....,0.0
AATGTAGACTACCTGGGACTTTAACTTATA,..............................,0.0
ACGTTTTCAAGGTATGAATATATTTATCCA,..........((.(((((....))))))).,0.0
AGGAATTTAAATATCGAGAATTTGGGCGTG,..............................,0.0
TTGACAATATTTAAACTCGGGGGTGGTTAA,.............(((((....).))))..,0.0
GTAGTTTAGGAGGCTTTTCGGCTGTATGTT,...........((((....)))).......,0.0
CTGGGTTTAACTACACGATCTAACTAATTC,.((((((.........))))))........,0.0
AAGGTAAAACCTTGCCAAGGCGAAATAATG,(((((...)))))((....)).........,0.0
AACTGCACGTCCGCACTTGATCCTCAAATT,...(((......)))...............,0.0
TCTGGCGGATCAGTAACTTGCTATGACGTT,((((((((.........)))))).))....,0.0
ATATGGTTCGATAGTACTCTATAAAAATTA,..........((((....))))........,0.0
AATGGTACAATCAAATTACTTTTCAGCCGG,...(((...................)))..,0.0
GGTAGTCGGCTGTAGATAAGTTCCAGTGTT,........((((..((.....))))))...,0.0
CCTTGCTTTAGAGGCTTGTCTTAGTTAGTA,.((.(((..(((......))).))).))..,0.0
CACAGACGTCACTTCGGGGATACTCGGTAG,.............(((((....)))))...,0.0
TAAGTCCCGTAAGTAGTCCCCCTCTCATGG,......((((.((.((.....)))).)))),0.0
GGCAACTGCTGTAATGGTTGCTCCTGGTGT,(((((((........)))))))........,0.0
CAAAAGTAAGTAAAGTGTAGGTGGGGGTAA,..............................,0.0
ACGCTAGCAGAACACATTGGATGGCTAACT,..((((.((........))..)))).....,0.0
ATTAAACCTCCTGTAGATCGTGTCTCAAAT,...........((.((((...))))))...,0.0
TCTGACTACTGGGTCAGCCGTTTAAGGAAG,.((((((....))))))((......))...,0.0
CCTTTTGAATTACCCAGCTTCCCTTCGATG,..............................,0.0
CATCATCGCGGTTGTCTTGCGAATAGGGTA,.....((((((.....))))))........,0.0
AAAGATCTTGTAACCTGTTCCGGATGCTGC,.........(((.((......)).)))...,0.0
ATTATCAAGATTGTGTTCATTCTTTAGTGC,......((((.((....)).))))......,0.0
GTGTACGTCGTGTCCTATGGTGTTGTATTA,....((((((((...)))))))).......,0.0
ATATGTATCCGTGATATGAAGTGGTTCGCC,..........((((...........)))).,0.0
GAATAATTTGACCATTCGCGAGTTTTCGTG,................(((((....))))),0.0
TACCTTGATTATCATTCAGTAGTGTTTATT,....((((.......))))...........,0.0
AAATGCCCAGTTATAAATACTCATCGTGAT,..............................,0.0
GACGCTTATAGAAGATTTATACATTCTAGT,........(((((..........)))))..,0.0
TTTGATTCCGGTATGCATAATGAATGAATA,....((((...(((.....)))...)))).,0.0
GATGCGAAAGTATTGCTATGATTACATACG,(((((....)))))..((((....))))..,0.0
GCAAACCTGGACTCGTGGTGGTCAGTCGTT,.........((((......)))).......,0.0
GGTGTGCCTACATCGCGCCTTTAAAATGAA,((((((.......))))))...........,0.0
TATTTAAGGATCTTCCGGTATTACTTAATT,.......(((...)))..............,0.0
GTCGCTATTATAATTTGTATCGCGTAAAGA,..((((((........)))..)))......,0.0
TCATCGGGGGGGCTTGGTGTCGTGTTCGCA,.(((((((....)))))))...........,0.0
ATGTAGAAGGTTAGCTTGTTAATCTCTTGT,....(((.(((((......))))))))...,0.0
CCCGGTCGGCGGAAGGATCCTCAGAGCTAT,...(.((.(.(((....))).).)).)...,0.0
TCTTGGTAGGCAAAGAAATTTTATACGGGG,.(((.(((...(((....)))..))).))),0.0
ATTGCGAGTTTAATGGTTTTATAGGGTGGT,...((.(.((((.........)))).).)),0.0
GTTTGTTTTCATTAAGACGCTATTAAATGT,...((((((....))))))...........,0.0
AGGTCATAGTAACTTACAAATTATCTACAC,..............................,0.0
ATCAAATTTGACATAGTCTGAAAAGGGTTG,.........(((...)))............,0.0
GGTATTGTTCGATGGATTCATCGTTGAATG,......(((((((((.....))))))))).,0.0
GTCATAGAGTATGCGAGGTCATTGCCACTG,.......(((..((((.....)))).))).,0.0
AGGTGGTATGTCAAGAGCTAATACTAAATG,...((((((...........))))))....,0.0
TTCATAGGCACTCGTAGTGAGGCAAACGAA,.......((.(((.....))))).......,0.0
TCGTAATATGTAATATATTGAATAACCAGT,...(((((((...)))))))..........,0.0
TATAAGAATGGACTGCTGTACGCCTTATGG,((((((..((.((....)).)).)))))).,0.0
CTTAAGATAATGATGTAGCTGCCGTGCAAC,.................((......))...,0.0
GGCCCCAAGTCGGTATGACTTAACCTAGTC,((....(((((.....)))))..)).....,0.0
TTAGTTTTAAGTCTTATTCGTTAATCTATG,..............................,0.0
TCTCAACGCATTTGCATTTGTCATTGAGTC,.(((((.(((........)))..)))))..,0.0
TACTTAAGGTATATTGTCGTTTTTTTCTTA,..............................,0.0
AGGGCACTATAATATATTTATATGTGGTTT,.((.((((((((.....))))).))).)).,0.0
TTCACATCTTCCCCAATTTCCCCAGAACCA,..............................,0.0
TTAAGACACGCTGAATCTAGTAATCTATTT,...(((...((((....))))..)))....,0.0
CCTGGAGTGCATAAAAAGTATGTCCGAAGG,((((((((((.......)))).)))..))),0.0
TAGAAATCAACCTAACTGGTTATTACATGG,........((((.....)))).........,0.0
GATACGTATGTAACATGCACTAAGTTGTCT,.....(((((...)))))............,0.0
GAGCTACTTCAGTTCGCATCCGTGAGTACC,(((((.....)))))...............,0.0
TTGGAATCCCTGGTAATTTTAGTCTTATAT,..((....))....................,0.0
CCGATTTTTTTTTTTGGAGAATGATTCTTC,...............((((((...)))))),0.0
TTAAGTAAGGGACTCCGGTTAAAGTTGATC,........((....))(((((....))))),0.0
TTGCATTTTCGACTGGTAATTCATAGCCTG,..............(((........)))..,0.0
TTGTCTCGGGGATCGTAGATTGCAATCACA,..((((((.....)).))))..........,0.0
GTATAAGTGACTTTTTGAATTTGAGGCGGC,......((..((((........))))..)),0.0
ATTATGAGATTCCTTGATATCTTCAGAACT,.....(((((........))))).......,0.0
AAGTCAGTTCGATAGTGGGGACTCGTTGGT,.....(((((........))))).......,0.0
GACTTAATCCCTGTGTTTGTGGTTAAAGAA,...((((((.(.......).))))))....,0.0
GTCTTGATATTCGACAACCTGTTGAAAGAT,(((((.....((((((...))))))))))),0.0
