Sequences,Secondary structure,Scores
GGGTCTGTAATGGATTGTTCTCAACCAACT,..........(((.(((....))))))...,185.251108487934
GGTCTGTAATGGATTGTTCTCAACCAACTG,.........(((.(((....))))))....,136.73886776983437
TGGTCTGTAATGGATTGTTCTCAACCAACT,..........(((.(((....))))))...,134.28562259985907
AGGTCTGTAATGGATTGTTCTCAACCAACT,..........(((.(((....))))))...,134.2615654293495
GGTCTGTAATGGATTGTTCTCAACCAACTA,.........(((.(((....))))))....,134.24628659054125
CGGTCTGTAATGGATTGTTCTCAACCAACT,..........(((.(((....))))))...,134.24552439875418
GGGTCTGTAATGGATTGTTCTCAACCAACC,..........(((.(((....))))))...,134.09117131869434
CGGGTCTGTAATGGATTGTTCTCAACCAAC,...........(((.(((....))))))..,133.85091290476862
GGGTCTGTAATGGATTGTTCTCAACCAACG,..........(((.(((....))))))...,133.6438776383034
GGGTCTGTAATGGATTGTTCTCAACCAACA,..........(((.(((....))))))...,133.6350993066021
GTCTGTAATGGATTGTTCTCAACCAACTGT,........(((.(((....)))))).....,133.55191951615325
GAGTCTGTAATGGATTGTTCTCAACCAACT,..........(((.(((....))))))...,133.13344945584691
GCGTCTGTAATGGATTGTTCTCAACCAACT,..........(((.(((....))))))...,133.11397199913475
GGGTCTGTAATGGATTGTTCTCAACCAATT,..........(((.(((....))))))...,132.3321384344877
TCTGTAATGGATTGTTCTCAACCAACTGTC,.......(((.(((....))))))......,132.26188291608585
GGTTCTGTAATGGATTGTTCTCAACCAACT,..........(((.(((....))))))...,132.01376009495635
GGATCTGTAATGGATTGTTCTCAACCAACT,..........(((.(((....))))))...,132.00230971661694
GGCTCTGTAATGGATTGTTCTCAACCAACT,..........(((.(((....))))))...,131.97748597893693
GTCTGTAATGGATTGTTCTCAACCAACCGT,........(((.(((....)))))).....,131.93072672502237
GGGTCTGTAATGGATTGTTCTCAACCAAGT,..........(((.(((....))))))...,131.82397560359811
GGGGCTGTAATGGATTGTTCTCAACCAACT,..........(((.(((....))))))...,131.7256731446604
GGGCTGTAATGGATTGTTCTCAACCAACTG,.........(((.(((....))))))....,131.7013250787703
GGGACTGTAATGGATTGTTCTCAACCAACT,..........(((.(((....))))))...,131.2944190156618
GGCCTGTAATGGATTGTTCTCAACCAACTG,.........(((.(((....))))))....,131.2398775818634
CTGTAATGGATTGTTCTCAACCAACTGTCG,......(((.(((....)))))).......,131.1952018546528
GGGCCTGTAATGGATTGTTCTCAACCAACT,..........(((.(((....))))))...,131.11169233276365
GGCCCTGTAATGGATTGTTCTCAACCAACT,..........(((.(((....))))))...,130.95090530630046
GGGTCAGTAATGGATTGTTCTCAACCAACT,..........(((.(((....))))))...,130.23775628869225
GGTTTGTAATGGATTGTTCTCAACCAACTG,.........(((.(((....))))))....,130.1544959162244
GGGTGTAATGGATTGTTCTCAACCAACTGT,........(((.(((....)))))).....,130.13387735952335
GTCCGTAATGGATTGTTCTCAACCAACTGT,........(((.(((....)))))).....,130.1181485588348
GGGTATGTAATGGATTGTTCTCAACCAACT,..........(((.(((....))))))...,130.0556988047602
GGGTTTGTAATGGATTGTTCTCAACCAACT,..........(((.(((....))))))...,129.94762552233883
GGGTCTGTAATGGATTGTTCTCAACCAGCT,..........(((.(((....))))))...,129.89004958083038
GGGTGTGTAATGGATTGTTCTCAACCAACT,..........(((.(((....))))))...,129.8850010973736
GTGTCCGTAATGGATTGTTCTCAACCAACT,..........(((.(((....))))))...,129.8585797347493
GGGCCGTAATGGATTGTTCTCAACCAACTG,.........(((.(((....))))))....,129.77767941419577
GGGTCTGTAATGGATTGTTCTCAACCACCT,..........(((.(((....))))))...,129.68125155990379
CGGGTCTGTAATGGATTGTTCTCAACCACC,...........(((.(((....))))))..,129.68010389683982
GGGGCCGTAATGGATTGTTCTCAACCAACT,..........(((.(((....))))))...,129.60899080348895
GGGCCCGTAATGGATTGTTCTCAACCAACT,..........(((.(((....))))))...,129.40012662676546
GGGCCAGTAATGGATTGTTCTCAACCAACT,..........(((.(((....))))))...,129.31498561015286
GGGTAAGTAATGGATTGTTCTCAACCAACT,..........(((.(((....))))))...,129.07840697940443
GGGGCTGTAATGGATTGTTCTCAACCAATG,..........(((.(((....))))))...,128.45790835534297
GGGTCTGTAATGGTTTGTTCTCAACCAACT,..........(((((.(....))))))...,128.24784998313262
GGGTCTTTAATGGATTGTTCTCAACCAACT,..........(((.(((....))))))...,128.11029685984144
GGGTCTCTAATGGATTGTTCTCAACCAACT,..........(((.(((....))))))...,128.02476730281398
GGGTCTATAATGGATTGTTCTCAACCAACT,..........(((.(((....))))))...,127.99995231590076
GGTCTGTAATGGATTGTTCTCAACCCACTG,.........(((.(((....))).)))...,127.91366350559964
GGGTCTGTACTGGATTGTTCTCAACCAACT,..........(((.(((....))))))...,127.55418364937432
GGGTCTGCAATGGATTGTTCTCAACCAACT,..........(((.(((....))))))...,127.41239286662832
GGGTCTGAAATGGATTGTTCTCAACCAACT,..........(((.(((....))))))...,127.31349432564367
GGGTCTGTCATGGATTGTTCTCAACCAACT,..........(((.(((....))))))...,127.11838075450288
GGGTCAGTAATGGATTGTTCTCAACCAATT,..........(((.(((....))))))...,127.08387408856905
GGGTCTGTTATGGATTGTTCTCAACCAACT,..........(((.(((....))))))...,126.80860536043399
GGGTCTGTTCTGGATTGTTCTCAACCAACT,..........(((.(((....))))))...,126.78682628517521
GGTCTGCAATGGATTGTTCTCAACCAACTG,.........(((.(((....))))))....,126.6140558918442
GGGTCTGTAGTGGATTGTTCTCAACCAACT,..........(((.(((....))))))...,126.59074531559033
GGTCTGTACTGGATTGTTCTCAACCAACTG,.........(((.(((....))))))....,126.3299490428102
GGGGCCGTAATGGATTGTTCTCAACCAAAT,..........(((.(((....))))))...,126.18070588070569
GGGTTTCTAATGGATTGTTCTCAACCAACC,..........(((.(((....))))))...,125.80958981826765
GGGTCTGTGCTGGATTGTTCTCAACCAACT,..........(((.(((....))))))...,125.79278840111066
CGGTCTGTCATGGATTGTTCTCAACCAACT,..........(((.(((....))))))...,125.77666221154155
CGGGTCTGCAATGGATTGTTCTCAACCAAC,...........(((.(((....))))))..,125.75054716887163
GGTTCTGTAATGGCTTGTTCTCAACCAACT,..........(((.(((....))))))...,125.69301685482154
GGGTCAGCAATGGATTGTTCTCAACCAACT,..........(((.(((....))))))...,125.58700971516203
GGGTCTGTAATGGATTGTTCTCAAACCACT,..........(((.(((....))).)))..,125.36356992829998
GGGGCTGTAATGGCTTGTTCTCAACCAACT,..........(((.(((....))))))...,125.32280614593122
CGGGTCTGTCATGGATTGTTCTCAACCAAC,...........(((.(((....))))))..,125.15286813543221
GAGTCTGTACTGGATTGTTCTCAACCAACT,..........(((.(((....))))))...,124.94378206572111
GGGTCTGCACTGGATTGTTCTCAACCAACT,..........(((.(((....))))))...,124.68379378984754
GGGTCCGTAATGGCTTGTTCTCAACCAACT,..........(((.(((....))))))...,124.08860979139897
GGGTCTGTAATGGATTGTTGTCAACCAACT,..........(((.(((....))))))...,123.95558827475904
GGGTATGTAATGGCTTGTTCTCAACCAACT,..........(((.(((....))))))...,123.6757500642434
GGGTATGTTATGGATTGTTCTCAACCAACT,..........(((.(((....))))))...,123.54680776259474
GGTCTTTACTGGATTGTTCTCAACCAACTG,.........(((.(((....))))))....,122.89709977543738
GGGCCTGTACTGGATTGTTCTCAACCAACT,..........(((.(((....))))))...,122.83417161949042
GGGTTCGTACTGGATTGTTCTCAACCAACT,..........(((.(((....))))))...,122.6696042617757
GGGTCTGTATTGGATTGTTCTCAACCACCT,..........(((.(((....))))))...,121.35264019481221
GGTCTGTATTGGATTGTTCTCAACCACCTG,.........(((.(((....))))))....,120.33903559033472
GGGTATGTAATGGATTGTTCTCAAACCACT,..........(((.(((....))).)))..,120.10513503504212
GGTCTGTACTGGATTGTTCTCAACCCACTG,.........(((.(((....))).)))...,119.63354538972902
GGTCTGTATTGGATTGTTCTCAACCCACTG,.........(((.(((....))).)))...,119.58887185021013
GGGCCCGTAATGGATTGTTCTCAAACCACT,..........(((.(((....))).)))..,119.5106782122804
CGGCCTGCAATGGATTGTTCTCAACCCACT,..........(((.(((....))).)))..,118.90634823840955
GGGTATGTAATGGATTGTTGTCAACCAACT,..........(((.(((....))))))...,118.69715338150118
GGGTCTGTACTGGATTGTTGTCAACCAACT,..........(((.(((....))))))...,115.77738001373946
GGGTCTGTAATGGATTGTTCTTAACCAACT,..........(((.(((....))))))...,112.76881892381851
GGGTCTGTAATGGATTGTTTTCAACCAACT,..........(((.(((....))))))...,111.174116472711
GGTCTGTAATGGATTGTTTTCAACCAACTG,.........(((.(((....))))))....,110.1332279318459
GGTCTGTAATGGATTGTTCTCAACCAACCG,(((......(((.(((....))))))))).,109.72021206836797
GGGTCTGTAATGGATTGTTTTCAACCAACC,..........(((.(((....))))))...,109.691413833647
GGGTATGTATTGGCTTGTTCTCAAACCACT,..........(((.(((....))).)))..,109.22652835896025
GTCTGTAATGGATTGTTTTCAACCAACTGT,........(((.(((....)))))).....,109.02038204638475
GGGTCCGTAATGGATTGTTCTCAACCAACT,.(((((.....)))))..............,108.54287022443519
GGGTCTGTAATGGGTTGTTCTCAACCAACT,............(((((....)))))....,108.17001064428621
GGTCAGTAATGGATTGTTCTCAACCAACTG,...((((..(((.(((....)))))))))),108.02303199314096
GGTCCGTAATGGATTGTTCTCAACCAACTG,(((((.....)))))...............,107.77977316212846
GGTCTGTAATGGGTTGTTCTCAACCAACTG,...........(((((....))))).....,107.37167366950209
AGGTCCGTAATGGATTGTTCTCAACCAACT,.(((((.....)))))..............,107.33318347533984
GGGTCTGTAATGGATTGTCCTCAACCAACT,..........(((.(((....))))))...,106.47345405124443
CGGGTCCGTAATGGATTGTTCTCAACCAAC,..(((((.....))))).............,106.30424836166702
GGGCGGTAATGGATTGTTCTCAACCAACTG,...((((..(((.(((....)))))))))),106.29055015441912
GTCTGTAATGGGTTGTTCTCAACCAACTGT,..........(((((....)))))......,106.27028691314712
GGGGCTGTAATGGATTGTTTTCAACCAACC,..........(((.(((....))))))...,106.0762153123749
GGGTCTGTAATGGATTGTTCTCAACCCACT,((((.((....(((....)))))))))...,106.06587680543839
GGGTCTGTAATGGACTGTTCTCAACCAACT,.(((((.....)))))..............,105.91512926195642
GGGTCTGTAATGGATTGCTCTCAACCAACT,..........(((.(((....))))))...,105.79833133695136
GTCTGTAATGGATTGTTCGCAACCAACTGT,........(((.(((....)))))).....,105.71917298319497
GGGTCTCTAATGGATTGTTCTCAGCCAACT,..........(((.(((....))))))...,105.70831241440484
GGGTCAGTAATGGATTGTTTTCAACCAACT,..........(((.(((....))))))...,105.70239910922172
GTCTGTAATGGATTGTTCGCAACCAACTGC,........(((.(((....)))))).....,105.67601945186678
GGGTCTGTAATGGATTGTTCTCAACCCATT,((((.((....(((....)))))))))...,105.6304153631351
GGGTCTGTAATGGATTGTTTTCAACCAGCT,..........(((.(((....))))))...,105.48456253122997
GGTCTGTAATGGATTGTCCTCAACCAACTG,.........(((.(((....))))))....,105.08879163719368
GGGTCTGTAATGGATTGTGCTCAACCAACT,..........(((.(((....))))))...,105.08864202249738
GGGTCCGTAATGGACTGTTCTCAACCAACT,.(((((.....)))))..............,104.99969964689748
GGGTCCGTAATGGATTGTTCTCAACCAATT,.(((((.....)))))..............,104.96691010223408
GGTCTGTAATGGACTGTTCTCAACCAACTG,(((((.....)))))...............,104.91938968976969
GGGTCTGTAATGGATTGATCTCAACCAACT,..........(((.(((....))))))...,104.86892583820152
GGTCCGTAATGGACTGTTCTCAACCAACTG,(((((.....)))))...............,104.80955903990014
GGGTCTGTAATGGACCGTTCTCAACCAACT,.(((((.....)))))..............,104.4777983942266
GGGTCTGTATTGGATTGTTCTCAACCAACT,.........((((.(((....)))))))..,104.36668731087937
GGGTCTGTAATGGATTGTTCCCAACCAACT,.(((.((....(((....))))))))....,104.32718705248458
GGCTCTGTAATGGATTGTTCGCAACCAACT,..........(((.(((....))))))...,104.30134754376323
GGGTCTGTAATGGATTGTACTCAACCAACT,..........(((.(((....))))))...,104.2710809491153
CGGGTCTGTAATGGATTGTCCTCAACCAAC,...........(((.(((....))))))..,104.22337305937008
CGGTCTGTAATGGATTGTGCTCAACCAACT,..........(((.(((....))))))...,104.04486083629692
GGGCTGTAATGGATTGTTCGCAACCAACTG,.........(((.(((....))))))....,104.02327678874556
GGTCTGTAATGGATTGATCTCAACCAACTG,.........(((.(((....))))))....,104.00565379848231
GTCTGTAATGGATTGTCCTCAACCAACTGT,........(((.(((....)))))).....,103.97594575173252
GGGGCTGTAATGGATTGTTCGCAACCAACT,..........(((.(((....))))))...,103.97123066059441
GTGTCTGTAATGGATTGTCCTCAACCAACT,..........(((.(((....))))))...,103.71408597690245
GGGTCTGTAATGGATCGTTCTCAACCAACT,.(((((.....)))))..............,103.58967764470638
GGTCTGTATTGGATTGTTCTCAACCAACTG,........((((.(((....)))))))...,103.58553902975453
GGTCTGTAATGGATTGTTCCCAACCAACTG,(((.((....(((....)))))))).....,103.43160026868594
GGGTCTGTAACGGGTTGTTCTCAACCAACT,............(((((....)))))....,103.41095334122653
GGGTCTGTATGGATTGTTCTCAACCAACTG,......((.(((.(((....))))))))..,103.3583711613866
GGGCCTGTAATGGATTGTTCGCAACCAACT,..........(((.(((....))))))...,103.34006115503837
GGGTCTGTTTTGGATTGTTCTCAACCAACT,.........((((.(((....)))))))..,103.26331577194324
GGATCCGTAATGGATTGTTCTCAACCAACT,.(((((.....)))))..............,103.20199585596605
CGGGTCTGTAATGGATTGCTCTCAACCAAC,...........(((.(((....))))))..,103.1930173427852
GGTCGGTAATGGATTGTTCTCAACCAACTG,(((.(((...(((....)))..))).))).,103.17035287486738
GTCTGTAATGGATTGCTCTCAACCAACTGT,........(((.(((....)))))).....,102.9494097448497
GGGTCTGTAATGGATTGTCTTCAACCAACT,..........(((.(((....))))))...,102.93696820384912
GGGTATGTAATGGGTTGTTCTCAACCAACT,............(((((....)))))....,102.88674763796496
GGTCTGTAATGGATCGTTCTCAACCAACTG,(((((.....)))))...............,102.8817913956671
GGGTCTGTAATGGACTGTTCTCAACCAATT,.(((((.....)))))..............,102.79944415885385
GGGTCCGTAATGGATCGTTCTCAACCAACT,.(((((.....)))))..............,102.76401120764592
GGGTCGGTAATGGATTGTTCTCAACCAACT,.(((.(((...(((....)))..))).))),102.75934538096843
GTCTGTAATGGATTGTTCACAACCAACTGT,........(((.(((....)))))).....,102.65967864115873
GGGTCTGTAAAGGATTGTTCTCAACCAACT,...........((.(((....)))))....,102.62470379648812
GGGTCTGTCATGGATTGTTTTCAACCAACT,..........(((.(((....))))))...,102.43023518694984
TGGTCGGTAATGGATTGTTCTCAACCAACT,.(((.(((...(((....)))..))).))),102.42719961419559
GGGTCTGTCCTGGATTGTTCTCAACCAACT,((......))(((.(((....))))))...,102.41983110500601
GGGTCTGTAATGGACTGATCTCAACCAACT,.(((((.....)))))..............,102.33937481462247
GGGTCCGTAATGGATTGTTCGCAACCAACT,.(((((.....)))))..............,102.27293570846129
CGGGTCTGTAATGGATTGTTCCCAACCAAC,..(((.((....(((....))))))))...,102.26809154571336
GGGTCCGTAATGGATTGCTCTCAACCAACT,.(((((.....)))))..............,102.26360323861796
GGCTTTGTAATGGATTGTTCGCAACCAACT,..........(((.(((....))))))...,102.21000594988047
GGGTCCGTAATGGACTGTTCTCAACCAATT,.(((((.....)))))..............,101.9986058348568
GGGTCTGTAATGGATTGCTCTCAACCAATT,..........(((.(((....))))))...,101.84994951879915
GGGTCCGTAATGGATTGTCCTCAACCAACT,.(((((.....)))))..............,101.80063249142495
GGGTCCGTAATGGATTGTGCTCAACCAACT,.(((((.....)))))..............,101.76970028099001
GGGGGTGTAATGGATTGTTCTCAACCAACT,(..(((.....(((....)))..)))..).,101.75500638160767
GGGTCCGTAATGGATTGTACTCAACCAACT,.(((((.....)))))..............,101.68722605418589
GGGTCCGTAATGGACTGCTCTCAACCAACT,.(((((.....)))))..............,101.67637463119249
GGGTCTGTAATGGATTGATATCAACCAACT,..........(((.(((....))))))...,101.63854346097983
GGGCCTGTAATGGATTGTCCTCAACCAACT,..........(((.(((....))))))...,101.61020290753316
GGATCTGTAATGGATTGCTCTCAACCAACT,..........(((.(((....))))))...,101.56022775280005
GGGTCTGTAATGGACTGTCCTCAACCAACT,.(((((.....)))))..............,101.33380123910186
GGGTCTGTAATGGATTGTTCTCAATCAACT,............(((((....)))))....,101.31405164131601
GGGTCTGTAATGGACTGTACTCAACCAACT,.(((((.....)))))..............,101.30210902457156
GGGTCTGTAATGGATTGTTCTCAACCTATT,((((.((....(((....)))))))))...,101.2704570389412
GGGTCTGTAATGGATTGTTCTCAATCAATT,............(((((....)))))....,101.26669511670053
GGGTCTGTAATGGATTGTTCTCAACCTACT,((((.((....(((....)))))))))...,101.25251709195334
GGGTCTGTAATGGATTGCTCACAACCAACT,..........(((.(((....))))))...,101.21699446641503
GGGTCCGTAATGGATTGTTTTCAACCAACT,.(((((.....)))))..............,101.21536447306232
GGGTCTGTAATGGATTGTTCTCATCCAACT,..........(((((.(....))))))...,101.2071769626905
GGGGCTGTAATGGATTGATCTCAACCAACT,..........(((.(((....))))))...,101.16014442922886
GGGACTGTAATGGATTGTGCTCAACCAACT,..........(((.(((....))))))...,101.08802588865143
GGGTCCGTAATGGATTGTTCTCAACCCATT,........(((((.(((....))).))))),101.05104029730211
GGGCTGTAATGGATTGTTCACAACCAACTG,.........(((.(((....))))))....,100.98288099521966
GGGTCCGTATTGGATTGTTCTCAACCAACT,.........((((.(((....)))))))..,100.97795528071003
GGGTCTGTAATGGATTGTTCCCAACCAATT,.(((.((....(((....))))))))....,100.9307532862804
GGGGCTGTAATGGATTGTTCACAACCAACT,..........(((.(((....))))))...,100.9193757379623
GGGTCTGTAATGGATTGTTCCCAACCCATT,((((.((....(((....)))))))))...,100.84651326856988
GGGTCCGTAATGGATTGTTCACAACCAACT,.(((((.....)))))..............,100.7810176569836
GGGTCTGTATTGGCTTGTTCTCAACCAACT,.........((((.(((....)))))))..,100.76834226667316
GGTCTGTATTGGTCTGTTCTCAACCAACTG,........(((((.((....)))))))...,100.74291989668076
GGATCTGTAATGGAATGTTCTCAACCAACT,..........(((..((....)).)))...,100.72571996825694
GGGTCCGTAATGGACCGTTCTCAACCAATT,.(((((.....)))))..............,100.69878451640122
GGGTATGTAATGGATTGTTCTCAACCCACT,((((.((....(((....)))))))))...,100.65083381439597
GGGTCTGTAATGGATCGTTCTCAACCAATT,.(((((.....)))))..............,100.57903455841054
GGGGCTGTAATGGATTGTTCTCAACCGACT,...........((.(((....)))))....,100.46786114777589
GGTCTGTAATGGACTGTCCTCAACCAACTG,(((((.....)))))...............,100.45838252253009
GGGTCTTTAATGGATTGTTCGCAACCAACT,..........(((.(((....))))))...,100.43033871496567
GGGTCTGTAATGGACTGTTCTCAACCACCT,.(((((.....)))))..............,100.39821351039677
AGGCCTGTAATGGATTGTTCCCAACCAACT,..........(((.(((....))))))...,100.37917055769543
GGGTCTGTAATGGATTGTTCTCAACCGACT,.((((.((...(((....)))..)).)))),100.35657215237671
GGGGCTGTAATGGGTTGTTCTCAACCCACT,..........(((((((....)))))))..,100.35522152292228
GGTCTGTAATGGATTGTTCGCAACCCACTG,.........(((.(((....))).)))...,100.23370536072387
GGGTCTGTAATGGGCTGTTCTCAACCAACT,.(((((.....)))))..............,100.17688162911062
GGGGCCGTATTGGATTGTTCTCAACCAACT,.........((((.(((....)))))))..,100.16613392355902
GGTCTGTAATGGATTGTTCTCAACCAGCTG,((.(((....(((....)))....))))).,100.13223534691305
GGGTCTGTAATGGACTGTTCGCAACCAACT,.(((((.....)))))..............,100.12647816844242
GGGTCCGTAATGGACCTTTCTCAACCAACT,((((((.....)))))).............,100.06673660397557
GGGTCTGTAATGGATCGTCCTCAACCAACT,.(((((.....)))))..............,100.03679114553529
GTCTGTAATGGATTGTTCTCAACCTACTGT,....(((..((.(((....))))))))...,100.02068782952742
GGGTCCGTAATGGATTGTTCTAACCAACTG,.(((((.....)))))..............,99.78824081965845
GGGTCCGTAATGGATCGTTCTCAACCAATT,.(((((.....)))))..............,99.77628637956245
GTCTGTAATGGATTGCTCGCAACCAACTGT,........(((.(((....)))))).....,99.64619225639791
GGGTCCGTAATGGACTGTTCTCAACCACCT,.(((((.....)))))..............,99.5954653315487
GGGTCTGTAATGGCTTGTTCTCAACCCATT,........(((((.(((....))).))))),99.57969193297168
GGGTCCGTAATGGACTGTTCCCAACCAACT,.(((((.....)))))..............,99.57430277260221
GGGTCTGTAATGGACCGTTCGCAACCAACT,.(((((.....)))))..............,99.4799686426953
GGGTCCGTAATGGATTTTTCTCAACCAATT,.(((((.....)))))..............,99.4030277137783
GGGTCCGTAATGGATTGTTCCCAACCAACT,((((((.....))).....)))........,99.36918953900779
GGTCTGTAATGGACTGTTCGCAACCAACTG,(((((.....)))))...............,99.23578061306242
GGGTCTGTAATGGACTGCTCGCAACCAACT,.(((((.....)))))..............,99.15730067042597
GGGTCCGTAATGGATCGTACTCAACCAACT,.(((((.....)))))..............,99.14240493690485
GGGTCTGTCATGGATTGTTCGCAACCAACT,..........(((.(((....))))))...,99.12520641405798
GGGTCTGTTATGGATTGTTCGCAACCAACT,..........(((.(((....))))))...,99.10190924764379
GGGTCCGTAATGGATTGTTCTCAACTAACT,.(((((.....)))))..............,99.10135195898957
GGGTCCGTAATGGACCGTTCCCAACCAACT,.(((((.....)))))..............,98.94584675047585
GGGTCCGTAATGGATTGCTCGCAACCAACT,.(((((.....)))))..............,98.92841211504616
GGGCCTGTCCTGGATTGTTCTCAACCAACT,((......))(((.(((....))))))...,98.86581582455742
GGGTCTGTCCTGGCTTGTTCTCAACCAACT,((......))(((.(((....))))))...,98.83714380780987
GGTCCGTAATGGATTGTTCTCAACAAACTG,(((((.....)))))...............,98.7196176092232
GGGTCGGTAATGGATTGTTCCCAACCAACT,.(((.(((...(((....)))..))).))),98.67283315144013
GGGTCTGTAATGGATTGTTCTCAACAAACT,.(((.(((...(((....)))..))).))),98.6510330954708
GGGTATGTAATGGATTGTTCCCAACCAACT,.(((.((....(((....))))))))....,98.65049394685087
GGGTCCGTAATGGATTGTTCTCCACCAACT,.(((((.....)))))..............,98.64383909002913
GAGTCTGTAATGGATTGTTCCCAACCAACT,.(((..((...(((....)))..))..))),98.62962739986214
GGGTCTGTAAGGGATTGTTCTCAACCAACT,.(((..((..((((....)))).))..))),98.51770891289905
GGGTCTGTAATGGATTGTTCTCAACAACTG,.(((.(((...(((....)))..)))))).,98.34496399303299
GGGTCCGTAATGGACTTTTCGCAACCAACT,.(((((.....)))))..............,98.30402984438815
GGGTCTGTAATGGATTGTTCTCAGCCAACT,.((.(((....(((....))))))))....,98.15399120716168
GGTCTGTAATGGACTGTTCTCAACCCACTG,(((((.....)))))...............,98.13444516579469
GGTCTGTAAGGGATTGTTCTCAACCAACTG,(((..((..((((....)))).))..))).,98.04038034147626
GGGTCCGTAATGGATTGTTCTCAAACAACC,.(((((.....)))))..............,97.92512576800945
GGGTCCGTAATGGATTGTTCTCAAACAACT,.(((((.....)))))..............,97.92130824599909
GGGTCCGTAATGGACTGTTCACAACCAACT,.(((((.....)))))..............,97.81653309930837
GGGTCCGTAATGGACTGTTCTCAACCTATT,.(((((.....)))))..............,97.74732611973323
GGGTCTTTATTGGATTGTTCTCAACCAATT,........(((((.(((....)))))))).,97.68761703837978
GGGTCTGTACTGGATTGTCCTCAACCAACT,..........(((.(((....))))))...,97.68218238304377
GGTCTGTAATGGATTGTTCTCAGCCAACTG,((.(((....(((....)))))))).....,97.65183452267547
GGGTCTGTAATGGATTGTTCTAACCAACTG,.(((......((((....))))))).....,97.64287598341068
GGGTCCGTAATGGATTGTTCTCAACCCACT,((((......((((....)).))))))...,97.59598600399103
GGGTCTGTACTGGATTGTTCTCAACCCACT,((((.((....(((....)))))))))...,97.5348801563363
GGGTCTGTATTGGATTGTTCTCAACCCACT,((((.((....(((....)))))))))...,97.48829676196637
GGGTCTGTAATGGATTGTTCTCGACCAACT,.((((.(....(((....))))))))....,97.45083568504384
GGGTCTGTCATGGATTGTTCTCAACCCACT,((((.((....(((....)))))))))...,97.44995579469634
GGGTCTGTTATGGATTGTTCTCAACCCACT,((((.((....(((....)))))))))...,97.43620790253728
GGGTCTGTAATGGATTGTTCCCAACCAGCT,.((.(((....(((....)))....))))),97.42669466864095
GGGTCTGTCATGGATTGTCCTCAACCAACT,..........(((.(((....))))))...,97.39152845685072
GGGTCTGTAATGGATTGTTCTAAACCAACT,.(((..((..((((....)))).))..))),97.30437561655069
GGGTCTGTAATAGATTGTTCTCAACCAACT,.(((.((....(((....))))))))....,97.28577017659056
GTCTGTAATGGATTGTTCTCACCCAACTGT,........(((..((....)).))).....,97.2608852925496
GGGTCAGTAATGGATTGTTCTCAACCCACT,((((......((((....)).))))))...,97.23913334059947
GGCCCTGTAATGGATTGCTCGCAACCAACT,..........(((.(((....))))))...,97.21897483798898
GGGTCTGTACGGGATTGTTCTCAACCAACT,.(((..((..((((....)))).))..))),97.17609069654796
GGGTCTGTTATGGATTGTTCTCAACCCATT,((((.((....(((....)))))))))...,97.1592644128696
GGGTATGTAATGGATTGTTCTCAAACCCCT,((((.((....(((....))))).))))..,97.12031696513307
GGGTCTGTAATGGATTGTTCTCAAACAACT,.(((.(((...(((....)))...)))))),97.08703916384239
GGGTTTGTAAGGGATTGTTCTCAACCAACT,.((((.....((((....))))))))....,96.84043049610901
GGGTCTGTAATGGATTGTTCGCAACCAACT,.(((.((((((.....))).))))))....,96.82118564926931
GGTCTGTAATAGATTGTTCTCAACCAACTG,(((.((....(((....)))))))).....,96.81035146001881
GGGTCTGTAATGGATTGTTCCCAACCGACT,.((((.((...(((....)))..)).)))),96.75166165445015
GGGTCTGCAATGGATTGTTCACAACCAACT,..........(((.(((....))))))...,96.66721081516323
GGGTCTGTACTGGATTGCTCTCAACCAACT,..........(((.(((....))))))...,96.65373652130992
GGGTCTGTCATGGATTGTGCTCAACCAACT,..........(((.(((....))))))...,96.59113201251927
GGGTCTGTAATGGATTGTTCTCAACTAACT,.(((..((...(((....)))..))..))),96.57972695360235
GGGTCTGTAATGGATTGTTCTCAAGCAACT,.(((.(((...(((....)))...)))))),96.57087264725138
GGTCTGTAATGGATTGTTCTCAAACAACTG,(((.(((...(((....)))...)))))).,96.56960364054794
GGGTCGGTAAGGGATTGTTCTCAACCAACT,.(((.(((..((((....)))).))).))),96.55758896508038
GGGTCTGTAATGGATTGTTCCCAACCACCT,((((..((...(((....)))..)).)))),96.38315906847214
GGGTCAGTAATGGATTGTTCACAACCAATT,..........(((.(((....))))))...,96.3654300050184
GGGTCCGTAATGGATTGTTCCCAACCAATT,((((((.....))).....)))........,96.362366162414
GGGTCTGTCCTGGATTGTTCTCAACCCACT,((((.((....(((....)))))))))...,96.29943968235972
GGGTCTGTTTTGGATTGTTCTCAACCCACT,((((.((....(((....)))))))))...,96.29829420698744
GGGTCCGTAATGGACTGTTCTCAACAAACT,.(((((.....)))))..............,96.15710486212186
GGGTCTGTCATGGATTGTTCACAACCAACT,..........(((.(((....))))))...,96.07144163657486
GGGTCTGTAATGGATTGTTCTCTACCAACT,.(((..(((..(((....))).)))..))),96.03440043240484
GGGTCTGTAAGGGATTGTTCCCAACCAACT,.(((..((..((((....)))).))..))),96.02998710863176
GGGTCTGTATTGGATTGTTCTCAACCCCCT,((((.((....(((....)))))))))...,96.01790390111276
GGGTCTTTAATGGATTGTTCTCAACCTATT,........(((((.(((....))).))))),95.96060232293357
GGGTCCGTAATGGATTGTTCCCAACCAAAT,((((((.....))).....)))........,95.92371592256524
GGGTCTGTAATGGATTGTTCTGAACCAACT,((.((......(((....))))).))....,95.88948843155123
GGGTCTGTAATGGATTGTTCCCAAACAACT,.(((.(((...(((....)))...)))))),95.54888003554632
GGGTCGGTAATGGATTGTTCGCAACCAACT,.(((.(((..((((....)).))))).))),95.54799030155382
GGGTCTGTACTGGATTGTTCCCAACCAACT,.(((.((....(((....))))))))....,95.53454028879119
GGGTCCGTAATGGATCGTTCTCAACCTATT,.(((((.....)))))..............,95.52691651928993
GGGTCCGTAATGGAGTGTTCTCAACCAACT,.(.(((.....))).)..............,95.49167504654493
GGGTCTGTATTGGATTGTTCCCAACCAACT,.(((.((....(((....))))))))....,95.48031747501713
GGGTCCGTAATGGACCGTTCCAAACCAACT,.(((((.....)))))..............,95.31171389329083
GGGGCTGTAATGGGATGTTCTCAACCCACT,..........((((.((....)).))))..,95.23365400465303
GGGTCTGTAATGGATCGTTCTTAACCAACT,.(((((.....)))))..............,95.17821823083281
GGGCCTGTACTGGATTGTTCGCAACCAACT,..........(((.(((....))))))...,95.15421347461465
GGTCTGTACTGGATTGTTCCCAACCAACTG,(((.((....(((....)))))))).....,95.05148215281531
GGGTCCGTCACGTGTTGTTCTCAACCAACT,...........(.((((....)))))....,95.02877465476483
GGGTCAGTATGGAGTGTTCTCAACCAACTG,....((((.(((..((....)).))))))),94.92306331199319
GGGTCCGTAATGGAATGCCCTCAACCAACT,((((((.....))...))))..........,94.8126886376754
GGGGCTGTAAGGGATTGTTCTCAACCAACT,..........((((....))))........,94.76426085736347
GGGTCTGTCTTGGATTGTTCTCAACCCCCT,((((.((....(((....)))))))))...,94.76031829916934
GGGCCCGTAATGGATTGCTCTCAACCAACT,((((((.....))...))))..........,94.70294159468222
GGGGCAGTAATGGATTGTTCTCAACCAACT,((((((((.....)))))))).........,94.67123612420244
GGGACAGTAATGGATTGTTCTCAACCAACT,((((((((.....)))))))).........,94.4368302951892
GGGTCTGTATTGGATTGTTCTCAATCTACT,..........(((((((....)))))))..,94.40809106379574
GGGTCGTTATGGGATTGTTCTCAACCAATT,.(((.....(((((....))))))))....,94.3155632904404
GGGTCTGTAATGGATTTGTCTCAACCAATT,((((((.....)))))).............,94.21655769560206
GGGTCTGTAATGGATTGTTCGCAACCGACT,.((((.((..((((....)).)))).)))),94.12133634842351
GGGTCTGTAATGGATTGTTCTCAAAGTACT,((..((.....(((....)))...))..)),94.01484563665102
GGTCCGTAATGGATTGCTCTCCACCAACTG,(((((.....)))))...............,93.91683178233237
GGGTCTGTGATGGATTGTTCCCAACCAACT,.(((..((...(((....)))..))..))),93.91261420444764
GGGTCTGTATGGATTGTTCGCAACCAACTG,.(((.(((...((....)))))))).....,93.81654836077874
GGGTCCGTAATGGAGTGTTCCCAACCAACT,((((((.....))).....)))........,93.73130671955373
GGGCCGTAATGGACCGTTCTCAACCAACTG,.((((.....)).))...............,93.600924377918
CGGGTCTGTATGGATTGTTCGCAACCAACT,..(((.(((...((....))))))))....,93.59134379786161
GGGTCTGTTATGGATTGTTCCCAACCAACT,.(((..(((..(((....))).)))..))),93.56926519768501
GGGGCCGTAAGGGATTGTTCTCAACCAACT,..........((((....))))........,93.49309746229248
GGTCTGTAATGGATTGTTCGCAACCGACTG,((((.((..((((....)).)))).)))).,93.4088772193183
GGGTCTGTACTGGATTGCTCGCAACCAACT,..........(((.(((....))))))...,93.342879613454
GGGGCTGTAAGGGATTGTTCTCAACCAACG,..........((((....))))........,93.14748073347768
GGGTGTGTAAGGGATTGTTCTCAACCAACT,.(((..((..((((....)))).))..))),93.14205224808344
GGGTCTGTAATGGATTGTTATCAACAAACT,.(((((.....)))))..............,93.08923486908705
GGGTCCGTAATGGACAGTTCCCAACCAACT,((((((.....))).....)))........,93.07010972750605
GGGTCTGTATTGGATTGTTGTCAACCAACT,.........((((.(((....)))))))..,93.05397840404513
GGGGCAGTAATGGATTGTTCTCAACCAACG,((((((((.....)))))))).........,93.03535745180633
GGGTCTGTAATGGATCTTTCTCAACCTATT,((((((.....)))))).............,92.85165644635406
GGGGCGGTAATGGATTGTTCTCAACCAACT,((((((((.....)))))))).........,92.82841194483703
GGGTCTGTATTGGATTGTTCTCAACCTACT,((((.((....(((....)))))))))...,92.81626630745765
GGGTCTGTAATGGATCTTTCGCAACCAATT,((((((.....)))))).............,92.75756455947521
GGGTCTGTACTGGATTGTTCCCAACCCACT,((((.((....(((....)))))))))...,92.74715835206902
GGGTCCGTAATGGACCTTTCGCAACCAATT,((((((.....)))))).............,92.74700915784692
GGGTCTGTATTGGATTGTTCCCAACCCACT,((((.((....(((....)))))))))...,92.70248481255013
GGTCAGTATTGGATTGTTCTCAACCGACTG,...((((..(((.(((....)))))))))),92.67991875120538
GTGTTTCTAATGGATTGCTCCCAACCAACT,..........(((.(((....))))))...,92.63383590058766
GGGTCCGTAATGGATAGTGCTCAACCAACT,..((((.....))))...............,92.59719633981074
GGTCTGTAATGGATCGTTCACCACCAACTG,(((((.....)))))...............,92.50127294299524
GGGTCTGTAATGGATGGATCTCAACCAACT,((((((((.....)))))))).........,92.50087234170346
GGGTCGGTAATGGATTGTTCTCAGCCAACT,.(((.(((...(((....)))..))).))),92.48646064789412
GGGTCCGTAATGGAGTGTTCTCAACCAATT,.(.(((.....))).)..............,92.45429399233466
GGGTCTGTAATGGATAGTTCTCAACCAACT,(((.((((.....))))..)))........,92.13349121246
GGGTCCGTAATGGAGTGTCCTCAACCAACT,((((((.....)))...)))..........,92.11885047423286
GGGTCTGTACTGGATTGTTCTCAACCGACT,.((((.((...(((....)))..)).)))),91.95735548799576
GGGTATGTATCGGCTTGTTCTCAACCAATT,...........((.(((....)))))....,91.83398098784546
GGGTATGTAATGGATTGTTCTCAAACAACT,.(((.(((...(((....)))...)))))),91.78658746386185
GGGGCTGTAATGGATTGTTCTCAAACAACT,..((.(((...(((....)))...))).)),91.77111573538252
GGGTCCTTAATGGCTTGTTCTCAACCCATT,........(((((.(((....))).))))),91.76733696131353
GGGTCTGTAATCGATTGTTCGCAACCAACT,.(((.((....(((....))))))))....,91.74499691101926
GGGGCCGTAATGGAAAGTTCTCAACCAACT,((((((.....)).....))))........,91.71781863480652
GGGGCAGTAATGGATTGTTCTCAACCAATT,((((((((.....)))))))).........,91.67778173156589
GGGTCTTTCATGGATTGTTCTCAACCCACT,((((......((((....)).))))))...,91.66189469070386
GGGCCCGTAATGGACTGCTCTCAACCAACT,((((((.....))...))))..........,91.64574863788062
GGTCTGTAATGGATTGTTCGCAACCAACTG,(((.((((((.....))).)))))).....,91.63606487005431
GGGGCTGTAATGGCTTGTTCGCAACCAACT,.(((((.....)))))..............,91.45515683245495
GGGTCTTTAATGGATTGTTCTCAACCTACT,((((......((((....)).))))))...,91.4467735820171
GGGTCAGTAATGGATTGTTCCCAACCAACT,(((.((((.....))))..)))........,91.4312708734949
GGGTCTGTAATGGATTGTTCGCAAACAACT,.(((.(((....((....))....)))))),91.40652410911142
GGGGCAGTAATGGATTGTTCCCAACCAACT,((((((((.....)))))))).........,91.32205519082898
GGGTCCGTAATGGATTGTTCCCAAACAACT,((((((.....))).....)))........,91.3211907458375
GGGTCTGTAATGGAGCGGGCTCAACCAACT,((((((((......))))))))........,91.21591992178344
GGGTCCGTAATGGATAGCTATCAACCAACT,..((((.....))))...............,91.03379947300014
GGGTCTGTAATGGATTGGTCTCAACCAACT,..((((.....))))((((....))))...,91.01194038414405
AGGTCTGTAATGGATTGTTCGCAACCAACT,.(((.((((((.....))).))))))....,90.9698396877054
GGGTCCGTAATGGAGTGTACTCAACCAACT,.(.(((.....))).)..............,90.93099402038345
GGGGCTGTAATGGACGGTTCTCAACCAACT,((((((((.....)))))))).........,90.78466320778801
GGGTCCGTAATGGCTTGTTCTCAACCCACT,((((((.....))..........))))...,90.78163349195117
GGGTCTGTAATGGATTGTTCGCAACCAACC,.(((.((((((.....))).))))))....,90.6784371736889
GGGGCTGTAATGGATAGTTCTCAACCAACT,((((((((.....)))))))).........,90.6601230357659
GGGTCAGTAATGGACTGTTCTCAACCAACT,(((.((((.....))))..)))........,90.60641797493798
GGGTCTGTAATGGATAGTACTCAACCAACT,((((((((.....)))).))))........,90.4309131709096
GGGTCCGTATTGGATTGTTCTCAACCCATT,((((......((((....)).))))))...,90.35491370456886
GGGTCTGTAATGGATAGTTCCCAACCAACT,(((.((((.....))))..)))........,90.32934946234009
GGGTCTGTAATGGATTGTTCGAAACAAACG,..((.(((..(.((....)).).))).)).,90.28498220861394
GGGTCTGTAATGGATTCTTCTCAAACAACT,((((((.....)))))).............,90.27318240426266
CGGGTCTGTAATGGATTGTTCGCAACCAAC,..(((.((((((.....))).))))))...,90.2624721134683
GGGTCAGTAATGGATTGCCCTCAACCAACT,(((.((((.....)))))))..........,90.2243387451545
GGGTCAGTAATGGATTGTTCCCAACCAACC,(((.((((.....))))..)))........,90.21594791357529
GGTCTGTAATGGACAGTTCTCAACCAACTG,(((((((.....))))......))).....,90.18498862199147
GGGTCTGGAATGGATTGTTCTCAACCAACT,.(((..(((((.....)))))..)))....,90.16719510511125
GGGTCTGTAATGGATTGTTCACAAACAACT,.(((.(((..((((....)).)).)))))),89.9287591218336
GGGCAGTAATGGATTGTTCGCAACCAACTG,(((((((.....)))))))...........,89.89283002709922
GGGTCGGTAAGGGATTGTTCCCAACCAATT,.....(((..((((....)))).)))....,89.84140847937968
GGGTCTGTAATGGATTGTTCTCAACGAACT,.(((((.....)))))((((.....)))).,89.8293154918117
GGGTCCGTAATGGACGGTTCTCAACCAACT,..((((.....))))((((...))))....,89.79234245851063
GGGTCGGGAATGGATTGTTCTCAACCAACT,.(((.((((((.....)))))).)))....,89.77307496616623
GGGTCCGTAATGGAGTGTTCGCAACCAACT,.(.(((.....))).)..............,89.7622294534129
GGGTCTGTAAGGGATTGTTCTCAAACAACT,.(((.(((..((((....))))..)))))),89.71990033534482
GGGTCTGTAATGGATTGTTCACAACCAACT,.(((.((((((.....))).))))))....,89.7032808394519
GGTCTGTACTGGATTGTTCTCAAACCACTG,(((.((....(((....))))).)))....,89.68167055978358
GGGTCTGTAATGGATTGTTAGCAACCAACT,.(((.((((((.....))).))))))....,89.53466564086791
GGGGCTGTAATGGACTGTTCTCAACCAACT,(((((.((.....)).))))).........,89.31283428810528
GGGGCTGTAATGGATGGTTCTCAACCAACT,((((((((.....)))))))).........,89.26991685019891
CGGTCCGTCCTGGCTTGTTCTCAACCCACT,.((.....))(((.(((....))).)))..,89.24468584452949
GGGTCTGTAATGGATTTTTCTCAACCAACT,.(((.((....(((....))))))))....,89.22686991349659
GGGTCTGTAATGGAATGGGCTCAACCAACT,((((((((......))))))))........,89.21254352729864
GGGCTGTAATGGACTGTTCTCAACCAACTG,((((.((.....)).))))...........,89.20228056770458
CGGGGCTGTTATGGGATGTTCTCAACCCAC,...........((((.((....)).)))).,89.20109454062776
GGGTCTGTAATGGATGGTCCTCAACCAACT,(((.((((.....)))).))).........,89.09388115788735
GGGTCAGTAATGGATTGTCCTCAACCAACT,(((.((((.....)))).))).........,89.06308038401855
GGGTCCGTAATGGATGGTTCTCAACCAACT,..((((.....))))((((...))))....,89.04877639121946
GGGTGTCTAATGGATTGTTCTCCACCAACT,.((((......(((....))).))))....,89.02162433670964
GGGTCTGTACTGGATTGTTCTAAACCAACT,.(((..((..((((....)))).))..))),88.9261673555311
GGGTCTGTAATGGATTGTTCGCAACCAATT,.(((.((((((.....))).))))))....,88.90030574097194
GGGACTGTAATGGACTGTTCTCAACCAACT,(((((.((.....)).))))).........,88.71784277420056
GGGTCTGTACTGGATTGTTCTCAAACAACT,.(((.(((...(((....)))...)))))),88.66681409610011
GGGTCTGTAATGGATTGTTATCAACCAACT,.(((..(((((.....)))))..)))....,88.58826349200238
GGGTCAGTAATGGATTGCTCTCAACCAACT,(((.((((.....)))))))..........,88.57032156665846
GGGTCCGTACTGGATTGTTCTCAACCGACT,.((((.((...(((....)))..)).)))),88.55526541232769
GGTCTGTAATGGATTGTTCACAACCAACTG,(((.((((((.....))).)))))).....,88.51930597314751
GGGTCTGTTATGGATTGTTCGCAACCCACT,((((.(((....((....)))))))))...,88.36715594054192
GGGTCTGTAATGGCTTGTTCTCAACCAACT,(((((......)))))..............,88.32538639801962
GGGTCTGTAATGGAGCGTTCTCAACCAACT,(((..(((......)))..)))........,87.95928080082798
GGGTCAGTAATGGACTGTTCCCAACCAACT,(((.((((.....))))..)))........,87.9424802297489
GGGTCTGTCAGGGATTGTTCTCAAACAACT,.(((.(((..((((....))))..)))))),87.8795761388772
GGGTCTGTAATGGACTGTTCCCAACCAACT,(((...((.....))....)))........,87.86928618369829
GGGTCTGTAATGGAATGGTCTCAACCAACT,(((.((((......)))).)))........,87.63982194173686
GGGTCAGTAATGGACTGTTCTCAACCAATT,(((.((((.....))))..)))........,87.61487343715245
GGGGCCGTAATGGATTGCTCTCAACCAACT,(((((.((.....)).))))).........,87.5940891520997
GGGGCTGTAATGGAGAGTTCTCAACCAACT,((((((.(.....).)))))).........,87.56938458020348
GGGTCTGTAATGGAACGTTCTCAACCAACT,(((..(((......)))..)))........,87.5645690360391
TGGTCTGTAATGGATTGTTCGCAACCAACT,((((.((((((.....))).)))))))...,87.50520872746029
GGGTCGGTAATGGACTGTTCTCAACCAACT,(((.((((.....))))..)))........,87.49055750187561
GGGACAGTAATGGATTGTGCTCAACCAACT,((((((((.....))))).)))........,87.33766086103864
CGGGTCTGTAATGGATTGTTCACAACCAAC,..(((.((((((.....))).))))))...,87.33669870166464
GGGTCTGTAATGGATTTTTCTCAACCCACT,((((.((....(((....)))))))))...,87.27473116495877
GGGTCTGTAATGGATTGTTCAACCAACTGT,.(((.((.(((.....))))))))......,87.22328134093551
GGGCCGTAATGGACTGTTCTCAACCAACTG,((((.((.....)).))))...........,87.17863490313005
GGGTCTGTTATGGATTGTTCTCAAACTACT,.(((..(((..(((....)))..))).))),87.17461852659687
GGGGCCGTAATGGACTGTTCTCAACCAACT,(((((.((.....)).))))).........,87.16681657642201
GGGTCGGTAATGGATTGCCCTCAACCAACT,(((.((((.....)))))))..........,87.02184725604934
GGGGCTGTAATGGCTTGTTCTCAAACACCT,.(((((.....)))))..............,86.96569122942566
GGGGCAGTAATGGACTGTGCCCAACCAACT,((((((((.....))))).)))........,86.95601968536786
GGGGCAGTAATGGAGTGTTCTCAACCAACT,((((((.(.....).)))))).........,86.91996790274068
GGGGACGTAATGGAATGTTCTCAACCAACA,((((((((......))))))))........,86.70492680553885
GGGTATGTAATGGATTGTTCGCAACCAACT,.(((.((((((.....))).))))))....,86.6200464015424
GGTCTGTAATGGATTGTCTCAACCAACTGT,(((.((..((.....))..)))))......,86.59841012674444
GGGTCTGGAATGGATTGTTCCCAACCAACT,.(((..(((((.....)))))..)))....,86.58329301054604
GGGGCAGTAATGGACTGTTCGCAACCAACT,.(((((((.....)))))))..........,86.55888810385504
GGGTCCTTAATGGACTGTTCTCAACCAACT,.(((((.....)))))..............,86.52282041044879
GGGTCTGTAATGGATTGTTCGCAACCAGCT,.(((.((((((.....))).))))))....,86.4677661615698
GGGTCCGTAATGGAATGTTCTAAACCAACT,...(((.....)))................,86.46458986383429
GGGTCCGTAATGGAAGGTTCTCAACCAACT,...(((.....))).((((...))))....,86.45313468129282
GGGGCGGTAATGGACTGTTCCCAACCAACT,((((((((.....)))))))).........,86.43905253985915
GGGGCAGGAATGGATTGTTCTCAACCAACT,.((...(((((.....)))))...))....,86.2532003270936
GGGTCCGTAATGGAGCGTTCTCAACCAACT,(((..(((......)))..)))........,86.13225434607622
GGGGCCGTAATGGAATGTTCACAACCAACT,....((.....)).................,86.09332006654367
GGGTCCGTAATGGAATGTTCTCAACCAACT,(((..(((......)))..)))........,86.08064257286674
GGGGCTGTAATGGACTGTTCCCAACCAACT,(((((.((.....)).))))).........,86.0622655268734
GGGTCAGTAATGGACTGTGCTCAACCAACT,((((((((.....)))).))))........,86.0402159276615
GGGGCAGTAATGGATTGGGCCCAACCAACG,(((.((((.....))))..)))........,85.8445003944338
GGGTCTGTAATGGAACGTTCCCAACCAACT,(((..(((......)))..)))........,85.83345571628541
GGGTCCGTAATGGAACGTTCTCAACCAACT,(((..(((......)))..)))........,85.74136229098941
GGGGCAGTATTGGATTGTTGTCAACCAATT,........(((((.(((....)))))))).,85.67841448510835
GGGTCAGTAATGGATTGCTCTCAACCAATT,(((.((((.....)))))))..........,85.59214601283016
GGGTCCGGAATGGACTGTTCTCAACCAACT,.(((((.....)))))..............,85.54100345006893
GGGGCCGTAATGGAATGTTCTCAACCAACT,((((.(((......))).))))........,85.4956558490906
GGGTCTGTCCTGGATTGTTCGCAACCAACT,((......))(((.(((....))))))...,85.48804749421448
GGGTCTGTAATGGAATGGGCGCAACCAACT,(.((((((......)))))).)........,85.39145000879083
GGGTCTGTAACGGATTGTTCTCAACCAACT,.(((.((.(((.....)))..)))))....,85.29412640545321
GGGGCGGTAATGGACTGTGCCCAACCAACT,((((((((.....))))).)))........,85.22274478025761
GGGTCTGTAATGGCTTGTTCTCAACCAATT,(((((......)))))..............,85.2001520206619
GGGTCCGGAACGGATTGTTCTCAACCAACT,.(((..(((((.....)))))..)))....,85.19056062206954
GGGTCTGTAATGGATTGTTCGCAACCCACT,((((.((((((.....))).)))))))...,85.15373840891372
GGGTCCGTAATGGAATGGTCCCAACCAACT,(((.((((......)))).)))........,85.00736153396626
GGGCCTGTAATGGCTTGTTCTCAACCAACT,(((((......)))))..............,84.90689571830256
GGGTCTGTAATGGACTGTTCCCAACCAATT,(((...((.....))....)))........,84.88920077501895
GGGTCTGTAATGGATAGTTCTCAACCTACT,(((.((((.....))))..)))........,84.86126788345686
GGTCTGTAACGGATTGTTCTCAACCAACTG,(((.((.(((.....)))..))))).....,84.78624015641392
GGGGCTGTAATGGAGCGTTCTCAACCAACT,((((.(((......))).))))........,84.76212856505572
GGGTCTGTAATGGAATGTTCCCAACCAACT,(((..(((......)))..)))........,84.69893881998985
GGGTCCGTAATGGAATGTTCACAACCAATT,...(((.....)))................,84.66659502296301
GGGTCTGTAATGGAATGTTCTCAACCAACT,.(((.((....(((....))))))))....,84.64431707729122
GGGTCTGTAATGGATTGTTCACGACCAACT,.((((((.(((.....))))).))))....,84.47691501842455
GGGTCGGTAATGGATTGGTCTCAACCAACG,((((((((.....))))).)))........,84.31639608241811
GGGTCTGTAATGGAGTGTTCTCAACCAACT,............(((....)))........,84.30318483452092
GGGTCCGCAATGGATTGTTCTCAACCAACT,.(((((.....)))))..............,84.29542630767183
GGGTATGTAATGGATTGTTAGCAACCAACT,.(((.((((((.....))).))))))....,84.27623074761006
GGGACCGTAATGGAATGTTCTCAACCAACC,((((.(((......))).))))........,84.26762000028634
GGGGCCGTAATGGACTGTTCTCAACCAATT,(((((.((.....)).))))).........,84.19055087744472
GGGTCTGTAATGGATTGTTCGCGACCAACT,.((((((.(((.....))))).))))....,84.16676787678966
GGGTCGGTAATGGACTGTTCTCAACCAAAT,(((.((((.....))))..)))........,84.07564156304956
GGGTCCGTAATGGAGCGTTCCCAACCAACT,(((..(((......)))..)))........,84.06971754784024
GGGCTGTAATGGACTGTTCGCAACCAACTG,((((.((.....)).))))...........,84.03586018465658
GGTCTGTAATGGAATGTTCTCAACCAACTG,(((.((....(((....)))))))).....,83.9645438916591
GGGTCTGTAATGGATTGACCTCAACCAACT,(((((...........))))).........,83.95792012634378
GGGTCCGTAATGGAGCGCTCTCAACCAACT,(((..(((......)))..)))........,83.92517215276668
GGGGCTGTAATGGACTGTTCGCAACCAACT,.((((.((.....)).))))..........,83.87235492739924
CCAAATGCTGCCAACTTATGCGGCAATCCT,.....((((((........)))))).....,83.83445744723625
AGGTGTTTGTACGTTGGTACGAATAGAATG,...(((((((((....))))))))).....,83.80690985485103
TGGTCCTTAATGGACTTTTCTCAACCAACT,.(((((.....)))))..............,83.73738000531225
GGGGCTGTAATGGAGCGTCCTCAACCAACT,((((.(((......))).))))........,83.68892300417684
GGTCAGTAATGGATTGTTTTCAACCAACTG,...((((..(((.(((....)))))))))),83.65574204056117
GGGTCGGTAATGGAGCGTCCCCAACCAACT,(((.((.(.....).)).))).........,83.64748688795794
GGGTTTGTAATGGATTGTTCACAACCAACT,.((((.(((((.....))).))))))....,83.64731506255036
GGGTCAGTAATGGATTGTTCCCAACGAACT,(((.((((.....))))..)))........,83.64151189664842
GGGTCAGTAATGGATTGTTCTCAAACAACT,(((.((((.....))))..)))........,83.63948570314578
GGGTCTGCAATGGATTGTTCGCAACCAACT,.(((.((((((.....))).))))))....,83.62815928452748
GGGTCTGTAATGGATTGTTCGCAGCCAACT,.((.(((((((.....))).))))))....,83.6255501052035
GGGTTTGTAATGGATTGTTCGCAACCAATT,.((((.(((((.....))).))))))....,83.57772422686644
GGGTCCGTAATGGAATGTTCCCAACCAACT,(((..(((......)))..)))........,83.57000251038707
TTTTCTATACTGGATTGTTCTCACCCCCCT,...........((..((....))..))...,83.52925901254822
GGGTCTGTAATGGAATGTTCGCAACCAACT,.(((.((((((.....))).))))))....,83.52103997636969
GGGTCTGTAATGGATTGTTCACAACCCACT,((((.((((((.....))).)))))))...,83.47796499711006
GGGTCTGTAATGGATTTTTCGCAACCAACT,.(((.(((....((....))))))))....,83.34801124330824
GGGTCTGTCCTGGATTGTTCACAACCAACT,((......))(((.(((....))))))...,83.22284549913819
GGGTCTGTTATGGATTGTTCACAACCTATT,((((.(((....((....)))))))))...,83.18833607520261
GGGTCCGTAATGGAGCGTTCTCAACCAATT,(((..(((......)))..)))........,83.15598864709895
GGTCTGTAATGGATTGTTCGCAGCCAACTG,((.(((((((.....))).)))))).....,83.14822153378071
GGGGCAGTAATGGACGGTTCCCAACCAACT,(((((.((.....)).))))).........,83.1266676646236
GGGTCCGTAATGGAATGTTCTCAACCAATT,(((..(((......)))..)))........,83.07572905112397
GGTCTGTAATGGAGTGTTCTCAACCAACTG,...........(((....))).........,83.0598516794465
GGGCCTGTAACGGATTGTTCCCAACCCACT,(((..((....(((....))))).)))...,83.03619829811751
GGGTCAGTAATGGAGTGTTCCCAACCAACT,(((.((.(.....).))..)))........,82.94669712886693
GGGTATGTACTGGATTGTTCCCAAACAACT,.(((.(((...(((....)))...)))))),82.91781199135843
GGGGCTGTAATGGCTTTTTCCCAACCCACT,((((((.....))).....)))........,82.90484423184103
GGGGCTGTAATGGAACGTTCCCAACCAACT,((((.(((......))).))))........,82.88821333536418
GGGTCTGTAATGGATTGTTCACAGCCAACT,.((.(((((((.....))).))))))....,82.83450982158365
GGGTCTGTAACGGATTGTTCGCAACCAACT,.(((.((((((.....))).))))))....,82.83076480572717
GGGTCTGTAATGGATTGTTTGCAACCAACT,.(((.(((((........))))))))....,82.81248520422652
AGGTCTGTAATGGAGTGTTCTCAACCAACT,............(((....)))........,82.80371053071103
GGGTCTGTAATGGCTTGTTCTCAACCACCT,(((((......)))))..............,82.80083122705585
GGGTCTGTAATGGCTTGTTCCCAACCAACT,(((((......)))))..............,82.79112779721554
GGGTCCGTAATGGAACGTTCTCAACCAATT,(((..(((......)))..)))........,82.76127688231006
GGGTCTGTAATGGCTTGTCCTCAACCAACT,(((((......)))))..............,82.73506965268783
GGGACCGTAATGGATTGTTCTCAACCAACT,((((.((........)).))))........,82.72958160661632
GGGTCTGTAATGGATTTTTCTCAACCTATT,((((.((....(((....)))))))))...,82.63782935109718
GGGTCCGTACTGGATTGTTCTCAACCAACT,.(((((.....)))))..............,82.59187035289462
GGGTCCGTCATGGATTGTTCTCAACCAACT,.(((((.....)))))..............,82.56171387774415
GGGTCTGTAATGGCTTGTTCGCAACCAACT,(((((......)))))..............,82.52527617539943
GGGGCCGTAATGGAATGTTCTCAACCAATT,((((.(((......))).))))........,82.51939015011331
GGGTCTGTAATGGAATGTTCTCAACCCACT,((((.((....(((....)))))))))...,82.48018444028894
GGGGCAGTAATGGAATTGTCCCAACCAATG,((((((((......))))))))........,82.44738382455785
GGGTCCGTTATGGATTGTTCTCAACCAACT,.(((((.....)))))..............,82.38509755871596
GGGTCCGTAATGGAATGTGCCCAACCAACT,((((.(((......))).))))........,82.38101808568774
GGGTCTGTAATGGATTGGTCCCAACCAACT,(((.(((........))).)))........,82.37589177539311
GGGCAGTAATGGACTGTTATCAACCAACTG,.((((((.....))))))............,82.35588362008218
GGTCTGTAATGGATTGTTTGCAACCAACTG,(((.(((((........)))))))).....,82.31605808429342
GGGTCCTTAATGGATTGACCTCAACCAACT,.(((((.....)))))..............,82.22406125658695
CGGGTCTGTAATGGAGTGTTCTCAACCAAC,.............(((....))).......,82.18106411766567
GTCTGTAATGGATCGGTCGCAACCAACCGG,((((.....))))((((........)))).,82.15253829500227
GGGTCTGTAATGGATTGTCCGCAACCAACT,.(((.(((...(((...)))))))))....,82.05301689208606
GGGTCTGTAATGGATGGTTCTCAACCAACT,...........((.(((((...))))).)),82.03945511727252
GGGGCCGTAATGGAATGTGCTCAACCAACT,.(((((((......))).))))........,82.03126650184035
GGGTCTGTAATGGCATGTTCTCAACCAACT,..(((......)))................,82.01872789654107
GGGTCTGTAATGGATTGTACCCAACCAACT,(((((...........).))))........,81.99992764333868
GGGTCTGTAATGGATTGTTTACAACCAACT,.(((.(((((........))))))))....,81.95466227188457
GGGTCAGTAATGGAGCGTTCTCAACCAACT,(((...((......))...)))........,81.94892221529963
GGGGCTGTAATGGATTGGTCCCAACCAACT,(((((((........)))))))........,81.82955290324382
GGGCCTGTAATGGATTGTTCCCAACCAACT,(((((......))......)))........,81.77707019720552
GGGCAGTAATGGACTGTTCTCAAACCACTG,(((((((.....)))))))...........,81.67629535305943
CCGGGCTGTAAAGGATTGTTCTCAAACAAA,......(((...(((....)))...)))..,81.67304617565298
GGGTCCGTAATGGAATGTGCTCAACCAACT,((((.(((......))).))))........,81.62532470109663
GGGTCTGTAATGGATTGTTCGCAACCTATT,((((.((((((.....))).)))))))...,81.5772516701731
GGGTCTGTAATGGATTATTCTCAACCAACT,.(((.((....(((....))))))))....,81.56054668297736
GGGTCTGTAATGGATTGCTCCCAACCAACT,(((...((((....)))).)))........,81.5242835997594
GGGTCTGTAATGATTGTTCTCAACCAACTG,.((((......))))...............,81.49667687221829
GGGTCTGTAATGGAATGTTCTCAACCAATT,.(((.((....(((....))))))))....,81.44841807044533
GGGGCAGTAATGGAGTGTTCGCAACCAACT,.(((((.(.....).)))))..........,81.39834819115745
GGGTCTGTAATGGAGTGTTCTCAACCAACC,.(((.((.....(((....)))...))))),81.30197318898352
ATTACCCCACTCCTCTCTCGTCCGGGGGCT,....((((...............))))...,81.28720100826648
GGGTCCGTAAGGGACTGTTCTCAACCAACT,.(((((.....)))))..............,81.25518932087675
GGGTCTGGAATGGATTGTTCACAACCAACT,.(((.((((((.....)))).)))))....,81.25067880613832
GGGTCTGTAATGGAAGGTTCTCAACCAACT,...............((((...))))....,81.20963890022246
GGGGCCGCAATGGAGTGTTCTCAACCAACT,((((.(((......))).))))........,81.19164036550441
GGGTCTGTAAGGGACTGTTCTCAACCAACT,.(((((.....)))))..............,81.18499303796358
GGGTCTGTAATGGATTGTCCACAACCAACT,.(((.(((...(((...)))))))))....,81.1328403584678
GGGACGGTAATGGATTGTGCGCAACCAACA,.(.(((((.....))))).)..........,81.12718041877996
GGGGCAGTAATGGAGCGTTCTCAACCAACT,((((..((......))..))))........,81.12081086431854
TGAAGAATCTATGCGTTATGTTTGGATTTG,....(((((((.((.....)).))))))).,81.0992950732161
GGGTCTGTAATGGAATGTTCTCAACCAACC,.(((..((...(((....)))..))..))),81.08426096095116
GGGTCTGTAATGGCTTGTTCACAACCAACT,(((((......)))))..............,81.02189899481553
CAATCGACACCATTAGCCACATGGTTGATA,...........(((((((....))))))).,81.00690985485103
GGGTCTGTAATGGCTTGTTCTCAACCTACT,(((((......)))))..............,80.91756337459326
GGTCTGTAATGGATTGGTCTCAACCAACTG,..........((.(((((....))))))).,80.91476301112206
GGGTCTGTACTGGATTTTTCTCAACCAACT,.(((.((....(((....))))))))....,80.84102223307286
GGGTCTGTAATGGCTTGTTCTCAACCTCCT,(((((......)))))..............,80.83967104927825
GGGGCAGTAATGGAACGTGCCCAACCAATT,.(((((((......)).)))))........,80.83434841423266
GGGTCTGTAATGGAGTGTTCTCAACCAATT,............(((....)))........,80.83417658397755
GGGTCTGTAATGGCTTTTTCTCAACCAACT,.((((......))))...............,80.763993432611
GGGTCTGTCATGGATTTTTCTCAACCAACT,.(((.((....(((....))))))))....,80.7560978714329
GGGTCTGTAATGGATTGCACTCAACCAACT,((((..((((....))))))))........,80.73412848469138
GGGTCAGTAATGGATTTTTCTCAACCAACT,.(((......((((....)).)))))....,80.71275544762565
GGTCTGTAATGGATTGCTCTCAACCAACTG,(((..((((....)))).....))).....,80.66806535656032
GGGTCTGTAATGGAATGTTCACAACCAACT,.(((.((((((.....))).))))))....,80.58571729031088
GGGTCCGTAATGGATTGGTCTCAACCAACT,(((.(((........))).)))........,80.53471790044105
GGGTCTGTAATGGAATGTTCGCAACCAATT,.(((.((((((.....))).))))))....,80.51039689007385
GGGTCTGTAATGGGTTGTTCGCAACCAACT,............(((((....)))))....,80.4690440960491
GGCCTGTAATGGAATGTTCTCAACCAACTC,..((......))..................,80.43190003147271
GGGTCAGTAATGGATTGTTGCCAACCCACT,((((..(((((.....)))))..))))...,80.39574987884458
GGGTCTGTAATGGATTTTTCGCAACCAATT,.(((.(((....((....))))))))....,80.36601597977786
CGGGCCGTAATGGCATGTTGTCCAACCACT,...(((.....)))................,80.32672221819024
GGGTCTGTAATGGATTGCCCTCAACCAACT,((((............))))..........,80.28657068712457
GGGTCTGTAATGGATTGTCCTCAACCCACT,((((.((....(((...))).))))))...,80.27062949650475
GGGCTGTAATGGAGTGTTCTCAACCAACTG,...........(((....))).........,80.25874901894008
GGGGCAGTAATGGAACGTGCTCAACCAATT,.(((((((......)).)))))........,80.22584861497947
GGGGCTGTAATGGAGTGTTCTCAACCAACT,............(((....)))........,80.20861274563995
GGGTCTGTAATGGATTGTTTCCAACCAACT,.(((......((((.....)))))))....,80.20712899391434
GGGTCTGTAATGGATTGCCCGCAACCAACT,.(((.(((...((....)).))))))....,80.19620296068696
GGGGCCGTAATGGATTGTTCCCAACCAACT,((((.((........)).))))........,80.18818094314689
GGGTCAGTAATGGAACGTTCCCAACCAACT,(((...((......))...)))........,80.15834031894143
GGGGGCTGTAATGGATTGTTCGCAACCCAC,..(((.((((((.....))).))).)))..,80.13889261174616
GGGTCTGTAATGGAGTGTTCGCAACCAACT,.(((.((((((.....))).))))))....,80.13454083030086
ATCCATGTGTACAATTCATGTACTACACCT,.....((((((((.....))))).)))...,80.10690985485103
GGTCTGTAATGGAATGTTCACAACCAACTG,(((.((((((.....))).)))))).....,80.10647886403706
GGGTCTGTAATGGATTGTTCACAACCTACT,((((.((((((.....))).)))))))...,80.05402468775031
GGGGCAGTAATGGAATGGTCTCAACCAATT,(((((.((......)).)))))........,80.03188455186415
GGGTCCGGAATGGAATGTTCTCAACCAACT,.(((..(((((.....)))))..)))....,79.8962784411219
GGGGCTGTAATGGATTGTTCCCAACCAACT,(((((...........))))).........,79.8904204453156
GGGTCTGTAATGGATAGTTCGCAACCAACT,.(((.((((((.....))).))))))....,79.8303880039866
GGGTCTGTAATGGAATTTTCTCAACCAACT,.(((.((....(((....))))))))....,79.80464513729427
GGGTCTGTGATGGATTGTTCTCAACCAACT,.(((.((.((........)).)))))....,79.7811286039326
GGGTCTGAACTGGATTGTTCTCAACCAACT,((....((((......))))....))....,79.77865883195813
GGGTCTGCAATGGAGTGTTCTCAACCAACT,(((..(((......)))..)))........,79.7667400197241
GGGGCCGCAATGGAGTGGGCCCAACCAATT,(((.((((......)))).)))........,79.75847207105696
GGTCGGTAATGGAATGTTCTCAACCAACTG,(((.(((...(((....)))..))).))).,79.73171933324733
GGGTCTGTAATGGATGGTTCGCAACCAACT,.(((.((((((.....))).))))))....,79.62751664133694
GGGTCTGTTTTGGATTTTTCTCAACCAACT,.(((.((....(((....))))))))....,79.60825599342607
GGTCTGTAATGGAGTGTTCGCAACCAACTG,(((.((((((.....))).)))))).....,79.59418704879403
GACGGTATTTGTAATGACGTTTCTTGCGAA,.......(((((((.((....))))))))),79.58059406537734
GGGTCTGTAATGGAGTGCCCTCAACCAACT,((((((.......)).))))..........,79.56900089860524
GGGTCTGTAATGGATTGTTTTCATCCAACT,..........(((((.(....))))))...,79.54136510604823
GGGTCTGTAATGGCTTGTTCGCAACCAATT,(((((......)))))..............,79.5337316376139
GGGTCTGTAATGGATTTTTCTCAGCCAACT,.((.(((....(((....))))))))....,79.48698613199909
GGTCTGTAATGGATTGCCCTCAACCAACTG,(((.((....((....))..))))).....,79.47461929138566
GGGTCTGTAATGGATTGTCCCCAACCAACT,(((.(...........).))).........,79.45584500855833
GGGTCTGTAATGGAAAGTTCGCAACCAACT,.(((.((((((.....))).))))))....,79.44445192151602
GGGTCTGTAATGGATTGCTCGCAACCAACT,.(((.(((...((....)).))))))....,79.41769764445259
TTCATTCAGAATCTCTATCTGATGGCATCA,.((((.((((.......)))))))).....,79.40690985485104
GGTCGGTAATGGAGTGTTCTCAACCAACTG,(((.(((....(((....))).))).))).,79.38248176700793
GGGTCTGTAATGGATTGCTTGCAACCAACT,.(((.(((((........))))))))....,79.35040380196507
TTATTCCGAATACTCGGCTCTCAGGGATAA,.((((((................)))))).,79.30690985485103
GGGGCTGTAATGGACTGTTCTCAAACAACT,(((((.((.....)).))))).........,79.29478644259507
TGGTCTGTAATGGAGTGTTCTCAACCAACT,((((.((....(((....)))))))))...,79.28564992777316
GGGTCGGTAATGGAATGTTCTCAACCAACT,.(((.(((...(((....)))..))).))),79.25386691956227
GGGTCAGTAATGGAATGTTCTCAACCAACT,((...((.(((.....)))))...))....,79.12009243905493
GGGTATGTACCGGATTGTTCTCTACTCACT,(((((.(....(((....)))))))))...,79.11325300258358
GGGTCAGTAATGGAACGTGCCCAACCAACG,((((..((......))..))))........,79.02391902451578
GGGTCTGTAATGGATTGTTCTCCACCAACT,.(((.((...((((......)))).))))),78.99772949999911
GGTCTGTACTGGACTGTTCTCAACCAACTG,(((((.....)))))...............,78.98880912447811
GGTCTGTATTGGACTGTTCTCAACCAACTG,(((((.....)))))...............,78.95444486330972
GGGTCTGCAATGGACTGTTCTCAACCAACT,.(((((.....)))))..............,78.91609835174445
GGGTCGGTAATGGAGTGTTCTCAACCAACT,.(((.(((....(((....))).))).))),78.90844906302495
GGGTCTGTAATGGATCGTTCCCAACCAACT,(((..((........))..)))........,78.86183714682207
GGGGCCGTAATGGAAGGTTCTCAACCAACT,((((((.........)))))).........,78.83711605771994
GGGTCGGTAATGGAGTGTTCTCAACCAACC,.(((.(((....(((....))).))).))),78.73357682885018
GGGTCCGTAATGGATTTTTCTCAACCCATT,((((......((((....)).))))))...,78.66922613282003
GGGTCTGTAATGGAGAGTTCGCAACCAACT,.(((.((((((.....))).))))))....,78.65622194571512
GGGGCTGTAATGGATTTTTCCCAGCCAATT,..(((((....(((....))))))))....,78.64940504760719
GGGTCAGTAATGGAGTGTTCTCAACCAACT,............(((....)))........,78.63857213107747
GGTCTGTAATGGATTGCTCGCAACCAACTG,(((.(((...((....)).)))))).....,78.6118740386524
GGGGCAGTAATGGAATGTTCTCAACCAACT,((((((.........)))))).........,78.57182620905311
GGGTCTGTAATGGATATTTCTCAACCCATT,((((.((....(((....)))))))))...,78.541946295937
GGTCTGTAATGGATTGTTCTCCACCAACTG,(((.((...((((......)))).))))).,78.53376991253353
AGGGTTTTTACACTGGTTCGCAGTACAAGG,...........((((.....))))......,78.4588695413012
GGGTCTGTACTGGCTTGTTCTCAACCAACT,(((((......)))))..............,78.43175697801928
GGGGCCGTAATGGAATGTTCGCAACCAACT,(.((.(((......))).)).)........,78.42184315505122
GGGTCAGCAATGGAGCGTTCTCAACCAACA,(((...((......))...)))........,78.39857914991518
GGGTCTGTAATGGATTGGTCGCAACCAACT,.(((.(((.((......)).))))))....,78.38050488779727
GGGTCTGGAATGGAGTGTTCTCAACCAACT,.(((..(((((.....)))))..)))....,78.36022943052782
GGGGCTGGAATGGAATGTTCTCAACCAACT,..((.((((((.....)))).)).))....,78.31816593568635
GGGTCTGTGATGGATTGTTCGCAACCAACT,.(((.(((((........))))))))....,78.30435379203173
GGGGCTGTAATGGATTGTTCCCAACCAACG,(((((...........))))).........,78.26791075687672
GGGTCTGTAATGGAGTGTTCCCAACCAACT,.(((.((....(((....))))))))....,78.21793902732878
TGGTCTTTAATGGATTTTTCTCAACCAACT,((((......((((....)).))))))...,78.19365115036133
GGGTCAGTAATGGCTTGTTCTCAACCAACT,((((((....))))))..............,78.18564528781121
GGGTCTGTAATGGAGTGCTCTCAACCAACT,((((((.......)).))))..........,78.17920743521225
GGGTCTGTAATGGCTTGTTCTCAAACAACT,(((((......)))))..............,78.16218958383102
GGGTCTGTAATGGATTGTGCGCAACCAACT,((...((((........))))...))....,78.12186045468607
GGGTCTGTAATGGCTTGTTCTCAAACCACT,(((((......)))))..............,78.08887916000513
GGGTCTGTAATGGATTGTACACAACCAACT,((...((((........))))...))....,78.08856822805522
GGGTCCTTAATGGAATGTTCTCAACCAACT,((((((.....))).....)))........,78.07941119097545
GGGTCTGTAATGGATTGATCGCAACCAACT,.(((.(((.((......)).))))))....,78.03176491070678
GGGTCTGTAATGGATTGTACGCAACCAACT,((...((((........))))...))....,78.00378395198253
GGGTCTTTAATGGATTGTTCCCAACCAACT,((((((.....))).....)))........,78.0029885823958
GGGTCGGGAATGGAGTGTTCTCAACCAACT,.(((.((((((.....)))))).)))....,77.96419943673179
GGGGCCGTAATGGATCGTTCTCAACCAACT,((((.((........)).))))........,77.95576540111128
GGGGCTGTAATGGCATGTTCTCAACCAACT,((((((((....))).))))).........,77.95518224126681
GGGTCTGTAATGGATTGTTCGTAACCAACT,.(((..((.(((((...))))).))..))),77.95277131824227
GGGTCTTTAATGGATCGTTCTCAACCAATT,.(((((.....)))))..............,77.94913190278642
GGGTCTGTAATGGATTGCTCGCAACCAACC,.(((.(((...((....)).))))))....,77.87769935985764
GGGTCTGTAATGGATTATCCTCAACCAACT,.(((..((...(((...)))...))..))),77.79353318719009
GGGGCTGTAATGGATTGTGCTCAACCAACT,.((((.............))))........,77.78495538705226
GGGTCTGTAATGGAATGTTCCCAACCCACT,((((.((....(((....)))))))))...,77.6943724908727
GGGTCTGAAATGGATTGGTCTCAACCAAAT,(((.((((......)))).)))........,77.68862372789152
GGGTATGTAATGGATTGTTGGCAAACCACT,.(((.((((((.....))).))).)))...,77.65841674561669
GGGGCAGTAATGGAACGTTCCCAACCAACG,((((..((......))..))))........,77.6301155107412
GGGTCCGTAATGGAATGGTTTGAACCAACT,...(((.....))).((((....))))...,77.60896701096671
GGTCTGTAATGGAGTGCTCTCAACCAACTG,...........(((....))).........,77.58812427382617
GGGTCTGTAATGGATTGTCTGCAACCAACT,.(((.((((..........)))))))....,77.54474470932992
GGGTCTGTAATGGATTTGTCCCAACCAACT,(((.(............).)))........,77.53060772261838
GGGTCAGTAATGGAATGTTCTCAACCAACG,((...((.(((.....)))))...))....,77.48803347636088
TTAAGACGAGTTATTTTTCGATTTGGATGC,(((((.((((......)))).)))))....,77.48529731285775
ACAACCAACTTTAGGTCTGTAATGGATTAT,((((((.......))).)))..........,77.43262269908473
GGGGCTGTAATGGAATGTTCTCAACCAACT,(((((...........))))).........,77.4233359386437
GGGTCTGTAATGGAGTGGTCTCAACCAACT,.............((((((....))).))),77.42205890677991
GGGTCTGTTTTGGATTTTTCTCAACCCATT,((((.((....(((....)))))))))...,77.38490331977368
CCCCGAAATAGTTCGTTAGATTGAGGACAA,..........((((..........))))..,77.30690985485103
GTCTGTAATGGGTTGTTTTCAACCCACCGT,........(((((((....)))))))....,77.30498390069516
GGGTGGGTAATGGATTGTGCTCAACCAACC,((.((((((........)))))).))....,77.28915108090015
GGGTCTGTAATGGCATGTTCCCAACCAACT,(((.((((....))).)..)))........,77.26652252762283
GGGGGTGTAATGGATTGTTTGCAACCAACT,(..(((((((........)))).)))..).,77.25468490966747
GGGTCTGTAATGGAAAGTTCTCAACCAACA,.(((.((.(((.....)))..)))))....,77.25030734661823
GGGTCTGGAATGGATGGTTCTCAACCAACT,.(((..(((((.....)))))..)))....,77.2354228746214
GGGTATGTAATGGAATGTTCTCAACCCACT,((((.((....(((....)))))))))...,77.21983969218005
GGGTCTGTAATGGAGTGTTCACAACCAACT,.(((.((((((.....))).))))))....,77.16484075692348
GGGTCTGTCATGGCTTGTTCTCAACCAACT,(((((......)))))..............,77.15104875693311
GGGTCTGTTATGGCTTGTTCTCAACCAACT,(((((......)))))..............,77.14570247596524
GGGTCTGTAATGGATTGGTCTCAACCCACT,((((.((..((......))..))))))...,77.10119298434559
GGGGCGGTAATGGAGTGTTCTCAACCAACT,.((..(((....(((....))).)))..)),77.09471013349335
GGGTCCTTAATGGATCGTTCTCAACCTATT,.(((((.....)))))..............,77.07677525075567
GGGTCTGTAATGGATCGTTCGCAACCAACT,.(((.(((((((...)))).))))))....,77.04790019280864
GGGTCCGTATTGGATTTTTCTCAACCAACT,.(((((.....)))))..............,77.01959072863106
GGGTCTGTAATGGATTGATCTCAACCCACT,((((.((..((......))..))))))...,76.96236136922532
GGGTCTGTAATGTATTGTTCTCAACCAACT,.(((.((..(........)..)))))....,76.9152336858314
GGGTTTGTAATGGATTGCTCTCAACCAACT,.((((.((((....))))....))))....,76.91194416705734
GGGGCCGTAATGGACAGGTCTCAACCAACT,((((((..........))))))........,76.90389635611629
CACAACCAACTTTAGGTCTGTAATGGATTA,.((((((.......))).))).........,76.901869261346
GGGTCTGTAATGGAATGTGCTCAACCAACT,((....(((........)))....))....,76.88007963402056
GGGTCAGTAATGGATGGTTCTCAACCAACT,...........((.(((((...))))).)),76.83702728777864
TGGTCCTTAATGGACCTTTCTCAACCCATT,.(((((.....)))))..............,76.80482913555907
GGGTCTGTAATGGAATGCTCTCAACCAACT,((((.(........).))))..........,76.8035336299547
GGGTCTGTAATGAATTGTTCTCAACCAACT,.(((.((..(........)..)))))....,76.79228891279566
GGGTCTGTACTGGATCGTTCTCAACCAACT,.(((((.....)))))..............,76.76623928318995
GGGTCTGTAAGGGACTGTGCTCAACCAACT,.(((((.....)))))..............,76.74575646587239
GGGTCTGTAATGGAATGTTCGCAACCCACT,((((.((((((.....))).)))))))...,76.74282115465428
GGGGCTGTAATGGATTGCTCGCAACCAACT,((.((.((((....))))..))..))....,76.72184712553931
GGGGCTGTAATGGATCGTCCTCAACCAACT,((((.((........)).))))........,76.70460976012609
GGGGCGGTAATGGAATGTTCTCAACCAACT,.((..(((...(((....)))..)))..)),76.70134001072412
GGGTCTGTATTGGATTGTTCGCAACCAACT,.........((((.(((....)))))))..,76.6733601820464
GGGTCGGGAATGGAAAGTTCTCAACCAACT,.(((.((((((.....)))))).)))....,76.65365611436637
GGGTCTTTAATGGATTTTTCTCAACCCACT,((((......((((....)).))))))...,76.65093316049744
GGGTCTATAATGGATTGGTCTCAACCAACT,(((.(((........))).)))........,76.63735077814971
GGGTCCGTAAGGGATTGCTCTCAACCAACT,.(((((.....)))))..............,76.63397307744593
GGGTCTGTAATGGATTATTCGCAACCAACT,.(((.(((((((...)))).))))))....,76.63360957642763
TACAGTTAGTTGTCAATAACAAAGGGGGTT,....((((........))))..........,76.60690985485103
GGGGCTGCAATGGATTTTTCTCAACCAACT,..((.((....(((....))))).))....,76.58894405469938
GGGTCTGTAATGGATTGTTCTCAAACAATT,............(((((((....))))))),76.57962077827048
ACAACCAACTTTAGGTCTGTAATGGATTCT,((((((.......))).)))..........,76.55377911619702
GGGTCGGTAATGGATGGTTCTCAACCAACT,.(((.(((...(((....)))..))).))),76.53661905213733
GGGCCTGTAATGGAGTGTTCTCAACCAACT,((((((.......)).))))..........,76.51374259903969
CGGGGCCGTAATGGGTTGTTTTCAACCAAC,.............(((((....)))))...,76.48462832145208
GGTCTGTAATGTATTGTTCTCAACCAACTG,(((.((..(........)..))))).....,76.43599525955756
TTCCCATGTGTGCACCTCCTCTTGTTTGCT,.......(((.(((........))).))).,76.34431187052851
GGGTCTGTAATGGAGTGTCCTCAACCAACT,.(((..((...(((...)))...))..))),76.3347027586377
GGCCTGTAATGGATTGTTCTCAACTAACTG,..((......))..................,76.30545391691749
GGTCTGTAATGAATTGTTCTCAACCAACTG,(((.((..(........)..))))).....,76.3054110671177
GGGTCGGTAATGGAGTGTTCTCAACCAACG,..((.(((....(((....))).))).)).,76.29171316735675
GGTCTGTAATGGATTGTGCCCAACCAACTG,(((......(((.......)))))).....,76.27763889866114
GGGTATGTAATGGATTGCTCCCAACCAACT,(((...((((....)))).)))........,76.25438957739534
GGGCCTGTAATGGATTGCTCTCAACCAACT,((((............))))..........,76.24004941972007
GGGTCTGTAATGGCATGTTCGCAACCAACT,.(((.((((((.....))).))))))....,76.23430003677366
GGTCTGTAATGGATTGTACCCAACCAACTG,(((......(((.......)))))).....,76.22036513004717
GGGTCTGTTATGGATTTTTCCCAACCAACT,.(((..(((..(((....))).)))..))),76.19140418112497
GGGTCTGTACTGGATTGTACTCAACCAACT,((....((((......))))....))....,76.13625597609435
GGGTCAGTAATGGAATGTTCTCAACCAATT,((...((.(((.....)))))...))....,76.12663804641836
GGGTCTGTAATGGATTGCTCGCAACCAATT,.(((.(((...((....)).))))))....,76.10529749169379
GGCTGTAATGGAATGTTCGCAACCAACTGT,((.((((((.....))).))).))......,76.08616896356385
GGGTCTGTACTGGATTGGTCTCAACCCACT,((((.((.(((.....)))..))))))...,76.05618545772012
GGGTCTGTAATGGAGTGTGCTCAACCAACT,((....(((........)))....))....,76.05360550530033
GGGTCAGTAATGGAAGGTTCTCAACCAACT,...............((((...))))....,76.01676034498374
GTCTGTAATGGATTGCTCTCAACCAACCGT,.......((((.(((........))))))),76.00479322292688
GGGTCTGTAATGGCTTGCTCGCAACCAACT,((((..((....))..))))..........,75.96617729763625
GGGCTGTAATGGATCGTTCTCAACCAACTG,.((.((.((((...))))..)).)).....,75.92383343156156
GGGTCAGTAATGGAATGTTCTCAACCAATG,((...((.(((.....)))))...))....,75.92108242437462
GGGTCTGTAATGAATTGTTCGCAACCAACT,.(((.((((((.....))).))))))....,75.91014846459909
GGGGCTGTAATGGAATGTTCGCAACCAACT,..((.((((((.....))).))).))....,75.90704600390276
GGGTCGGTAATGGACGGTTCTCAACCAACT,..(((.......)))((((...))))....,75.88562948561383
GTCTGTAATGGATTGTTCTCAACAAACTGT,.......((((.(((((...))))).)))),75.88232833743429
GGGGCCGTAATGGAAGGTTCTCAACCAATT,((((((.........)))))).........,75.86085035874265
GGGTCTGTAATTGATTGTTCTCAACCAACT,.(((.((.(((.....)))..)))))....,75.82838478420763
GGGGCAGTAATGGAATGTTCCCAACCAACT,((((((.........)))))).........,75.80979831871505
GGGTCTGTAATGGAGCGTCCTCAACCAACT,.(((..((...(((...)))...))..))),75.78817395302953
GGGTCTGTAATCGATTGTTCTCAACCAACT,.(((.((..(........)..)))))....,75.75409128254547
GGGTCAGTAATGGACCGTTCTCAACCAACT,.((((.......))))..............,75.7495312220968
ACAACCAACTTTAGGTCTGTAATGGATGAT,((((((.......))).)))..........,75.74455375268299
GGGTCCGTAATGGAAGGCTCTCAACCAACT,(((.((.........)))))..........,75.7377887839898
GGGTCGGTAATGGATTGCTCTCAACCAACT,.(((.(((...(((....)))..))).))),75.73735272137216
GGGTCTGTAATGGATCGTTCACAACCAACT,.(((.(((((((...)))).))))))....,75.73327978726951
GGGGCAGTAATGGATAGTGCCCAACCAACT,.(((((.((.....)).)))))........,75.60688809539799
GGGGCAGTAATGGAATGTTCTCAACCAATT,((((((.........)))))).........,75.58410138096966
GGGTCTGTAATGGATTGCTCGCAACCCACT,((((.(((...((....)).)))))))...,75.56770178656384
GGGGCGGTAATGGAACGTTCTCAACCAACG,((((((.........)))))).........,75.55842371149649
GGGGCCGTAATGGAGTGTTCTCAACCAACT,((((((........).))))).........,75.54613515524609
GGGTCTGTAATGGACTGCTCCCAACCAACT,(((...(((......))).)))........,75.47203298263986
GGGTCCGTAATGGAGTGCTCTCAACCAACT,((((.(........).))))..........,75.4412160681798
GGGTCTGTAATGGAGTGCTCGCAACCAACT,((((((.......)).))))..........,75.3592951504487
GGGTCCGTAATGGATTGTGCCCAACCAATT,((((.((........)).))))........,75.35407492702814
GGGTCTGTCATGGAGTGTTCTCAACCAACT,............(((....)))........,75.34539980544426
GGGCCTGTAATGGATTGTTCTCAACAACTG,...((......)).(((((...)))))...,75.33750092509504
GGGTCTGTAATGGCTTTTTCCCAACCAACT,(((...((....)).....)))........,75.26707676196938
GGGTCTGTACTGGATTACTCTCAACCAACT,.(((((.....)))))..............,75.16099248006675
GGGGCTGTAATGGATTGTTCTGAACCAACT,(((((...........))))).........,75.1116140415562
GGGGCCGTAATGGATAGGTCTCAACCAATT,((((((..........))))))........,75.07728148537656
GGGCCTGTAATGGAATGTTCTCAACCACTT,...((......)).................,75.07387676536712
GGTCGGTAATGGAGGGTTCTCAACCAACTG,(((.(((....(((....))).))).))).,75.01766531262399
GGGGCCGTAATGGAAAGGGCTCAACCAACT,.(((((.(.......).)))))........,74.99928616228935
GGGTCTGTACTGGATTTCTCTCAACCAACT,.(((((.....)))))..............,74.99472846146207
GGTCCGTAACGGATTGTTCTCAACCAACTG,((((((...))))))...............,74.98596236021558
GGGGCAGTAATGGAATGTGCCCAACCAACT,.(((((...........)))))........,74.97449343470927
GGGTCTGTACTGGATTTTTCGCAACCAACT,.(((.(((....((....))))))))....,74.96407341773555
GGGGCTGTAATGGCATGTGCCCAACCAACT,.(((((((....)))...))))........,74.94990749072517
GGGGCAGTAATGGACCGTTCTCAACCAACT,((..((....))..))..............,74.94978074422872
GGGGCGGTAATGGATTGTGCTCAACCAACT,.(((((...........)))))........,74.91355798551331
GGGTCTGTAATGGCTTGTTCTCAACCCACT,((((.((..(........)..))))))...,74.89694733131293
GGGTCTGTCATGGATTGTTCCCAACCAACT,(((...(((...)))....)))........,74.89669134015831
GGGTCGGTAATGGATTGTGCTCAACCAACT,((...((((........))))...))....,74.87521430053701
GGGGCCGTAAGGGATTTTTCTCAACCAACT,..........((((....))))........,74.85855991959743
GGGTCTGTAATGGAGTGGTCGCAACCAACT,.(((.(((.((......)).))))))....,74.83289657289717
GGGTCTGTAATGGAGTGTTCCCAACCAAGT,.(((.((....(((....))))))))....,74.78698643329082
GGGGCAGTAATGGAATGTTTTCAACCAACT,..........(((..((....)).)))...,74.7807685930138
GGGTCAGTAATGGATAGTTCTCAACCAACT,((...((.(((.....)))))...))....,74.75360026241134
GGGTGGGTAATGGAATGTTGCCAACCAATC,.(((.((((((.....)))))).)))....,74.72791677875878
GGGTCTGTTATGGATTGTCCTCAACCAACT,.(((..(((..(((...)))..)))..))),74.70879851654804
GGGTCAGTAATGGAATGTTCCCAACCAACT,(((.((.........))..)))........,74.67835218641576
GGCTGGAATGGATTGGTCTCAACCAACCGT,.......((((.(((((....))))))))),74.57351460972082
GGGGCTGTAATGGAATGTGCTCAACCAACT,.((((.............))))........,74.5529421082605
GGGTCCTTAATGGACCTTTCCCAACCAATT,((((((.....)))))).............,74.5300394707485
GGGTCGGTAATGGAGGGTTCTCAACCAACT,.(((.(((....(((....))).))).))),74.52453406013069
GGGTCTGTAATGGCTTGTTATCAACCAACT,.(((..(((((.....)))))..)))....,74.49648371886113
GGGTCTGTAGTGGATTGTTCGCAACCAACT,.(((..((.(((((...))))).))..))),74.48921052124984
GGGTCTGTAATGGATTGTCCTCCACCAACT,.(((.((...((((......)))).))))),74.46882213752161
GGGTCAGTAATGGAATTGGCTCAAACAACT,((((((((......))))))))........,74.4539296615309
GGGGCTGTAATGGATCGGTCGCAACCAATT,(.(((((........))))).)........,74.44691278774707
GGGTCTGTACTGGATTGTTCGCAACCAACT,.(((.(((((......))..))))))....,74.44072861403212
GGGGCTGTAATGGAGTGTCCTCAACCAACT,(((((...........))))).........,74.4311604337264
GGGGCCGGAATGGAATGTTCTCAACCAAAT,.((...(((((.....)))))...))....,74.38098477356117
GGGTCAGTAATGGAAAGTTCTCAACCAACT,((...((.(((.....)))))...))....,74.37339374449385
GGGTCTGGAATGGAATGTTCGCAACCAACT,.(((.((((((.....)))).)))))....,74.35077815186692
GTCTGTAACGGATTGTTCTCAACCAACTGT,.......((((.(((........))))))),74.29240643963465
GGGTCCGGAATGGAACGTTCTCAACCAACT,.(((..((((((...))))))..)))....,74.28831079056172
GGGTCTGTAATGGATTGCTCCCAACCTACT,(((...((((....)))).)))........,74.25397012560728
GGGGCTGTAATGGAATGTTCTCAACCAATG,(((((...........))))).........,74.22241606911234
GGGGCTGTAATGGATAGGTCTCAACCAATT,((((((..........))))))........,74.19244197378777
GGGTCAGTAATGGCTTGTTCCCAACCAACT,(((.((((....)).))..)))........,74.1881876614305
GGGTCAGTAATGGCTTGCTCTCAACCAACT,((((.(((....))).))))..........,74.16836649604721
GGGTCAGTAATGGATCGTTCTCAACCAACT,.((((.......))))..............,74.16036641859137
GGGTCTGTCATGGATTGATCTCAACCAACT,(((((.(((...))).))))).........,74.13245979571582
GGGTCTGTAATGGATTGTCCTCAACTAACT,.(((..((...(((...)))...))..))),74.02771875849605
GGGTTTGTAATGGATTGCTTGCAACCAACT,.((((.((((........))))))))....,74.02400257815749
GGGGCCGTAATGGATTGTTTTCAAACAACT,....((.....)).(((((....)))))..,74.02370827579597
GGGGCAGTAATGGAAGGTTCTCAACCAACG,...............((((...))))....,73.9822397170202
GGGGCAGTAATGGAATGTGCTCAACCAACT,.(((((...........)))))........,73.97261975982023
GGGTCTGTAATGAATCGTTCTCAACCAACT,.(((.((.((((...))))..)))))....,73.96762658768702
GGGGCAGTAATGGAAAGTTCTCAACCAACT,((...((.(((.....)))))...))....,73.95756309526715
GGGTCTGTATTGGATTGCTCTCAACCAACT,.........((((.(((....)))))))..,73.92269549221146
GGTCTGTACTGGATTGTTCGCAACCAACTG,(((.(((((......))..)))))).....,73.90801425192943
GGGTATGTAATGGACTGTTCTCAACCAACT,.(((.((..(........)..)))))....,73.90146509105226
GGGTCTGTAATGGAATGTTTTCAACCAACT,.(((.((.((........)).)))))....,73.89315486806267
GGGTCTGTAACGGATAGTTCTCAACCAACT,.(((.((.(((.....)))..)))))....,73.87267826376846
AGGTCTGTAATGGGGTGTTTGCAACCAACT,.(((.(((((........))))))))....,73.86056243272844
GGTCAGTAATGGACTGTTGTCAACCAACTG,...((((....(((....))).....)))),73.81084876316429
GGGTCTGTATTGGCTTGTTCCCAACCAACT,(((((......)))))..............,73.7960705491948
GGGTCTGTAGTGGATTGTCCTCAACCAACT,.(((..((.(.(((...))).).))..))),73.76744574925657
GGGTTTGTAATGGATTGCTCGCAACCAACT,.((((.((...((....)).))))))....,73.75898167656555
TGGTCTGTACTGGATTGTTCGCAACCAACT,((((.(((((......))..)))))))...,73.72974177438036
GGGTCTGTAATGGAATGGTCGCAACCAACG,.(((.(((.((......)).))))))....,73.72530398244245
GGGGCAGTAATGGAGAGTTCTCAACCAACT,............(((....)))........,73.65877373381146
GGGTCTGTAATGGAATGTTCTCAAACAACT,.(((.(((...(((....)))...)))))),73.61593808975482
GGGTCCTTAATGGAATGTGCTCAACCAACT,((((((.....)).....))))........,73.57263345296222
GGGTTCGTAATGGATTGCTCTCAACCAACT,((((((......))..))))..........,73.56053939174146
GGGTCCTTAATGGATCTTTCTCAACCCATT,((((((.....)))))).............,73.51530427053405
GGGGAAGTAATGGATTTTACTCAACCAACG,((...(((((......)))))...))....,73.51219778645853
GGGTCTGTAATGGCATGTTCTCAACCCACT,((((.((..(........)..))))))...,73.50396690872142
GGGTCTGTAATGGATTGCTCCCAAACAACT,(((...((((....)))).)))........,73.49729320995044
GGGGCAGTAATGGAAAGTGCTCAACCAACT,.(((((.(.......).)))))........,73.48245553102083
GGGTCCGTAATGGAATGTTCGCAACCAACT,((...((.(((.....)))))...))....,73.45621900189619
GGGTCTGTAATGGATTGCTCCCAAACCACT,(((...((((....)))).)))........,73.42398278612455
GGGTCTGTACTGGATTGGTCTCAACCAACT,..((((.....))))((((....))))...,73.41875649228017
GGGGCTGTAATGGAGTGGGCCCAACCAACG,.(((((...........)))))........,73.41179462045814
GGGTATGTAATGGATAGTTCCCAACCAACT,.(((.((....(((....))))))))....,73.40369200686273
GGGTCAGTAATGGAATGTCCTCAACCAACT,.(((..((...(((...)))...))..))),73.39052103054595
GGGGCAGTAATGGAAAGCGCCCAACCAACT,.((((.((........))))))........,73.38866183831267
GGGTCATTAATGGAATGTTCCGAACCAATT,(((.((((.....)))).))).........,73.38139308725013
GGGGCAGTAATGGAATGTGCCCAACCAACG,.(((((...........)))))........,73.35580345597245
GGGTATGTAATGGCATGTTCCCAACCAACT,((((((((....)))))..)))........,73.34799991506672
GGGTCTGCAATGGAATGTTCTCAACCAACT,(((...(((......))).)))........,73.33704041746083
GGGTCTGTAATGGACTGCTCCCAACCCACT,((((.((....(((....)))))))))...,73.26070888810429
GGGTCTGTAATGGTTTGTTCGCAACCAACT,..........(((((.......)))))...,73.23368904174936
GGGTCAGCAATGGACTGTTCTCAACCAACT,(((.((((....).)))..)))........,73.20938503273769
GGTCAGTAATGGACAGTTCTCAACCAACTG,...((((..(((...........))))))),73.18196938562286
GGGTATGTAATGGAATGTTCTCAAACAACT,(((.((((......)))).)))........,73.17387422526899
GGGTCAGTCATGGATTGTTCTCAACCCACT,(((((((((...)))))......))))...,73.15602298093265
GGGTCCTTAATGGATCTTTCTCAACCTATT,((((((.....)))))).............,73.10534594634015
GGGTCGGTAATGGAATGTTCCCAACCAATT,.(((.((.(((.....))).)).)))....,73.10193109912504
GGGTCAGTAATGGAACGTTCTCAACCAACT,((...((.((((...))))))...))....,73.0782694281688
GGGTCGGTAATGGAGTGTTCCCAACCAACT,.(((.(((...(((....)))..))).))),72.98184333866018
GGGTCTGTAATGGAGAGTTCACAACCAATT,.(((.((((((.....))).))))))....,72.95516311856389
GGGTCTGTAACGGAGTGTTCGCAACCAACT,.(((.((((((.....))).))))))....,72.95145613545381
GGGTCTTTAATGGATCGTTCGCAACCAATT,.(((((.....)))))..............,72.94939229640408
GGGTCTGCTATGGATTGTTCCCAACCAACT,(((...((........)).)))........,72.92868137104082
GGGTATGTAATGGATCGCTCTCAACCAACT,(((..((........))..)))........,72.91609098613108
GGGTCTGTATTGGCTTGCTCTCAACCAACT,((((..((....))..))))..........,72.90708636698577
GGCGCCGCATTGGCAGGTTCCTTACCACTT,((.(((((....)).))).)).........,72.90690985485104
GGGTCTGTAATGGATTGCTCTCTACCAACT,.(((..((((....)))).....)))....,72.88335309214479
GGGTCTGGAATGGAATGTTCACAACCAACT,.(((.((((((.....)))).)))))....,72.86076995524024
GGGGCAGTAATGGCTTGTTCGCAACCAACT,.(((((((....)).)))))..........,72.80650539038768
GGGTCTGTCATGGATTGCTCTCAACCAACT,((((..(((...))).))))..........,72.80622840969062
GGGGCTGGAATGGAGAGTTCTCAACCAACT,..((.((((((.....)))).)).))....,72.80042595898365
GGGTCCGTAATGGATTGCTCTCAACCCACT,((((..((((....)))).....))))...,72.78793606791791
GGGTCGGTAAGGGAGTGTTCTCAACCAACT,.(((.(((..((((....)))).))).))),72.77402088349471
GGGTCTGTAATGGAGTGTTTTCAACCAACT,.(((.((.((........)).)))))....,72.77074770342878
GGGGCTGTAATGGATCGTTCGCAACCAACT,..((.(((((((...)))).))).))....,72.76058856792187
GGGGCAGTAATGGATAGTTCTCAACCAACG,((...((.(((.....)))))...))....,72.72098948929883
GGGGTCGCATTGGCAGGCTTCCTACTAACA,((((((((....)).)))))).........,72.70690985485103
GGGGCTGTATTGGAGTGTTCTCAACCAACT,............(((....)))........,72.6458170765961
GGGTCAGTAATGGAATGTTCGCAACCAACT,.(((..(((((.....))).)).)))....,72.61981669568098
GGGGCTGTAATGGAGTGTACCCAACCAACT,((((((.......)))...)))........,72.57213743914134
GGGTCGGTAATGGAGCGCTCTCAACCAACT,.(((.(((...(((....)))..))).))),72.52142727625497
GGGGCTGTAATGGAGTGTTCGCAACCAACT,..((.((((((.....))).))).))....,72.4766201962602
GGGTCTGTCATGGACTGTTCGCAACCAACT,.(((((.....)))))..............,72.45820048564465
GGGTCAGTAATGGAATGTGCTCAACCAACT,((...((((........))))...))....,72.45195789059747
GGGTCTGTAATGGATTGCTCTCAACTAACT,(((...((((....)))).)))........,72.43586757413465
GGGTCTGTACTGGAATGTTCTCAACCAACT,((......((......))......))....,72.43308696167895
GGGGCTGTAATGGAAAGCTCGCAACCAATT,.(((((.........)))))..........,72.41531957264895
GGGTCTGTAATAGATTGTTCGCAACCAACT,.(((.(((((((...)))).))))))....,72.36582325162503
GGGCCTGTAATGGACTGTTCTCAACCTACT,.((((......)).))..............,72.32315970483907
GGGGCCGTAATGGATTGTTCTCAAACAACT,((((.((........)).))))........,72.3226117137196
GGGGCCGTAATGGAGTGTTCCCAACCAACT,((((((........).))))).........,72.28983682946111
CCCAATATTTCCAAATAGTCTGTAATGGAT,.(((.(((.............))).)))..,72.27216797397978
GTTTCCTTAATGGATTTTTCTCAACCAATT,...(((.....)))................,72.24871434302096
GGGTGCGTATTGGATTGTTCCCAACCAACT,(((.(((........))).)))........,72.19496378074645
GGGTCCGTAATGGATTGTCCTCAACCCATT,((((.......(((...)))...))))...,72.18865320600621
GGGTCTGTACTGGATTGTTCACAACCAACT,.(((.(((((......))..))))))....,72.18248766976093
GGGTCCTTAATGGACCTTTCCCAACCACTT,((((((.....)))))).............,72.12995429766372
GGGTCAGTAATGGATTGTCCTCAACCCACT,((((.......(((...)))...))))...,72.12211301623955
AACAATCTCATCCGAGAGTCTGTAATGGAT,.(((..(((......)))..))).......,72.12025811912875
GGGTCTGTAATGGCATGTTCTCAACCCCCT,((((.((..(........)..))))))...,72.03357404786782
GGGTCAGTATTGGCTTGTTCTCAACCAACT,((((((....))))))..............,71.97209419818435
GGGTCTGTAAGGGATTTCTCTCAACCAACT,.(((.((..((((....)))))))))....,71.95473271549253
GGGTCAGTACTGGCTTGTTCTCAACCAACT,((((((....))))))..............,71.95147564148331
TGTTCTGTAATGTATTGTTCTCAACCAACT,..............................,71.92071131946892
GGGGCTGTAAGGGATAGTTCTCAACCAACT,((((((((.....)))))))).........,71.87327107352478
GGGGCAGTAATGGAAAGTGCTCAACCAACG,.(((((.(.......).)))))........,71.86567540713503
GGGTCTGTACTGGATTGTTCGCAACCAGCT,.........((((.(((....)))))))..,71.8535266887999
GGGCCTCTAATGGATTGTTCTCAACCCACT,(((((......))...........)))...,71.76228628978646
GGGTCTGTAATGGAGTGTTCCCAACCAGCT,.((.(((....(((....)))....))))),71.73952456556309
GGGTCTGTAATGGCTTGGTCTCAACCCACT,((((.((..((......))..))))))...,71.72637186885441
GGGTCCTTATTGGACCGTTCTCAACCTATT,.(((((.....)))))..............,71.7177842773665
GGGTCTTTTTTGGATTTTTCTCAACCCATT,((((......((((....)).))))))...,71.69650076086123
GGGTCAGTAATGGCTTGTTCTCAACCCACT,((((((....))))))..............,71.64500168757195
GGGGAGTAATGGACAGTTGGCAACCAACTG,.............(((((((...))))))),71.63195128574573
GTACCGGGCATAGATTGCTGCGTCCGTTGT,....(((((.(((....))).)))))....,71.62785050434711
GGGGCTGTAATGGAATGTGCTCAACCAATT,.((((.............))))........,71.57476655443219
GGGGCTGTAATGGAGTGCTCGCAACCAACT,((.((.(((......)))..))..))....,71.54152393936849
GGGTCTGTAGTGGATTGCTCTCAACCAACT,.(((.((.((.(.....).)))))))....,71.53234428102732
GGGTCAGTAATGGAATGTGCCCAACCAATT,((((((.........)).))))........,71.5283613004055
GGGCCTGTAATGGTTTGTTAACAACCAACT,(((((......)))))..............,71.52442655827082
GGGGCTGCAATGGAATGTTCTCAACCAACT,((((..(((......)))))))........,71.51315250985824
GGGTCTGTATTGGACTGTTCTGAACCAACT,.(((((.....)))))..............,71.45430812459227
GGGTCGGTAATGGAATGTTCACAACCAACT,.(((.(((..((((...))))..))).))),71.44177292417196
GGGTCAGTAAGGGGTTGTTCGCAACCAACT,............(((((....)))))....,71.43634878886357
GGGTCTGTAATGGCTTGCTCTCAACCCACT,((((..((((....)))).....))))...,71.42888362504902
GGGTCCTTATTGGACTTTTCTCAACCCACT,.(((((.....)))))..............,71.41340158340853
GTCTGTAAAGGGATGTTCTCAACCAACTGT,((((......))))................,71.36765897915853
GGGTCAGTAATGGCTTGTTATCAACCAACT,((((((....))))))..............,71.34863270340209
GGGTCTGTAATGGGTTGTTCTCAACAAACT,.(((.(((..((((.....))))))).))),71.3134138416566
GGGTCGGTAATGGAGCGTTCCCAACCAACT,.(((.((.((((...)))).)).)))....,71.26343799160597
GGGTCTGTAACGGATTGCTCTCAACCAACT,.((((((...))))))..............,71.25293016312199
GGGTCTGTAATGGATTGTTCTCTACCATCT,...........((((.((.....)).)))),71.24582792197984
GGGACCGTAAGGGAGCGTTCTCAACCAACT,((((.(((......))).))))........,71.23030295186066
CACCAATATTTCCAAATAGTCTGTAATGGA,..(((.(((.............))).))).,71.16561086268979
GGGTCTGTGATGGAGTTTTCTCAACCAACT,.(((.((.((........)).)))))....,71.148615416416
GGGGCGGTAATGGACGGTGCCCAACCAACG,.(((((.(.......).)))))........,71.13130052356863
GGGTCAGTTATGGATTGTTCCCAACCAATT,(((.(((((...)))))..)))........,71.1022011434003
GGGTCAGCAATGGAATGTTCTCAACCAACT,(((..((((......)))))))........,71.09716716373356
GGGTACGTACTGGATTGTTCCCAACCAACT,(((.(((........))).)))........,71.09121687051555
GGGTCTGTACTGGCTTGTTCTCAACCGACT,(((((......)))))..............,71.08507993750968
CTCTGAGTAATGGTTTGTTTTTGGCAGACT,...........((((((((...)))))))),71.08227379662034
GGGTCTGTAATGGCTTGTTCGCAACCCACT,((((.((((((.....))).)))))))...,71.06195863577247
GGGTCTGTACTGGATTGTTCGCAACCCACT,((((.(((((......))..)))))))...,70.9468922055691
GGGACAGTAATGGATGGCTCTCAACCAACT,((((.(((........))).))..))....,70.87907582568295
GGGTCCTTAATGGAATGTTCTCAACCTATT,((((((.....))).....)))........,70.85377563172564
GGGTCTGTAATGGATTGTCTTCAGCCAACT,.((.(((..............)))))....,70.80584133930614
GGGTCTGCAATGGATCTTTCTCAACCCATT,((((.((....(((....)))))))))...,70.76851183239275
GGTAAGTAATGGAAGGTTATCAACCAACTG,(((..(((((.....)))))..))).....,70.75575820777115
GGGGCAGTTATGGCTTGTTCTCAACCAACT,((((((((....)).)))))).........,70.74179370185661
GGGGCTGGAATGGAGTGTTCCCAACCAACT,.((...(((((.....)))))...))....,70.65520944328651
GGGTCCTTTATGGATCTTTCTCAACCAATT,((((((.....)))))).............,70.61890984660279
GGGTCTGTAATGGACTGTTCGCAGCCAACT,.((.(((((((.....))).))))))....,70.61768282446022
GGGTCTGGAATGGACGGTCCTCAACCAACT,(((.(((.......))).))).........,70.60350969404179
GGGTCTGTAATGGAATGTTCCTAACGAACT,.(((.(((...(((....)))..))).))),70.58484420096607
GGGTCCGTATTGGATCGTTCTCAACCCATT,.(((((.....)))))..............,70.5771721593593
GGGTCTGTCATGGATTGTTCTCCACCAACT,.(((.((...((((......)))).))))),70.52886731278645
GGGTCTGCAATGGCATGTTCCCAACCAACT,(((.((((....))).)..)))........,70.5235011888148
GGGTCTGTAATGGCTTGTTCCCAACCCACT,((((......(((.......)))))))...,70.50603853176239
GGGGCAGTAATGGAAAGTTCCCAACCAACT,(((((...........))))).........,70.46644106176873
GGGTCGGGAATGGAATGGTCCCAACCAACT,.(((.((((.........)))).)))....,70.45823651163413
GGGGAAGTAATGGAAAGTTCCCAACCAACG,.(((((.(.......).)))))........,70.43370020930644
GGGGCCGTAATGGATCGTTCGCAACCAACT,((...((.((((...))))))...))....,70.41648071108962
GGGGCAGTAATGGATAGTTCCCAACCAACT,((((.(.((.....)).)))))........,70.31707538639363
GGGGCCGTAATGGAAGGTGCGCAACCAACA,.(.(((.........))).)..........,70.31469664826187
TTCTCAGGAATGGTCTGTTTTTCCCCTACC,......((((..........))))......,70.30690985485103
GGGGAGGGAATGGAATGTACCCAACCAACG,.((..(((.((.....)).)))..))....,70.23410401331442
GGGGCAGTAATGGAGTGGTCTCAACCAATT,(((((............)))))........,70.22670558636453
AGGTCAGTAATGGAATGCGCTCAACCAACT,.(((..(((......))).....)))....,70.20293489839887
GGTCTGTACTGGATTGTTCTCCACCAACTG,(((.((...((((......)))).))))).,70.14219266755671
GGGTCAGTAATGGAAAGTTCCCAACCAACT,(((................)))........,70.01062238419004
GGGTCTTTAATGGATTGTTCCCAACCCATT,((((......(((.......)))))))...,70.00758878512039
GGGGCCGAAATGGAACGTTCTCAACCAACT,((((.((........)).))))........,69.97098473537767
GGGTCTGTACTGGCTTGTTCTCAACCCACT,((((.((.((......))...))))))...,69.93466208913058
GGGGCGGTAATGGAAAGTTCCCAACCAACT,.((..(((...(((....)))..)))..)),69.91906986942877
GGGTCTGTAATGGATTGCTCGCAATCAACT,............(((((....)))))....,69.77191140135763
GGCCGTTAAGGGATGGTTCTCAACCAACTG,.((((((....)))))).............,69.7073182952466
GGGCCGGTAATGGATGGTCTCCAACCAACG,((((((........))))))..........,69.65305041059167
GGGGCAGTAATGGAGTGTGCGCAACCAACT,((.((.(((........)))))..))....,69.62180249520979
GGGTCTGTAAGGGACTGTGCCCAACCAACT,(((((.((.....)).).))))........,69.60940578681601
GGGGCCGTAATGGATTTTTCTCAACCCACT,(((.....................)))...,69.60124180031829
GCATGGGTGCCCAATTACTTTTGGACTATC,(((....)))((((......))))......,69.57892321827438
GGGTCAGTAATGGAGGGTTCCCAACCAACT,..........(((..((...))..)))...,69.56391767824886
GGGTCTGTACTGGATTGTTCGCAACCCCCT,((((.(((((......))..)))))))...,69.47649934471549
CGAACCACCTCGCAAGAATGAGTGGAATGA,....((((.(((......))))))).....,69.46491657377601
GGGGCTGTAATGGAAGGTGCGCAACCAACA,((.((.(((........)))))..))....,69.42495097592237
GGGTCTGTACTGGCTTGTTCGCAACCAACT,.(((.(((((......))..))))))....,69.40177612293559
TGGTCAGTAATGGAAAGTTGTCAACCAACT,((((...((((.....))))...))))...,69.39271326499316
GGGACTGTCATGGATTGTTCACAACCAACT,.((((.(((...))).))))..........,69.37749737320857
GGGTCAGTAATGGAATGTTCCCAACCACTT,(((.((.........))..)))........,69.29436189494956
GGGTCGGTAATGGACTGTTCGCAACCAACT,.(((.(((..((((...))))..))).))),69.23275867972526
CGGTTGCTAATGGACTGTGCTCAACCAACT,.(((((...((.....))...)))))....,69.1996076271447
GTCTGTAATGGATTGTTCGCAACAAACTGT,.......((((.(((((...))))).)))),69.19854812134129
GGGTCTGTAATGGATTGCTCTCCATCAACT,.........(((((......))))).....,69.19825990857791
GGGGCGGTAATGGAAAGTGCGCAACCAACT,((.(((.............)))..))....,69.19492380776069
GGGTCTGTATTGGCTTGTTCTCAAACAACT,(((((......)))))..............,69.17859146491647
GGGTCAGTAATGGATAGTTCCCAACCAACG,(((................)))........,69.16355553229758
GGGTCTGGAATGGAGGGGTCCCAACCAACT,.(((.(((...(((....)))...)))))),69.16166254766081
GGGTCTGTTTTGGCATTTTCTCAACCAACT,..(((......)))................,69.1331595506135
GGGTCTGTATTGGCTTGTTCTCAAACCACT,(((((......)))))..............,69.10528104109058
GGGGGCGGAATGGGGGGTTTTCCAACCAAT,..........(((..((....))..)))..,68.99377772346588
CGGGGCTGTAAAGGAATGTTCTCAACCAAC,.(((((...........)))))........,68.94447520599745
GGGTATGTAACGGACTGTTCTCAACCAACT,.(((.((.(((.....)))..)))))....,68.9175194050174
GGGTCAGTAATGGCATGTTCTCAACCACTT,..((((....))))................,68.86878189419365
GGGTCGGTAATGGAGAGTTCGCAACCAACT,.(((.(((..((((...))))..))).))),68.80405365575722
GGGTCTGGAATGGAGTGTTCTCAGCCAACT,.((.(((((((.....)))).)))))....,68.76730328375886
GGGTCAGTAATGGAGTGTGCTCAACCAATT,((...((((........))))...))....,68.64921806289995
GGGTCCTCTTTGGATTTTTCTCAACCTATT,.(((((.....)))))..............,68.61537992309837
GGGGCGGTAAGGGATAGTTCCCAACCAACT,.((..(((..((((....)))).)))..)),68.58855053488197
GGGTCAGTTATGGCATGTTCTCAACCAACT,..((((....))))................,68.54040633124421
GGGGCAGAAATGGAAGGTGCTCAACCAACT,.(((((...........)))))........,68.50096099530437
GGGGCCGTAATGGACTGTGCTCAACCAATT,.((((((........)).))))........,68.42281063338291
GGGTCTGTAATGGCTTGTTTTCAACCCACT,((((.((.((........)).))))))...,68.31177971136486
GGGGCCGGAATGGAAAGGGCTCAACCAATT,.(((((...........)))))........,68.26612028376904
GGGGCTGTAATGGATATTTCGCAACCAACG,..((.(((....((....))))).))....,68.21335137284291
GCAACCAACTTTAGGTCTGTAATGGATTGT,((((((.......))).)))..........,68.20195324790815
GGGTCTGTACTGGAATGCTCTCAACCAACT,((((.(........).))))..........,68.19740950855943
GGGTCTTTATTGGATTTTTCTCAACCTACT,((((......((((....)).))))))...,68.17102124537293
GGGTCAGTAATGGCTTGTTCTCAAACAACT,((((((....))))))..............,68.16568758744995
GGGGCCGTAAGGGAATGTTCTCAACCAATA,((((.(((......))).))))........,68.10240919951167
GGGGCAGTAAGGGAAAGTTCTCAACCAACT,..........((((....))))........,68.06740947529802
TTCCTCAGAGTGGTCTGTCTTGTTGTCTAT,.....((((....)))).............,68.05215061632919
GGGGCAGCAATGGAATGTGCGCAACCAACT,((.((.(((........)))))..))....,68.05162290639426
GGGCTTGTACTGGACTGTTCTCAACCAACT,((......((......))......))....,67.97533568444811
AACAATCTCATCCGAGAGTCTGTAATGTAT,.(((..(((......)))..))).......,67.9650134395609
GGGTCGGGAATGGAAGGTGCTCAACCAACT,.(((.(((.((.....)).))).)))....,67.96041199008465
GGGTCAGTAATGGCATTTTCCCAACCAACT,(((..(((......)))..)))........,67.9547158450199
GGGGCCGGAATGGAGCGTTCCCAACCAACG,((((.((........)).))))........,67.87889152985527
GGGTCTGTAGGGGAGTTGGCGCAACCAACT,.............((((((.....)))))),67.86798985602456
GGGTCAGTAATGGACTTTTCTCAACCCACT,((((.((.((......)).))..))))...,67.7394691092399
GGTTCGTAATGGACAGTTTTCAACCAACTG,((((...(((.....)))...)))).....,67.72709156158338
GGGTCGGTAAGGGATTGTTCTAAACCAACT,.(((.(((..((((...))))..))).))),67.72488377108601
CGGGGCTGTAATGGATTGTGCTCAAACCAC,..((((.............)))).......,67.67870593787653
GGGGCAGTAATGGAATGTTCCGAAACAATT,((((((.........)))))).........,67.62562088205686
GCATGGGTGCCCAATTACTTTTGGACCATC,.....(((..((((......)))))))...,67.6227721168891
GGGTCAGTTATGGATTGTTCCCAACCCACT,(((.(((((...)))))..)))........,67.54164295184039
GGGTCTGTCATGGCTTGTTCTCAACCCACT,((((.((..............))))))...,67.53700407377264
CTGGCTGGTTACGATTTTTCTCAACCCACT,......((((..((....))..))))....,67.52890488662493
GGGGCTGTAAGGGAATGTGCTCAACCAACT,.((((.............))))........,67.52232707965582
GGCTCGCCCTTCAGTCGTTGTCTCCAGCAT,((((........))))((((....))))..,67.50690985485103
GGGGCAGTAATGGAAAGTTCCCAACCAATT,(((((...........))))).........,67.49017536279145
GGGGCAGTAAGGGAATGTTCCCAACCAACT,((((((.........)))))).........,67.45055584853458
GGGTCTGTCCTGGCTTGTTCTCAACCCACT,((((.((..............))))))...,67.4384931917566
GGGGCTGTAAGGGAAGGTTCTCAACCAACG,((((((.........)))))).........,67.42994019400379
CAAAGGTAGTTGGTATCCTCTAGCTTTGCT,(((((.(((..((...)).))).)))))..,67.37357652151769
GGGGCGGAAATGGAAAGGGCTCAACCAACT,.((((.............))))........,67.34885079685365
GGGTAAGTAATGGCATGTTCCCAACCAACT,(((...((......))...)))........,67.3437446794442
GGGGCTATACTGGCTTTTTCTCAACCAACT,.((((((...))))))..............,67.32222848368608
CGGGGCTGTTATGGGATGTTTTCAACCAAC,...........(((..((....)).)))..,67.27191700583133
GGGGCAGAAAGGGAATGTTCCCAACCAACT,((((((.........)))))).........,66.98526323922377
GGGGATGGAATGGAATGTTCTGAACCAAAT,.((..((((((.....))))))..))....,66.97500056265004
TCCAATTTTTCCTAATTGTCTGTAATTCTT,..(((((......)))))............,66.951478723832
GGGTCAGTAAGGGAAAGTTCCCAACCAACT,.(((..((..((((....)))).))..))),66.92689718292344
GGGTCAGTAATGGAATGTTCTCAAACAACT,(((.((.........))..)))........,66.88847687091766
GGGTCCTTTTTGGATCTTTCTCAACCCATT,((((((.....)))))).............,66.87081288424096
GGGTCTGTATTGGCTTGTTCCCAACCAATT,........(((((.(((....)))))))).,66.85454330218003
GGGGCAGAAATGGAACGTTCTCAACCAATT,((...((((........))))...))....,66.79703481052609
AGGGCTGCAATGGAACGTTCCCAACCAACT,.(((..((........)).)))........,66.77547115386228
GTCTGTCATGGATTGTTCTCCACCAACTGT,........((((......))))........,66.70375239646515
GGGTCTGTTATGGAATGTTCGCAACCAACT,.(((.(((.(........).))))))....,66.70166787940582
GGGTCGGTAATGGAGTGTTCGCAACCAACA,..((.(((..((((...))))..))).)).,66.69998843416624
ATTCCTCGAATTGATTGTTCTTGTGCATTT,.......((((.....))))..........,66.68260974286895
GGGTATGTAATGGCTTGTTCCCAACCAATT,(((.(((........))).)))........,66.67495089575192
GGGTCAGTAAGGGAATGTTCCCAACCAATT,..........((((....))))........,66.6730002357485
GGGTCCTTATTGGATCTTTCTCAACCCACT,((((((.....)))))).............,66.62669012390873
GGGTCTTCAATGGATTGTTCGCAACCTATT,........(((((.(((....))).))))),66.48283379570692
ACTTCCTTATTGGATCGCTCTTGTTCATCT,...(((.....)))................,66.48137793995743
GGGTCCTTTTTGGATCTTTCTCAACCTATT,((((((.....)))))).............,66.46085456004707
GCCTCCGTATTGGATTGTGCCCAACCAACT,.........((((.(((....)))))))..,66.45219329527269
GGGTCTGTATTGGATTGTTATCAACCCACT,((((..(((.........)))..))))...,66.41948840205332
GGGGCAGAAATGGAGAGTTCTCAACCAATT,((...((((........))))...))....,66.3906743570886
GGGTCCTTATTGGATCTTTCTCAACCCATT,((((((.....)))))).............,66.34783677939001
GGGTCCGTAATGTATTTTTCCCAACCAACT,(((................)))........,66.28320191006843
GGGTTCGTAAAGGAATGCTCTCAACCAACT,(.((((......)))).)............,66.25745363377783
GGGTCAGTAATGGAGTGTTCGCAACCAATT,.(((..(((((.....))).)).)))....,66.22267446331631
GGGGCCGTAATGGAAAGTGCGCAACCAATT,((...((((........))))...))....,66.14234461218456
GGGGCAGGAATGGAAAGTGCTCAACCAATT,.(((((...........)))))........,66.08465976418756
GGGTCTGTAATGGCTTTTTGTCAAACAACT,.(((.(((..((((.....)))).)))))),66.05218495978333
GGGTTTGTAACGGATTGCTCTCAACCAACT,.((((.((((....))))....))))....,66.03507631119518
TAATAGGCGGTTGCTGGAGGGGTTACCTGT,........(((.(((.....))).)))...,66.01190985485103
TAATAGGCGGTCGCTGGAGGGGTTACCTGT,........(((.(((.....))).)))...,66.01190985485103
GGGGCAGTAATGGAACGTACGCAACCAATT,((.((.(((........)))))..))....,65.9962800859212
GGGTGTGTAATGGTTTGTTCTTAACCAACT,..........(((((.......)))))...,65.95119044312881
GGTTCTGTCATGGATTGTTCTTAACCAACT,((((..(.((.....))..)..))))....,65.89576102775737
GAGTCTGTATTGGCATGTTCCCAACCAACT,..(((......)))................,65.63063893800806
GGGTCGGAAAGGGATGGTTCCCAACCAACG,..((.((...((((....))))..)).)).,65.58633393160143
GGGTCTGTATTGGCTTGTTCGCAAACCACT,(((((......)))))..............,65.56947820138915
AGTCTGTAATGGATTTTCAATAAAACCAAT,.........(((.(((.....))).)))..,65.5531821817244
GGGGCAGTAAGGGACAGGTCCCAACCAATG,(((((.((.....))..)))))........,65.39921469574111
GGGTCTGTATTGGATTGTTCCCAAACAACT,.(((.(((.((((.......)))))))))),65.36720359497534
GGGTCAGTTTTGGCTTGTTCTCAACCCACT,((((((....))))))..............,65.34472662313505
GCATGGGTTCCCAATTACTTTTGGACTATC,.....(((..((((......)))))))...,65.32441985325129
GGGGCGGAAATGGAGAGTGCGCAACCAACT,((.(((.............)))..))....,65.27867947901822
GGGTCGGTAATGGAAGGTTCGCAACCAATT,.(((.(..(((.....)))..).)))....,65.26390605875417
CAACCAACTTTAGGTCTGTAATGGATTATG,............(((((.....)))))...,65.21332839045218
GGGTCAGTACTGGAATGCTCTCAACCAACT,(((..((((......)))))))........,65.16439937437335
GGGTCAGTATTGGATTGTTCTCAAACAACT,(((.((((.....))))..)))........,65.12075945902677
ACAACCAACTTTAGGTCTGTAATGGATCAT,.............(((((.....)))))..,65.11712346238505
GGGGAAGTAAGGGATTGTTCGCAACCAACT,.(.(((.(((....)))))).)........,64.98566455384612
GGGGCTGCAATGGAATGTTCGCAACCAATT,((.((.(((......)))..))..))....,64.96936993660489
GGGTCAGTAACGGAATGTCCTCAACCAACT,(((.((.........)).))).........,64.85585633118008
GGGTCTGTATTGGCTTGTTCCCAACCCACT,((((......(((.......)))))))...,64.81892391110972
GGGGCCGCATTGGCATGCTCCAAACCAACA,(((((.((....))..))))).........,64.738712085794
GGGACTGTAATGGATTGATCTAAACCAAAT,..........(((.((......)))))...,64.63781839708916
GGGGCTGTAATTGATTGTTTTCAACCAACT,..........((((......))))......,64.63484469876863
GGGTCAGTAATGGCTTGTTCGCAAACAACT,((((((....))))))..............,64.62988474774852
GGGTCCTCTTTGTCCCTTTCCCAACCTCTT,(((.(......).)))..............,64.62448544275696
GGGTCTGTCATGGATTGTCCTCATCCAACT,..........(((((.(....))))))...,64.61396483935434
GGGTCTGTTTTGGCTTGTTCCCAACCTACT,(((((......)))))..............,64.59378388279366
GGGGCAGTAATGGAATGTTGGCAACCAATG,................(((((...))))).,64.58984898889443
GGTGTGTAATGGACAGTTCGGAACCAACTG,(((.((.(((.....)))))..))).....,64.54767588550278
TCTGCCTCTTGTTCCATTTGCTAGAGCCTG,.....((((.((.......)).))))....,64.5300528186435
GGGTTCGGAATGGATTGGGCCCAAGTAAGC,(((((((........)))))))........,64.47050182066235
GGGTCCGTAATGGCTTTGTCTCAACCGACT,.((((.((...(((...)))...)).)))),64.43043652925223
GGGCTGTTAAGGGATGGTCCTAAACCAACT,((((((((....))))))))..........,64.36146952108481
GGGGCAGTAATGTACTGGTCGAAACCAACA,.((.(((((...))))).))..........,64.31004311205301
GGGTCTGTATTGGATTTCTCGCAACCCATT,((((.(((...((....)).)))))))...,64.20451508479225
GGGTCCTTAATGTACCTTTCTCAACCTATT,((((.(.....).)))).............,64.17301612254838
GGGTCCTTAATGTACCTTTCTCAACCTACT,((((.(.....).)))).............,64.13979733675227
GGGGCAGAAAGGGAATGTTCCCAACCAATT,((((((.........)))))).........,64.0089975402465
GGGGTTGTAATGGGATGTTTGCAAACCAAT,.((..(((((........)))))..))...,63.936437942131484
GGGGCAGAAATGGAATGGTCCGAACCAACT,(((.((.........)).))).........,63.86669755649238
GGGTCTGTAAGGGAACGTGCCCAACAAATT,((((.(((......))).))))........,63.83037686901446
GGGTCTTTATTGGATTTTTCGCAACCTATT,((((......((((....)).))))))...,63.826414022849264
TGTTTTCTGATGCTCTGTCTTTAAAGAACT,.(((((.(((..........))).))))).,63.80690985485103
GGGGCGGAAATGGAATGTTCACAACCAACT,((....(((........)))....))....,63.79227780596313
TCTAGCCCTGTTCTCCGTCTTTGCGTCACT,...............(((....))).....,63.790112542421014
GGGTCTTTTATGGCATTTTCCCAACCAACT,(((................)))........,63.78052036889738
GGGGCAGTAAGGGATAGTTCCCAACCAATG,..........((((....))))........,63.72942856484392
TTTTCCCCAGTTCGCCGTTTACGCTCGCTT,........(((..((.......))..))).,63.72897032517578
GGGGCTGCATTGGCTGGCGCCCAACCCATT,((((((((....)).))).)))........,63.619926241586356
GGGTAGGTAATGTAATGTTCGGAACCAACT,.(((.(((..((.......))..))).))),63.6066286772496
GCGTCCTTTTTGGACTTTTCTCAACCTATT,..((((.....))))...............,63.47909959044128
GGGGCCGTAATGGATTTTTTTTAACCCACA,(((.....................)))...,63.45883599418199
TTTTGAAGAATTAACTTTTTTATGGTCTCT,...(((((((.....)))))))........,63.40690985485103
GGGTCTGTTTTGGCTTGTTCCCAACCCATT,((((......(((.......)))))))...,63.37374189853642
GGGTCCGTTATGGATTTTTTTCAACCCACT,((((......((((.....))))))))...,63.214641106547845
GGGTCCGTAACGGACTGTTCCCCACCAACT,.((((((...))))))..............,63.13382841527793
GGGTCAGTAATGTAAATTTTCCAACCAACT,.(((..(.(((....)))..)..)))....,63.10064028367836
GGGCCGGAATTGGTTTGTCCCCAACCAACT,(((.((((.....)))).))).........,62.85463453615075
GGGGCAGTAAGGGAAGGTTCCCAACCAATT,..........((((....))))........,62.812258647015724
CATGGGTGCCCAATTACTTTTGGACTATCG,....((((.((((......))))..)))).,62.78980939092526
GGGTCCTTTTTGGCTCTTTCTCAACCCCTT,(((((......)))))..............,62.76478797657271
GCGTCCTTTTTGCCCCTTTCTCAACCTATT,(((.......))).................,62.60802407657555
GGGTCTGTAATGTATTGTTGCCAACGAACT,..((..(((((.....)))))..)).....,62.514735766593375
GGCGTCGTATTGGCATGTTCTCAACCACCT,...(((.....)))................,62.47838807248789
GGGCAGGTAATGGATTGACCTCAGTGTACT,((((((........))).))).........,62.4497474201698
GGGGCCGTAAGGGAGAGTGCTCAACCAATT,.(((((..........).))))........,62.42102839620408
GGGTCGGTAATGGTTTGTTCCCAACCTACT,((((.((.(((.....))).)).))))...,62.246632063649365
GGGTCCTTTTTGTACCTTTCTCAACCTATT,((((.(.....).)))).............,62.22586782344611
GGTTCCTTTTTGTCCCTTTCTCAACCCATT,((((..................))))....,62.16334322551173
ACAACCAACTTCAGGTCTGTAATGGATCAT,.............(((((.....)))))..,62.046984042980924
GGGTCTTTTATGGATTTTTCCCAACCCATT,((((......(((.......)))))))...,62.011649720389
GGGTATGTATTGGCATGTTCCCAACCCACT,((((((((....)))))..)))........,61.994259496031965
GGGTCAGTAAGGGATGTTCACCAACCAACG,..........((........))........,61.982381189150104
GGGTCTTTTTTGTACTTTTCTCAACCCATT,((((...................))))...,61.92676108034919
GGGGCCGGAAGGGAAGGGGGGAAAAGAAAG,....((....))..................,61.788438123148616
GGGTCCGTTTTGTATTTTTCTCAACCCATT,((((...................))))...,61.73503954502737
GGGCCGTAATGGGATGTTCTCAAACAACTG,.........(((((...)))))........,61.722427771387665
GGGTCTGTAAGGGCATGCTCCCAAACAATT,(((.((((....))).)..)))........,61.68490034489069
GGGTCCTTATTGTACCTTTCTCAACCTATT,((((.(.....).)))).............,61.61469011492963
GGGGCCGCAATGGAAGGTGTTAAACCAACT,....((.....))..(((.....)))....,61.60973121209153
GGGGCAGAAAGGGAATGTTGCCAACCAATT,(((((((..........)))))..))....,61.41871369897259
GTCGGTAATGGGTTGTTCTCAATTAACTTC,.........((((((........)))))).,61.315330153283774
GGCTGTTATGGGTTGTTCTCCAACAACCGT,..........(((((((....)))))))..,61.29466816284379
GGGTCCTTATTGTACTTTTCTCAACCCATT,((((...................))))...,61.19832725175489
GGGTACGTTATGGCTTGTTCCCAACCCACT,(((.(((........))).)))........,61.1193062093016
GGTCCGTAATGCATTGTTCTGGAACCACTG,((((((.(((.....))).))).)))....,61.11592100949134
GGGGGCGGTATGGGGGTTTTTCCAACCAAT,......(((.(((((....))))))))...,61.11278633151984
GGGTCTTTTATGGACCTTTCCCAACCCATT,((((((.....)))))).............,61.099866703356795
TGTTCCTCTTTCACCCTGGCTGCCCGCCTT,.................(((.....)))..,61.07058473353711
ACACCCAACTTTAGGTCTGTAATGGATTAT,.............(((((.....)))))..,60.92950783917354
GGGCCCGCAATGGACTGTTCCCAACCCCCC,(((...(((......))).)))........,60.78857017403173
GGGGCATTTTTGGCAATTTCTCAACCCATT,(((.....................)))...,60.62258253242201
GGGGCATTAATGGCATGTTGTCAACCAATT,((((((.((......)).))))..))....,60.59756005262817
CCGTCCTCTTTGGCCCTTTCCCAACCTATT,.........((((.......))))......,60.572189810058205
GTCTATAATGGCTTGTTCTCAGCAAACTGT,(((......)))(((((...))))).....,60.52845482370865
GGTTCTGTATTGGACTGTTCTTAAATAACT,(((((......)))))..............,60.34508103506175
GGGGCCGCAATGGAAGGTGCTAAACCAATA,((.(((.........))).)).........,60.227785931264215
GGGTCCGTTATGGCTTGTTCCCAACCTACT,(((..((........))..)))........,60.15674245776072
GGGGCGGAATGGGATGGTCTCAAACCAATG,(((((...........))))).........,60.13475059469585
GGGTAAGTAATGGCTTGGTACGAACCAATT,..............(((((....)))))..,60.131376332745
GGGGCCGGAAAGGGGTGTTTTCCACCCAAC,.(((..((((((.....)))))).)))...,60.059283088740784
GCGCGCCCGGGGCTGTTTTTTTTTCCATCC,((.(.....).)).................,59.95053505943368
GGGGCGGGAAGGGAGGGGGCGCAAACAAAG,...(((.............)))........,59.93994126726094
GGGACTGTAAGGGAGTGGGCGAAACCAACT,.............(((((......)).))),59.795402890328546
GGGGAAGTAATGGCATGTTCGGAACCAATT,(((.(.((....)).).)))..........,59.68359245164689
CCAATATTTCCAAATAGTCTGTAATGGATG,........((((............))))..,59.670258119128746
GGCCGGGGGGGTTGGTTTTGTCTGTCCTCA,((.((((.(((.....))).)))).))...,59.62436570806836
ACAATCAACTTTAGGTCTGTAATGGATTAT,.............(((((.....)))))..,59.407111422600195
GAGGCCGGGGTGTCTTTTTGTTCTACCCTC,......((((((...........)))))).,59.36054453484069
GGGTCAGTATTGGCATTTTCTCAACCCCCT,((((.((............))..))))...,59.31171597324788
GGGGCTTTTATGGCTTGTTCCCAGCCAACT,..........(((((.......)))))...,59.287557859164686
GGGTCTTTTTTGTACTTTCCTCAACCCATT,((((...................))))...,59.25875524650597
GGGTAAGTTATGGCTTGTTCGCAACCCACT,((((((((....)))).......))))...,59.094078268681606
AGGGGTCTTATGGGTTGTTTTCTAACCAAC,............(((((.....)))))...,59.067521596467294
TCTTCTTTTTTGGCTCTTTCTCCACCTCTT,..........(((........)))......,59.0193342669451
GGGTGTGGAATGGGTTGTTTTCAAACAACC,............(((((((....))))))),58.99369626134065
GGGGCCGTAATGGGGTGTTTTCAAACAACT,.(.(((.......))).)............,58.98764769518652
GGGTAAGTAATGGCTTGGTGACAAACAACT,.(.(((((....))))).)...........,58.97371104298155
GGGTCTTTAATGGAATGTTTACAACCACCT,.(((...(((........)))..)))....,58.92325407738963
GGGTCCTTTTTCTCTTTTTCTCAACCTATT,(((........)))................,58.88710313237917
GGGGGCGTAATGGAGTGTTTTCTACCAAAT,(((((((........)))))))........,58.798720279363025
GTTTCCTTTTTGGCCTTTTCTCAACCCATT,....((.....)).................,58.74990478394709
GGGTCTTTTTTGTATCTTTCTCAACCTATT,((((...................))))...,58.74234685695711
GGGGCGGATAAGGTTTGTTCCTAAACAACC,(((((((((...))))))))).........,58.716062622572075
GGGGCCGTACTGGGTTGTTTTCAAACAACC,............(((((((....))))))),58.620402128149955
GGGGCCGTAATTGGGGGTTTTCTACCCACT,....(((....)))((((.....))))...,58.48193387011405
GGGGCCGGTATGGGGTGTTCCCAAACAATT,((((((.......)))...)))........,58.45302076654281
GGGGAAGAAATGGAGCGTGCTAAACCAACT,((...((..(((...))).))...))....,58.42001826980384
GGGGGTCTAATGGGTTTTTTTCCAACAACC,((..((....((((......))))))..)),58.40465744625481
GGGTCCTTTTTCGATTTTTCTCAACCTATT,((((...................))))...,58.339072824101336
GGGTCCTTAATGTATTTTTCTCAACCTACT,((((...................))))...,58.2618308414669
GGGTCCTTATTGTATTTTTCTCAACCTATT,((((...................))))...,58.24464871088271
ACCAATATTTCCACATAGTCTGTAATGGAT,.........((((............)))).,58.2206780519395
GGGGAAGTAATGGATAGTTGTCAAACCATT,........(((((............))))),58.12550811243917
GGGGCTGGAAGGGAGTGTGCGCAACCAAAG,.....(((..(.(......).)..)))...,58.09224337294182
TTTTGCACAATTATGCTCTTTTGACTCCCT,....(((......)))..............,58.0885765215177
GGGTCCTTTTTGTATCTTTCTCAACCTATT,((((...................))))...,58.04369538804208
CGGGTCGGTAAGGGATGGTTCTAAACCAAC,......(((..((((...))))..)))...,57.998117461724505
GGGGCAGAAAGGGAAAGGGCGGAACCAATG,................((......))....,57.79936355456677
GGGCCTGTAGTTGGGATTCCAACAACAATT,.....(((.(((((....))))).)))...,57.78150184759962
GGTTCTTTTTTGTATTTTTCTCAACCTATT,((((..................))))....,57.656475583760596
GGGTCCTTTTTGTCTTTTTCTCAACCTCTT,((((...................))))...,57.517500944559686
CGGGTCGGTAAGGGATGGTTTGAAACCAAC,...............(((((...)))))..,57.41318875249438
GGGGAAGGAAGGGTGTATACTAAACCAACT,...........(((.........)))....,57.35182239470842
GGGGCCGGTATGGGGTTTTTTTAACCAAAT,....((.....))((((.....))))....,57.331322315015264
GGGCGGGGTGTGTGGTTTTTTTTTATCAAC,............((((........))))..,57.17344831638949
GCAACCAACTTTAGGTCTGTCATGGATTCT,((((((.......))).)))..........,57.06363437892718
GGGGGCGTAATGGGATTTTCTTAAACAACT,..((..((..(((((...))))).))..)),56.94631026207813
GGGCGGCCTTGGGTTTTTTGTGATACTCTC,((....))..((((.((....)).))))..,56.75037139331257
ACAACCAACTTTAGGGTTGTAATGGATCAT,((((((........))))))..........,56.67757614824409
GGGTGGGTAATGGAATGTGTTAAACTAACT,((..((.(((((.....)))))..))..)),56.646989431441874
GCATGGGTGCCCAATGACTTTTGGACTATC,(((....)))((((......))))......,56.63966141460147
TTTGCCTATTTCCCCCTTGGTTCCACCCTT,...(((............))).........,56.62190985485103
GGGTCTTTTATGTATCTTTCTCACCCTATT,((((..................))))....,56.54373938558438
GGGTCTTTATTGTATCTTTCCCAACCTATT,(((................)))........,56.515938646990065
GGGTCGTTAAGGGATGGTTCCAAACCAATT,(((.((((....))))..))).........,56.432202432913996
GGCCCCCCACTGGACCGTTCCCAACCCACC,((.((......)).))..............,55.98518896670982
TGGTAGGCGATGTATTGTTCTCACACAACT,((..((((((....))).)))..)).....,55.97909545140881
GGATGAGTACTGGACTGTTCCCAATTCACT,(((..(((.....)))..))).........,55.924057476270626
GGGGCTGTCATGGCATTTTCTCAAACCACT,((((.(((....)))...))))........,55.751468730790634
CTGTCTTTTTTGTATTTTTCTCAACCCCTT,..............................,55.4818005600816
GGCCGGCGAGTGGTGTGTTTTCTACCAACC,..........(((((.......)))))...,55.479499831152495
GGGGAAGTAAGGGAATGGGCGGAACCAATG,...............(((......)))...,55.39270877843112
ACCAACCGGTATTTCGGGTCTGTAATGGAT,.....((((....))))((((.....)))),55.34460948173425
ACAACCAACTTCAGGTCTGTAATGGATTAT,((((((.......))).)))..........,55.27061926134599
CGTCTGCGATGGAGTTACTTTTAACCCAGG,.........(((.((((....)))))))..,55.21437614665597
GTTTCCGTATTGGATTTTTCTCCACCTATT,..........((((......))))......,55.13946978267167
GGGGGCTGCTGGGCAGTGTTGTAAACCCCC,(((((((((...)))).........))))),55.103353420895395
GCATCTGTAATAAATCGTACACAACGAACT,..............((((.....))))...,54.923588126395245
TATTCCTATTGGTCCCTTTACTCGCGTCTT,....((....))..................,54.82190985485103
GGATCGGTATGGTTGTGTACACGAAGAACT,...((((((((....))))).)))......,54.40704594840145
CCAACCAACTTTAGGTCTGTAATGGATTAT,((((((.......)))......))).....,54.32460190754506
CGGGGGGGGGGGGTGGGTTTTTTTCTCACC,...........((((((.......)))))),54.05311942848343
CCCAACCGGTATTTCGGGTCTGTAATGGAT,.....((((....))))((((.....)))),54.00009770522278
GGGGGGGGGAGGGACTGGTGTTTTTCCCCC,....(((((((((((....))))))))))),53.78335375517027
ACCCACCGGTATTTCGGGTCTGTAATGGAT,.....((((....))))((((.....)))),53.35422088508619
ACAACCAGCTTTAGGTCTGTAATGGATTAT,((((((.......))).)))..........,52.487744681706545
GTTTCTTTTTTGGATTTTTCTCTACCTATT,..........((((......))))......,52.419769466222874
GGGGCCATAAAGGGAGGTTGTCAACTAACA,..((((.........))))...........,52.05165411693641
TAGTCAATATACAAGAACTTTCGTTATGAC,..((((....((..........))..)))),52.03498677792795
GGGCGGGTACTGGGTTTTTTTCTACAAACC,............(((((........))))),51.897346350279875
ACAACCGACTTTAGGTCTGTAATGGATGAT,((((((.......))).)))..........,51.152226204235134
AGTTACTTATTGCTCTGTTCTTAACCCACT,..............................,50.993436819700456
TAGAAGGTGGATCTTTAAGGCGGAACCACT,.....(((((.(((.......))).))))),50.78582123758594
TAGAAGGTGGATCTTTAAGGCGGAGCCACT,.....(((((.(((.......))).))))),50.747624140565314
GGGGGAGGTTTGGAGCTTTGTTCACGCACC,(((.((((((...)))))).))).......,50.39037854165219
GGGGAAGAAAGGGATAGGGGTGAACGAACT,..................(((......))),50.28839147149118
CGGTCCTTTTTGTATCTTTCTCCACCCATT,..............................,49.72917962776983
GGGGGGGTGATGAGTGTTTTTTTTACCCCC,..((((((((.(((....))).)))))))),48.266033302562086
GGGCGGGGGGTGGGGGGTTGGTATGCTACC,........(((((.(........).))))),46.481704944353126
GGGGGGGGGGGGGAGTGTTTTGTAACACCC,...........((.(((((....))))))),46.37604483504525
GGGGGGGGTTGGTTGTTTTGCTATACTCCA,...((((..((((......))))..)))).,45.95861741447731
AGGGGGGGGTTGGGGGTAATTTGGACCCTA,.....((((((.(((....))).)))))).,45.48846816074597
GGGGGGGGTCTGTGGTGTTGTGTGACCACC,...........(((((........))))).,43.54804764295419
GCCAATCGATTAGTCGAGTCTGTAATGGAC,.....((((....))))((((.....)))),43.49703415581849
GGGGGGGGGTTGTGAATTTTCCTAACCACC,((..(((((.........)))))..))...,43.11985824281045
ACCAACTGGTATTCCGTGTCTGTAATGGTT,(((....)))...((((.......))))..,43.10360078430232
GGCGCGGGGGGGGGGGGTTGTTTTTTTAAC,(((.(.........).)))...........,41.803580727809866
GCATGGGTGCCCAATTACCTTTGGACTATC,.((.(((((......))))).)).......,41.60077195777018
GGGGGGGGTTTGGGTATGTGTTTACCTCAT,...........(((((......)))))...,40.07951293686537
GGGGGGGGGGTGGGGGTGTGGTTTGACGAA,.........((.(((......))).))...,39.11393489203911
CGGGGGGGGGTGGGTTGTTTTTTTGAAACC,((((((((.(.....).)))))))).....,38.63179854131791
GCCGTCTCATACGCAGCCGTCATCTTACTA,(((((.....)))..)).............,37.56190985485103
ACAACCAACTTTAGGGCTGTAATGGATGAT,(((.((........)).)))..........,37.48973320311531
ACCAACCGGTATTTCGAGTCTGTAATGGAT,.((((((((....))).))......)))..,37.461198768624826
GCCGGCGCGTACTCAGACTTCATCTTACTC,((....))......................,35.36190985485103
ACAACCCACTTTAGGTCTGTAATGGATTAT,(((..((......))..)))..........,35.13423208329448
ACCAACCGGTATTTCGGGTCTGTAGTGGAT,.....((((....))))((((.....)))),34.85061646179392
ACAACCAACTTTAGGTCTGTAATGGCTTAT,...........((((((......)))))).,33.99655711129
GCATGGTTTCCCTATTACTTTTGGACTATC,..(((((...((..........))))))).,33.60037570031576
ACATGGGTGCCCGCGTATTCACGGACTATT,.(.(((((((....))))))).).......,33.56905271199389
CCCACCAACTTTAGGTCTGTAATGGATTAT,.(((.(((((...))).))...))).....,31.598145857090675
ACAACCTACTTTAGGTCTGTAATGGATCAT,((((((((...))))).)))..........,30.00847620423513
ACAACCAATTTTAGGTCTGTAACGGACCAT,.............((((((...))))))..,26.863823348692016
ACAATCTCAACCGAGAGTCTGTAATGTATG,(((..(((......)))..)))........,24.59256774958787
ACCAACACGTTTTACTGGTCTGTAATGGAT,.(((.......((((......)))))))..,24.586372901191424
AACAATCTCACCCGAGAGTCTGTAATGTAT,.(((..(((......)))..))).......,22.60428387500781
ACCAATATTTCCAAATAGTCTGTAATGGAT,.........((((............)))).,22.166375148960125
ACCAATATTCCCAAATAGTCTGTAATGGAT,.(((.(((.............))).)))..,22.001155375567716
ACAACCAATTTCAGGGTGGTAAAGGATGAT,((.(((........))).))..........,19.544415453955178
CCCACCCACTTTAGGTCTGTACTGGATTAT,.........(((((.......)))))....,19.06270352786335
CCAACCATCATTAGGTCTGTACTGGCTTCT,............(((((......)))))..,19.005529675679696
GGGGGGGGAAGGGAGGGGGAGAAAAAAAAA,..............................,17.94697029646242
GGGGAGGGAAGGGAGGGGGGGAAAAAAAGG,..............................,17.02667856877988
GGGGGGGGAAGGGAGGGGGAGAAAAAAAGG,..............................,16.641187843621147
GGGGAGGGAAGGGAGGGGGAGAAAAAAAAG,..............................,16.54697932724018
GGGGAGGGAAGGGAGGGGGGGGAAAGAAAG,..............................,16.280303629795757
GGGGAGGGAAGGGAGGGGGAGGAAAAAAAG,..............................,15.955325882645559
GGGGAGGGAAGGGAGGGGGAGAAAAAAAGG,..............................,15.803389583650436
AGGGGAGGGAAGGGAGGGGGAGAAAAAAAG,..............................,15.750197677517352
GGGGGGGGGGGGGGGAAGGGTGTAAGAAAA,..............................,15.546878413727764
GGGGAGGGAAGGGAAGGGGAGGAAAAAAAG,..............................,15.493787421107097
GGGGAGGGAAGGGAGGGGGAGGAAAAAAGG,..............................,15.213645993906846
CAACCAACTTCAGGCCTCTAAGGGAATATG,..............(((....)))......,15.203961926519565
GGGGAGGGAAGGGAGAGGGAGAAAAAAAAG,..............................,14.698915626235301
ATCTCCGTAATTTTCTTTTTTTCACAAACT,..............................,14.517548152723371
GGGGGGGGGGGGGGGGGATTTTTTTAAAAC,..............................,14.10903860081884
GGGGAGGGAAGGGAGAGGGAGAAAAAAAGG,..............................,13.955325882645559
GGGGAGGGAAGGGAGGGGGAGAAAAGAAGG,..............................,13.929684857004533
CGCTCCTTTTTCTCTCTTTCTCAACCTATT,..............................,13.78383594667634
GGGGAGGGAAGGGAAGGAGCGAAAAAAAAA,..............................,13.750197677517352
TTCTGCCCCCTCCCCCTTCTCTCGCTGCCT,..............................,13.506909854851031
GGGGAGGGAAGGGAAGGGGAGAAAAGAAGG,..............................,13.468146395466071
GCCGTCTCGTACTCAGCCGTCATCTTACTA,..............................,13.263819709702062
GGGGGAGGAAGGGAAAGGGAGGAAAAAAGG,..............................,13.05387011556829
TCCTCCTCTTTTTCCCTTTTTTCTCCCCTT,..............................,12.976109182958535
GGGGAAGGAAGGGAGAGGGAGAAAAAAAAG,..............................,12.750197677517352
TTCACCTCTTTCCCATATCTATCGCTCCAT,..............................,12.665924412521804
GGTATTTCTTTCCCCCTTTTCTCCCCCCTT,..............................,12.119334266945097
GGGGGAGGAAGGGAAAGGGAGGAAAGAAGG,..............................,11.976947038645212
GGGGAAGAAAGGGAAAGGGGGGAAAAAAAG,..............................,11.798694533405026
GGGGGGGGGGGGTGGGAGGTGGGGGAGAAA,..............................,11.734721179398079
GGGGGGGAAGGGAGAGGGGAAAAGAAAAGG,..............................,11.565140107241417
GGGGAGGGAAGGGAGGGGGCGCAAAAAACG,..............................,11.493787421107097
CTATACTCTTTCACCCTTTTTTCCCCCCTT,..............................,11.433630646191084
GGGGAAGGAAGGGAAAGGGAGAAAAGAAGG,..............................,11.28463934633752
GGGGGAGGAAGGGAAAGGGGGAAAAGAAAG,..............................,11.160454087773763
TATCCCTCTTGTTACATTTCCTCTGTTGTT,..............................,11.08529731285775
TCTTTCTCTTTTTCCCTTCTCTTCCTGTTT,..............................,10.397721724951815
AGGGGGGGGAGGGGGGTGAGGTTAGAAAAA,..............................,10.05076907327352
AATTCCTCTATTACCTTTTACCATATTCTT,..............................,10.006909854851031
GGGGAAGAAAGGGAAAGGGAGGAAAGAAGG,..............................,9.925664987363161
GGGGAAGGAAGGGAGAGGGGAAAAAGAAGG,..............................,9.87840280572248
TTTTCTTTTTTGTCTTTATCTCAACCTATT,..............................,9.622693729431099
TTCTCCCCCTTCCTCTTTTTCCACCCTCTG,..............................,9.60029731285775
GGGGGGGGAAAGGAGGGAAAGAAACAAAGG,..............................,9.56637478148841
TTTTACTCTTTCCTCCTTGTTTACTCCCTC,..............................,9.433630646191084
TCTCATTCTTTTTCCACCTCTTCTATCGTT,..............................,9.418630646191083
TATTTCTCTTTTTCCCTCTGCTCTCCCCCT,..............................,9.397721724951815
TTTCTCTCTTTTTTCCTTTTGATGCTCCTC,..............................,8.864388391618482
TTTACCCCTTTCTCCCTTCTCTATCTCCTT,..............................,8.786000933611763
TTCTCCTCACTCCTCCTCTCTTCTGCCCCT,..............................,8.355243188184366
TTGTCCTCTTTCCCACTTTTCTGACCCCTG,..............................,7.76939025798653
GTTTAATAGTTCCCCCTTCTGAAAACCCTT,..............................,7.496340612596459
TTTTCCTCTTTCCCACTTCTCTGAACCCTT,..............................,7.26939025798653
TTTTACTATTTGACCTTTTTATCACTCCTT,..............................,6.688576521517699
GGGCGGGGAAAGGAGGGAGAGAAAGAAAAA,..............................,6.677294470235647
CCTCCCTTCGCCCTCTCCTTTGCCGTGTCT,..............................,6.521909854851032
GCCGTCGGTCAGAGTTGTTTTTTTTTAAAC,..............................,6.1115739086024305
TTTTGCCCATTACTTCTTGAGTCTCCCCTT,..............................,5.855243188184365
CTAACCTCATTCTGCCTCTTCTCCCCTCTT,..............................,5.8219098548510315
GGGGCAGAAAGGGAAAGGGACGAAACAAGG,..............................,5.718641700832598
TCTTAATCTTTGTCCCTTGCCTGAAGTCTT,..............................,4.521909854851032
GGGGAAGTAAGGGCATGGTACGAACGAATG,..............................,1.9080637010048775
TTTCTACGATTCCTCTTCCCTCGGGTATCC,.......(((.(((........))).))).,0.0
CCAGCACTCTTACTCATAGTTAAAGTACTC,..((.(((...(((...)))...))).)).,0.0
TTGAGGAGAGGGGACATCAGGGGAGAAGGA,..............................,0.0
CTCGGAGGGTTCGTCTCAGGACACCGGACA,.((((...((((......)))).))))...,0.0
GGTACCGCTGTAGCCGTTGGGGATAGGCTA,......(((....((....))....)))..,0.0
GTCAATCTACTGCCCAGTCGTGGGGAGTTC,........(((.((((....)))).)))..,0.0
GTCTGCCGACTTATCTGCCTCTTGCAGTCC,(((....)))....((((.....))))...,0.0
TTTAGACCTTTCCTATTCTCATAGAGCGGT,.....(((.(((.(((....)))))).))),0.0
GTTTCCGCATTTGCTCTTTTTATCTGGTCT,......((....))................,0.0
TCTTGCTGTTTGCGGCTTTTGTGTGTCGAT,............((((........))))..,0.0
AGTAACTACATCGCAGATGGAAACCGAAAG,........((((...))))...........,0.0
AACGCGACTGTAATGTACCTTTCGTACGGG,.......(((((.((.......))))))).,0.0
ACGCGGCAGGTATCCATACGTCTCGACGTG,((((((.(.(((....))).).))).))).,0.0
TACAGGCGGAGTTATCCACAGTCATTCGCC,....((((((..............)))))),0.0
GTGGAATCTTTCACAATGCGCGAAAGCCTG,(((((....))))).....((....))...,0.0
CAGAAATTTTTCCGTTTTAAAATTCCAATT,..(.((((((........)))))).)....,0.0
TAGCACCCTATGTTCCTCCCCGATAATGCC,..(((...(((...........))).))).,0.0
CCTTGCGAGTTGTAGCAACCAGTTTGAGTG,..((((........))))............,0.0
GCAATTACGAATCTGAATTCGAAAACCGTA,.......(((((....))))).........,0.0
ACGGAATAGATTACGAATGCCGATTGCGTC,................((((.....)))).,0.0
GTTTCTCGTTTGCGATTTCTTTTGTCCTCT,...........((((......)))).....,0.0
CTTTACTCGATCTTCTAGTTGGAGGCGTTG,.......((.(((((.....)))))))...,0.0
TATACGGTGACGCAGTACCGGTACCGTAGT,..((((((..((......))..))))))..,0.0
CATCTATCAGTCGGTTCCGTGACACAAGAT,.((((....((((......))))...)))),0.0
GGAGGGCTAGGCGGCCGCTCGAGTTCATTT,.(((((((....)))).)))..........,0.0
GCCAGCCGAGTTCTCCAATCATTTTTGGCT,...(((((((.............))))))),0.0
TGACTCTAGGCGGTCCAAAGTGGCTAGGAT,....(((((.((........)).)))))..,0.0
GGGTATACCGTACCGTCAAACGCATATCAA,.(((((...)))))................,0.0
GTGCAACCTCGCACCATTTGGGGAACCCTC,((((......)))).....(((...)))..,0.0
ATATCGGCACCAGAATCTTCGTGTCGTTCC,....((((((..........))))))....,0.0
CGCCACACAATACCTCAATGCAAGGTGGAT,..((((..................))))..,0.0
TAAATGCACAGGTGCGAAGCTCGCTGTTAG,.......(((((.((...)).).))))...,0.0
ATACTCAGAGTTGTCCTTCTATTCCAGGAT,............(((((........))))),0.0
CACCAAAAAGATAAATATTCTTGCTGTGCT,(((....((((.......))))...)))..,0.0
CGAAGTTATCTCGTATGCACAGGTTACTTA,..((((.((((.((....)))))).)))).,0.0
CAACTAGATTCGCTCTAACGAATTATTGTA,......((((((......))))))......,0.0
GCGAGGCGCGTTTATCTTTAGTCCATGCAT,(((.((.((...........)))).)))..,0.0
GGGGATAAGTGGCTTTATAAAGCTAGGTTC,..((((...((((((....)))))).)))),0.0
GGGGCACAGAAGTTGTTAAGTGTACCCTGA,(((((((..((....))..)))).)))...,0.0
CAAAAGGTGTAGATAAATATATCACACTAG,.....(((((.((((....)))))))))..,0.0
TTTCGACATTTTTTCTTTCATTCAGCTCGC,..............................,0.0
AGGGGTCTAGGTCTCGTGCCAAATGTCCTG,((((.....(((.....))).....)))).,0.0
CTATCCTCATTCACCATCGCGTAGCCCCTT,..............................,0.0
GGGCATGAACATGTCCATCTTGGTAGTCCT,((((((....)))))).....((....)).,0.0
CATGATGCATACACACCTGGATAAAACCAT,.................(((......))).,0.0
GAAGCTAAAGATGAATCGCCCCCTCCTGAT,..............................,0.0
TAGGTTGACAAAGGGAAAGTGTGGCTACTG,..((((.(((.........)))))))....,0.0
TAAATCGCTACCCGCTGGCTAGGGAATCTC,....((.(((((....)).))).)).....,0.0
TGATTAATGTCTATGTTAACATACCTTATA,......((((........))))........,0.0
TGATCCACCAACATTCACACTATGAACCGC,..............................,0.0
TGCAGTCGGGTTGGGTCTATAAGAGAGAAC,.........(((...(((...)))...))),0.0
TTCCTCCCTCTCCCCTTTCTTAGGACCTCT,.............(((.....)))......,0.0
ATACAGGGGCTGAAGCGCGTGAAGGAGGCG,...((.(.((....)).).)).........,0.0
GACATCAACCCATTCTTATTTTCGGCTACC,..............................,0.0
ACTCGCTCTTTGTCCATCTACTTCAGCCTC,....(((....((......))...)))...,0.0
CTAGGTAGTCAGTATTCTGCTGGGCTCCCT,..(((.((((((((...)))).)))).))),0.0
GATAGGATTCCACGAGGGTGTGGGCCAAAG,....((..(((((......)))))))....,0.0
GGGCCGTCATCGGCTTTTTACCAAAGACTG,.(((((....)))))...............,0.0
GGCAGCGAACTGTTCAAATCCGTTGTCACT,(((((((.............)))))))...,0.0
GGGGCTTTTATGGCTAATAAGACCCCGTTA,((((.((((((.....))))))))))....,0.0
TTATGTGGTATCGCCCTCACGCTACTCCTC,....(((((...........))))).....,0.0
GTCTGCTATTTCACAATGTGCCCCCCCTTT,..............................,0.0
TGGCTGGGAAACTGTCGTTCCTACAGGGTT,....((((((.......)))))).......,0.0
ACAGCCCCTTCGTCAAATGTAGGGTGTAGA,...((((((.(((...))).)))).))...,0.0
GGTTGCGCCAGATAATGAAGTGTAGCCTCT,((((((((((.....))..))))))))...,0.0
TGTTGATCTTGCGCAATTGGGTGAACCCTT,.(((.((((.........)))).)))....,0.0
CGTTTCTAGGTTCGCAGTGTCCGTAGGCGT,(((((...((..........))..))))).,0.0
TTGTCGAGTTGGCCCCTACGGACGACGCTG,.....(.((((.((.....)).)))).)..,0.0
GCTAGCCCTATGTCGCTGCCGACGGGACTT,...(((((...((((....))))))).)).,0.0
CTTCACAAATTCCCCCTCTTGAACACCCGT,..............................,0.0
GGGAAAGAAAAAAAAAAAACAAAAAAAACA,..............................,0.0
TTTCCCACAATACACCTTCTATCCCACACT,..............................,0.0
ATGGTGTGACGCCGCACATACTTTAACGAT,...(((((....))))).............,0.0
TACTAGGGGGTCCTAATCCACCAGTGTATC,((((.((((((....)))).))))))....,0.0
CTACCGCGCGTACTTAGCTCTCGAGGGGCT,...............((((((...)))))),0.0
TGGTGGAGATTATTCCTAAGCTTTATCGAC,((((((((.(((....))).))))))))..,0.0
GGGGGCTGTAAGGCAAGTGTGCAACCCAAC,..(((.((((.........)))).)))...,0.0
TTGTAATCTGGCCCCCTGGGCGCGCGCCTG,..........((((...)))).........,0.0
GGCTAACATTTTATATTTTTCTACAGCCTA,((((....................))))..,0.0
GGCCGGCATCTGATTTTTTTTCCACCCCCC,..............................,0.0
TGAGAAGTTTGATACATGTTTGACCACTTA,((((..(((.(((....))).)))..)))),0.0
GAACCTTAACTTTGTTTAAGTGGTTTTATT,(((((...((((.....)))))))))....,0.0
TGTTGAACTCTGACCATTTTGGATCTCCTC,...........(((((...))).)).....,0.0
AATAGCGCACTTAGCGTTACTTAAGTGACA,..((((((.....))))))...........,0.0
TCTAACTATTGTTCCCTTGGCTAGATGCTT,((((.(((.........))).)))).....,0.0
CATAACCCTGTTTGTCAATAGAGGGCGGTG,(((..((((.(........).))))..))),0.0
TAGAAATTGGGAGGCTTTGCAAACCTATCG,.......((((..((...))...))))...,0.0
GGGGCAGATAGGGAAAGTGGCGAACCAATG,((..(................)..))....,0.0
GGACTAATAACATATCATGGGTAAAGTAGT,..............................,0.0
AGGAAGTATTGGTGCATTAAAACCCGCGTG,.....((...(((........))).))...,0.0
CTCGCCTCCTTCACAATGGGCGAACCTCTT,.((((((..........)))))).......,0.0
AAGCAGGGTCCAATCAAGGACAAAACGGTG,.......((((......)))).........,0.0
GGGGGGTGTTTCACGTTGTGTGAGACCCTC,..((((.(((((((.....))))))))))),0.0
TGAAGCGGGGGTCAGGGCTGGAGGGATGGG,...(((..........)))...........,0.0
TCCCACTCCTTTCCCCTCTCCCCCGTCCCC,..............................,0.0
TTGTTCCCTCTTCCCCTGTCGCCAACTCCC,..............................,0.0
CGATACCCTGTGGCCTTTATTAACACCCGA,.........(((...........)))....,0.0
GCGTTGCCACAAGGATAAGGTCGGCCTGCT,(((..(((((.........)).))).))).,0.0
GTAACAATGTGTGGTTATGGATCGTAACCA,...........((((((((...)))))))),0.0
CTAGTGTCCGATAACAAGGTACCGTACCGA,...(((.((........)))))........,0.0
TTGGACTCTTTCTCCCTTCTCGCGAGTCTT,..((((((...............)))))).,0.0
TTTCTCCGTATTTACCCCTACCGGCGTGCT,.......((((...((......)).)))).,0.0
GTAGCCTCATTCCCCCTATTTTAACTCATT,..............................,0.0
TGGTGCCTAATGGCACTCTCCCCCAGAAGT,.((((((....)))))).............,0.0
AGCAGACGCTCAATGTAACGAACGTATGTC,.(((.(((.((........)).))).))).,0.0
GAGGAATATTGGTCAATGGCCGCAGGGCTG,.................((((....)))).,0.0
CTTTGATATCCATGGTCCCCAGATAGCACA,...((.((((..(((...))))))).))..,0.0
AGAGCACAGTCAGACATGATTGCCGCTGAT,..(((.((((((....))))))..)))...,0.0
GATATAGCGCGTTCTCCCGTGCCTACTACT,......(((((......)))))........,0.0
TGGGACTAATGTACACTTTTAGTATCCCTT,.((((((((.........))))..))))..,0.0
TCATGCACTTTTCCGCTATGCTTAGTCCTA,..............((((....))))....,0.0
TTCAGCATAATGCAATATCTAATGTTGACA,.(((((((.............)))))))..,0.0
GGCTACAGGTGACGCGTTGACATGGATATG,..............................,0.0
GGAGGGCCCCGTTGCTAAGATGGGTGAGGT,.......((((((.....))))))......,0.0
TCCACGATCCATGCCGAACAGGTGAGATCG,....(((((..((((.....)))).))))),0.0
GGAGAGACTCTGGTTGGCAGATATTGTCGA,.((.((..((((.....))))..)).))..,0.0
ACAAGTCCAGTTAGCTTCAGGGCTTTGAAT,..((((((...........)))))).....,0.0
CGATAGCGTGCCCGAAGATAGGTGTGAAAG,......((((((........))))))....,0.0
TTATGACCTGTCCCATTCCTGGCGGCTCTG,....((.(((((........))))).))..,0.0
ATACTGCGTGTAATATTACTATTACATGGT,......(((((((((....)))))))))..,0.0
ATAATCACACAGAACTATCTTTGGGCTTAC,.......((.(((....))).)).......,0.0
TCTAGCGTAATGTGCGGTCCCTCTGTAGGT,.........((.(((((.....))))).)),0.0
CGCATATCTTCGTTTTACGAGGTATCCGAA,((.((((((.(((...))))))))).))..,0.0
GAGGGGGGGTGGTGAGTGGGCGCAGGCAAA,........(((.(.....).))).......,0.0
CAGAAGACTTCATGAAAAGGTTCTTTTGGG,((((((((((.......))).)))))))..,0.0
CCTACTACTCGGGTTTACCAGCGGAGTCGG,....(.((((.(.........).)))).).,0.0
TGCACGGTTAATAGTAACCATAACCAACCC,.....(((((....)))))...........,0.0
TTGTAGTGGGCGTCCAAAATGGCTAACTTC,....(((.(((..........))).)))..,0.0
CTTGCTACTGACTGCTACCCGACTCGTCCC,...((........))...............,0.0
GTACGGATACTACCACAAAACACCAGTATA,((((((................)).)))).,0.0
TCTTGGTTCCGGCTCCGTCTCCTCTAATTA,....((...((....))...))........,0.0
AGGCGATGCTTGGGTCTGCGTTGGTCCCTT,(((((((((........))))))...))).,0.0
GTCGCCGAATGCTTGTCTACGGTGGCTATA,(((((((............)))))))....,0.0
GGGGAAACTTCCTGAACGCACCAAAGCCTG,.((((....))))....((......))...,0.0
CTCAGTTATGCGGCATCAGCTAAATTTGTC,...........(((....))).........,0.0
GATTGCTCGGTTTACCTTTACATTATCCCT,........((....))..............,0.0
TGCAATTGAGTTTGTCTAGACCCTGGGGCG,.............((((........)))).,0.0
