Sequences,Secondary structure,Scores
GGGTCTGTAATGGATTGTTCTCAACCAACT,..........(((.(((....))))))...,178.79021823242195
GGTCTGTAATGGATTGTTCTCAACCAACTG,.........(((.(((....))))))....,128.10497540388002
TGGTCTGTAATGGATTGTTCTCAACCAACT,..........(((.(((....))))))...,127.68611132086079
AGGTCTGTAATGGATTGTTCTCAACCAACT,..........(((.(((....))))))...,127.64371102658379
GGGTCTGTAATGGATTGTTCTCAACCAACC,..........(((.(((....))))))...,127.62057994790442
CGGTCTGTAATGGATTGTTCTCAACCAACT,..........(((.(((....))))))...,127.60540587963322
CGGGTCTGTAATGGATTGTTCTCAACCAAC,...........(((.(((....))))))..,127.1979841583466
GGGTCTGTAATGGATTGTTCTCAACCAACG,..........(((.(((....))))))...,127.13452846735947
GGGTCTGTAATGGATTGTTCTCAACCAACA,..........(((.(((....))))))...,127.11610820476537
GTCTGTAATGGATTGTTCTCAACCAACTGT,........(((.(((....)))))).....,126.57994043168085
GAGTCTGTAATGGATTGTTCTCAACCAACT,..........(((.(((....))))))...,126.39062497151855
GTGTCTGTAATGGATTGTTCTCAACCAACT,..........(((.(((....))))))...,126.3765893571076
GGGTCTGTAATGGATTGTTCTCAACCAATT,..........(((.(((....))))))...,125.83792753512097
GGGTCTGTAATGGATTGTTCTCAACCAATG,..........(((.(((....))))))...,125.55330547205274
TCTGTAATGGATTGTTCTCAACCAACTGTC,.......(((.(((....))))))......,125.31788351218475
GGGTCTGTAATGGATTGTTCTCAACCAAAT,..........(((.(((....))))))...,125.29441690492195
GGGTCTGTAATGGATTGTTCTCAACCAAGT,..........(((.(((....))))))...,125.28710696340148
GAGTCTGTAATGGATTGTTCTCAACCAACC,..........(((.(((....))))))...,125.16776688923623
GGATCTGTAATGGATTGTTCTCAACCAACT,..........(((.(((....))))))...,125.1431892517925
GGCTCTGTAATGGATTGTTCTCAACCAACT,..........(((.(((....))))))...,125.13617144458703
GGGCTGTAATGGATTGTTCTCAACCAACTG,.........(((.(((....))))))....,124.60963525800318
GGGGCTGTAATGGATTGTTCTCAACCAACT,..........(((.(((....))))))...,124.58728518246824
GGGACTGTAATGGATTGTTCTCAACCAACT,..........(((.(((....))))))...,124.30724538546033
AGGACTGTAATGGATTGTTCTCAACCAACT,..........(((.(((....))))))...,124.2847299755398
GGCCTGTAATGGATTGTTCTCAACCAACTG,.........(((.(((....))))))....,124.24267820466373
GGGCCTGTAATGGATTGTTCTCAACCAACT,..........(((.(((....))))))...,124.21389788237613
CTGTAATGGATTGTTCTCAACCAACTGTCG,......(((.(((....)))))).......,124.1950175176232
GGGTATGTAATGGATTGTTCTCAACCAACT,..........(((.(((....))))))...,123.50788324932958
GGGTCAGTAATGGATTGTTCTCAACCAACT,..........(((.(((....))))))...,123.3753939564821
GGGTCTGTAATGGATTGTTCTCAACCAGCT,..........(((.(((....))))))...,123.37336822353042
GGGTTTGTAATGGATTGTTCTCAACCAACT,..........(((.(((....))))))...,123.35439300002633
AGGTTTGTAATGGATTGTTCTCAACCAACT,..........(((.(((....))))))...,123.33187759010579
GGGTCTGTAATGGATTGTTCTCAACCACCT,..........(((.(((....))))))...,123.12716557460655
TGTAATGGATTGTTCTCAACCAACTGTCGT,.....(((.(((....))))))........,123.03937883883575
GGGCCTGTAATGGATTGTTCTCAACCAACC,..........(((.(((....))))))...,122.88869403516158
GGGTGTGTAATGGATTGTTCTCAACCAACT,..........(((.(((....))))))...,122.85240374501622
GGGGCCGTAATGGATTGTTCTCAACCAACT,..........(((.(((....))))))...,122.64577685234886
GGGTAAGTAATGGATTGTTCTCAACCAACT,..........(((.(((....))))))...,122.13329654326586
GGGTCTGTAATGGTTTGTTCTCAACCAACT,..........(((((.(....))))))...,121.96771820896797
GGGTCTTTAATGGATTGTTCTCAACCAACT,..........(((.(((....))))))...,121.62421840221003
GGCCCCGTAATGGATTGTTCTCAACCAACC,..........(((.(((....))))))...,121.22057945710709
GGGTCTCTAATGGATTGTTCTCAACCAACT,..........(((.(((....))))))...,120.97934535396753
GGGTCTATAATGGATTGTTCTCAACCAACT,..........(((.(((....))))))...,120.96297200667208
GGGTCTGTACTGGATTGTTCTCAACCAACT,..........(((.(((....))))))...,120.9293312796857
GGGTCTGCAATGGATTGTTCTCAACCAACT,..........(((.(((....))))))...,120.47335389044719
GGGTCTGAAATGGATTGTTCTCAACCAACT,..........(((.(((....))))))...,120.3604860232587
GGGTCTGTCATGGATTGTTCTCAACCAACT,..........(((.(((....))))))...,120.31854368620739
GGGTCTGTTATGGATTGTTCTCAACCAACT,..........(((.(((....))))))...,120.29833454425159
GGCTCTCTAATGGATTGTTCTCAACCAACT,..........(((.(((....))))))...,119.80944501853473
GGGTCTGTAGTGGATTGTTCTCAACCAACT,..........(((.(((....))))))...,119.66780112155942
GGGGCCGTAATGGATTGTTCTCAACCAATT,..........(((.(((....))))))...,119.63821944198445
GGTCTGTACTGGATTGTTCTCAACCAACTG,.........(((.(((....))))))....,119.45602606116546
GGGTCTGTCTGGATTGTTCTCAACCAACTG,.........(((.(((....))))))....,118.90178878487399
GGGTCTGTCATGGATTGTTCTCAACCAACC,..........(((.(((....))))))...,118.78250756323241
GGGTCTGTAATGGATTGTTGTCAACCAACT,..........(((.(((....))))))...,117.97238486029163
GGGTCCGTAATGGCTTGTTCTCAACCAACT,..........(((.(((....))))))...,117.58681255475263
GGGTCTGCACTGGATTGTTCTCAACCAACT,..........(((.(((....))))))...,117.51445438973897
GGGTATGTAATGGCTTGTTCTCAACCAACT,..........(((.(((....))))))...,117.27849738255867
GGGTTTGTAATGGCTTGTTCTCAACCAACT,..........(((.(((....))))))...,117.1393355403459
GGGGCTGTTATGGATTGTTCTCAACCAACT,..........(((.(((....))))))...,116.89059642984613
GGGTATGTCATGGATTGTTCTCAACCAACT,..........(((.(((....))))))...,116.76063632784881
GGGCCTGTTATGGATTGTTCTCAACCAACT,..........(((.(((....))))))...,116.64984094185978
GGGTCAGTACTGGATTGTTCTCAACCAACT,..........(((.(((....))))))...,116.27484114295856
GGGCCTGTACTGGATTGTTCTCAACCAACT,..........(((.(((....))))))...,115.7798746460193
GGGTCTTTTATGGATTGTTCTCAACCAATT,..........(((.(((....))))))...,114.77404559609049
TGGTCTGTAATGGTTTGTTCTCAACCCACT,..........(((.(((....))).)))..,114.13533085876574
GGGTCAGTAATGGATTGTTCTCAAACCACT,..........(((.(((....))).)))..,113.10557198724521
GGGTCCGCAATGGCTTGTTCTCAACCAACT,..........(((.(((....))))))...,112.49514568698714
GGGTCCGTCATGGTTTGTTCTCAACCAACT,..........(((((.(....))))))...,112.04390410297209
GGGTCTGTAATGGATTGTTCTTAACCAACT,..........(((.(((....))))))...,106.370256954892
GGGTCCGTAATGGATTGTTCTCAACCAACT,.(((((.....)))))..............,106.34808971800526
GGGTCCGTAATGGATTGTTCTCAACCAACC,.(((((.....)))))..............,104.58075216628339
CGGGTCCGTAATGGATTGTTCTCAACCAAC,..(((((.....))))).............,104.10698349425945
GGGTCTGTAATGGATTGTTTTCAACCAACT,..........(((.(((....))))))...,103.4284392426386
GGGTCTGTAATGGACTGTTCTCAACCAACT,.(((((.....)))))..............,103.00447807980947
GGGTCCGTAATGGATTGTTCTCAACCAATT,.(((((.....)))))..............,102.80628741469451
GGGTCCGTAATGGACTGTTCTCAACCAACT,.(((((.....)))))..............,102.44848735769496
GGTCTGTAATGGACTGTTCTCAACCAACTG,(((((.....)))))...............,101.7300224948914
GGGCCTGTAATGGATTGTTCTTAACCAACT,..........(((.(((....))))))...,101.65269944923966
GGGTATGTAATGGATTGTTCTCAGCCAACT,..........(((.(((....))))))...,101.27169886203117
GGGTCTGTAATGGATTGTCCTCAACCAACT,..........(((.(((....))))))...,101.17484754172025
CGGGTCTGTAATGGACTGTTCTCAACCAAC,..(((((.....))))).............,101.17070800049402
GGGTCTGTAATGGACTGTTCTCAACCAACA,.(((((.....)))))..............,101.16047408236537
GGGTCTGTAATGGACCGTTCTCAACCAACT,.(((((.....)))))..............,101.07548715801852
GGGTCTGTAATGGGTTGTTCTCAACCAACT,............(((((....)))))....,101.05341934712663
GGGTCCGTAATGGACTGTTCTCAACCAACG,.(((((.....)))))..............,100.743671625465
GGGTCCGTAATGGACCGTTCTCAACCAACT,.(((((.....)))))..............,100.62388911613489
GGGTCCGTAATGGATTTTTCTCAACCAACT,.(((((.....)))))..............,100.41394486212694
GAGTCCGTAATGGATTGTTCTCAACCAACT,.(((((.....)))))..............,100.29079227370622
GGGTCCGTAATGGATTGTTCGCAACCAACT,.(((((.....)))))..............,100.06938443874081
GGGTCCGTAATGGATTGCTCTCAACCAACT,.(((((.....)))))..............,99.99808257631798
GGGTCCGTAATGGATTGTACTCAACCAACT,.(((((.....)))))..............,99.91283064308061
GGGTCCGTAATGGATTGTCCTCAACCAACT,.(((((.....)))))..............,99.89080521998261
GGGTCTGTAATGGACTGTTCTCAACCAATT,.(((((.....)))))..............,99.8659180903318
GGGTCTGTAATGGATCGTTCTCAACCAACT,.(((((.....)))))..............,99.85658120393805
GGGTCTGTAATGGGTTGTTCTCAACCAACC,............(((((....)))))....,99.79985753536464
TGGTCCGTAATGGATTGTTCGCAACCAACT,.(((((.....)))))..............,99.68135787588062
GGGTCTGTAATGGATTGTACTCAACCAACT,..........(((.(((....))))))...,99.62761997193567
GGGTCCGTAATGGATTGTGCTCAACCAACT,.(((((.....)))))..............,99.52235280311649
GGGTCTGTAATGGATTGTTCTCAACCATCT,.........((((.(((....)))))))..,99.51542749529591
GGGTCCGTAATGGACTGTTCTCAACCAATT,.(((((.....)))))..............,99.41636696374682
GGGTCCGTAATGGATCGTTCTCAACCAACT,.(((((.....)))))..............,99.34152878779642
GGTCTGTAATGGATTGTCCTCAACCAACTG,.........(((.(((....))))))....,99.33514448474259
TGGTCTGTAATGGATTGTCCTCAACCAACT,..........(((.(((....))))))...,99.1926139670404
GGGTCCGTAATGGATTGTTTTCAACCAACT,.(((((.....)))))..............,99.18908985436451
GGGTCTGTAATGGATTGCTCTCAACCAACT,..........(((.(((....))))))...,99.09141146034911
GGGTCTGTAATGGATTTCTCTCAACCAACT,.(((((.....)))))..............,99.09083671654187
GGGTCTGTAATGGATTGTTCTCAACCCACT,((((.((....(((....)))))))))...,99.08921630970647
GGGGCTGTAATGGATTGTTTTCAACCAACT,..........(((.(((....))))))...,98.95121954266645
GGGTCTGTAATGGATTGTTCCCAACCAACT,.(((.((....(((....))))))))....,98.83154729167507
CGGGTCTGTAATGGATTGTTCTCAACCCAC,.((((.((....(((....)))))))))..,98.70382737066217
GGGTCCGTAATGGATTGTCCTCAACCAACC,.(((((.....)))))..............,98.67204096829761
GGGTCTGTAATGGATTGTCCTCAACCAACA,..........(((.(((....))))))...,98.66150224161925
GGGTCCGTAATGGATTGTTCTCAACCTACT,.(((((.....)))))..............,98.6296030877181
GGTCTGTAATGGATTGTACTCAACCAACTG,.........(((.(((....))))))....,98.53708791426203
TGGTCCGTAATGGATTGTTCTCAACCTATT,.(((((.....)))))..............,98.25385801664979
GGGTCTGTAATGGATTGTGCTCAACCAACT,..........(((.(((....))))))...,98.09934964239619
GGGTCTGTAATGGATTGATCTCAACCAACT,..........(((.(((....))))))...,97.8530674904282
CTGGTCTGTAATGGATTGTTCTCAACCAAC,.((((.((....(((....)))))))))..,97.82614658561297
GTCTGTAATGGATTGTTCGCAACCAACTGT,........(((.(((....)))))).....,97.78753836490378
GGGTCTGTAATGGATTGTTCTCAACCCCCT,((((.((....(((....)))))))))...,97.67907519381441
GGTCTGTAATGGATTGTTCCCAACCAACTG,(((.((....(((....)))))))).....,97.61525685188327
GGGGCAGTAATGGATTGTTTTCAACCAACT,..........(((.(((....))))))...,97.3144039824454
GGGTCCGTAATGGATTGTTCTAAACCAACT,.(((((.....)))))..............,97.31036074757154
GGGTCCGTAATGGATTGTTCTGAACCAACT,.(((((.....)))))..............,97.30158881774699
AGGTCTGTAATGGATTGTTCCCAACCAACT,.(((.((....(((....))))))))....,97.27331126117565
GGGTCTGTATTGGATTGTTCTCAACCAACT,.........((((.(((....)))))))..,97.22059837721122
GGGTCTGTAATGGACTGTTCGCAACCAACT,.(((((.....)))))..............,97.14334352146861
GGGTCCGTAATGGACTGTTCCCAACCAACT,.(((((.....)))))..............,97.0558755074763
GGGTCTGTAATGGATTGCTCTCAACCAACC,..........(((.(((....))))))...,97.04774034331018
GGGTCTGTAATGGATTGTTCGAAACCAACT,.(((((.....)))))..............,97.02794266343568
GGGTCGGTAATGGATTGTTCTCAACCAACT,.(((.(((...(((....)))..))).))),97.00639291017819
GGGGCCGTAATGGATTGTTCTCAACCAACG,.....(((..(((.(((....))))))))),96.98594910871748
GGGTCTGTAATGGGTTGTTCTCAACCCACT,..........(((((((....)))))))..,96.94557409966802
GGGTCCGTAATGGATTGTTCTCAACTAACT,.(((((.....)))))..............,96.86423082462602
GGGTCCGTAATGGACTGTTCGCAACCAACT,.(((((.....)))))..............,96.67332324189718
GGGTCTGTAATGGATTGTCTTCAACCAACT,..........(((.(((....))))))...,96.64634109415408
GGGTCTGTATGGATTGTTCTCAACCAACTG,......((.(((.(((....))))))))..,96.49011036248223
GGATCTGTAATGGATTGTTCGCAACCAACT,..........(((.(((....))))))...,96.37330325330052
GGGTCCGTAATGGATCGTTCTCAACCAATT,.(((((.....)))))..............,96.35239361511984
GGGTCCGTAATGGATTGTTCCCAACCAACT,((((((.....))).....)))........,96.27125551464451
GGGTCTGTAATGGATCGTCCTCAACCAACT,.(((((.....)))))..............,96.24932576973507
GGTCTGTATTGGATTGTTCTCAACCAACTG,........((((.(((....)))))))...,96.18328611730234
GGGTCTGTAATGGATTCTTCTCAACCAACT,((((((.....)))))).............,96.06897675821813
GGGTCTGTAATGGATTGCTCACAACCAACT,..........(((.(((....))))))...,95.90258900158258
GGGTCCGTAATGGATTGTTCTCAGCCAACT,.(((((.....)))))..............,95.86460916090198
GGGGCTGTAATGGATTGTTCGCAACCAACT,..........(((.(((....))))))...,95.75599172501688
GGGTCTGTAATGGATTGTTCTCAACCTACT,((((.((....(((....)))))))))...,95.73598135727013
GGGTCTGTAATGGACTGTTCACAACCAACT,.(((((.....)))))..............,95.70670735573833
GGGCCTGTAATGGATTGTCCTCAACCAACT,..........(((.(((....))))))...,95.66308690019369
GGGTCTGTCTTGGATTGTTCTCAACCAACT,.........((((.(((....)))))))..,95.63063804825308
TGGTCTGTAATGGATTGTTCCCAACCAACT,((((.((....(((....)))))))))...,95.56281871789596
GGGTCCGTAATGGACTGTGCCCAACCAACT,.(((((.....)))))..............,95.535564528286
GGGTCCGTAATGGATTGTTCTCAAACAATT,.(((((.....)))))..............,95.53262922251866
GGGTCTGTAATGGATTGTTCCCAACCAACC,.(((..((...(((....)))..))..))),95.46716907040089
GGGTCCGTAATGGACCGTGCTCAACCAACG,.(((((.....)))))..............,95.42264351014376
GGGTCTGTCCTGGATTGTTCTCAACCAACT,((......))(((.(((....))))))...,95.38626476187696
GGGTCTGTAATGGATTGTTCCCAACCAATT,.(((.((....(((....))))))))....,95.34910553202502
GGGCCTGTAATGGATTGTTCGCAACCAACT,..........(((.(((....))))))...,95.34371303425056
GGGGCTGTAATGGATTGTACTCAACCAACT,..........(((.(((....))))))...,95.28140285107679
GGGTCTGTAAAGGATTGTTCTCAACCAACT,...........((.(((....)))))....,95.28001657914714
GGGTCTGTAATGGATTGTGCTCAACCAATT,..........(((.(((....))))))...,95.07746382494128
GGGTCCGTAATGGATTGTTCCCAACCAACC,((((((.....))).....)))........,95.04635051706356
GGGTCTGTAATGGATTGTTCCCAACCCACT,((((.((....(((....)))))))))...,94.74934901061741
GGGTCTGTAATGGATCGTTTTCAACCAACT,.(((((.....)))))..............,94.74813352435284
GGGTCTGTAATGGATTGTTCTCAATCAACT,............(((((....)))))....,94.67032297795406
GGGTCTGTAATGGATTGTTCTCAACCGACT,.((((.((...(((....)))..)).)))),94.63223614989526
GGGTCTGTAATGGATTGTTCTCATCCAACT,..........(((((.(....))))))...,94.6300800357506
GGATCTGTAATGGATTGCTCTCAACCAACT,..........(((.(((....))))))...,94.5990064613793
GGGTCAGTAATGGATTGTTCGCAACCAACT,..........(((.(((....))))))...,94.43970781879986
GGGTCTGTAATGGATCGTTCTCAACCAGCT,.(((((.....)))))..............,94.30872861593323
GGGTCTGTAATGGATTGCTTTCAACCAACT,..........(((.(((....))))))...,94.28743734442759
GGGTCTGTGATGGATTGTTTTCAACCAACT,..........(((.(((....))))))...,94.18694152759208
GGGTCCGTAATGGACTGTTCCCAACCAATT,.(((((.....)))))..............,94.06264650420242
GGGTCCGTAATGGATTGTTCTCAACCCATT,........(((((.(((....))).))))),93.85395991978916
GGGCCGGTAATGGATTGTTCTCAACCAACT,.....(((...(((....)))..)))....,93.7589632516283
GGGTCTGTATTGGCTTGTTCTCAACCAACT,.........((((.(((....)))))))..,93.69126571783968
GTGTCAGTAATGGATTGTACTCAACCAACT,..........(((.(((....))))))...,93.5339950146586
GGGGCCGTAATGGATTGTACTCAACCAACT,..........(((.(((....))))))...,93.40130197991678
GGGTCCGTAATGGATTGTTCCCAACCAATT,((((((.....))).....)))........,93.26369810428011
GGGGCTGTAATGGATTGTTCACAACCAACT,..........(((.(((....))))))...,93.22659520628144
GGGTCTGTAATGGATTGTTCTCAACAAACT,.(((.(((...(((....)))..))).))),93.1142083444448
GGGTATGTAATGGATTGTTCCCAACCAACT,.(((.((....(((....))))))))....,93.02929582272688
GGGTCCGTAATGGACTTTTCTCAACCTATT,.(((((.....)))))..............,92.87540756157335
GGGTCTGTAATGGATTGTTCTCAACAACTG,.(((.(((...(((....)))..)))))).,92.85766178116266
GGGTCTGTAATGGATTGTTCTCAGCCAACT,.((.(((....(((....))))))))....,92.60872015557263
GGTCTGTAATGGATTGTTCTCAACAAACTG,(((.(((...(((....)))..))).))).,92.21623743855466
GGGTCCGTAATGGAGTGTTCTCAACCAACT,.(.(((.....))).)..............,92.18343236713166
GGGTCCGTAATGGATCTTTCTCAACCAATT,((((((.....)))))).............,92.16627746516463
GGGTCGGTAATGGATTGTTCTCAACCACCT,((((.(((...(((....)))..))))))),92.09764455107606
GGGTCTGTACTGGATTGTCCTCAACCAACT,..........(((.(((....))))))...,92.04896693442143
GGGTCCGTAATGGATAGTTCTCAACCAACT,..((((.....))))...............,92.03971918972672
GGGTCTGTAAGGGATTGTTCTCAACCAACT,.(((..((..((((....)))).))..))),92.00931358910628
ACAACCAACTTTAGGTCTGTAATGGATCAT,.............(((((.....)))))..,91.99808137033675
GGGTCTGTAATGGATTGTTCTAACCAACTG,.(((......((((....))))))).....,91.76433319579064
TGGTCCGTAATGGAGTGTTCTCAACCAACT,.(.(((.....))).)..............,91.74423292180535
GGGTCCGTAATGGATTGTTCTCAACCCACT,((((......((((....)).))))))...,91.65180419692858
GGGTCTGTAATGGATTGTTCTCAAACAACT,.(((.(((...(((....)))...)))))),91.64873881659477
GGGTCTGTAATGGATTGTTCTCGACCAACT,.((((.(....(((....))))))))....,91.61222562686395
GGGTCTGTCATGGATTGTCCTCAACCAACT,..........(((.(((....))))))...,91.55894734356318
GGGTCTGTTATGGATTGTTCGCAACCAACT,..........(((.(((....))))))...,91.50797939277315
GGGCCTGTCCTGGATTGTTCTCAACCAACT,((......))(((.(((....))))))...,91.48117598813268
GTAATGGATTGCTCTCAACCAACTGTCGTC,....(((.(((....)))))).........,91.30616638319208
GGGTCCGTAATGGAGTGTTCCCAACCAACT,((((((.....))).....)))........,91.29572227722143
GGGTCTGTCATGGATTGTTCGCAACCAACT,..........(((.(((....))))))...,91.24776113881461
GGGTCTGTAATGGATTGTTCTAAACCAACT,.(((..((..((((....)))).))..))),91.21864969543658
GGGGCTGTAATGGATTGTTCTCAACCCACT,.(((.((....(((....))))).)))...,91.1573656977954
GGGTCTGTAATGGACTGTTCTCAGCCAACT,..........(((.(((....))))))...,91.14262181261938
GGGTCAGTAATGGATTGTTCTCAACCCACT,((((......((((....)).))))))...,91.05543416919011
GGGTCTGTTATGGATTGTACTCAACCAACT,..........(((.(((....))))))...,91.03953126472899
GGGTCTGTAATAGATTGTTCTCAACCAACT,.(((.((....(((....))))))))....,90.97619796138025
GTCTGTAATGGATTGTTCTCAACCGACTGT,(((.((...(((....)))..)).)))...,90.89572687288242
GAGTCCGTAATGGAGTGTTCTCAACCAACT,((((((.....))).....)))........,90.8942431576547
GGGTCTGTAATGGATTGTTCTCAACTAACT,.(((..((...(((....)))..))..))),90.82279042597574
GGGTCTGTAATGGATTGTTCTCAAGCAACT,.(((.(((...(((....)))...)))))),90.7916035291391
GGGTCTTTAATGGATTGTTATCAACCAACT,..........(((.(((....))))))...,90.74070193379222
GGGTCTGTAATGGATTGTTCTCTACCAACC,.(((..(((..(((....))).)))..))),90.45371256185939
GGGTCTGTACTGGATTGTTCTCAACCCACT,((((.((....(((....)))))))))...,90.44291158155778
GGGTCTGTTATGGATTGTTCTCAACCCACT,((((.((....(((....)))))))))...,90.4417670588391
GGGTCCGTAATGGATTGTCCCCAACCAATT,((((((.....))).....)))........,90.37887744419339
GGGTCTGTAATGGATTGTTCTCTACCAACT,.(((..(((..(((....))).)))..))),90.36838298294713
GGGTCTTTAATGGAATGTTCTCAACCAACT,..........(((..((....)).)))...,90.35038566187794
GGGTCTGTCATGGATTGTTCTCAACCCACT,((((.((....(((....)))))))))...,90.15084507540087
GGGTCTGTAATGGATTGTTCTGAACCAACT,((.((......(((....))))).))....,90.08250807294576
GGGTCTGTACTGGATTGCTCTCAACCAACT,..........(((.(((....))))))...,89.95120244595978
GGGTCCGTAATGGATCGTTCTCGACCAACT,.(((((.....)))))..............,89.93604522561265
GGGTCTGAAATGGATTGTTCCCAACCAACT,.(((.((....(((....))))))))....,89.89418008844785
ACCACCAACTTTAGGTCTGTAATGGATTAT,.............(((((.....)))))..,89.8650575903498
GGGTCTGTACTGGATTGTTCCCAACCAACT,.(((.((....(((....))))))))....,89.82089164036756
CTGTAATGGATTGCTCGCAACCAACTGTCG,......(((.(((....)))))).......,89.8151282475221
GGGTCTGTAAGGGATTGTTCCCAACCAACT,.(((..((..((((....)))).))..))),89.76007185269249
GGGTCTGTATTGGATTGTTCCCAACCAACT,.(((.((....(((....))))))))....,89.74607081940181
GGGTCTGTAATGGATTGTTCCCAAACAACT,.(((.(((...(((....)))...)))))),89.65829787981454
GGGTCTGTACTGGATTGTTATCAACCAACT,..........(((.(((....))))))...,89.59344653026736
GGATCCGTAATGGATTGTTCTCAAGCAACT,.(((((.....)))))..............,89.5890016899566
GGGTCCGTAATGGATTGTATTCTACGAACT,.(((((.....)))))..............,89.37636941895198
GGGTCGGTAATGGATTGTTCGCAACCAACT,.(((.(((..((((....)).))))).))),89.34812938634181
GGGTCTGTAATGGATTGTTCGCAACCAACT,.(((.((((((.....))).))))))....,89.33038062340383
GGGCCTGTAATGGATTGTTCTCAACCCACT,(((..((....(((....))))).)))...,89.24304009173039
GGGTCCGTAATGGATTGTTCTCATTCCACT,..........((((.((....)).))))..,89.20270674427215
GGGTCTGTACTGGATTGTTCTCAACCCCCT,((((.((....(((....)))))))))...,89.1596792141817
GGGTCTGCAATGGATTGTTCACAACCAACT,..........(((.(((....))))))...,89.13722689784416
GGGTCCGTAATGGAGTGTTCTCAACCAATT,.(.(((.....))).)..............,89.12674898959978
GGGTCTGTAAGGGATTGTTCTCAACCAATT,..........((((....))))........,88.81851639366437
GGGTCTGTCATGGATTGTTCACAACCAACT,..........(((.(((....))))))...,88.71836462007917
GGGGCGGTAATGGATTGTTCTCAACCCACT,.(((..(....(((....))))..)))...,88.32101826504922
GGGGCAGTAATGGATTGTTCTCAACCAACT,((((((((.....)))))))).........,87.90313102800572
GGGTCTGTTATGGATTGTTCCCAACCAACT,.(((..(((..(((....))).)))..))),87.84250185019886
GGGTCTGTATGGATTGTTCGCAACCAACTG,.(((.(((...((....)))))))).....,87.58647881495574
GGGTCTGTAGTGGATTGTTCCCAACCAACT,.(((..((.(.(((....)))).))..))),87.56488937563788
GGGTCCGTAATGGCTTGCTCTCAACCAACT,((((((.....))...))))..........,87.41545736288685
GGGGCCGTAATGGAAAGTTCTCAACCAACT,((((((.....)).....))))........,87.40732139357763
GGGTCGGTAAGGGATTGTTCCCAACCAACT,.(((.(((..((((....)))).))).))),87.24353328712986
GGGTCTGTTATGGATTGTTCTCAACCTATT,((((.((....(((....)))))))))...,87.19906553252959
GGGTCTGTATTGGATTGTTCTCAACCTACT,((((.((....(((....)))))))))...,87.12743614958116
GGGGCTGTAATGGATTGTTCTCAAACAACC,..((.(((...(((....)))...))).)),86.60457682210844
GGGTCTGTAATGGATTGGTCTCAACCAACT,..((((.....))))((((....))))...,86.55723871310825
GGGTCTTTAATGGATTGTTCTCAACCTACT,((((......((((....)).))))))...,86.46906531883832
GGGTCTGTAATGGACAGTTCTCAACCAACT,(((.((((.....))))..)))........,86.36093983919804
GGGTATGTAATGGATTGTTCTCAAACAACT,.(((.(((...(((....)))...)))))),86.26815189916744
GGGGCAGTAATGGATTGTTCTCAACCAACG,((((((((.....)))))))).........,86.22287827935949
GGGTCTGTTATGGATTGTTCCCAACCCACT,((((.((....(((....)))))))))...,86.22266776237007
GGGCTTGTAATGGATTGTTCTCAAACAACT,.((.((((...(((....)))...)))))),86.17084420995357
GGGTCTGTACTGGATTGTTCTCAACCGACT,.((((.((...(((....)))..)).)))),86.07190186428966
GGGGCGGTAATGGATTGTTCTCAACCAACT,((((((((.....)))))))).........,85.98437297603729
GGGTCTGTAATGGATTGTTCGCAAACAACT,.(((.(((....((....))....)))))),85.86298517486986
GGGTCTGTAATGGATAGTTCTCAACCAACT,(((.((((.....))))..)))........,85.76733634347976
GGGTCTGTAATGGATTGTTCGCAACTAACT,.(((..((..((((....)).))))..))),85.70094639117073
GGGTCCGTAATGGATTGCTCCCAACCTACT,((((((.....))).....)))........,85.61598298888961
GGGTCCGTCATGGATTGTTCTCAACCCACT,((((......((((....)).))))))...,85.02854350766206
GGGGCAGTAATGGATTGTTCCCAACCAACT,((((((((.....)))))))).........,84.71179630801905
GGGTCCTTAATGGATTGTTCTCAACCAACT,.(((((.....)))))..............,84.61266636524674
GGGTCTGTTATGGATTGTTCTCAACTCATT,((((.((....(((....)))))))))...,84.44453772711407
AGGTCCGTAATGGAATGTTTTCAACCAACT,...(((.....)))................,84.42103794772606
GGGGCAGTAATGGACTGTTCTCAACCAACT,((((((((.....)))))))).........,84.40092908526614
GGTCTGTAATGGATTGTTCGCAACCAACTG,(((.((((((.....))).)))))).....,84.18196589491511
GGGTCAGTAATGGATTGTTCCCAACCAACT,(((.((((.....))))..)))........,84.12468160779784
GGGTCTGTAATGGATTGTTCACAAACAACT,.(((.(((..((((....)).)).)))))),84.11690378352215
GGGTCTGTAATGGACGGTTCCCAACCAACT,(((.((((.....))))..)))........,84.0791218298427
GGGTCTGTACTGGATTGTTCTCAGCCAACT,.((.(((....(((....))))))))....,83.98902532630632
GGGTCTGTAATGGATTGTTCGCAACCAACC,.(((.((((((.....))).))))))....,83.67390400425657
GGGTCTGGAATGGATTGTTCTCAACCAACT,.(((..(((((.....)))))..)))....,83.63093401951355
GGGTCTGTAAGGGATTGTTCTCAAACAACT,.(((.(((..((((....))))..)))))),83.30302175973036
GGGTAAGTATTGGATTGTTCTCAACCCACT,((((......((((....)).))))))...,83.2186321520148
CGGGTCTGTAATGGATTGTTCGCAACCAAC,..(((.((((((.....))).))))))...,83.19194767103804
ACAACCAACTTCAGGTTTGTAATGGACCAT,.............(((((.....)))))..,83.14243972493725
GGGTCAGTAATGGACTGTTCTCAACCAACT,(((.((((.....))))..)))........,83.08681959362923
GGGTCTGTACTGGATTGTTCTCAAACAACT,.(((.(((...(((....)))...)))))),83.06588846270407
GGGTCTGTAATGGATTGTTCACAACCAACT,.(((.((((((.....))).))))))....,82.96595890483795
GGGTCTGTAATGGCTTGTTCTCAACCAACT,(((((......)))))..............,82.96331905676195
GGGTCTGTAAGGGATTGTTCCCAAACAACT,.(((.(((..((((....))))..)))))),82.92055998861296
GGGGCGGTAATGGATTGTTCCCAACCAACT,((((((((.....)))))))).........,82.8094135784398
GGGGCCGTAATGGATGGTTCTCAACCAACT,((((((((.....)))))))).........,82.76182027344892
GGGTCTGTAATGGATAGTTCTCAACCAATT,(((.((((.....))))..)))........,82.75363818721942
GGGTCAGTAATGGATTGCCCTCAACCAACT,(((.((((.....)))))))..........,82.67000380781073
GGGTCTGTAATGGATTGTTAGCAACCAACT,.(((.((((((.....))).))))))....,82.57182706298912
GGGGCGGTAATGGATTGTTCTCAACCAAAT,((((((((.....)))))))).........,82.48447781794
GGGTCTGTAATGGCCTGTTCTCAACCAACT,(((((......)))))..............,82.32576083816551
GGGTCTGTAATGGACTGGTCCCAACCAACT,(((.((((.....)).)).)))........,82.2006969161141
GGGTCTGTAATGGATGGTACTCAACCAACT,((((((((.....)))).))))........,82.0584882228768
GGGTCAGTAATGGATTGTCCTCAACCAACT,(((.((((.....)))).))).........,82.01326947869308
CACAGGCATTACGAAGGCGTACCGGCCAAG,....(((..((((....))))...)))...,82.00704691529864
GGGTCTGTAATGGATTGTTCGCAACCAATT,.(((.((((((.....))).))))))....,81.88306393027852
GGGGCTGTAATGGATGGTTCTCAACCAACT,((((((((.....)))))))).........,81.74192114460894
GGGTCTGTAATGGATTGTTATCAACCAACT,.(((..(((((.....)))))..)))....,81.70349435043832
GGGGCTGTAATGGACTGTTCTCAACCAACT,(((((.((.....)).))))).........,81.65816965050203
GGTCTGTAATGGATTGTTCACAACCAACTG,(((.((((((.....))).)))))).....,81.62071280123155
GGGTCTTTATTGGATTGTTCTCAACCTACT,((((......((((....)).))))))...,81.56606706734563
GGGTCCGGAATGGATTGTTCTCAACCAACT,.(((..(((((.....)))))..)))....,81.56369864542955
GGGTCTGTAATGGATTGTGTTGAACCAACT,.(((((.....)))))..((((...)))).,81.51736108262259
GGGTCTGTAATGGATTTTTCTCAACCAACT,.(((.((....(((....))))))))....,81.50225535187705
GGGTCTGTAATGGACTGTTCCCAACCAACT,(((...((.....))....)))........,81.48231416520575
GGGTCTGTAATGGATTGCTCTCAACCAGCT,.(((((.....)))))(((.......))).,81.42810107976007
GGGTCTGTAATGGACTGTCCCCAACCAACT,(((.(.((.....)).).))).........,81.2477060400644
GGGTCCGTAATGGAGTGTTCCTAACCAATT,((((((.....)))....))).........,81.16584870115916
GGGGCAGTAATGGAGTGTTCTCAACCAACT,((((((.(.....).)))))).........,80.86265798544571
GGGGCAGTAATGGATTGGTCTCAACCAACT,((((((((.....))).)))))........,80.85634145847334
GGGTCGGTATTGGATTGTTCCCAACCAATT,.....(((...(((....)))..)))....,80.80494996729047
GGGTCTGTAATGGAGCGTTCTCAACCAACT,(((..(((......)))..)))........,80.79328479660218
GGGTCAGTAATGGACTGTTCCCAACCAACT,(((.((((.....))))..)))........,80.72900530348753
TGGTCTGTAATGGATTGTTCGCAACCAACT,((((.((((((.....))).)))))))...,80.67998293942301
CGGGTCTGTAATGGATTGTTCACAACCAAC,..(((.((((((.....))).))))))...,80.66139830683416
GGGTCTGTAATGGAGTGTTCTCAACCAACT,............(((....)))........,80.4029521594937
GGGTCAGTAATGGATTGTGCTCAACCAACT,((((((((.....)))).))))........,80.36847382847357
GGGTCGGTAATGGACTGTTCTCAACCAACT,(((.((((.....))))..)))........,80.29672923646943
GGGGCTGTAATGGAGGGTTCTCAACCAACT,((((((.(.....).)))))).........,80.26091129010233
GGGGCTGTAATGGAGAGTTCTCAACCAACT,((((((.(.....).)))))).........,80.23518042762319
GGGTCCGTAATGGAGTGTTCTTAACCAAAC,.(.(((.....))).)..............,80.15578162391367
GGGTCTGTAATGGCTTGTTCTCAACCAATT,(((((......)))))..............,79.84113438967341
GGGTCTGTAATGGAATGTTCTCAACCAACT,.(((.((....(((....))))))))....,79.69845572710685
GGGGCCGTAATGGACTGTTCTCAACCAACT,(((((.((.....)).))))).........,79.67806877934203
GGGTCCGTAATGGAGGGTTCTCAACCAACT,...(((.....))).((((...))))....,79.65875901020979
GGGTATGTAATGGATTGTTCGCAACCAACT,.(((.((((((.....))).))))))....,79.56939496687633
GGGGCTGTAATGGATAGTGCTCAACCAACT,((.(((((.....))))).)).........,79.51732673720876
TACCGGTAAGATAGTTACGCTTAGAGCCGT,...((((.....(((...)))....)))).,79.49081582864115
GGGTCTGTAATGGATTGTTCGCAACCAGCT,.(((.((((((.....))).))))))....,79.39803546570155
GGGTCCGTAATGGAATGTTCTCAACCAACT,(((..(((......)))..)))........,79.34336209781276
GGGTCTGAATGGATTGTTCTCAACCAACTG,((....((((.....))))....)).....,79.31511396438997
GGGGTGGGACTTCTTCTGTTGTCGATCGTA,..(((..(((..(....)..))).)))...,79.30704691529864
GCGCATGAGATCCATGTACTTATCGATAGT,..(((((.....))))).............,79.1931542055325
AAGCGGATTTCCAAATGTCGGCGGTGCATT,..((.(((........))).))........,79.15480909882288
GGGTCTGTAATGGATTGTTCACAACCAATG,.(((.((((((.....))).))))))....,79.1067838936807
GGGTCTGTAATGGATTGTTCTCACCCAACT,((((..(.(((.....))))..))))....,79.10072373618306
GGGTCAGTAATGGACTGTTCCCAACCAACG,(((.((((.....))))..)))........,79.06512787723047
GGGTCGGTAATGGATTGGTCTCAACCAACT,((((((((.....))))).)))........,79.04804777907935
GGGTCGGTAATGGATTGGTCCCAACCAACT,((((((((.....))))).)))........,78.92668387148701
GGTCTGTAATGGAGTGTTCTCAACCAACTG,...........(((....))).........,78.8907555502992
GGGTCCGTAATGGAGCGTTCTCAACCAACT,(((..(((......)))..)))........,78.85063022174134
GTAAAGCACATGGTCTCCACCCGCTGCCCG,.....(((...(((....)))...)))...,78.80704691529864
GGGTCTGTAATGGATTGTTCGCAACCCACT,((((.((((((.....))).)))))))...,78.80488329841488
TAGCGGTTAGTGAATTTAGCTTATAACTGA,...((((((..............)))))).,78.74501115188737
GGTCTGTAATGGAATGTTCTCAACCAACTG,(((.((....(((....)))))))).....,78.74212353024296
GGGTCTGTAATGGAGTTTTCTCAACCAACT,............(((....)))........,78.6788867784507
GGGTCTGTAATGGATTTTTCTCAACCCACT,((((.((....(((....)))))))))...,78.56070514956296
GGGTCTGTAATGGACTGTTCCCAACCAATT,(((...((.....))....)))........,78.4870382466332
CAAAGGCGCACTGTTTATCTTAGCCCAAGT,....(((...............))).....,78.36014182589011
GGGTCTGTAATGGACGGCTCGCAACCAATT,(((.((((.....)))))))..........,78.28693089859436
GGGTCTGTCCTGGATTGTCCTCAACCAACT,((......))(((.(((....))))))...,78.20767655425897
GGGTTTGTCATGGATTGTTCTCAAACAACT,..(((((....(((....))))))))....,78.18571979420452
GGGTCCGTAATGGAACGTTCTCAACCAACT,(((..(((......)))..)))........,78.18083041435484
AAGCGGATTTCCAAATGTCGGCGGTACATT,..((.(((........))).))........,78.15276218352423
GGGTCTGTAATGGATTGTCCGCAACCAACT,.(((.(((...(((...)))))))))....,78.01338313142509
GGGGCCGTAATGGAATGTTCTCAACCAACT,((((.(((......))).))))........,78.00919954907273
GGGTCTGTAATGGATTGACCTCAACCAACT,(((((...........))))).........,77.94743714755795
GGGGCAGTAATGGAGTGTTCCCAACCAACT,((((((.(.....).)))))).........,77.90279678000537
GGGTCTGTAATGGAATGTTCCCAACCAACT,(((..(((......)))..)))........,77.88201556836174
GGGTCTTTAATGGACTGTTCTCAACCAACT,.(((((.....)))))..............,77.87631928030713
GGGTCTGTAATGGATTGTCCTCAACCAACC,.(((..((...(((...)))...))..))),77.8518896584191
GGGTCTGTAACGGATTGTTCTCAACCAACT,.(((.((.(((.....)))..)))))....,77.83768969620976
GGGGCCGTAATGGAAAGTTCCCAACGAATT,((((((.....)).....))))........,77.81171298925642
GGGTCTGTAATGGAATGTGCCCAACCAACT,((((.(((......))).))))........,77.80646059848043
GGGTCTGTAATGGAATGTTCTCAACCAACG,.(((.((....(((....))))))))....,77.80327687210288
GGGCCTGTCATGGATTGTTCCCAACCCACT,(((..((....(((....))))).)))...,77.74829093810722
GGGTCCGTAATGGAATGTTCTCAACCAACG,(((..(((......)))..)))........,77.65082785737465
GGGTCCGTAATGGAGGGTACTCAACCAACT,((((((.(.....).)).))))........,77.61487632748036
CAAACCCATGTGAACAACAAGAGTTGCTAG,..(((.(.(((.....))).).))).....,77.56839492080071
GGGTCTGTAATGGCTTGTTCCCAACCAACT,(((((......)))))..............,77.48268984870157
GGGTCTGTAATGGCTTGTCCTCAACCAACT,(((((......)))))..............,77.45096477192862
GGGTCTGTAATGGATTGTTCGCGACCAACT,.((((((.(((.....))))).))))....,77.42060476613068
GGGTCTGTTATGGATTGTTCACAAACAACT,.(((.((((.((((....)).))))))))),77.2943163658721
CGTCTGCGATGGAGTTACTTTTAACCCAGG,.........(((.((((....)))))))..,77.24098757468919
GGGTCTGTCCTGGAATGTTCTCAACCAACT,((......))(((..((....)).)))...,77.206535600714
GGGTCCGTAATGGAGCGTTCTCAACCAACG,(((..(((......)))..)))........,77.18675279548428
GGGCCCGTAATGGAATGTTCTCAACCAACT,(((..(((......)))..)))........,77.16065877350037
GGGTCCGTACTGGATTGTTCTCAACCAACT,.(((((.....)))))..............,77.1462081032372
GGGTCTGTAATGGATTGTCCACAACCAACT,.(((.(((...(((...)))))))))....,77.12852252928114
GGGTCTGTAATGGAACGTTCTCAACCAATT,(((..(((......)))..)))........,77.12820907064315
GGGTCTGTAATGGCTTGTTCGCAACCAACT,(((((......)))))..............,77.1165129055116
TGGTCTGTAATGGAATGTTCTCAACCAACT,((((.((....(((....)))))))))...,76.91092433430876
GCGTAGGCACAGTATATACTTTTCCAAAGT,((....))......................,76.90704691529865
CGTCTGCGATGGAGTTACCTTTAACCCAGG,...(((.(.(((((....))))).).))).,76.82461225230003
GGGTCTGTAATGGATTGTTCACAACCCACT,((((.((((((.....))).)))))))...,76.81310287225324
GGGTCCGTAATGGAATGTTCCCAACCAACT,(((..(((......)))..)))........,76.63322024760497
GGGTCTGTAATGGATTGTACCCAACCAACT,(((((...........).))))........,76.6258041625872
GGGTCTGTAATGGACGGTACGAAACCAACT,..((((.....))))(((.....)))....,76.60359537752095
GGGTCTGTAATGGATTGTTCGCAGCCAACT,.((.(((((((.....))).))))))....,76.54154866550377
GGGTCTGTAATGGAATGTTCTCAACCCACT,((((.((....(((....)))))))))...,76.5358386725391
GGGTCAGTAATGGAGTGTGCCCAACCAACT,((((((.(.....).)).))))........,76.53323030209322
GGGTCCTTAATGGACCGTTCTCAACCAATT,.(((((.....)))))..............,76.45404463663257
GGGTCTGTAATGGATTGCTCCCAACCAACT,(((...((((....)))).)))........,76.38270138165016
GGGGCCGGAATGGACTGGTCCCAACCAACT,((((((((......))))))))........,76.35267841655661
ACCAACCGGTATTTCGGGTCTGTAATGGAT,.....((((....))))((((.....)))),76.30791632812219
GGGTATGTAATGGAATGTTCTCAACCAACT,(((.((((......)))).)))........,76.30062027883672
GGGTCTGCAATGGATTGTTCGCAACCAACT,.(((.((((((.....))).))))))....,76.24737158992741
GGGTCAGTAATGGATTGTTCTCAAACAACT,(((.((((.....))))..)))........,76.17043822391821
GGGGCTGTAATGGAATGGGCCCAACCAACG,(((.((((......)))).)))........,76.14084526942591
GGGTCTGTAATGGATTGTTTGCAACCAACT,.(((.(((((........))))))))....,76.12044534576462
GGGTCTGTAATGGATTGATCCCAACCAACT,(((((...........))))).........,75.95826352051893
GGGTCTGTAATGGATTGCCCCCAACCAACT,(((...((((....)))).)))........,75.7473876416541
GGGTCTGTAATGGAAAGGCCCCAACCAACT,((((((.........)))))).........,75.74515437476407
GGGTCTGTAATGGATTGTCCTCAACCCACT,((((.((....(((...))).))))))...,75.73406959863561
GGGTCTGTAATGGATTGTTTACAACCAACT,.(((.(((((........))))))))....,75.70846662696846
GGGTCTGTAATGGATTTTTCGCAACCAACT,.(((.(((....((....))))))))....,75.69112479933125
GGGTCTGTAATGGCTTGTTCACAACCAACT,(((((......)))))..............,75.67578290918404
GGGTCTGTAATGGCTTGTTCTCAACCTACT,(((((......)))))..............,75.67059080859295
GGGGCTGTAATGGAGTGTTCTCAACCAACT,............(((....)))........,75.66168038599635
GGGTCTGTAATGGAATGTTCGCAACCAACT,.(((.((((((.....))).))))))....,75.56568120530316
GGGTCTGTAATGGATTATTCTCAACCAACT,.(((.((....(((....))))))))....,75.47842700599618
GGGTCTGTAATGATTGTTCTCAACCAACTG,.((((......))))...............,75.41486759450379
GGGTCTGTAATGGCTTGTTCGCAACCAACA,(((((......)))))..............,75.40351148718075
GGGTCTGTAACGGATTGTTCGCAACCAACT,.(((.((((((.....))).))))))....,75.36987494827744
TAGAAGGTGGATCTTTAAGGCGGAACCACT,.....(((((.(((.......))).))))),75.34909488643393
GGGGCCGTAATGGAATGTCCTCAACCAACT,((((.(((......))).))))........,75.34651272029569
GGTCTGTAATGGATTGCTCTCAACCAACTG,(((..((((....)))).....))).....,75.2466636482408
GGGTCTGTAATGGCATGTTCTCAACCAACT,..(((......)))................,75.23227590934597
GGGTCCTTAATGGATCGTTCTCAACCAATT,.(((((.....)))))..............,75.16963739299547
GGGCCTGTAATGGATTGTTCCCAACCAACT,(((((......))......)))........,75.14697236257156
GGGGCCGTAATGGAATGTTCTCAACCAATT,((((.(((......))).))))........,75.01392363050019
GGGTCAGTAATGGATTGTCCCCAACCGACT,(((.((((.....)))).))).........,74.99963853194339
CCCAACCGGTATTTCGGGTCTGTAATGGAT,.....((((....))))((((.....)))),74.86786047241611
CCAACCGGTATTTCGGGTCTGTAATGGATG,....((((....))))((((.....)))).,74.8587367513577
GGGTGTGTAATGGAGCGTTCTCAACCAACT,(((..(((......)))..)))........,74.85137647859916
GGGTCCGTAATGGAACGTGCTCAACCAACT,((((.(((......))).))))........,74.83836105834533
AGAAGGTGGATCTTTAAGGCGGAACCACTG,....(((((.(((.......))).))))).,74.71809230732065
GGGTATGTAATGGAGTGTTCTCAACCAACT,............(((....)))........,74.60070069054551
GGGGCCGGAATGGATTGTTCCCAACCAACT,.((...(((((.....)))))...))....,74.59682644136416
GGGTCGGTAATGGAATGTTCTCAACCAACT,.(((.(((...(((....)))..))).))),74.51032890137289
GGGTCTGTAATGGATGGTTCTCAACCAACT,...........((.(((((...))))).)),74.47245706732419
GGGTCTGTAATGGAGTATTCTCAACCAACT,............(((....)))........,74.44142053229672
GGGGCTGTAATGGATTGGTCTCAACCAACT,(((((((........)))))))........,74.43122067917184
GGGTCTGTAATGGATTGTGCCCAACCAACT,((((.((........)).))))........,74.37529869269191
GGGTCAGTAATGGAGTGTTCTCAACCAACT,............(((....)))........,74.33516190328609
GGGTCTGTAATGGATTGTTCACATCCAACT,((((.((.(((.....))))).))))....,74.30197617953351
GGGTCTGTAATGGATTGCCCTCAACCAACT,((((............))))..........,74.29565500022294
GGGTCTGGAATGGAATGTTCTCAACCAACT,.(((..(((((.....)))))..)))....,74.27938398529139
GGGTCAGTAATGGAGCGTTCTCAACCAACT,(((...((......))...)))........,74.24032686561328
GGGTCCGTAATGGAATGTGCTCAACCAACT,((((.(((......))).))))........,74.1998031780876
GGGTCTGTAATGGATTGCCCCCAACCAACG,(((...((((....)))).)))........,74.08351021539703
GGGTCCTTAATGGACTGTTCTCAACCTACT,.(((((.....)))))..............,74.06716099113926
ACCCACCGGTATTTCGGGTCTGTAATGGAT,.....((((....))))((((.....)))),74.00455885428153
GGGTCCTTAATGGATCTTTCTCAACCAACT,((((((.....)))))).............,73.98084407691144
GGGTCGGTAATGGAGTGTTCTCAACCAACT,.(((.(((....(((....))).))).))),73.97076941962929
GGGTCTGTAATGGAGTGTTCGCAACCAACT,.(((.((((((.....))).))))))....,73.92639877232722
GGGTCTGTAATGGATTGCACGCAACCAACT,((((.(((((....))))).))..))....,73.91698497783098
GGGCCTGTAATGGAATGTTCTCAACCAACT,...((......)).................,73.71134284040455
GGGTCTGTAATGGATTGTTCGTAACCAACT,.(((..((.(((((...))))).))..))),73.6944802671072
GCCAATCGATTAGTCGAGTCTGTAATGGAC,.....((((....))))((((.....)))),73.6846771818423
GGGTCTGTAATGGATTGTCCCCAACCAACT,(((.(...........).))).........,73.65441331162438
GGGTCAGTAATGGATTGTTCTGAACCCACT,(((((((.(((.....)))))).))))...,73.46462408770375
GGGTATGTAATGGATTGTTCGCAACCCACG,((((.((((((.....))).)))))))...,73.40617088616673
GGGTCTGTGATGGATTGTTCTCAACCAACT,.(((.((.((........)).)))))....,73.38921956901358
GGGGCAGTAATGGAATGTTCTCAACCAACT,((((((.........)))))).........,73.35649557187398
GGGTCTGTAATGGATTGTCCTCAACCGACT,.((((.((...(((...)))...)).)))),73.30310594964172
GGGCCAGTAATGGATTGTCCCCAACCTACT,(((.((((.....)))).))).........,73.30123284326042
GGTCTGTATTGGACTGTTCTCAACCAACTG,(((((.....)))))...............,73.2513312944885
GGGTCTGTAATGGATGGTTCGCAACCAACT,.(((.((((((.....))).))))))....,73.21353384647205
ACCGATTTGCAATCCTAGCGAAGAGGGCTT,.((..(((((.......)))))..))....,73.10704691529864
GGGTCTGTATGGATTGTCCTCAACCAACTG,.(((.((...(((...))).))))).....,73.09014692597339
GGGTCTGTAATGGATCGTGCCCAACCAACT,((((.((........)).))))........,73.08839576660822
GGGTCTGCAATGGACTGTTCTCAACCAACT,.(((((.....)))))..............,73.05639769469744
GGGTCTGTAATGGAATGTTCACAACCAACT,.(((.((((((.....))).))))))....,72.99419353512639
GGGTCTGTTATGGATTTTTCTCAACCAACT,.(((.((....(((....))))))))....,72.96943335773379
GGGGCTGTAATGGATTGTTCCCAACCAACT,(((((...........))))).........,72.9503204879315
GGGTCTGTACTGGCTTGTTCTCAACCAACT,(((((......)))))..............,72.85349796163526
GGGTCTGCAATGGAGTGTTCTCAACCAACT,(((..(((......)))..)))........,72.84800510919138
GGGTCTGTAATGGCTTGTTCTCAAACAACT,(((((......)))))..............,72.76810764056283
GGGTCTGTAATGGAATGTCCTCAACCAACT,.(((..((...(((...)))...))..))),72.74634435809742
GGGTCTGTAATGGATAGTTCGCAACCAACT,.(((.((((((.....))).))))))....,72.69804584420346
GGGTCTGTAGTGGACTGTTCTCAACCAACT,.(((((.....)))))..............,72.69282276965866
GGGTCTGTAATGGATTGTCCTCAACCAGCT,.((.(((....(((...))).....))))),72.65602515535414
GGGTCTGTAATGGAGTGTTCCCAACCAACT,.(((.((....(((....))))))))....,72.63027848061859
GGGTCTGTAATGGATTGTTTGCAACCCACT,((((.(((((........)))))))))...,72.62619268213389
GGGTCTGGAATGGAATGTTCTCAACCAACA,.(((..(((((.....)))))..)))....,72.58480480464836
GGGGCCGTAATGGAATGTGCTCAACCAACG,.(((((((......))).))))........,72.57002705375805
GGGTCTGTAATGGATTGCCCGCAACCAACT,.(((.(((...((....)).))))))....,72.54462150819293
GGGTCTGTAATGGATTGTACACAACCAACT,((...((((........))))...))....,72.54174949766308
GGGTCTGTAATGGCTTGTTCTCAAACCACT,(((((......)))))..............,72.53852922409526
GGGTCTGTAATGGATTGTCCTCGACCAACT,.((((......(((...)))..))))....,72.52719243397314
GGGTCTGTAATGGATTGTCCTCTACCAACT,.(((..(((..(((...)))..)))..))),72.5212082329314
GGGTCTGTAATGGAGGGTTCTCAACCAACT,...........((..((((...))))..)),72.49840189175175
GGGTCTGTAATGGATTGTCCTTAACCAACT,.(((...(((.(((...)))))))))....,72.45101262897899
GGGGCGGTAATGGAGTGTTCTCAACCAACT,.((..(((....(((....))).)))..)),72.42679460849268
GGGTCTGTAATGGCTTGCTCTCAACCAACT,((((..((....))..))))..........,72.3717813854803
GGGTCTGTAATGGATTGTACGCAACCAACT,((...((((........))))...))....,72.28324196109584
GGGTCTGTAATGGATTGTGCGCAACCAACT,((...((((........))))...))....,72.26084903990275
GGGTCTGTAATGGAATGTGCTCAACCAACT,((....(((........)))....))....,72.25165718133519
GGGTCTGTAATGGGTTGTTCGCAACCAACT,............(((((....)))))....,72.24873578855767
GGGTCTGTAATGGCATGCTCTCAACCAACT,((((.(((....))).))))..........,72.1978238020456
GGGTCCTTAATGGACCTTTCTCAACCAATT,((((((.....)))))).............,72.17670778773179
GGGTCTGTAAGGGACCGGTCTCAACCAACT,.(((((.....)))))(((....)))....,72.14767514936196
GGGGCAGTAATGGAGTGTTCGCAACCAATT,.(((((.(.....).)))))..........,72.13477413184202
GGGTCTGTAATGGAGTGGTCTCAACCAACT,.............((((((....))).))),72.10893790190102
GGGTCTGTAATGGATTGTTCTCCACCAACT,.(((.((...((((......)))).))))),72.01643487736982
GGGGCGGTAATGGAATGTTCTCAACCAACT,.((..(((...(((....)))..)))..)),72.00636619670651
GGGTCTGTAATGGAAAGTTCTCAACCAACT,.(((.((.(((.....)))..)))))....,71.99102607140755
GGGTCTGTGATGGATTGTTCGCAACCAACT,.(((.(((((........))))))))....,71.97289866042837
GGGTCTGTAATGGATCGTTCCCAACCAACT,(((..((........))..)))........,71.93769921161402
GGTAGGCGCAATAGTCTGCTACGTGAACAA,(((((((......)))))))..........,71.93171679150223
CGTCACACTGACGCCGACTTTCGGCAAATG,.((((...))))(((((...))))).....,71.90704691529865
GGTGAAGGGTAGCCATTGTGTTACCACCGT,(((....((((((......)))))))))..,71.90704691529865
GGGTCTGTAATGGAGGGTTCGCAACCAACT,.(((.((((((.....))).))))))....,71.86065956557705
GGGTCCTTTATGGACTTTTCTCAACCAACT,.(((((.....)))))..............,71.83109944093886
TGGGCCGTAATGGAGTGTTCTCAACCAACT,(((.........(((....)))..)))...,71.80456501504062
GGGTCCTTAATGGACTTTTCTCAACCTACT,.(((((.....)))))..............,71.6946982547476
GGGGCAGTAATGGAATGTTCTCAACCAACG,((((((.........)))))).........,71.68033665382504
ACAACCAACTTTAGGTCTGTAATGGATTGT,((((((.......))).)))..........,71.65861385771444
GGGTCTGTTATGGCTTGTTCTCAACCAACT,(((((......)))))..............,71.54220596251407
GGGTCTGGAATGTATTGTTCTCAACCAACT,.(((..(((((.....)))))..)))....,71.52680282689687
GGGTCCGTCATGGATTGTTCGCAACCAACT,.(((((.....)))))..............,71.46196102555639
TGGGCAGTAATGGAATGTTCCCAACCAACT,((((..((......))...)))).......,71.44057267076158
GCCCATCGATTAGTCGAGTCCGTAATGGAC,.....((((....))))((((.....)))),71.43345223395981
GGGTCTGTAATGGATTGCTCGCAACCAACT,.(((.(((...((....)).))))))....,71.43115889860672
GGGTCTGTAATGGAGTGTTCTCGACCAACT,.((((.......(((....)))))))....,71.41019068465283
GGGCCAGTAATGGCTCGTTCTCAACCAACT,((((((....))))))..............,71.39486790121558
GGGTCTGTAATGGAGTGTTCACAACCAACT,.(((.((((((.....))).))))))....,71.34058269505992
GGGTCAGTAATGGATTGCTCCCAACCAACT,(((..(((((....))))))))........,71.33299918281426
GGGTCAGTAATGGAGTGTTCTCAACCAATT,............(((....)))........,71.3276044929217
GGGTCTGTAATGGATTGATCGCAACCAACT,.(((.(((.((......)).))))))....,71.29740123821176
GGGTCTGTAAGGGAATGTTCTCAACCAACT,.(((..((..((((....)))).))..))),71.29718330851625
GGGTCTGTAATGGATTTTTCCCAACCACCT,((((..((...(((....)))..)).)))),71.29678176649142
GGGTCTGTAATGGATTTATCTCAACCAACT,.(((.((..(((....)))..)))))....,71.29120118186935
GGGTCTGGAATGGATGGTTCTCAACCAACT,.(((..(((((.....)))))..)))....,71.2762643329174
GTGTGCGGCAGCCGTTGCGTGACGGACCGG,.....(((...(((((....))))).))).,71.20704691529865
GGGGCTGTAATGGAATGTTCTCAACCAACT,(((((...........))))).........,71.18570956930041
GGGTCCGTAATGGATTTTTCTCAACCCATT,((((......((((....)).))))))...,71.15692732651863
GGGGCTGTAATGGATTGCTCGCAACCAACT,((.((.((((....))))..))..))....,71.13127224345033
GGGGCTGTAATGGAGTGCCCTCAACCAACT,(((((...........))))).........,71.12179331645149
GGGGCAGTAATGGCTTGTTCTCAACCAACT,((((((((....)).)))))).........,71.12003454371693
GGGTCTGTCATGGAGTGTTCTCAACCAACT,............(((....)))........,71.11455840911981
GGGTCTGTCATGGCTTGTTCTCAACCAACT,(((((......)))))..............,70.99936624858609
GGGTCCTTAATGGATCTTTCTCAACCAATT,((((((.....)))))).............,70.98761507363756
GGGGCCGTAATGGAACGTTCGCAACCAACT,(.((.(((......))).)).)........,70.9595217395077
TGGTCTGTAATGGATTGCTCGCAACCAACT,((((.(((...((....)).)))))))...,70.94091288574019
GGGTCTGTAATGGAGTGCTCTCAACCAACT,((((((.......)).))))..........,70.90082183831038
GGGTCTGTAATGGATTATACTCAACCAACT,((....(((........)))....))....,70.837892904281
GGGTCTGTTATGGATTGTCCTCAACCAACT,.(((..(((..(((...)))..)))..))),70.82722243821706
GGGTCTGTAATGGCATGTTCCCAACCAACT,(((.((((....))).)..)))........,70.75952438906344
GGGTCTGTAATGGATTGTCCTCAGCCAACT,.((.(((....(((...))).)))))....,70.75671210886816
GGCCAGAGGATACCCATTGTATTTTCGCGT,.((..((((((((.....))))))))))..,70.72286534721061
GTTCGGTACTATGGATTCATGGTAAGGATA,((((..(((((((....))))))).)))).,70.71548570484472
GGTTCTGTACTGGATTGTTCTCAACCAACT,((((..(.((......)).)..))))....,70.70989867453578
GGGTCTGTCATGGAATGTTCTCAACCAACT,.(((.((....(((....))))))))....,70.66592638906357
GGGTCTGTAATGGATCGTTCGCAACCAACT,.(((.(((((((...)))).))))))....,70.6212905953058
GGTCTGTAATGGAGTGTTCACAACCAACTG,(((.((((((.....))).)))))).....,70.609411181047
GGGTCGGTAATGGAATGTTCCCAACCAACT,.(((.(((...(((....)))..))).))),70.59775524333313
GGGTCTGTAATGGAGTGTCCTCAACCAACT,.(((..((...(((...)))...))..))),70.57302053080659
GGGTCCGCAATGGACTGTTCCCAACCAACT,.(((((.....)))))..............,70.5356372111394
GGGTCAGTAATGGAATGTTCTCAACCAACT,((...((.(((.....)))))...))....,70.52519900784986
GAAGGTAGCAATGCTTCTACTTATCTCGTC,((((((((........)))))).)).....,70.51204691529864
ACCCAGCCACGTCGAGCGAAGAGGGTGTTT,((((.....(((...)))....))))....,70.50704691529864
GGGTCTGTAATGTATTGTTCTCAACCAACT,.(((.((..(........)..)))))....,70.49165601352496
GGGTCTGTAATGGAATGCTCTCAACCAACT,((((.(........).))))..........,70.44383605795315
GGGGCCGTAATGGAAGGTTCCCAACCAACT,((((((.........)))))).........,70.39116757305837
GGGTCTGTAATGGAATGCTCCCAACCAACT,(((...(((......))).)))........,70.35923571730753
GGGACTGTAATGGAGTGTTCTCAACCAACT,(((((...........))))).........,70.35148118786216
GGGGCAGTAATGGAATGTTCTCAACCAATT,((((((.........)))))).........,70.35098507680823
GGGTCCGTAATGGAACGTTCGCAACCAACT,(.(..(((......)))..).)........,70.32455836861465
GGGGCAGTAATGGATTGTGCTCAACCAACT,.(((((...........)))))........,70.30136109330626
GGGGCGGGAATGGAGTGTTCTCAACCAACT,.((..((((((.....))))))..))....,70.29709692297781
GGGTCGGTAATGGATGGTTCTCAACCAACT,.(((.(((...(((....)))..))).))),70.29193282770865
GGGTCTGTAATGGATTGATCACAACCAACT,.(((.(((.((......)).))))))....,70.27343750034808
GACAAAGCGGCCTCATAATAGGCAGTTAGT,.....(((.((((......)))).)))...,70.26014182589012
GGGGCTGTAATGGATCGTTCTCAACCAACT,((((.((........)).))))........,70.24341636062309
TTCCCGCGGCTTCACAGTATCCGGTGGCCG,......((((..(((........))))))),70.20704691529865
GGGTGCAGTGAATGAATAATGGCCGGCGCA,..((((.((.(........).))..)))).,70.18907580113084
GGGGCAGTAATGGAATGTTCCCAACCAACT,((((((.........)))))).........,70.17539542838054
GGGTCGGTAATGGATTGCTCTCAACCAACT,.(((.(((...(((....)))..))).))),70.14357441805319
GGGTCTGTAATGGACTGCTCCCAACCAACT,(((...(((......))).)))........,70.03113014847946
GGGTCAGTAATGGCTTGTTCTCAACCAACT,((((((....))))))..............,69.98693188448321
GGGTCTGTAATGGATTATTCGCAACCAACT,.(((.(((((((...)))).))))))....,69.93863275823375
GGGTCGGTAATGGATCGTTCTCAACCAACT,.(((.(((...(((....)))..))).))),69.93204046908349
GGGTCTGTAATGGATTGATCTCAACCCACT,((((.((..((......))..))))))...,69.91717867453765
GGGGCCGTAATGGAGTGTTCTCAACCAACT,((((((........).))))).........,69.90556795694012
GGGGCAGTAATGGAACGTTCCCAACCAACG,((((..((......))..))))........,69.90008987275327
GGGTCTGTAGTGGATTGTTCGCAACCAACT,.(((..((.(((((...))))).))..))),69.88162746699356
GGGTCTGTACTGGATTGTGCTCAACCAACT,((....((((......))))....))....,69.85392078095158
GGGTCTGCAATGGATTGCTCTCAACCAACT,(((...((((....)))).)))........,69.8052750667106
GGGGCTGTAATGGAAAGTTCCCAACCAACT,((((((.........)))))).........,69.78510691971746
GGGTCCGTAATGGAGTGATCTCAACCAACT,((((((........).))))).........,69.74986821822617
ACAACCAACTTTAGGTCTGTAATGGATTAT,((((((.......))).)))..........,69.72873285470072
GGGTCTGTAATGGATTGCTCTTAACCAACT,.(((..((((....)))).....)))....,69.71695706958812
GGGGCGGTAATGGATTGTTCGCAACCAACT,((.((((...........))))..))....,69.68064115370949
CACAACCAACTTTAGGTCTGTAATGGATTA,.((((((.......))).))).........,69.63164208394255
GGGTCTGTAATGAATTGTTCTCAACCAACT,.(((.((..(........)..)))))....,69.59107361703124
GGGTCTGTAATGGAATGTGCACAACCAACT,((...((((........))))...))....,69.5693682520306
GGGTCCGTAATGGATCGTTCCCAACCAACT,(((..((........))..)))........,69.56196323869591
GGGTCTGTAATGCATTGTTCTCAACCAACT,.(((.((..(........)..)))))....,69.55481538537931
GGGGCTGTAATGGAATGTTCTCAACCAACG,(((((...........))))).........,69.4931753288623
GGGTCTGTAATGGATTGCTCTCAACCTACT,((((..((((....)))).....))))...,69.48749682698858
ACAACCAACTTTAGGTCTGTAATGGATTAC,((((((.......))).)))..........,69.48427353121699
GGGTCAGTAATGGAATGTTCCCAACCAACT,(((.((.........))..)))........,69.46944943253217
GGGTCTGTAATGGACTGTTCTCAACCCACT,((((.((..(........)..))))))...,69.45441500046358
GGAAAGAGACAAAAACGTCTTTATTTCTAG,((((((((((......)))))..)))))..,69.45010056041556
CAAGAAACCTCGTCGCTCGAGCTTGTTTTT,..((((((((((.....))))...)))))),69.39301665395064
GGGTCTGTAATGGCTTGTTCCCAAACAACT,(((((......)))))..............,69.38769278474409
GGGTCTGTAATGGCTTTTTCCCAACCAACT,(((...((....)).....)))........,69.36007775649311
GGGTCTGTAATGGCATGTTCGCAACCAACT,.(((.((((((.....))).))))))....,69.34584966847511
GGGTCGGGAATGGAACGTTCTCAACCAACT,.(((.(((((((...))))))).)))....,69.32571554416914
GCAACCAACTTTAGGTCTGTAATGGATTAT,((((((.......))).)))..........,69.31840898518749
GGGGCAGTAATGGAATGGTCGCAACCAACG,(.(((.((......)).))).)........,69.275051639127
GGGTCTGTAATGGCTTGTTCGCAAACAACT,(((((......)))))..............,69.26750032217517
GGGCCTCTAATGGCTTGTTCTCAACCAACT,(((((......)))))..............,69.26664399210772
GGGTCTGTAATGGAACGTTCGCAACCAACT,.(((.(((((((...)))).))))))....,69.26478684526029
GGGTCTGTAATGGCTTGTTCTCAACCCACT,((((.((..(........)..))))))...,69.257104710595
CAATCGAGTCATCCCTTGACACACATCGAG,...((((((((.....)))).....)))).,69.20704691529865
TGAATGTTGCTATAGGCATGCATGTCGTCT,.((((((((((...)))).)))).))....,69.16922023029177
GGGTCTTTAATGGACTGTTCGCAACCAATT,.(((((.....)))))..............,69.14886446720836
GGGTCGGTAATGGAGTGTTCTCAACCAATT,.....(((....(((....))).)))....,69.12069997646987
GGGGGGGTAAGGGAATGTTCTCAACCAACT,.((..(((..((((....)))).)))..)),69.11128198911442
GGGTCTGTAATGGAGCGTTCGCAACCAACT,.(((.(((((((...)))).))))))....,69.08148930751403
GGGGCTGTAATGGAGTGTCCTCAACCAACT,(((((...........))))).........,69.0441770655041
GGGGCTGTAATGGAATGTCCTCAACCAACT,(((((...........))))).........,69.01765177969408
GGGGCTGTAATGGATTGTGCGCAACCAACT,((.((.(((........)))))..))....,68.9646159672212
TAAGAACGCGATCATTTAAGCTTGTGTTGT,....(((((((.(......).)))))))..,68.95560262368929
GGGGCGGGAATGGATGGTTCTCAACCAACT,.((..((((((.....))))))..))....,68.95372885656624
GGGTCTGTAATTGATTGTTCTCAACCAACT,.(((.((.(((.....)))..)))))....,68.91617455525073
GGGGAAGTAATGGATTGGTCTCAACCAACT,...........((.(((((....))))))),68.90922587538815
GGGTCCGAACTGGATTGTTATCAACCAACT,.(((((.....)))))..............,68.90885284244386
GAATAGAGGTATCATATTTCATACCTTGCG,.....(((((((........)))))))...,68.90704691529865
GGGTCTGTAGTGGATTGTTCACAACCAACT,.(((..((.(((((...))))).))..))),68.85522587775652
CGGTTTACAATGAAACTTTTGAAGCCCAGT,.(((((.(((........))))))))....,68.83671679150221
GGATGCGGCAAAATGAGAAATGGCGGGCCG,((.(.((.((..........)).)).))).,68.83584333895752
GGGTCTGTCATGGATAGTTCTCAACCAACT,(((.(((((...)))))..)))........,68.83229150599377
GGGTCTGTAATGAATTGTTCGCAACCAACT,.(((.((((((.....))).))))))....,68.82022766987477
GGGTCTGTAATGGATTGTCCTCAAACAACT,.(((.(((...(((...)))....)))))),68.77585361000303
GGGTCTGTAATGGATTGCCCTCAACCAGCT,((((............))))..........,68.77236539580186
GGGTCTGTATTGGATTGTCCTCAACCAACT,.........((((.(((....)))))))..,68.77213315996102
GGATAGGCACGTGTATTAGGTCGTATTCTA,(((((.(.((.((...)).))).)))))..,68.73996988641281
GGGTTTGTACTGGATTGTTCTCAACCAACT,.((((.(.((......)).)..))))....,68.73984550401204
GGGTCTGTCATGGATTGTTCCCAACCAACT,(((...(((...)))....)))........,68.73231617172077
GGGTCTGTAATCGATTGTTCTCAACCAACT,.(((.((..(........)..)))))....,68.72539516424449
GGGTCAGTAATGGAATGGTCCCAACCAACT,((((((.........))).)))........,68.6302814250486
GAGGGTAGCAACGTCTATCGCTATTACCGT,...(((((...((.....))...)))))..,68.61204691529865
GGGTCGGTAATGGAAGGTTCTCAACCAACT,.(((.(((...(((....)))..))).))),68.57966406020958
GGGTCCGTTATGGATCGTTCTCAACCAATT,.(((((.....)))))..............,68.55794356384706
GGGTCTGCAATGGATTGTTCCCAACCAATT,(((...((((....)))).)))........,68.55732763771077
GGGTCTTTAATGGACTTTTCTCAACCCATT,.(((((.....)))))..............,68.54984985134729
GGGGCAGTAATGGAATGTTCCCAACCAACG,((((((.........)))))).........,68.5074241715262
GGGTCCGTTATGGATTGTTCCCAACCAACT,((((((.....))).....)))........,68.46657088687851
CAATGGCCACATCACTTGGGTCCGAGCCAT,..((((((..(((.....)))..).))))),68.43249395793964
GAAGGTGAGTGCGATGTGCCTTGTTTCGTA,((((..(((.((.....))))).))))...,68.41328487953524
GGGTCTGTAAGGGACTGTTCACAACCAACT,.(((((.....)))))..............,68.34380305340156
GGGTCTGTAATGGATTTTTCGCAACCTACT,((((.(((....((....)))))))))...,68.34241644533006
GGGTCTGTAAGGGACTGTGCGCAACCAACT,.(((((.....)))))..............,68.3323665644258
ACAACCAACTTTAGGTCTGTAATGGATGAT,((((((.......))).)))..........,68.27540601003471
GGGTCCGTAATGGCATGTTCTCAACCAACT,(((..(((......)))..)))........,68.2654823824469
GGGTCTGTAATGGAGTGGTTTCAACCAACT,.(((.((.(((......))).)))))....,68.253363399969
GGGTCGGTAATGGAGCGTTCTCAACCAACT,.(((.(((...(((....)))..))).))),68.24578356133958
GGGTCTGTAATGGATTGTTCGCAATCAACT,............(((((....)))))....,68.17937644996161
CGAGGATTCCTTGCCTGGTAAGGTCGAGTT,.........(((((((....))).))))..,68.16367460901712
GGGTGTGTATTGGATTTTTCTCAACCAACT,.(((.((....(((....))))))))....,68.08931237669339
GGGGCCGTAATGGAATGTTCGCAACCAATT,(.((.(((......))).)).)........,68.08663251704394
GGGTCGGTAATGGAGTGTCCTCAACCAACT,.(((.(((...(((...)))...))).))),68.08636346458813
GGGTCCGTAACGGATTGTTCTCAACCAACT,.((((((...))))))..............,68.01916197974089
GGGTCCTTAATGGACCTTTCTCAACCTATT,((((((.....)))))).............,68.00821112194996
GGGAATTTTTAGTTGTCTCAACAAGACCTT,(((...((((.((((...))))))))))).,68.0062216058076
GGGTCAGTAATGGATGGGGCTCAACCAACT,(((((............)))))........,68.00257918459943
GGGTCTGTGATGGCTTGTTCTCAACCAACT,.(((.((.((........)).)))))....,67.98479128107395
CAAAGCACTTTCCTAACTGCGGAGGGGTTT,..((((.((((((.......)))))))))),67.94538024863198
GGGGCCGTAATGGAGTGTCCTCAACCAACT,((((((........).))))).........,67.91266475866348
GGGTCTGTAATGGATTGCTCTCAACCGACT,.((((.((...(((....)))..)).)))),67.83082511672961
GGGGCGGTAATGGATGGTGCCCAACCAACT,.(((((.((.....)).)))))........,67.81559270823799
ACAACCAACTTCAGGTCTGTAATGGATTAT,((((((.......))).)))..........,67.77159439748523
GGGGCCGTAATGGAGAGTTCTCAACCAACT,((((((........).))))).........,67.7531272901835
GGTCTAGGCAACTTTGTTCACCAGGCTTTA,(((((.((.(((...)))..)))))))...,67.74615970759575
GGGGCAGTAATGGAATGTGCTCAACCAACT,.(((((...........)))))........,67.72826002069385
GGCTCTGTAATGGATTTTTCTCAACCAACT,..........(((...........)))...,67.66208134290324
TGGTTTGTAGACTTATTGGCTCACGACCTG,.((((((.((.((....)))))).))))..,67.64762463194238
GCGAAGTCAGACAACACGTATGGCATCCGT,(.((.((((.((.....)).)))).)))..,67.61204691529865
GAGCAGTACTCTGCCTCTTGGTAAGGACTT,....(((.((.((((....)))).))))).,67.5707355902184
GGGTCTGTGATGGAGTGTTCTCAACCAACT,.(((.((.((........)).)))))....,67.56699443912957
GGGTCTGTACTGGCTTGTTCCCAACCAACT,(((((......)))))..............,67.48954292559762
GGGTCAGTAATGGCTTGTTCCCAACCAACT,(((.((((....)).))..)))........,67.44811076193832
GGGTCTGTACTGGATTGTTCGCAACCAACT,.(((.(((((......))..))))))....,67.42674838242004
GGGCCTGTAATGGATTGTTCTCAAACAACT,...((......)).(((((....)))))..,67.398987266506
GGGGCAGTAATGGAATGTTCGCAACCAACT,.(((((.........)))))..........,67.39650795289378
GGGTCTGTAATGTATTGTTCCCAACCAACT,(((................)))........,67.37469173341296
GGTATAGGCCGTTAGTCCGCTAGTATATTA,.((((.(((.(.....).))).))))....,67.33584333895752
GGGTCAGTAATGGAATGTGCTCAACCAACT,((...((((........))))...))....,67.32118116194258
GGGTCTGTAATGGATTGTTCCCATCCAACT,..........(((((.......)))))...,67.30101004935528
GGGCCGTAATGGGATTTTTCCCAACCAACG,.........(((((....))))).......,67.29427728198809
GGGTCGGTAATGGAGTGTTCCCAACCAACT,.(((.(((...(((....)))..))).))),67.28965200901906
GGGGCTGTAATGGAATGTTCGCAACCAACT,..((.((((((.....))).))).))....,67.25979315983984
GGGTCAGTAATGGAATGTCCTCAACCAACT,.(((..((...(((...)))...))..))),67.23911004408492
GGGTCTGTAATGGATTGTTCGCATCCAACT,..........(((((.......)))))...,67.22697552471264
GGGTCAGTAATGGATCGTTCTCAACCAACT,.((((.......))))..............,67.22651746035984
GGGTCAGTAATGGAATGGTCTCAACCAACT,...............((((....))))...,67.20822943361776
GGGGCTGTAATGGAATGTGCTCAACCAACT,.((((.............))))........,67.1866274727216
GGGGCTGTAATGGAGTGTTCCCAACCAACT,((((((.......)))...)))........,67.15835997190509
GGGTTCGTAATGGATTGCTCTCAACCAACT,((((((......))..))))..........,67.09598688258643
GGGTCTGTAATGGCATGTTCTCAACCCACT,((((.((..(........)..))))))...,67.06615381036744
AGCGGTAAGTAGGGGGATTAAATTGCCAAT,...(((((.(((.....)))..)))))...,67.06426837334541
GAAAAGCGGTGTCATATATGAATCTAGCGT,.....((((..(((....)))..)).))..,67.0294678231391
GGGTCCTTAATGGATCTTTCTCAACCCATT,((((((.....)))))).............,67.02683738434324
GGGTCCGCAATGGAATGTTCTCAACCAACT,((((((.....))).....)))........,67.01815045213637
GGGTCAGTAATGGATGGTTCTCAACCAACG,............(.(((((...))))).).,67.01362681884649
TGGATGTCTTTTTGTCTATTCACAGACCTT,.............((((......))))...,66.94900014776083
GGGTCTGTACTGGAATGTTCTCAACCAACT,((......((......))......))....,66.94388158201153
GGGTCTGAAATGGAGTGTTCTCAACCAACT,.(((.((((((.....))).))))))....,66.92026705273281
GGGTCTGTAATGGATTTCTCTCAACCTATT,((((.((....(((....)))))))))...,66.89453581954045
GGGGCCGTAATGGAAAGGTCTCAACCAATG,((((((..........))))))........,66.89422577317367
ACCGTTGGGTTGCGAAGTGTTCCAGATGAT,..(((((((.(((...))).)))).)))..,66.8705957461102
GGGGCTGTAAGGGAATGTTCTCAACCAACT,..........((((....))))........,66.82708694624057
GGGTCTGTTATGGATTTTTCTCAACCTATT,((((.((....(((....)))))))))...,66.80974461269393
GGGTCTGTAATGGATTGTACTCAGCCAACT,((.(..(((........)))..).))....,66.80581971542603
GGGTCTGTAATGGAGTGTTCTCAGCCAACT,.((.(((....(((....))))))))....,66.78613067476546
GGGGCAGTAATGGAAGGTTCTCAACCAACT,...............((((...))))....,66.78146000303289
GGGTCCGTAAGGGAATGTTCTCAACCAACT,((((((.....))).....)))........,66.77239421588567
GGGGCTGTAATGGAGTGTGCTCAACCAACT,.((((.............))))........,66.76995477309082
CAAAGCACCGGTCCATACTGGAGCGTTATT,....((.(((((....))))).))......,66.75954806156182
GGGTCTGTATTGGATTTTTCTCAACCTATT,((((.((....(((....)))))))))...,66.7381152297455
GGGGCTGTAATGGAGTGTTCTCAACTAACT,............(((....)))........,66.70592563966751
GGGGCAGTAATGGCGAGTTCTCAACCAACT,(((((.((....))..))))).........,66.69137915400597
GGGACTGTAATGGAGTGCTCTCAACCAACT,((((((.......))).)))..........,66.67001014569605
GAGATACGTCAATGGTAAAACCTCTACGAT,......(((....(((...)))...)))..,66.62759024404693
GGGGCAGTAATGGAAAGTGCTCAACCAACT,.(((((.(.......).)))))........,66.61947454736014
GCGGTCACGTCAAAGGTATACGTTATCCAT,(.(((.((((.........)))).))))..,66.61204691529865
GGGTCAGTAATGGAAAGTTCTCAACCAACT,((...((.(((.....)))))...))....,66.60383186987659
GGGTCTGTAACGGAATGTTCTCAACCCACT,((((.((.(((.....)))..))))))...,66.52981271352004
GGGTCGGTAATGGAATGTGCTCAACCAACT,((...((((........))))...))....,66.51600659186406
GGGTCTGTCATGGATTGCTCTCAACCAACT,((((..(((...))).))))..........,66.47641512842017
GGGGCAGTAATGGAAAGGTCTCAACCAACT,(((((............)))))........,66.46671327588508
GCGGATACCTTAGGCGCGCTTTGTAGCTTA,(((...........)))(((....)))...,66.46610468696302
AGCCGTGGGTAGGGAGGTTTTGTCCGGAAT,.(((...)))..(((.......))).....,66.44802092825891
GCAAGGACGCAATGTTATTTGTCAATCTTC,...((((.((((......))))...)))).,66.38935090429452
GGGTCAGTAATGGATAGGTCTCAACCAACT,................(((....)))....,66.37106189104568
GGGTCCGTCTTGGCCTGTTCTCAACCAACT,(((((......)))))..............,66.28652265170369
GGGGCAGTAATGGAAAGTTCTCAACCAACT,((...((.(((.....)))))...))....,66.27920638527527
GGGTCTGTGATGGATTGCTCGCAACCAACT,.(((.(((((........))))))))....,66.27683663650186
GGGTCTGCAACGGATTGTTCTCAACCAACT,.((((((...))))))..............,66.24878325456234
GGGTCTGTAATGGATTGCTCTCAAACAACT,(((...((((....)))).)))........,66.21890899005396
GGGTCTGTGATGGAGTGTTCGCAACCAACT,.(((.(((((........))))))))....,66.17728342942675
GGGGAAGTAATGGAATGTGCTCAACCAACT,((...((((........))))...))....,66.12846349785875
AAGTCATATAACACTTACAATGTATGCCAG,..(.((((((..........)))))).)..,66.09631789191488
GGGTCTTTAATGGATTTTTCTCAACCTATT,((((......((((....)).))))))...,66.08179131430133
GGGTCTTTAATGGATTTTTCTCAACCTACT,((((......((((....)).))))))...,66.07974439900268
GGGTCTGTATTGGATTGTAATCAACCAACT,.........((((.(((....)))))))..,66.07453608293876
GATATGGAACAGTTGTTTATCCAGCTGATA,.........((((((......))))))...,66.07399097765537
GGGTCAGTAATGGAGTGTGCTCAACCAACT,((...((((........))))...))....,66.07009806164274
GAGAAGGCCCTATGGCGCGTTTTTCTCTTA,(((((((((....))).....))))))...,66.06798455858154
GGGGCCGTAATGGATCGTCCTCAACCAATT,((((.((........)).))))........,66.02547149320594
TGCAGTCCGCAATCGTATGCTTACTCCCAT,...(((..(((......)))..))).....,66.01204691529864
GGGTCCGTATTGGACTTTTCTCAACCCATT,.(((((.....)))))..............,65.98410036546298
GAATGGTCCAAGCCTCGTACTTATCACATT,....(((....)))................,65.96692999645408
GGGTCTGTACTGGATTGTTCTCAAATAACT,.(((((.....)))))..............,65.91082099636108
GGGTCTGTAATGGATGGTTCTCAGCCAACT,.((.(((....(((....))))))))....,65.89221315780443
GGGTCCTTTTTGGACTTTTCTCAACCCATT,.(((((.....)))))..............,65.88027282762039
GGGTCCGTTATGGACCGTTCTCAACCCATT,.(((((.....)))))..............,65.87952620289123
GGGGCAGTAATGGAATGTTCACAACCAACT,.(((((.........)))))..........,65.77215327895539
GGGCGGTAATGGACAGTTCTCAACCAACTG,((..(((...(((....)))..)))..)).,65.7458455021031
GGGTCTGTAATGGCTTTTTCTCAACCCATT,((((.((..(........)..))))))...,65.73298940002935
CCAATGATGTGTAGTTTTACCCATTTTTGC,.(((.((((.(((....))).)))).))).,65.6807745631666
GGGTCTGTACTGGATTGTTCACAACCAACT,.(((.(((((......))..))))))....,65.67168997900197
GGGGCTGTAATGGAGTGTTCGCAACCAACT,..((.((((((.....))).))).))....,65.60004157387745
TAGAAGGTGGATCTCTAAGGCGGAACCACT,.....(((((.(((.......))).))))),65.5637135819653
GGCCGGATATCGGAGGAGAGCCGTAGCGTA,.(((((...((....))...)))..))...,65.54538024863199
GGGTCTGTAATGGACTGTTCGCAACCCATT,((((.((((((.....))).)))))))...,65.54486378106755
GGGGCCGTAATGGACTGTGCCCAACCAACT,.((((((........)).))))........,65.51212744244933
TTTCGCACGCAAATACTTGGTATCCGATAA,..(((.((.(((....)))))...)))...,65.48902765807719
GGGTCAGTAATCGATTGTTCTCAACCAACT,(((.((((.....))))..)))........,65.47698407487903
GGGTCCGTAATGGATTGTTCCCAACCCACT,((((......(((.......)))))))...,65.41318303437946
GGGTCTGTAATAGATTGTTCCCAACCAACT,(((((((...)))).....)))........,65.41265699224141
GGGTCTGTAATAGATTGTTCGCAACCAACT,.(((.(((((((...)))).))))))....,65.37955527611282
GCATAAAATCCTGACCAGGTCATCATGTTG,((((.....(((....))).....))))..,65.31204691529865
GGGTCTGTTATGGCCTGTTCGCAACCAACT,(((((......)))))..............,65.29733068260873
GGGTCTGTAATGGAATGTTCTCAACGAACT,................((((.....)))).,65.2292607392911
GGGTCGGTAATGGAAGGTTCCCAACCAACC,.(((.(((...(((....)))..))).))),65.22462908361072
GGGTCTGTAATGAATTGTACTCAACCAACT,((....(((........)))....))....,65.1953862479106
ACAACCAACTTTAGGTTTGTAATGGATTAT,((((((.......)).))))..........,65.1894003441227
GCGCAACTAAGAATGTATATGTTCCTGCAT,..(((.....((((......)))).)))..,65.16885571859989
GGGTCTGTAATGGCTTGTTCGCAACCCACT,((((.((((((.....))).)))))))...,65.16814959055476
GGGGCCGTAATGGAAGGTGCGCAACCAACT,.(.(((.........))).)..........,65.10542702174857
GGGTCGGCAATGGAATGTTCTCAACCAACG,.(((.((.(((.....))).)).)))....,65.06617901207883
GGGTCCTTAATGGCCCTTTCTCAACCAATT,(((((......)))))..............,65.01967072854778
GGGGCAGTAATGGATAGTTCTCAACCAACG,((...((.(((.....)))))...))....,64.98416794358151
GGGTCGGTAATGGAGTGTGCCCAACCAACT,((...((((........))))...))....,64.95585301001908
GGGTCTGTAATGGAGTGTTCTTAACCAACT,.(((..((...(((....)))..))..))),64.93931845949808
AGAACATCTTGCCGTCAGCATGCAGTCGTA,.((......(((.....))).....))...,64.90704691529865
CGGGGTCGTAATGGATTGTTCTTAACCAAC,.(.((((......)))).)...........,64.89159060615961
GGGGCCGTGATGGAATGTTCTCAACCAACT,((((.(((......))).))))........,64.88539241285002
GGGGCGGTAATGGAAGGCGCTCAACCAATT,.(((((.(.......).)))))........,64.88475955717743
ATGGAGTTACGTGTGTTTACCCCATTTTTG,((((.((.((....))..)).)))).....,64.85807855216247
GGGTCTGTAATGGATTATGTCGTCCCGATG,(((.(.((((....))))...).)))....,64.83856341335616
GGGTCTGCAATAGATTGTTCTCAACCAACT,(((...((((....)))).)))........,64.81817663089524
GGGTCTGTCATGAATTGTTCTCAACCAACT,.(((.((..............)))))....,64.7995041804576
GGGTACATATGGTTCCAATTTATGCTAGTC,(((..(....)..)))..............,64.79265214225876
GGGGCAGTAATGGAATGTGCTCAACCAATT,.(((((...........)))))........,64.73503101741996
GGGGCCGTAATGGACTGTGCTCAACCAACT,.((((((........)).))))........,64.72938558518905
GGGTCTTTTTTGGACTGTTCTCAACCTATT,.(((((.....)))))..............,64.72632631213563
GGGTCTGTAAGGGATTGTGCTCAACCAACT,((....(((........)))....))....,64.71469899399415
GGGGCGGTAATGGAGTGTTCGCAACCAACT,((.((((...........))))..))....,64.71329557748098
GGGTCAGTAATGGAGTGCTCCCAACCAACT,(((..((((......)))))))........,64.68493536552079
GCGCATAGCTTACACCACTTTATGCAGCTA,((((((((...........)))))).))..,64.64538024863198
GGGGCGGTAATGGAGTGATCTCAACCAACT,.((..(((...(((....)))..)))..)),64.61076663115222
GGCTCTGTAATGTATGGTGCCCAACCAACT,(((.(((((...))))).))).........,64.56792339865528
AAAGATGAATTAACACTCAATGTCTACTTG,..((((((........)))...))).....,64.55051321516109
AAGAATCGTATCGCCCCTTGATAGGGTGTT,...........(((((.......)))))..,64.54538024863199
GGGTCAGTAATGGAAGGTGCTCAACCAACT,((...((((........))))...))....,64.52454463022092
CATGCCCACGGTACTAGTATCCGAAACCAT,........(((.........))).......,64.50704691529864
CGATAGAGTCCGTCCCGCCATTCATCCGAG,.(((.((((.((...))..)))))))....,64.49136603496852
GGGTCTGGAATGGAGTGTTCGCAACCAACT,.(((.((((((.....)))).)))))....,64.47799889954378
GGGTCAGTAAGGGAATGTTCCCAACCAACT,.(((..((..((((....)))).))..))),64.39728892987917
GGGGTCGTATTGGAATGCGCCCAACCAACT,.(((.(((((....))))))))........,64.31477708632559
ACGTATCGAATGTATCAAACGAGGCCCGTA,(((..(((..((...))..)))....))).,64.304983641571
GGGTCCGTAATGGAGTGTGCTCAACCAACT,((((.((........)).))))........,64.30430310351258
GGGGCGGTAATGGAATGTGCCCAACCAATT,.(((((...........)))))........,64.26562664189684
GGGTCAGTACTGGCTTGTTCTCAACCAACT,((((((....))))))..............,64.25599758400323
GGGTCAGTAATGGAATGTTCGCAACCAACT,.(((..(((((.....))).)).)))....,64.24146233832417
ACCAACCGTTATTTCGGGTCTGTAATGGAT,.....(((((((.........)))))))..,64.21483160708024
GGGGCAGTAATGGCGAGTGCTCAACCAACT,.(((((.(.......).)))))........,64.21482134644616
GGGACGGTAATGGAGTGCTCTCAACCAACT,((((.((((......)))).))..))....,64.21013923521703
GGGTCGGTAATGGAGTGTTCTCAGCCAACT,.(((.(((....(((....))).))).))),64.20272662525122
AAGCCTGATAACCTTGCACATCTATGCTTA,((((..(((..........)))...)))).,64.10704691529864
TGGTCTGTCATGGATTGTTCGCAACCAACT,((((.(((((.....))...)))))))...,63.98440042252027
GGGTCAGTAATGGAGTGTTCTCAATCAACT,............(((....)))........,63.943712909308836
GGGTCGGTATTGGATTGTTTTCAACCAATT,........(((((.(((....)))))))).,63.91631087353229
GCTTAGGTAACTAGGGTATTGTCGCTATAA,.(((((....)))))...............,63.85450450356091
GGGGCAGTAATGGAGAGTTCTCAACCAAAT,............(((....)))........,63.8544085370319
CATATACACATTAGTCATCTCAGTCTATGA,........(((.((.(......).))))).,63.847260120250496
GGGTGAGTACTGGAATGTTCTCAACCCACT,(((((((.((......)).))).))))...,63.706216778739005
GGGTCCTTATTGGATTTTTCTCAACCTATT,.(((((.....)))))..............,63.70025908615952
GGGTCTGTAATGGCTTGTTCCCAACCCACT,((((......(((.......)))))))...,63.689855881594276
GGGATACGTCCAGTGTTTTACCTTGCTTAA,(((((((.....)))))))...........,63.6799515462019
GGGGCAGTTATGGATTGTGCCCAACCAACG,.(((((...........)))))........,63.67986235695419
GGGGCCGTAATGGAGTGTGCGCAACCAACT,((...((((........))))...))....,63.66280687895252
GGGTCTGTAATGGAATGTCCTCAAACAACT,.(((.(((...(((...)))....)))))),63.63478384307384
GGGTCTGTAATGGCTTGTACTCAACCCACT,((((..(((........)))...))))...,63.5877016604845
GGGTCGGTAATGGAGTGTTCGCAACCAACT,.(((.(((..((((...))))..))).))),63.55968603417088
GGGGCAGTAATGGAGTGTGCGCAACCAACT,((.((.(((........)))))..))....,63.513850810581154
GGGGCTGTGATGGAGTGTTCTCAACCAACT,..((.((.((........)).)).))....,63.48707890883806
GGGGCAGTAATGGAAAGGTCTCAACCAATT,(((((............)))))........,63.4734842726112
AGTCCGAGCATACTCGCCGCGTAATGACTT,((((((((....)))).........)))).,63.4530831372152
GGGGCTGTAAGGGAGTGTTCTCAACCAATG,..........(((((....)))..))....,63.42083793024932
GGGGCCGTAATGGAGTGTTCGCAACCAACT,.(((((........).))))..........,63.419882659341766
ACAACCAACTGTAGGATTGTAATGGACCAT,((((((.......)).))))..........,63.39580910665614
GGGTCTGTATGGATTGTTCTCACCCAACTG,((((..(...........)..)))).....,63.28131338251991
GGGGCTGTAATGGAGTGTTCTAAACCAACT,(((((...........))))).........,63.264684808306335
GAATCACAATTGATTGTTTTACATGATTAT,.(((((....)))))...............,63.26046507210744
CAGACTGAGTATCATGCCTTACAAATCTAG,........(((........)))........,63.20704691529865
GGGGCTGTAATGGGTTGTTCTCAAACAACC,............(((((((....))))))),63.158470146083225
GGGGCAGTAATGGAAAGGGCCCAACCAACG,.((((.............))))........,63.05771292789646
GGGTCAGTAATGGAATGTTCACAACCAACT,.(((..((..((((...))))..))..))),63.054176797571785
ACCAACTGTTATTTCGGGTCTGTAATGGAT,.....(((((((.........)))))))..,63.05150881132423
GTAATGGATTGTTCTCCACCAACTGTCGTC,....((((......))))............,63.02337618952154
GGGTTTGTAATGGATTGCTCACAACCAACC,.((((.((..(((.....)))..)).)))),62.9583408329227
ACAACCAACTTTAGGGCTGTAATGGATTAT,(((.((........)).)))..........,62.901629895313064
GGGACTGTAATGGAGTGTTCACAACCAACT,.((((...........))))..........,62.890039855761984
GGGTCTGTACTGGCTTGTTCTCAACCCACT,((((.((.((......))...))))))...,62.857780169457534
GGGTCCGTAATGGAATGTTCGCAACCAATT,((...((.(((.....)))))...))....,62.806614201095954
GGGGCCGTAATGGATAGTGCCCAACCAATT,.((((..((.....))..))))........,62.80236010587849
GGGGCTGTAATGGAATGTACTAAACCAACT,((....(((........)))....))....,62.72461701979323
GGGTCTGTAAGGGAATGTTCGCAACCAACT,.(((.(((.((......)).))))))....,62.628323083670935
GGGTCTGTATTGGCTTTTTCCCAACCAACT,(((...((....)).....)))........,62.6274099320277
GGTTCTGTACTGGATTGTTCTCAACCCTCT,((((..(.((......)).)..))))....,62.57061348933037
GGGGCTTTATTGGATTGTTCCCAACCAACT,(((((...........))))).........,62.568663757492416
GGGTCGGTAATGGACTGTTCGCAACCAACT,.(((.(((..((((...))))..))).))),62.52770667827538
GGGGCCGTAATGGACTGTGCGCAACCAACT,((...((((........))))...))....,62.431611097731405
GGGTCAGTAATGGAGGGTTCCCAACCAACT,..........(((..((...))..)))...,62.419712568083625
GGGTCTGCAATGGAGCGTTCGCAACCAACT,.(((.(((((((...)))).))))))....,62.38812930570553
GGGTCCGTAATGTACTGTTCCCAACCAACT,(((..((........))..)))........,62.2552013263242
GGGTCTGTTATGGAATGTTCCCAACCAACT,(((..((((....))))..)))........,62.254063010549615
GGGTCTGTTATGGCTTGTTCTCAACCCACT,((((.((..(........)..))))))...,62.25236401457157
GGGTCTGTATGGGCATGTTCTCAACCAATT,.(((.....((((......)))))))....,62.192619072893905
GGGTCTGTATTGGACCGTTCTCAATCCATT,.(((((.....)))))..............,62.185756847055146
GAGTAGAACAGGGTTTTATCATGCTATTAT,..(((((((...)))))))...........,62.17871358196531
GCGAATTACCACGAGCGCTTGTAGTACATG,......(((.((((....)))).)))....,62.127269290355954
ACCAACCGGCATTTCGGGTCTGTAATGGAT,.(((((.(((.......))).))..)))..,62.07754617088935
GCATGGGTGCCCAATTACTTTTGGACTATC,(((....)))((((......))))......,62.04951452978565
GGGTCCTTAATGTACCTTTCTCAACCAATT,((((.(.....).)))).............,62.032600864525044
ATTGATATGTATGTACCGTCAATCTTTTTG,((((((..((....)).)))))).......,61.98568056958567
GGGTCTGTAAGGGAGTGTTCGCAACCAACT,.(((.(((.((......)).))))))....,61.91440606525815
GGGGTCGCAATGGAATGCTCCCAACCAACT,((((..(((......)))))))........,61.76921042024397
GAGCTACATTTGGCAATCTTCTAAGGTCTT,..((((....))))................,61.738594370594384
GGGGCAGCAATGGAATGTGCGCAACCAACT,((.((.(((........)))))..))....,61.729725220657926
GGGTCAGAAATGGAATGTTCCCAACCAACT,(((.((.........))..)))........,61.598314153394114
GGGTCGGTAAAGGAAGGTTCTCAACCAACT,.(((.(((..((((...))))..))).))),61.58570314057171
GCATGGGTGCCCAATTATTTTTGGACTATC,(((....)))((((......))))......,61.54867919406985
GGGGCGGTAATGGAGTTGGCTCAACCAATT,.((((.(.........).))))........,61.53533444091899
GGGTCGGTCATGGATTGTCCTAAACCAACT,(((.(((((...))))).))).........,61.427432556694804
GAGAAGATGAGGTCTATAACTCTGCTAATA,........(((........)))........,61.37871358196531
GCATGGGTGCCCAATTGCTTTTGGACTATC,(((....)))((((......))))......,61.286127612226664
GGGGCGGTAAGGGATCGGTCTCAACCAACT,(((((.(........).)))))........,61.256963378344885
GGGTCTTTATTGGATTTTTCTCAACCTATT,((((......((((....)).))))))...,61.174699232211324
GGGTCTTTATTGGATTTTTCTCAACCTACT,((((......((((....)).))))))...,61.174699232211324
GCCGTATACCAGCACTCTTTTGTAGTCTAA,..........((.((((....).)))))..,61.158034994161554
GGGGCAGTAATGGAAAGTTCGCAACCAACT,((.((.(.(((.....))))))..))....,61.07883292920934
GGGGCTGAATGGACTGTTGTCAACCAACTG,...........(((....))).........,60.991417577441574
GGGGTCGTATTGGCTGGCTCTCAACCAACT,((((((((....)).)))))).........,60.9408256088593
AGGACGTTTAGGCCCAAGCGACTGGTGGAC,.((.(((((......))))).)).......,60.94038024863198
GGGTCGGGAAGGGAAAGTTCTCAACCAATT,.(((.(((((.......))))).)))....,60.91863226530927
GTGTGGGTACTGGGTCATTCTCAACCAACT,..((.(((..((((.....))))))).)).,60.8936445323363
GGGTCAGTAAGGGAATGTTCCCAACCAATT,..........((((....))))........,60.893440457578734
GGGTCCGAAATGGATGGTTCCCAACCAATT,((((((.....))).....)))........,60.78441523675791
GGGACAGCAATGGAAAGTTCTCAACCAACT,((((..((........))))))........,60.76909439036055
GGGTCTGTCATGGCTTGTTCTCAACCCACT,((((.((..............))))))...,60.68865635971975
GGGCCTGTAATGGATTGTCCTCAACAAACT,((((............))))..........,60.65866438983728
GGGTATGTATTGGATTGCTCCCAACCAACT,(((...(((......))).)))........,60.639004421860854
GGGCCTGTACTGGATTGCTCTCAACCAACT,((((............))))..........,60.440952705795105
GGGGCAGTATTGGCTTGTTCTCAACCACCT,((((((((....)).)))))).........,60.395133155056755
GGGGCCGTAATGGAATTTTCTCAACCCACC,(((.....................)))...,60.3905660707924
GGGTCAGTAATGGCATGTTCCCAACCACCT,(((.((((....)).))..)))........,60.34560466864456
GGGTCTGCATCGGCTTTTTCCCAACCAACT,(((...((....)).....)))........,60.33460952943812
CGGGGCCGTAATGGGTTTTTTTCAACCAAC,.((((((......))))))...........,60.32555385722551
GGGTCCTTTTTGGATTTTTCTCAACCCATT,((((((.....)))..........)))...,60.281756790126394
GGGACTGTAATGGATTGTTTGCAAGCATCT,..(..(((((........)))))..)....,60.27074187131738
GGGGCAGTAAGGGAAAGTTCTCAACCAACT,..........((((....))))........,60.211631813681976
GGGTCCGGAATGGACAGTTCCCAACCAAGT,.(((..(((((.....)))))..)))....,60.20597268647396
GGGTCGGTAATGGAGGGTTCTCAACCTACT,.(((.(((....(((....))).))).))),60.1601196518093
GGGTCGGTAATGGAGTGTTAACAACCAACT,.(((.(((..((.........))))).))),60.10538588709873
GTCTGTAATGGATTTTTTTCAACCCACTGT,........((((.....)))).........,59.81572066302146
GGGTCTGTATTGTATTGTTCTCAACCTACT,((((.((..............))))))...,59.741956391091165
GGGTTTAGATATATTGTTCTCAACCAGTCT,.((((.(((........))).)))).....,59.73379777389598
GGGTCCGTACTGGACTGTCCTCCACCACCT,.(((((.....)))))..............,59.68458305120955
GGGTCTTCAATCGACCGTTCTCAACCAATT,.((((.......))))..............,59.679447872129764
GGGTCTGTAATCGAATGTTCGCAACCCACT,((((.((((((.....))).)))))))...,59.612379889081744
GGGGCGGTAAGGGACTGTGCTCAACCAACT,((.(((((.....))))).)).........,59.523589981858706
AGCACTGTACTGGGTTGTTCACAACCAACT,............(((((....)))))....,59.41906174629404
GGGGCTGTTATGGAATGTTCTCAACCAATT,((((.((((....)))).))))........,59.34404572032361
GCCGGATTGGTAACAGTCCTTAATGGCTAC,(((((((((....)))))).....)))...,59.25959849714184
GGGTCCGGAATGGAGGGTTCCGAACCAAGT,.(((.((((((.....)))))).)))....,59.21729915702981
ACCAACACGTTTTACTGGTCTGTAATGGAT,.(((.......((((......)))))))..,59.185030820203146
AGTCTGTAATGGATTTTCAAAAAAACCAAT,.........(((.((((....)))))))..,59.03896721599837
CGTCTGTAATGGATTTTCAAAAAAACCAAT,.........(((.((((....)))))))..,59.02551652858196
GGGTCAGAAATGGATAGTTCCCAACCAACT,(((................)))........,59.00538785703242
GGGGCTGCAATGGAAAGTTCCCAACCAACG,((((((.........)))))).........,58.96571600954252
GGGTCTGTAACGGACTGCTCCCAACCCACC,((((.((....(((....)))))))))...,58.85428354838751
GGGGCCGCAATGGAAGGTGCCCAACCAATA,((((((.........))).)))........,58.83253585108776
GGGTATGTCATGGCTTTTTCTCAACCAACT,.(((.((..............)))))....,58.830730802721654
GGGGCAGTAATGGAAAGTTCACAACCAACT,.((((...........))))..........,58.824409915991616
GGGGCAGTAATGGAGAGTTCACAACCAACT,.((((...........))))..........,58.67461141699309
GGGGCTGAAATGGACAGTTCGCAACCAACT,.((((((.......))))))..........,58.56771404817082
ACCAACCGGTATTTCGCGCCTGTAATGGAT,.(((((.(((.......))).))..)))..,58.32078643569626
ACCAATCTAGTAACAGAGTCTGTAATGGAT,....(((((...((((...))))..))))),58.2504460960806
GGGTCCGCAATGGACTGTGCCCAACCAATT,((((..(((......)))))))........,58.24171883380186
GGGGAAGTAATGGAATGGGCACAACCAACG,...............(((......)))...,58.14288404888874
GGGTCTGTACTGGATTTTTCGCAAACAACT,.(((.(((....((....))....)))))),58.10928006697027
GGGTCCGTCATGGAGAGGGCGCAACCAACG,(.((((.((.....)))))).)........,58.10744830781387
GGGGTCGCAATGGCATGCTCGCAACCAACT,.((((.((....))..))))..........,57.97879569797168
AGGGGGGGTAATGGGGTGTTCTCAAACCAA,......(((..((((.....)))).)))..,57.96804801664255
GGGGCAGTATTGGAATGTGCTCAACCAATT,((...(((((......)))))...))....,57.92570888359996
TAGAAGGTGGATCCCTAAGGCGGAACCACT,.....(((((.(((.......))).))))),57.888713581965305
GGGTCTGTCCTGGAATTTTCTCAACCTACT,((((.((....(((....)))))))))...,57.859457527577334
GGGCCCGTAATGGATTGTGTTCAAGCTTCT,((((.((........)).))))........,57.854654376064076
GGGTCTTTAATGGCTTTTTCTCAACCCATT,((((...................))))...,57.78902245834323
ACCAACACGTTTTACTTGTCTGTAATGGAT,.(((.......((((......)))))))..,57.75052549021975
GGGGTCGCAATGGAAGGTGCCCAACCAATT,.(((.(((........))))))........,57.65305941952771
GGGTCAGTAAGGGAAAGTGCCCAACCAACT,(((.((.(.......).)))))........,57.604374733409166
TGTTCCTCAATGGCTTTTTCTCAACCAACT,....((.....)).................,57.465084696897456
GGGGCCGTTATGGAATGTTCTCAACCCATT,((((.((((....)))).))))........,57.437721967337296
TTTTCCGTAATTGATTTTTCTCAACCAACT,..........((((......))))......,57.43229630142679
TAGAAGGTGGATCTATAAGGCGGAACCACT,.....(((((.(((.......))).))))),57.330380248631975
ACCAATACTTCCAAATAGTCTGTAATGGAT,.(((.(((.............))).)))..,57.2891218202374
GGGTAGGTCTAGGATTGTTTCCAACCTACT,.(((((((...(((.....))).))))))),57.287893508743394
GGGTCCGTATTGGCTCTTTCTCAACCCATT,(((((......)))))..............,57.22148649413876
GGCTTCGTAATGGCATGCTCCCAACCAACT,.(((.......)))................,57.13413625092064
GGGTCAGTAATGGCTTGCTCCCAACCCACT,((((.(((((....)))))....))))...,57.053769808493584
GGGTCTGTAATGGAATGTGCGAAAACAAAT,...............(((......)))...,56.96847460384704
GGGTCCTTTATGGACCTTTCCCAACCTATT,((((((.....)))))).............,56.92322062397893
GGGTCAGAAAGGGATAGTTCCCAACCAACG,..........((((....))))........,56.92155901164386
GGGTCCGTAATGTCTTGTTCCCCACCAACT,(((..((........))..)))........,56.90341194916742
GGGTCAGAAATGGAATGTGCTCAACCAATT,((((((.........)).))))........,56.796166933649445
GGGTCTTTTTTGGATCTTTCTCAACCTATT,((((((.....)))))).............,56.701201406213606
GGGTCTGTACTGGATTGCTCTCAAACAACT,.(((.(((...(((....)))...)))))),56.301321904914005
GGGTCTGTAAAGGAGTCTTGTCAACCAGCT,.(((.((..(((....)))..)))))....,56.26736091867124
GGGTAAGTATGGGCTAGTTCTCAACCAATT,.(((.....((((......)))))))....,56.244323586355456
GGGTCTTTTTTGTATTTTTCTCAACCCATT,((((...................))))...,56.22357485262559
GGGTCTTTAATGGATTTTTCTCCACCCCTT,((((.......(((......)))))))...,56.20811457245971
GGGGCTGCAATGGACTGTTCACAACCAACT,((....(((......)))......))....,56.19740967742709
GGCCCTGTACTGGACTGCTCTCAACCAACC,(((((......))...)))...........,56.06615789700923
GGGGCCGCAATGGAAGGTGCCAAACCAATT,((.(((.........))).)).........,55.923764271954006
GGGGCAGTAATGGCTTGTTGTCAACCCACT,((((((((((....)))))))...)))...,55.88619377303584
AGTCTGTTATGGATTGAATTTTCAACCAGT,.........(((.((((....)))))))..,55.79706137780411
GGGTTTGTACTGGATTGTTCCGAATCTACT,(((((((.((......))..)))))))...,55.7884286879074
GGGTCCGTATTGTCTTGTTCTCAACCTATT,(((..((........))..)))........,55.78214260070405
ACCAATATTTCCAAATAGTCTGTAATGGAT,.........((((............)))).,55.65082075514717
GGGTCCTTTTTGGCTTTTTCTCAACCTATT,((((((.....))..........))))...,55.54988394662402
GGGTCTTCTTTGTATTTTTCTCAACCCATT,((((...................))))...,55.409480641857954
GGGGCTGTAAGGGAATGCTCGCAACCAATT,..((.(((.((......)).))).))....,55.40594971952747
GGGTATGTAATGGCTTGTTCGCAAACACCT,((((.((((((.....))).))).)).)).,55.334328793720864
GGGTCTGTACTGGTTTGTTCGCAACCTACT,((((.(((((......))..)))))))...,55.29020896037109
GGGTAAGATTTGGCTTGTTCCCAACCAATT,(((((((......))))..)))........,55.284898745356244
GGGTATGTAATGGCTTGTTCCCAAACAACT,(((.(((........))).)))........,55.03145577722617
TGGTCTTTAATGGCTTTTTCTCAACCTATT,.((((......))))...............,54.845137600807256
GGGTATGTCATGGATTGTTCGCCACCCACT,((((.......((........))))))...,54.545853071629
GGGTCTTTTTTGGCTCTTTCCCAACCCCTT,(((((......)))))..............,54.48476384156509
GGGTCAGTTTTGGCTTGTTCCCAACCACCT,(((.((((....)).))..)))........,54.39322103789272
GGGGCAGAAATGGAGTGTGCGCAACCAATT,.(.(((.(.......).))).)........,54.325379130178916
GGGGCCGGAATGGATTGTTTTCAAACAACT,....((.....)).(((((....)))))..,54.25164683133526
GGGGCGGAAATGGAATGATCACAACCAACT,..((..(..((......))..)..))....,54.176054371345
GGGTCCTTATTGTATCTTTCTCAACCCATT,((((...................))))...,54.08778690729229
GGGTCAGTTTTGGCATGTTCTCAACCCCCT,(((...(((..((.....))..))).))).,54.08587930312389
GGGTCCGTCATGGCTTGTTCCCAACCCACT,((((......(((.......)))))))...,53.706619748409096
GGGTTCGCAATGGAATGTCCCCAACCGACT,(((...(((......))).)))........,53.58684114764192
GGGGGCGGAATGGAGGTGTCTCCACCAAAT,(((((((.........))))))).......,53.562132176409726
GGGTCAGTAATGGGCCGTACACAAGCAACG,((.(((....))).))..............,53.54815673868012
GGGGGCGTTATGGGGTGTTTTCAACCAACC,(((((((........)))))))........,53.547081941928525
GGGGCAGTATTGGAATGTTCTCAAACCACT,((((((.........)))))).........,53.448948237628834
GGGTCTGTTATGGATTGCTCGCAAACAACG,..((.((((.((((....)).)))))))).,53.36871122421324
GGGACAGTAATGGACGGTGCTCGACCGACA,..............((((.....))))...,53.33371588219191
CGGGTCTGTTATTGCTTGTTCTCCACCCAC,.((((.....((.....)).....))))..,53.270987936697736
GGGTATGTAATGGAAATTTGCCAAACCACT,((....((((.......))))....))...,53.13873048196508
GGGTCCGCATTGGCATGCTCCCAACTACTT,(((...((((....)))).)))........,53.10542732031056
GCGGTTTGTATTATTGTTCGAGCCACTGCT,(.((((((.((....)).)))))).)....,53.062113477421484
GGGGCTGTAATGGCATGGTCGGAAACAACT,..((((((......))))))..........,53.036657330087394
GGGTATGTTTTGACATTTTGTCAACCCACT,((((......(((((...)))))))))...,52.94233859670401
GGGTCTTTTCTGGGTTTTTGTCAACCCACT,..........((((((......))))))..,52.793627237839175
GGGTCTGTACTGGATATTTCTGAACCCCTT,(((((......(((....)))).))))...,52.77494961407214
AACAACTTTCTATAAAGGTCTGTAATGTAT,.((((((((.....))))).))).......,52.640265268036174
GGGTCTTTATTGGATCTTTCGCAACCCACT,((((......((((....)).))))))...,52.63387183482851
GGGTCTGTTTTGTACCTTTCCCAACCTATT,(((...((.....))....)))........,52.538752227207695
GGGGGTGGAAAGGGGTGTTTTTCAACCACT,.(((((.((((((....)))))).))).)),52.46660478716871
GGGTCTCTGGTGGGTTCTTCTCAGCCAACT,.......(((((((.....)))).)))...,52.06610726872795
GGGTCCTTAATGTATTTTTCTCAACCTATT,((((...................))))...,51.93537693922678
GGGTCCGCATTGGCTTGTTCCCACCCACTT,((((..(((......)))....))))....,51.9068070800834
GGGCCGGAAAGGGATGGTTCCAACCCAATT,(((..((((........))))..)))....,51.693516231299434
GGGTCCTTTTTGTATCTTTCTCAACCTATT,((((...................))))...,51.66051097839442
GGGTCCTTTTTGTCTTTTTCTCAACCTATT,((((...................))))...,51.6603522040739
GGGTCCTTTTTGTATCTTTCTCAACCTACT,((((...................))))...,51.65846406309577
GCGTCTGTATTGTATCGTTCTCAACCTATT,..............................,51.525765393061135
GGGTCGGAAATGGATGGTTCTTAACCCCGT,((((.((((........))))..))))...,51.51511987360097
GGGTCAGTAAGGGAAAGGGCGCAACCAATG,(.(((............))).)........,51.33343445481757
CGGGGCGGTAAAGGAATGGTCTCAGCCAAA,.(((((.((......)).))))).......,51.22872638969954
TCAAGCAGACTTTGCTATTGTAAAGTATTA,........(((((((....)))))))....,51.08505281797829
GCCATCGAATAGTTCTATCTCGTAAGGGAA,.................((((....)))).,50.7572601202505
GGGTCTTTTTTGTACTTTTCCCAACCTATT,(((................)))........,50.69717377528978
TAGAAGGCGGATCTTTAAGGCGGAACCACT,.....((.((.(((.......))).)).)),50.443092307320654
GGGTCTTTAATGTACTTTTCCCAACCTACT,(((................)))........,50.376843490614306
GGGGCAGAAAGGGATATGTCTCAAGCAACG,((((((..........))))))........,50.3183756563011
GGGGAAGTATTGGATTTTTCCGAAACAATT,((((((((.....)))))))).........,50.1020070249962
GGGTCAGTACTGGAATGATCTCAAGCTTCT,((((((.........)))))).........,49.59257318886038
GGGGAAGTAACGGCATGTTCCCAAAGAACT,.(((((...........)))))........,49.308795718417045
GGGTCTTTCATGGAAAAATCAGAACCCACT,((((.(((.((......)).)))))))...,49.108209716502586
GGGCCGTCAACGAATGTTTTCTGCCAATCT,.(((.(..(((....)))..).))).....,48.77199689388761
GGGTCCTTATTGTCTCTTTCCCAACCTCTT,(((................)))........,48.64037945110241
GGGTCCGTAATGCATAAAATGCCACCTACT,((((..(((.(......).))).))))...,48.48658033355416
GGGCCTGTATTGGATTTTCTCAAACCACCT,(((..((..((((......))))..))))),48.37243705467838
GGCGCAGTACTGGTTCGTTGCCAACCTACT,.....((((.((((.....))))...)))),48.10218479633881
GGGTAAGTTTTGGCTTTTTATCAACCACTT,.((((((.........))))))........,47.795970038904194
GGGGCTGTATTGGATTCCTTCAAACTAACT,((((((.....)).))))............,47.73419895198839
GGGTCGGTTGAATTATGTGCTAAGAACCAA,.....((((...............))))..,47.15204417163341
GGGTATGTAACGGATCGATCGCAACCGACT,.(((.(((..((...))...))))))....,46.942642786268316
ACGGAGTGGCCAACTTGCCGCGGTGCCTCT,.....(((((......))))).........,46.927177589301394
GGGGATTTAAGGGAATTTTCGCAAACAACG,((((((((....))))))))..........,46.86772571190144
GGTGTCATGTACTTGAATTTGTCAACCCTA,((((.((.((......)).)).).)))...,46.632814557353
GGGTATGTTTTGGCTTTTTCCCCACCCCTT,((((.......((........))))))...,46.58813409514147
TCTTCCTCCTTTAGGTCTGTATTGCTTTAT,....(((.....)))...............,46.562686578074214
AACAATCTCATCCGAGAGTCTGTAATGTAT,.(((..(((......)))..))).......,45.964147608252205
CGGGGTCTAAGGGATTTTTTTCAAACAACC,.(((((((...)))))))............,45.95240721161589
GTGTCTTTTTTGTATTTTTCCCAACCTCTT,..............................,45.04524985616755
AGAACGAAATTTCGCGCTAGAATAGTCTAT,((..(((....)))..))............,44.129615477581126
GTGTCTTTTTTGTCTTTTTCTCCACCTATT,..............................,43.28445889435219
GGGTTTGAGTTAATTTCGTTGTCACTAACG,................(((((....))))),43.236261390851226
TAGAAGGTGGATCTGTAAGGCGGAACCACT,.....(((((.(((((...))))).))))),42.966214106739585
GCATGGGTGCCCAATTACCTTTGGACTATC,.((.(((((......))))).)).......,41.96866512816721
GTCCTATCGTAATCAGCTGGATATCGTTAA,((((..............))))........,41.24038254115835
TAGAAGGTGGATCGTTAAGGCGGAACCACT,.....(((((.((((....))))..))))),38.155380248631985
GCATGGGTGCCCAATTACCTTTGGACTCTC,....((((..((((......))))))))..,36.4249515462019
GCATGGGTGCTCAACTACTTTTGGACTATC,.((.(((((......))))).)).......,35.990208309154674
TAGAAGGTGGATCATCAAGGCGGAACCACA,......((((.((.........)).)))).,34.15538024863198
TCATGGGTCCGAAGTGATACCACTGGACTA,.....(((((..((((....))))))))).,33.215666814427486
ACATGGGTGCCCGCGTATTCACGGACTATT,.(.(((((((....))))))).).......,30.600760497263963
CTATGGTTGAAAATCTACATTTAGACCATC,..((((((..((((....)))).)))))).,24.74338345816889
ACCAATATTTCCGAATAGTCTGTAATTGTT,..............................,15.94593504001208
GCCGTCTCGTACTCAGCCGTCATCTTACTA,..............................,13.51409383059729
AGCAATGGGAGTCGAAGTGAAGTATTGCAT,.((((((....((.....))..))))))..,0.0
TTTGGAGTTGTACGTAACACGAACATGATT,........(((.(((...))).))).....,0.0
TCTATCGATTATTCGAAGCGAATGATGATT,...(((.((((((((...))))))))))).,0.0
GGGAACGTAAGTGAATAACGAGGTTTGTTG,..((((.(..((.....)).).))))....,0.0
TATAGAAGGCGCACTTAATATGTCGTCTCT,...(((.((((.((.......))))))))),0.0
GAGAAAAGAGAACGTGTACTCTTAGGGTTA,.....(((((........))))).......,0.0
CTGGTAGACTTTCCGTACGGTTGTGCCCCA,..((((((((........)))).))))...,0.0
GTCGTTTACATTCCTTGTAATCCGTACTTA,((((.(((((.....)))))..)).))...,0.0
GGCAGGCTTGGAGCTGCAATTCCAGTCCCA,((..((((.((((......)))))))))).,0.0
GGAACATCAAGCTTTATTCGTTTCGTGTAT,...((((.((((.......)))).))))..,0.0
TACGAGAGGGTGTATAAACACCGCAAACTT,........(((((....)))))........,0.0
GGGTTCCCAACTCAGTATTACGAACCAAAT,.(((((...............)))))....,0.0
TAGAAAGTCGAGTAATTTTAACTCGTTTTC,..(((((.(((((.......)))))))))),0.0
TAGGCCCTGTCAATCTGGTGAGGCCGTCTT,..((((...(((......))))))).....,0.0
GTGCCGGAACGTTAATCGAGTACTGGTTGA,..(((((.((.........)).)))))...,0.0
TCTACATATGCTCGTATAACAAGAGTTATG,....((((.((((.........)))))))),0.0
AGGTGGCATACCTCCTAGATGGTTACGCTG,.((((....(((........)))..)))).,0.0
CCCACGCTTGCCACCCAATATCCAGTGTGT,..((((((...............)))))).,0.0
GCAATAATCGATGTGCCAAAACACGAAATA,.......(((.(((......))))))....,0.0
GTGGCTCAGTGTTGGGTAGGGGAGCGAAAT,.(.((((..............)))).)...,0.0
TATCAATCAATATCCATTCCTTGAATTTAT,..............................,0.0
GACAGTAAATCTTCAGTCCGATGCAACTAT,...(((..(((........)))...)))..,0.0
ACAGATGGGAAAGCGAAGCCGGTTAGCTAT,....((((..((.((....)).))..)))),0.0
GAAATAAACGCTTGTTTGTTGTTCTAGTTT,..(((((((....)))))))..........,0.0
CGGAGTATTTTTCACCACTCGAATATACCT,.((.((((((..........)))))).)).,0.0
GGGGACTAGGTCACTAAAATCTGCTGTCCA,..(((((((((.......)))))..)))).,0.0
ACCGCTGAAGCACTTTGTTACCCAGGTCTG,(((...(.((((...)))).)...)))...,0.0
GGATTATTCGCCCGGCCGGAGTCGTGTTTC,.........((.((((....)))).))...,0.0
GCATACCACTAAAGGACATCTGAGAGTGGA,.....(((((...((....))...))))).,0.0
GTCTGCTGTAAGTAATATAAATTTGCAACT,......(((((((.......)))))))...,0.0
TTTAGCCAAATGCACCGCTCTTATGTAAGA,...(((..........)))...........,0.0
CAACTCTTGGAATGGTTCCATTTCAATAGT,..(((.((((((((....)))))))).))),0.0
ACGAAAGCAGCCAGTATGCTTTTATCATGG,..(((((((.......))))))).......,0.0
GCCATCTAATATTTTTGCCCACTTCATGGA,..................(((.....))).,0.0
GCATACCGGAATGTGTAAACTATCACGTTA,.........((((((........)))))).,0.0
GCTATAGTGTTGCTATACTAGCTAATATGT,(((..(((((....))))))))........,0.0
TACCATGCCAGTGGGTTCACCAGGACTATA,..((((....))))((((....))))....,0.0
CGTACGTTAGCTACACAAGTCTACGCATGG,(((.(((..(((.....)))..))).))).,0.0
GTTGCTGGCCGAGTTGAAAACTTAGTCCAA,.....((((.(((((...))))).).))).,0.0
TGGCATTAAGTCGTACTTCGATTACGACAC,.........((((((.......))))))..,0.0
CCCAAAATTCGAGTCCGGTCTGAATTTACC,....((((((((......)).))))))...,0.0
CCCAAGTATGTTATTGTAATTTCTACTGAT,....((((.((((...))))...))))...,0.0
CAAGGTAGTAGGCTGATCCGTAAGCCTCTT,......((.(((((........))))))).,0.0
GGCAAAGGAGTAAGGAACACACGCGTGGCA,.................(((....)))...,0.0
ACCCCGAAGAACTCATCGTTTTGTTGGAGT,...(((((((((.....))))).))))...,0.0
CACGACAGGATTGTATACTCTGGAGGTCAA,..(..((((.........))))..).....,0.0
GCCCTTCGCACTGAACTTTGTGCCATACAA,.......((((........)))).......,0.0
GGAAAGCAGGCAGGTTGGGTTTGCTAGACT,....(((((((.......))))))).....,0.0
TATCGAATACCAGGTCTGTATTTAAACTTA,....((((((.......)))))).......,0.0
GGTTATGATACACGTTTCGCGTGTAGATAG,........(((((((...))))))).....,0.0
GCATAGCTAATAATGTTTAGCTTATACCAA,....((((((......))))))........,0.0
CCGGAATATGAATCACAAGCTGCATATTGT,....((((((...(....)...))))))..,0.0
GTAATGCACGTTACGTTCAACCGGGCCGCT,(((((....)))))((((....))))....,0.0
TTGTACATTAGCTTCTCACATCGTGCAATG,((((((................))))))..,0.0
CGGGAGTTCTACAGTCGTGTAGTCCAGTTG,..(((...(((((....)))))))).....,0.0
ATCAGGAAGTATATGGTAAACCTTGTAAAT,.........((((.((....)).))))...,0.0
GTATGCAGGTTTGTTGAAATACATTGAATT,((((.(((.....)))..))))........,0.0
ACGTTATTCGGAACCATAATTGAATAATAT,..(((((((((........)))))))))..,0.0
GCGTGTGCGTTCACAACATTGTCACATGTT,(((((((((..........)).))))))).,0.0
TTTATAATGCTCTATGGTTTATGATATTAT,.((((((.(((....)))))))))......,0.0
CACGAGACAGTAATAGTCTGTTGAGAGGTC,..(..(((((.......)))))..).....,0.0
GGAATCAGGTAGTCCAATCGGCTTGTATAC,.....(((((.(......).))))).....,0.0
GTAGTAGCACGTCGTACTCGATGTTTCTGG,....(((.((((((....))))))..))).,0.0
GCAGAGGCTACCGTATCTCGGGTCATCCAT,...(((((..(((.....)))))).))...,0.0
GGCGTTCCCGGAAAGTCAGAACTCGAACCA,(((.(((...))).))).............,0.0
TGTTTTAACAATCAAAATTGTGGAGATTAA,.(((((.(((((....))))).)))))...,0.0
CACAACAGATGATACTTTCCATTTTGTTAA,...((((((((........)).))))))..,0.0
AAAACAGGTAGTCATTTACCGGCCACGATT,......(((((....)))))..........,0.0
CAGTCGTGGCTTTGATCAACGATAAGGACT,..(((((...........))))).......,0.0
GCATTTATCTTGAGGTATACAAAAAAGGCA,((.(((...(((.......))).))).)).,0.0
GAATGGATAGCGTACTGCTTCATGATTTCC,..((((((((....))).))))).......,0.0
CCGACGTTCTCCATCAAAGTATGTAAGGTG,((.((((.((.......)).))))..))..,0.0
GCCAATTATGTCAAAATTTGACTTTAGTCG,....((((.(((((...)))))..))))..,0.0
GCCAGAACCGCCTTCGACAGGACCCCCAAG,..........(((.....))).........,0.0
GGTTAAAGCCGTGAAGTACGTTCCTGGCTG,......(((((.(((.....))).))))).,0.0
GGAGAGGGTTCTAATGATCATTTCGCCTCA,((.(((((.((....)).).)))).))...,0.0
GAGTACTGGGTTTCACTTCGCCCCACCTTG,(((....((((........))))...))).,0.0
CGGAAATCTATACAAAGTACTAATTCCGTC,(((((.....(((...)))....)))))..,0.0
AGGGCACTTGCGAACTTCGGCAGCGTGGTC,.((.(((((((........)))).))).)),0.0
TTAGAATAACGCGCGTGTAGTCTCTTTTAT,..(((...((....))....))).......,0.0
TCAGGTCAACGCTACCGTAAGTTCGTGACT,...(((((.((..((.....)).))))))),0.0
GGGCGGCGGCGGTGATTTTGTCGGGCAGCC,.(((..((((((.....))))))....))),0.0
CAAACTAGCCGTCGCCCACGTCGTCATGGT,.......(((((.((.......)).))))),0.0
CAACGGCACAGAAACCGATGTGAAGCCAAG,....((((((........)))...)))...,0.0
CCAATTTCCGAGTGCTCCACAAACGGACCA,......((((.(((...)))...))))...,0.0
AGAGAGTCCGCTCCCCCTGCCACTGGTCGT,.((.(((..((.......)).)))..))..,0.0
TGCAGAAAATGTAGGTTTGAGCAAATTTTA,(((...((((....))))..))).......,0.0
TAGAGCCGTAACTTGTAAGTACAGTTCCTG,..((((.(((.((....))))).))))...,0.0
CAGTTAAACTTTACGATTCCAGTTTCGCTA,.(((.(((((..........))))).))).,0.0
CGGTTTATGCCCCGAGTTTCGTAAACCTCC,.((((((((..........))))))))...,0.0
TTAAAGCGGGTGTAACAGTCACATCCGTCG,.....((((((((.......))))))))..,0.0
GTTAATATCCCAAGAAATTGGTTAATGGAT,.........((((....)))).........,0.0
CACTACAACGACGTGCATAACTGCTTGTAG,..((((((.(..((.....))..))))))),0.0
AGAAGCCCGTGTATTGTTGGCGTCTCTCTG,(((.(((((........))).)).)))...,0.0
GGGCATATGCGGAATTGTTCCGGAATATTT,.......(.(((((...))))).)......,0.0
TTAGCCTTAGCGATAGACTTTAGGTGTCTG,...((....))..(((((.......))))),0.0
CATGCGGTAGATCCTCACGATTCCGAATAT,....(((..((((.....))))))).....,0.0
GCTCAACCGAGTTGCCCACCCCAATTCGTA,.......(((((((.......)))))))..,0.0
AACAACAGGAGACTGGCACAAGCTGTATTT,.....(((....)))((....)).......,0.0
CACGAATTATGAGTCTCTGCAAATACGTAT,.(((.(((.((........))))).)))..,0.0
GCCGGAAATACGTTTATCGTGTAGTATTTA,.......(((((.....)))))........,0.0
TAGCAGAAGGCTTCGTTGATCGTGCAGGTA,..(((((.(((...)))..)).))).....,0.0
AACGTCATCGAATTATGAGAGTTAAACACA,(((.((((......))))..))).......,0.0
GGATACGTATGACTCGATCATCCCCGGATT,((((.((.......))...)))).......,0.0
CAGAAGTGCAGCTTATAGCTACCTACATAT,.....(((.((((...))))...)))....,0.0
ATTGGTAACAACGCTTACCATCACGGGTAT,..((((((......))))))..........,0.0
GGGTGTGAGTTATTAACTCGTAACTACATG,..((((.((((((......)))))))))).,0.0
GTAAGGCAGTGGAAGTATTCGCCACGGAAA,....(((((((....)))).))).......,0.0
GGTAATTATATTTAGTTAGTCTATCTATTC,((((((((........)))).)))).....,0.0
TGGAATTTGTCTCGCAAGTTTACCGTGCCG,..((((((((...)))))))).........,0.0
TAACTGTTAACAAGGAAATACAATCTTTTA,...........(((((.......)))))..,0.0
ACCGTAGCGTCTTCATAGAATCGATAGGAA,.((....(((((....)))..))...))..,0.0
TATGGTGGGCGAGACCTCGAGTTCACGTTG,....((((((..(....)..))))))....,0.0
ACCACTAATGTGACCCTTCATATTAACCGA,.....((((((((....)))))))).....,0.0
GCATAACTGCATGCCTGATTTGCCATATAA,((((......))))................,0.0
CTGATAAACGTTCGTCTGTTCCGGGTTTAT,...((((((..(((.......))))))))),0.0
TAGCGCGGTTACCCTTTTCCCCAGTAGATT,......((....))................,0.0
CAGGGGTTACGGCATGCTCAACTCCGGATT,..((((((..(.....)..)))))).....,0.0
GGTCGCTATCCACAAGGAGAAACGTTCATC,((.((...(((....)))....)).))...,0.0
GGGCTAGCTTGACATATACTTGAGAGATCC,.......(((..((......)).)))....,0.0
CATTTCAATAATGTTGATTATTCATAATAT,......((((((....))))))........,0.0
GGTAAGATAGCATTGTCTATAATTTATCAT,((((((((((......))))..))))))..,0.0
AAACGCGTAGTTGGATATACCCGTAGCCCA,..(((.(((........))).)))......,0.0
ACCAAACCCGACTCAATGACGGGTGGCGCC,.((..(((((.(.....).)))))))....,0.0
GGTGCACCACACACGGCTGTAGGTCATGTA,.(((.((((((......))).))))))...,0.0
GGTAAAGCCCTAACAGGTTCCAGTTGGCTT,....(((((..(((........)))))))),0.0
ACTGAAGTATGGCTTCTCATACAGCAGCAA,.(((..(((((......)))))..)))...,0.0
GGTAGGGCTGGAGAGCTAACGTAACGTAGC,.((..((((....)))).))..........,0.0
CCACACTAGTCCCCTGTCATTAGGGTGGAA,((((.(((((........))))).))))..,0.0
TGCCGAGAGTACTATTACGTCGTAGAGCAA,((((..(((((....))).))...).))).,0.0
AACGGCTCCAAGAACAGACAGGTGCTGTTC,((((((.((...........)).)))))).,0.0
GCGATAGTACCCGGTGCTGCCCGTACCTCA,............(((((.....)))))...,0.0
AGTGACGCGACTCCTGCTAGCGTTGTAGTT,...(((((...........)))))......,0.0
GGGGTGAACGGCTATAAAGCCTCTACATTA,..((((...((((....))))....)))).,0.0
TACCTAGTCTATCATGATCTAATTATCGTT,....(((((......)).))).........,0.0
GAAAAGGTGATGCTATTTTACCTTACTCCC,...(((((((.......)))))))......,0.0
CTATCATATTTTTCTCTCACTTCGGCTATA,..............................,0.0
AGTTCATCTTTCCCCCTTATCCTTTTCCTT,..............................,0.0
GGGTGGGGATACATAAGGTAATCAATCGCT,.(((((.(((((.....)).)))..))))),0.0
GGCGTCACATATGGTCATACGGTGGTCCTA,((..((((.(((....)))..)))).))..,0.0
TGGGAACACCTTTTGCAGCAAAGGGTCAAA,.......((((((((...))))))))....,0.0
GCTTTGATAATTGCGGTTCATCATAATTGT,......(((((((.(......).))))))),0.0
AACGCGTTTAGAATGTCTTCGTTTTTCCTT,.........((((((....)))))).....,0.0
GAAAATTAGGGCCTCACTACGGCTCTTGTT,...(((.((((((.......)))))).))),0.0
GGCCCGAAGTAAAGTCCTGATCCAAATGTC,..............................,0.0
GTCGGTGTGGACCCAACATGGTCCGAAAAT,.......((((((......)))))).....,0.0
GGTCGCTCAGTGAACAGGCTCCAAGCGGAA,..(((((.(((......)))...)))))..,0.0
TTTAGAGGTAGGAGGTATACTCAACTTAAT,.....((((..(((.....))).))))...,0.0
GGGTAAAGCGTTTCTGTTATTGTTTTGTCA,.(((((((((..........))))))))).,0.0
ACAAAAATCGTGCCTACTGAGGTTTTGGTA,......((((.((((....))))..)))).,0.0
GCCGATTCGTCACCGCGAGTCGTTTTATAA,..((((((((....))))))))........,0.0
GTGACTGCTGTACATTTACTGGAGCGTATA,.....((((.((.......)).))))....,0.0
GCGTGCTAAGGCTTATGCCGGTGTCTGTTT,(((.((...(((....)))...)).)))..,0.0
CAACACAATGGTATGTTTGTCGGACAACTG,.........(((.(((((...)))))))).,0.0
AAGGCAGGAAAGGCTGCTTGCCGGTCCCCA,..((..(((..(((.....)))..))))).,0.0
CACTCTTGGCCAGAATGGTCCAATAAGTCC,.(((.(((((((...))).))))..)))..,0.0
GGTGATGTAGATTTTAATCGCATCTCTCTT,((.(((((.(((....)))))))).))...,0.0
TAAGTGTACCGAGATATCTTGGTCCAAAAG,....((.((((((....)))))).))....,0.0
TGAGCTGATAATGCAATCATATCAATGTTG,(((..((((......))))..)))......,0.0
AAAGCCGGTTAACATGCATCTTAACCGTAA,.....(((((((........)))))))...,0.0
CCAAGCTGCGAGGGTATACACACGCACTTC,..(((.((((.(........).))))))).,0.0
AGTTGTCTGTCTTTGGGTTAAGTAGATCTT,....(((((.(((......))))))))...,0.0
GTGCCAATATTAATGAGGATATTATGCAAG,.(((.((((((......))))))..)))..,0.0
GGAAGAGGTATCGTTAGAGCTGCCCCGACT,((..(.((((.(......).)))).)..)),0.0
CGGAAATCGGCGTACCTATGTTAGCACCGA,......((((.((..........)).)))),0.0
TTTATGAGAGTCCTCTTTTTTATATCTCGT,...((((((...............)))))),0.0
CACTGACCATCATCTGAAACGGTCTATTAT,....((((.((....))...))))......,0.0
TGAGACGGGCTTGAATATCAAGTGGCTGGG,.....(((((((((...))))))..)))..,0.0
GATGGGTGCCGCCGTGCGCAACGCAAAACA,..((.((..(((...)))..)).)).....,0.0
TGGAATGGAACACTTAGTCCCAGCTCGACT,..((.(((.((.....)).)))..))....,0.0
GGAAAAGAGGCACACTTGTGAATCGCGACA,......((..(((....)))..))......,0.0
GGCAGCAATGAGATTTGCGAAGCTCTGTCT,(((.((((......))))...)))......,0.0
GTGTCGCCCTAGGACCATCCTAAGGTTTAA,.....(((.(((((...))))).)))....,0.0
TAAGAACCGATTCCCGCGTATGCATGGTTA,....(((((......((....)).))))).,0.0
ACATACGGGAGAACATTCTTCACGTTACTA,....((((((((....))))).))).....,0.0
GCTGAATGGTACGGCTGAACTGCACCCTTG,.......(((.(((.....))).)))....,0.0
AACCCATGGAAAAAGTCATACCCATTAGTG,.((..((((............))))..)).,0.0
TCACTCATATCCTGGGTAAAGTAGAGTTAT,..(((((.....))))).............,0.0
AAGTGGGAAACGGGGATAGCGTTCAACCTA,...((((.((((.......))))...)))),0.0
GGGTAATTCCGTGTCTCAAACAACGAATAG,(((....)))....................,0.0
GGAGAAGTATGGTGCACTTACTTTTGGTTA,..(((((((.(.....).))))))).....,0.0
AGGGTCATTTCCCAAGTTGGGTCATTAGAT,.(((......))).................,0.0
TACATCTCTAGTGGATTGATAGATATGCTC,..(((.((((.........)))).)))...,0.0
CTATTACCCGCGAAGTCTTGCAAGGAATTT,......((.((((....))))..)).....,0.0
GGGAACATTTGCAGTGTGCTTGGATAGTCT,(((.(((((...))))).))).........,0.0
GAAACTGGATTTCAATTCAAAGTACTTGCC,.....(((((....)))))...........,0.0
GACAGATATTCGTAATAGAGAATATGAAGT,.....((((((........)))))).....,0.0
TGGTCGAAATAAGAAATAATAATGAACCTG,..............................,0.0
TGCAGTTTGGGCTTCGGTAAGATCGAACTA,...((((((..(((....)))..)))))).,0.0
ACCGGGTAAGCATATCTGCCGTGCCTTACC,....(((((((((.......))).)))))),0.0
CATCAGAGGTGCAGAATAGCACAACGTATT,........((((......))))........,0.0
GGCATGATCTGACCCTGGCGAGAATTCCTC,.((..(........)..))(((.....))),0.0
TGTCAATGATGTGAACTCAATTACATAATA,........((((((......))))))....,0.0
GGTATGGAGCCGCGGATGCTATCTTCAACT,(((.(((((..((....))...)))))))),0.0
ATAAAGGGTTCTGCAAAGCATTCCGAATTA,.....(((...(((...))).)))......,0.0
GTGAGGTATCCGACGTTATCTAGGTCATTC,...........(((.(.....).)))....,0.0
TCCAGATACCTAATCGCGTTGAACTGGATT,(((((..((........))....)))))..,0.0
CAAAGCTTCCTACAAGGATTAGCGTATTAT,....(((((((...))))..))).......,0.0
GGGGAATGGTTTGACTTCCACATTGCAAAG,..((((.(......)))))...........,0.0
GCAGTATTGATCTCACCTGAGCATCATAAA,.......(((((((....))).))))....,0.0
TGTCGCACCTGGTAATACATCCAATAGTAA,.........(((........))).......,0.0
GTAAGTTGCATCACTGAATGCAAAGAGTGG,.....((((((......)))))).......,0.0
GTCTAAAGAATGGGTGTATGCGCGGTCAAT,..........(((.(((....))).)))..,0.0
CATTGCACTGCTGGCCCTCACGTGCACAAC,...(((((((........)).)))))....,0.0
CCGGTGGGAGAATGTCTCCTGTATCCCACT,..(((((((..............))))))),0.0
TAAGTGGCGGCTCTTCAGAAGTCAGAATAA,....((((..((....))..))))......,0.0
AATGGACCTATACTCGCTAATTTTGTCTCA,...((((.................))))..,0.0
CATCGACAATACGCATTGCCACTTGGAAGG,..................((....))....,0.0
TGCTCTTTTTTCTCTTTTTCTCAACCTCTT,..............................,0.0
TAATAAGTTGAAATTCGCATGTTACAATAG,......((((.(((......))).))))..,0.0
GTAGCTTAAAGTGAGAACGTGTGAACTAAC,.(((.(((..((....))...))).)))..,0.0
TGCTTTTTTCGTTATTGGTAAGTACAGGCT,(((((...(((....))).)))))......,0.0
GGGGGGGGGGTAGGGGGTAGGTGGGTCATA,..............................,0.0
TGTCAAGCTTTGCGAAGTCCAAGTCTCAAT,.........(((.((........)).))).,0.0
TTATAAGCGCGAAGTCTGATCTTATTTCCA,..(((((..((.....))..))))).....,0.0
GCGGCGTGGTATCGGACCGATTTGCGTAAC,...((((((.((((...))))))))))...,0.0
AGCGATTGCATGCGTCAACATCCTGAGAGG,.(((........)))...............,0.0
TGTCAGCCATTAGTTTAAACTCATTGATTT,........((((((........))))))..,0.0
GCCGCTCTACTGTACCCGAAGGAGATAACC,....((((..((....))..))))......,0.0
TAAGTTTTCCACACCAGCCTCTCACAACGT,..............................,0.0
GCGGGGCAATATGGCTTACCTTGACTTGAA,.(((((.((......)).))))).......,0.0
CGAATGCGGGGGCCGTAGGATCAATCATTT,....(((((...))))).............,0.0
ACATTACATAAGGATCGCTTGACTTTAATT,........(((((.((....)))))))...,0.0
GAAATACTAGAGTGACTGAACGCCTAGTAA,....((((((.(((......))))))))).,0.0
TCAAGTGGTTGTTTATCACGCTGCCCGTGT,....(((((.....)))))...........,0.0
ATAGTGTACCCGCAAGTCAGTATGCCGTTT,...((((((..........)))))).....,0.0
TCTACGTAGCACCATTAATGTGTGTGTAAT,........(((((((....))).))))...,0.0
GGCAATAAACCTGCTTATAATGAAACTGCT,((((.......))))...............,0.0
CACAAGCCCCTCAAGATTTGATTTAATATG,..............................,0.0
CGAGGAAGAATACCCCGGTGTATATATCCG,...(((...((((......))))...))).,0.0
AGTGCGGACGAGCCGTCCAAACAATGAAAT,.((..(((((...)))))..))........,0.0
TTAAGTACGCTCTACTCTGTCGTGTTACCT,.....(((((........).))))......,0.0
GGCGCAATTATGACTTTTATGGATACGCAT,.(((...((((((...))))))...)))..,0.0
GGTATACATCCTCGTCTTTTGGAGAATTTC,..........(((........)))......,0.0
GGATGCGTTTACCTGAAAGTAGAGTGTTAT,.(((((.(((((......))))))))))..,0.0
GACCTTAGCCTCTATTCCTAGAATACTGTT,..........((((....))))........,0.0
CAGTCCAGGTCTAATCCATACGTGGTGCGT,..(((((.((.........)).))).))..,0.0
AGAGTACTCCCTTGCGAGTGGAAAATGTAT,....(((((......)))))..........,0.0
ACAAGAAGCTGGTTCTAAGTTTCGTAATAG,....((((((.......)))))).......,0.0
GTAGCTAAACTGAACCTCGTTTAAGTGTTG,...(((((((........)))).)))....,0.0
GGAGACCGCCCCATGGAGCTGTCATCTAAA,((((((.((((...)).)).))).)))...,0.0
ATCGTATACAGCATTCTGTTTATCCTGATG,...(((.((((....)))).))).......,0.0
CTCCGGACAGAACCTAGTTTATGACCGCTA,...(((.((((((...)))).)).)))...,0.0
CCAATGCAGCTCCTATTGCGAACGCCTATG,.....((((......))))...........,0.0
ACAGTACAAAAATTAGTGCGTTCCACCTGA,...((((........))))...........,0.0
AGGAAGCGCCTCAAAGGTTAAAACGGTGTT,....((((((..............)))))),0.0
TAAGCTACCAGGTTTCGCAGTATCACTTCT,.(((((....)))))...............,0.0
GCCAGATGGCCTTAGGACCTATCTCAGGAA,.((((((((((...)).)).))))..))..,0.0
ATCTTACAGGGTTGCCTTAGTCGTCTAGGT,.............((((.((....)))))),0.0
TGGACGAAAGTTTACGCACGGCAGTCCTTG,.((((....((......))....))))...,0.0
GGACGTAGGTTTGGAACCCAAAAACGAGCG,(..(((...(((((...))))).)))..).,0.0
GCAGACATGAATCAGCAATGCTTAATTCCA,(((....((...))....))).........,0.0
CCCGAAGTAGAATCATTCCATCTACTCTCA,...((((((((.........)))))).)).,0.0
CGCGCGCTGTTCAGCACTGTTTTACGAATG,...(.(((....))).).............,0.0
GGTGAGTAAACGCAGTAACTCTTCATCCCG,((.((((..........)))).))......,0.0
CCATTAAGGTGGGTGTTATCACTTAATATT,......((((((......))))))......,0.0
ATGACGGAACTTTTCGGAAGTTTTACGGTC,..(((((((((((...))))))))...))),0.0
TTACACGTAGAGTTAGTAGACAAAGCGGGT,.....(((...(((....)))...)))...,0.0
GGGTGCGGATCGGCTCTGTTCGTCCGTTTG,....((((((.(((...))).))))))...,0.0
CACAGTTTAGTTCGATCAAGAATCTACTTC,...(((...((((......))))..)))..,0.0
TGTTAAACGAGACGAAATTTGGCCCTATCA,((((......))))................,0.0
GAGATAGCGGCTCCTGTTTAAGTCTACGGA,.(((((((((...)))))...)))).....,0.0
GGCGTCAAATGCGTTTGTCAACCCAAGCAA,.((((...))))(((((......)))))..,0.0
TGAATTTCATTGACATCTGAATGGATTCTT,.(((((.((((........)))))))))..,0.0
ATGAGCACCTGCCAAGCACGTGGTGTTAAG,...(((((((((...)))...))))))...,0.0
TCTAGGGTTGAATTTGAACCTCGAAAAGAT,....(((((.......))))).........,0.0
AACGTCAATTTGCCCTCTAAATCACTCCTT,..............................,0.0
GGGGTTATCATTTTTGTAACACTGAATACG,.((((((.((....)))))).)).......,0.0
CGCAATATTTATCTCGGGTTGATTTGTAAG,.((((.(((.(((...))).)))))))...,0.0
CAAATGAATGCCATATTTTGACATTTGGAT,.....(((((.((.....)).)))))....,0.0
ATTAGTAGTGCGATGCATGGTTGTACTTCT,...((.((((((((.....)))))))).)),0.0
ACAGTACGGGGAACCATATCGTCGTCAAGG,...(.((((.((......)).)))))....,0.0
TAACCAGCGACATATGTAATATTCGTCCAT,......((((.((((...))))))))....,0.0
TATGCGGATCTGCCCCGATGTAGGCCATAG,.....((.(((((......)))))))....,0.0
CGCGTTTCCTATAGTACGAAAGGTAACCTA,.((.((((.........)))).))......,0.0
GCAATTCACGATAATCGTGAGTTATGTATA,..(((((((((...))))))))).......,0.0
CAAATGGAGACGAAGTTTACTAGCGACGTT,........((((..(((....)))..)))),0.0
ATGGCCGATGTCTGGGTAGCAGTCTTGGCG,...(((((.(.(((.....))).)))))).,0.0
CCGCCTCTAACTGTCGCTAGCGAAGGAGTG,((..(.(((........))).)..))....,0.0
CGCAGTGTATACGCACCGTATAGCGCCAAA,....(((((((((...))))).))))....,0.0
CCCGTCGTCCCAATGTTCAATGACAGGGTA,((((((((...........))))).)))..,0.0
TGAGGGGTCTTAGCTGAGCCAATAGCCAAT,....((.((......)).))..........,0.0
GGGTCAGTATCGGTTCCGATTGAGAGGCCA,.((((...((((....)))).....)))).,0.0
GGGTATTACTTAATACCATTGGGTATTATC,..........(((((((....)))))))..,0.0
ACAAACAGATGATCCATAATATAAAGTGTT,..............................,0.0
CACTAATAGATGTCCGCAGGATCATGTGTT,....((((.((((((...))).))).)))),0.0
GGTAACGACTCATTTATGCTGTCTTTAGAT,......(((...........))).......,0.0
CGTTTGACAAAGTATTTGCAATCAAAAGAT,.(.(((.((((...))))))).).......,0.0
AAATTAGCAAGATCAAGCGTATTTAGTCGT,((((..((........))..))))......,0.0
CTTGCGGAACTTCTGCAGAGGTTGTGTCTA,...(((.((((((....)))))).)))...,0.0
CGCGTCACCATTCCTTGTCATTTTATCAAG,.............((((.........)))),0.0
GTGCAAGTGCCAAAGCTTCGCTACTAGTGG,(((.((((......))))))).........,0.0
CGATTAGTTATAACATTAAAGCACATGGAG,..............................,0.0
CGTAGGATGGTCAGGTCCGTTCTAGCAATG,..((((((((......))))))))......,0.0
AGCGGCACCCTTGTCTGAGGGTACAACACG,.(..(.((((((....)))))).)..)...,0.0
AAGGGTCACAATGCAGCACATTTTTAGACC,...((((..((((.....))))....)))),0.0
GGGGGACTTTCCGGCAGTTTCCCACACCTA,((((((((.......)))))))).......,0.0
ACGTCGTCCCTAGCGTTGTGTGGCGTACAC,((((((.(.(.......).)))))))....,0.0
GCTGAGCTGAAATTGTTTATGAACGAACTG,..(((((.......)))))...........,0.0
ATCAATGTTATGTGGGTCCCCCCCGATTGG,..((((....((.(((....))))))))).,0.0
TATCTCCAAGTATTCCTTTGTTTAATGCTT,.......(((((((.........))))))),0.0
GACAAGGTTGAATGGTATCACTACATAGTG,..................((((....)))),0.0
GGGATATTATCGGTGAAATCCGGGCCTAAC,.........((((......)))).......,0.0
TACGGAGTCTTTTGTCGTCAGAATACGGAC,......((((....((....))....)))),0.0
AGTATTGTGGACTCTTGGCCCTACATATTG,(((((.((((..........))))))))).,0.0
CATTAGATGACGGACTCAGTCATAATCTTT,......(((((.......))))).......,0.0
CTAAGAAAGCACTATCTTTTCCACGAATTG,....(((((......)))))..........,0.0
GATTTGACAAAGTTTATCAGCGGAAAGTAT,(((..(((...))).)))............,0.0
GCACCTTGCTGATCATTCAGCTAGTGGTTT,..(((..(((((....)))))....)))..,0.0
GCTGGTCATTAAATAACGAGGTTTAGCAGG,(((((.................)))))...,0.0
GTAGTGGGCATAAGAAGGTATCTTATGACT,......(((((((((.....))))))).)),0.0
CGAAATCCGTCTTTCATGATCGGCATGTTA,......(((((......)).))).......,0.0
GGATGAAGCAACTTGAATAAAGTTCTAATG,......((.(((((.....)))))))....,0.0
TTGCGCGGTTTCTTTGACTGTGCCGATTAG,..((((((((.....)))))))).......,0.0
ATCTTAAGACAAAGTCAATAACTCGATTAG,............((((........))))..,0.0
GCAATGTAAACCGTTTAGGTCTGGTAACAA,....(((..((((........)))).))).,0.0
GCCAATGCCCCGGTCTAGTTAGCAGTGGGT,........((((.(((....)).).)))).,0.0
CAAGTGCAAAACATCAGCGTGTATTGTAAT,....(((((.((((....)))).)))))..,0.0
TGCGATAAAATTAGGAATTAGTCAGCATAA,((((((.((........)).))).)))...,0.0
TAGATTTAAGCCAGTGTAGCATAATGTAAA,..............................,0.0
GCTATGTCAGTTAACTACAACGTCAACTGT,.......(((((.((......)).))))).,0.0
CGGAAGTTTTACCCTCGGTAATTAGTTGGT,(.((....(((((...)))))....)).).,0.0
ATGAAATAATAAGCCGCGCATTAAGATGAT,..............................,0.0
ACTTCTGTGGATCATTAGTGACAATGTCGT,(((..((.....))..)))(((...)))..,0.0
TCAACGATCACTCTTTTAGTGTCTTGCGTT,..((((..((((.....)))).....)))),0.0
CAGGCTCAAGATGTTTTACATTGGTTGAAT,.....(((((((((...)))))..))))..,0.0
GCAAGTTGTCACTGGCCTTTAGTGGATACT,...(((..((((((.....))))))..))),0.0
GAGCGTAGTAACTCACATCACGGAAGCTAG,(((........)))................,0.0
AACATAAGATGCGCATAAGTCTCGCAATAT,.........((((.........))))....,0.0
GAGCGGGGATCCCAGATCCTTTTTGAGATT,....(((((((...))))))).........,0.0
CGTGGCGGGCTCACGCAAAGTAGCTCGTCT,...((((((((.((.....)))))))))).,0.0
TCCCGAGAAATCAGCATATTCAAATTTCTA,.....((((((..(......)..)))))).,0.0
CACGCTCACTAATGAAATGTGTTGCTTTAT,...((.(((.........)))..)).....,0.0
AGGATCCCTCGGATAATATTCGATATTCAT,.((((...((((((...)))))).))))..,0.0
TGGACGCACCTATCAGGGCCGTACTGCTTT,.(((((..(((...)))..))).)).....,0.0
CCATTCGTACACGCCAGGGAGCGAAGAATC,...(((((...(....)...))))).....,0.0
CGTTCGGCAAGTTAATTGGGCCGTTAGATG,....((((..(.....)..)))).......,0.0
GATGGTGATGTTAAAAGCTAACATTTAGGA,......(((((((.....))))))).....,0.0
GCGGTGGGACTGGTTTAGCCAACACACATT,...(((....((((...))))...)))...,0.0
TACCGTTCTCCTTTGATATTATTAGGTACT,((((....................))))..,0.0
TGAGTGGATACTTTGGTAGCCTGGGGTAAT,........((((((((....))))))))..,0.0
GAGGCCGAAATTGGTTCGAGTTAAGTGTCA,..(((((((.....)))).)))........,0.0
AGAGGTATAAGGATTATAACTACCTGCTTT,..((((...((........)))))).....,0.0
GGAGGGATCTGGATGTTTACTGAAAGCGAA,(((....)))....((((.....))))...,0.0
CACGTGTTGCCAATGGGGCAATGACGATGC,..(((((((((.....)))))).)))....,0.0
GCTATTTCGATCGCTGCTGAGAGAAGATAT,.....(((..((......))..))).....,0.0
CGACAAGGTGGAAAATTGCCTACCATGTTA,.((((.(((((........))))).)))).,0.0
AATGGTTATTATCAAGATTGAGAATTTAGT,..((((....))))................,0.0
CTCCAGCGATCTCTGCTGATCGTCGGACTC,.(((.((((((......)))))).)))...,0.0
GGTAGTCTCCGACAGTAGAGTTCGGCACAC,....((..(((((......).)))).))..,0.0
CCAAGAAGGTAAGTATATTTTCTAGGAACG,((.((((((((....)))))))).))....,0.0
TACGCACTAAATTTTAGTTAGGCTTCCGAT,...((.((((.......)))))).......,0.0
GGCTACAACCGAATCCATTATCGGATAGGA,........((..((((......)))).)).,0.0
GACACTCTTGATCGGTCACTGTATGTGTTG,(((((...................))))).,0.0
CATGGGATGCTGGAATTTATGACAGTTTTG,........((((..........))))....,0.0
TCAACGTTGATAGTTCTTATTATCAAATTT,......((((((((....))))))))....,0.0
GGCCTTCGCATTTTCGAGTTCTAGCGCTGT,((((((((......))).....)).)))..,0.0
GTAACTTTAACTGTCAAATGTTATTGGGCC,....(..((((........))))..)....,0.0
AATACTTGGCTAATGTGCCTTTTTTAGTTG,.......(((......)))...........,0.0
ACCAAGCCTGCTTAAATGTCCGCGCAAATG,.....((..((......))..)).......,0.0
ATACAGCGCCTAAAATCAAGGTATCCCAAT,.......((((.......))))........,0.0
GTGTAATGGCCGTCAACCGAGAGATTTCTT,..................((((....)))),0.0
TAGATACACCTTGTTGAATTCAACTGTTTT,............((((....))))......,0.0
TAACCTAGGTGCAACAAGGTGCGTCGAGTT,..((((.(......).))))..........,0.0
TGTCTTATAATTCTACGGGGATAGTAATCT,....((((.(((((...))))).))))...,0.0
TAACAATGCGGGCCAACCCGGAGCGCATAG,.....(((((..((.....))..)))))..,0.0
ATGGTCAAAACTCTGATCATAGTCCTATAT,(((((((......)))))))..........,0.0
GCGCTACAGAGTGCGATGAGCTTGTACGAT,(((((....)))))................,0.0
CAAGTTGTCCGGCTTGATATCACCAAGTGG,.........(.(((((.......))))).),0.0
TGCTTCGTTTCACTGGAGGTGATCGGTGAG,.........((((((........)))))).,0.0
CTAAACCGCGAAAGTCCGCTTTTTGCGTTT,......((((((((.....))))))))...,0.0
GAGATTTCATAGTAATCCTATGAGTTAATA,.....(((((((.....)))))))......,0.0
TAGGACGGGGTATGTTTTATACACGCATTG,......(.((((((...))))).).)....,0.0
CGTGAGGGTGTACGTTACATTCCGATGCAT,(((..(((((((...)))))))..)))...,0.0
AGGCTGTTGTGCCAAAGACATACAACATAA,.(((......))).................,0.0
TGCACGTAGCTAAGCCCATACAGGTACTCT,.((.....))...(((......))).....,0.0
CTCGATAACTCAAAGTGTCATGAGTTGTTA,...(((((((((........))))))))).,0.0
ACCAGCAGTCAGGACTTTATGCTTGAAGGG,.....(..(((((.(.....))))))..).,0.0
CAGCTTGGTGGGAAACTTTTTATCACTGCA,..((.((((((((....))))))))..)).,0.0
ACAGACTCGTAGTATTGCTCGCAGTTCACT,...((((((.(((...))))).))))....,0.0
CACACGTAGACCTTTGGTATAATATGCTGT,.(((((((.(((...)))....)))).))),0.0
TCTGAGTTCAAATCACAGTAATTTGAACAC,.....((((((((.......))))))))..,0.0
CGTCTACCAAGCTCTTGTCAGCTATAAGAT,.((((....((((......))))...)))),0.0
GGTGGGTGGAGTACCCGTTCGCCTGGAGAC,(((((((((.....))))))))).......,0.0
AGCGGTCTCCCTTAATCTTTTTGATAAACT,...((....))...(((.....))).....,0.0
TTTCACAACACTTAGTGAGGTGAAGTCTTT,((((((..(((...)))..)))))).....,0.0
TTAAAGTTCTAACACTATTTATGGCGCCAA,..............................,0.0
TAGTCGTTGGCAATCTAGGAGTTGACGCGA,..(.(((((((.........))))))))..,0.0
TCGCAGGTCGAATGTCTGTAGTCCTCGTGT,.((((((.(...........).))).))).,0.0
TCATTTCGAACTTGTACAAGTTTAGTAAAC,.......((((((....)))))).......,0.0
AAGGCGTATCTTCAAGCAACTTTCGTTATT,...((..........)).............,0.0
CTATGTGCCTAAGATCCATTAAAGGCTATT,......((((............))))....,0.0
GCAATTGGATTGTTAACGCAGTAACCCCGA,....(((((((((....)))))....)))),0.0
GTTTCTGTCATGGTACCCGTACATTAAGTA,.....(((.((((...))))))).......,0.0
AGTCTCGAAGTTCCACTTTGGTAGCTGGAT,.((((...(((((((...))).)))))))),0.0
CAGATCGAACAATAATACCAACTAGTACAG,..............................,0.0
CCGCTTCGATGTAATAAATTTGAGAGACAG,.(.(((.(((.......))).))).)....,0.0
TTTTCCTCTTTCCCCCTTTTTTCACCCCTC,..............................,0.0
TAAAGGATATGCCCTAGAGCAGAGTCGATG,.....(((.(((......)))..)))....,0.0
GTTAGAACCTTAGCTCGTAAGGGCCTTAGG,.......(((..((((....))))...))),0.0
GGCTGTACTGAAATATTGTGGAAACACAAA,...............(((((....))))).,0.0
TACAGCATGATCTATTAGGGCTGATTACTG,..((((.(((....)))..)))).......,0.0
GGATGAGTACACTGTTTTCACCGTACCCAG,((.((((.((...)).))))))........,0.0
CCACAATTAAGGTACGGAGAACTTGAGTGG,((((..(((((..........))))))))),0.0
GGTAGTGGCCATATTTAGAGGCAAAATGCG,.(((...(((.........)))....))).,0.0
TGGCCAATTCGAGAGAAAAAGCCTACTAAA,.(((...(((....)))...))).......,0.0
TAACAAGGCCAGGTGGGACCGCCAAGTCCA,......(((..((((....))))..)))..,0.0
GTCAGCCTGCCAACACCTGGCGGAACGTAT,......((((((.....)))))).......,0.0
CGGATAAGTACGTCTGAACTTAATTACTGT,(((((......)))))..............,0.0
CCACTGAAGACTGTTCCTGCTCTTGAGTTA,..(((.(((((.......).)))).)))..,0.0
GCAAGCGGTCGCTTTAAGAGAGCATGGTTA,...(((.((.(((((...))))))).))).,0.0
GGTCGAGTTATACGTTGGGAATGCTTGCCA,((.(((((....(....)....))))))).,0.0
CAGTTTCATTCATATTTTGAACAAACAAAT,..((((..((((.....)))).))))....,0.0
GAGAGGCGGCCGCTTTAGGCTGTGAAACAC,.....((((((......)))))).......,0.0
GGTAACTTTAAAGTAAGCTTGCGTCTCTAC,.(((((((......))).))))........,0.0
GATTGGTGTTATTCATCTATGTATATGGTC,....((((.....)))).............,0.0
GAACAATGGTCTGGTCTCTGAGTCCTTTTA,.......((.((........)).)).....,0.0
TTCCATGAATTTATTGAATTGGGTATTAAT,.((((..............)))).......,0.0
GGAGCTTAACGGATCGCAGAGCGTTATATA,...((((..((...))..))))........,0.0
GGGAGGAACCTCTACTGGACGTTGCCGCAA,((.((...((......))...)).))....,0.0
ACGAGGTCAAGTATTTGCCTTTCTTTCGAT,..((((.(((....))))))).........,0.0
GCCATGATGTCTACGTGTCCCGGCATTTGA,(((..(((........)))..)))......,0.0
GTACCGGAGGAACTCGCTATTCTCGATGTA,......(((((........)))))......,0.0
TCCACAGCACAATCAGTCTAGGTTGGTTAG,.....(((.(((((......))))))))..,0.0
CAGGTTCTCAATGTTATTGGGATCTAACCC,..((((((((((...)))))))....))).,0.0
CTGCCGTGGGTACGTATGTCAAGCGGTTAG,..(((((..(.((....)))..)))))...,0.0
GATAGTCATTGTAACGTAATGGTAACTTAT,.....((((((.....))))))........,0.0
AGATGGCAGCCATTGTCTTAAAGTCACATG,.(((((...)))))................,0.0
GGATAGGGATTTGCTTATGTGCACTCCGAT,......(((..(((......))).)))...,0.0
CGGTTAACCTAGGCATGAGTGGTTGGCCAA,.((((((((...........))))))))..,0.0
TCGAAGCTTAATGTTTAGTGGGGCGCTGTA,.....((((.((.....)).))))......,0.0
TGGCAGTCGGCTATCACTTGGATTTGCTGG,.......((((.(((.....)))..)))).,0.0
CAGGATCCATGTCATAGTCATTGTATCCCT,..(((((.(((.......))).).))))..,0.0
CTCAAGCTGGTATTTGCAAACTAGCCTGCC,..((.((((((........)))))).))..,0.0
GTTCGCAGCCAACTCCATATGGCCAAATCT,.......((((........)))).......,0.0
AGGTTGAATGTCCAACGTTCGTCAAGCGTT,.....((((((...))))))..........,0.0
TAACGCAGGCAGGTGTAATATGTACTGAAA,..((((......))))..............,0.0
TGGTGCTTATGTGGCCAATCTAGGCGCAAG,..(((((((.((.....)).)))))))...,0.0
TTAATCGACAGTTATCATAGATGTCTTACA,......((((...........)))).....,0.0
AGAGAGCTTGTATTTTTTTCCTATCATCTC,.((((.....................)))),0.0
GCACAATATATGTGGAACGCAGAGATAGTG,.(((.((...((((...))))...)).))),0.0
TGGATGTCAGGTACAATCGTTCCTAATTAG,........(((.((....)).)))......,0.0
GTACGGTCAGTACAACGTTTAAAACTGTTC,((((.....)))).................,0.0
CGGTAAGATGGTTTTACTATTTTATACTTA,..((((((((((...)))))))))).....,0.0
CACTAAAGGTTCCACGACCCTGCCCCTCCG,.......((((....))))...........,0.0
AGCATTTATTGTATCACAATTTTGGAGTTT,.(((.....)))..................,0.0
CGGGATAACCGTAATACGTGTAGCTCCTGA,(((((..(((((...))).))...))))).,0.0
CGGTGCGTTAATGTACTGGCGCCCTGCCGA,((((((((((......))))))...)))).,0.0
TGGGTGCATATCGATAGCGGCTGCAATAAG,....((((..(((....))).)))).....,0.0
CACTCCGTATAACTAGAACGATCCGTAGTT,..........(((((..........))))),0.0
GCGTACTAGGATAAGTGCCCGCCTACGAAG,.((((...((........))...))))...,0.0
AGGGGGTACCTTAAAGGATCATTTCTGCCA,((((....))))..((((....))))....,0.0
GCGCCATAGTTCGTATCAATTTCTGCGGTA,..(((.(((.............))).))).,0.0
TGCGAAAACAGAATAGTTAGTCTGGATAAT,........((((........))))......,0.0
GGATATCTAACAGTGCTGGCCAATCATATC,..............................,0.0
AGAAGGTTATGAATGTATACATTGCCATAC,....(((.(((........))).)))....,0.0
TAAGCCTGAAGGATGTTGCAGATTTCGACG,......(((((..((...))..)))))...,0.0
GCGGAATGTTGCGAAGTGAATGCTAATACG,((((....))))..................,0.0
AGTGCACAGAGTACTGTTCCGTCGTTTGCT,(((((.....)))))...............,0.0
GATGGATCGTTATGACGATACCGTATGCGA,.(((((((((....))))).))))......,0.0
GAGTGTGGGTTATAATGACCGGAAAATTAA,.....(.(((((...))))).)........,0.0
TGACCGCTGTAAGAAGTACCAAATCGGTTC,.(((((..(((.....))).....))))).,0.0
TACACTGGGGTTTACTCCTTAGTGTTCATG,.(((((((((......))))))))).....,0.0
TAGCATTGTTCACACGTCGTATAACGGCTA,...............(((((...)))))..,0.0
ACGCGATGGCTTTCGCAAGTAACCGTAATT,..((((......))))..............,0.0
GCTAGCCGAATACTCCTATTCCTACCGTTA,.......(((((....))))).........,0.0
CTTAGTACAGGCACAAGCGTGTCTTACCAA,....(((.((((((....)))))))))...,0.0
AAGGCGTAGCTCCAACCCATTTTATCACTT,..((.((.......))))............,0.0
GGGCAGCATATTAGAATGATAATTAGGCTA,....(((..((((......))))...))).,0.0
CATACATTATAAAGTCCCTTGTATTATGTT,...(((((((((......)))))..)))).,0.0
GTAGGTATTTTCTTATCAAATATCTGTCCT,.(((((((((.......)))))))))....,0.0
ATGACACTGGGGTAGTCACTCGTATGTTGT,((((((...((((....))))...)))))),0.0
AGTCAAAGATATGCACAACGTCTTGCACTA,(((..(((((.........)))))..))).,0.0
AAGAGGCGTAAGTAAGACCTATGGTATATT,...((((........).)))..........,0.0
TTAGTAGCTGGAGCCGCAGCTAGCATACTC,..(((((((((........))))).)))).,0.0
ACGATATGGATATCTAGCTCATCTATTTTT,.....((((((.........))))))....,0.0
GGGTGCAGATGATATCTCATTTACGTTCAA,(((((.((((((....)))))).)))))..,0.0
TTTAACGTGTTCTACTCCTATTAGCGGACC,...............(((.......)))..,0.0
GGTTTTGGGTTGATCACATAACAAGTTCCA,((.((((...((....))...))))..)).,0.0
TGTGGATGGAAAGAACTTGATTAATCTTCG,.(.((((................)))).).,0.0
TGAGTGGAAGGACTCGTGTGCTTAATGCTA,..((((.(((.((....)).)))..)))).,0.0
GCGTTAGTCGTCCCAAACGAAACTTATGGG,(((.....)))((((...........)))),0.0
CAGCGGAGTCTTAGTGGGTCTCCAGATGCT,.((((((((((....))).))))....))),0.0
CTAGTTGTCGGAAAATCCGGTATCTATTAT,.(((.(((((((...))))))).)))....,0.0
CGGAACGGTTTATACTGGGTAGGAGTCCGA,((((....(((((.....)))))..)))).,0.0
GGTAATTCTGAAGTAGATTCGAAATTGTAG,..(((((.((((.....)))).)))))...,0.0
TAGCAAAAGCCGCGGTAGGCCGAGAGTATG,........(((......)))..........,0.0
GGACTAGAATTGGAACCTCTCCACTCGGTA,..(((.((..((((.....)))).))))).,0.0
GGGCTGTTAACTTCGAAATGCAGTCCGATA,(((((((............)))))))....,0.0
GGCAGATCCAGGTCTTACATCTCGAATAAC,(..((((....))))..)............,0.0
CAGTAAGTTCAATTGAAGAAACTTCCATAA,.(((...(((....)))...))).......,0.0
TCTGAAGAAAGTGGCCCGAGCTTACAATGT,..........(((((....)).))).....,0.0
CAAAACGGGCGTGTTCAATTTACGTTGGAG,.....(.((((((.......)))))).)..,0.0
GGGTTCACCGCAGTGATAAGGTGTTTTTAT,.....((((..........)))).......,0.0
TGTGGAGGCAACTGACAGTTGTAAACGAAT,(((....((((((...))))))..)))...,0.0
TTTTCCGTAAACACTTCCAACTAGCTGAGA,..............................,0.0
CGGCTCATCTCATTTAAAAGGTGTGCATTA,..((.(((((........))))).))....,0.0
CAACCATATCCAATTCGGTTAGATATGAAA,....((((((.(((...))).))))))...,0.0
ATGCGGGAGTCAAGTATACGTACTGGCTCT,.....(((((((.(((....)))))))))),0.0
TAACGCACGAACCCTTTCACGTTCGTTTCG,......((((((........))))))....,0.0
ATAACAACTACTGGACACCCAAAGCTTGTT,..(((((((..(((....))).)).))))),0.0
TCTTTACATGCACTATTGTTTTCCGTAGGA,............((((.(....).))))..,0.0
GCGAAGGTATTAACTTATGTTAGTGAGCTC,....((.(((((((....)))))))..)).,0.0
GCTAATATCAGTAACGCTGGCTTACTGCAA,........(((((((....).))))))...,0.0
CTAGTTGATGTTCAAATTTGTCCAGTAACT,..(((((.((..((....))..)).))))),0.0
TGCAGAATGCGGGTCCATTCTTGAGTGCAT,((((.....((((......))))..)))).,0.0
CGAACTTGGGGTAAATGCAGTGTTACCCCG,.......(((((((........))))))).,0.0
ATATGTTGTCTGGCTGTAATAGTAATATTT,..((((((.(((.......)))))))))..,0.0
GCTTAAACTGAACGTCACGTTGGAGTGAGT,((((.((((((...))).))).))))....,0.0
TAATTGTGACCCTATAAGGGAATCTCCAAG,.........((((...))))..........,0.0
ACGAAATGTTGTTTTACACGCGGTTGGGTT,.(.((.((((((...))).))).)).)...,0.0
GATCTGATTCCTTGTTATCCATGAATGATG,....(.((((..((.....)).)))).)..,0.0
AAGTTTTTGTCCTGTTGTCTCTAACCGGTT,..........((.((((....)))).))..,0.0
GCGTCTAAAGATCTATAGATTGCTTGCTTT,(((((((........)))).))).......,0.0
GCGAGTGGCTGTTAATAGCTGCTCGGAGTA,.((((((((((....)))))))))).....,0.0
AGTCAGACGCAGAACCGCTGTGGACGTACG,.(((...(((((.....)))))))).....,0.0
ATAGTCATCAAATCCTATTTCGTGAGTATT,(((.((((.((((...)))).)))).))).,0.0
AAGGCCTTTGGAGAGTATTGCTCGGTCCCA,..((((......((((...))))))))...,0.0
GTCGATGTTACTAATAAATGTTGGGCATAA,....((((..(((((....)))))))))..,0.0
GGTAGCTTGATGCCGCCTACACGAAGCAAA,(((.((.....)).))).............,0.0
TCCGTCAGGGCTTGTGCAGCAACATATTGA,.((....))((....)).............,0.0
CCCGCATTTCAAGGAGAATGGTAATGCTAA,...((((((((.......))).)))))...,0.0
GGCCCAAGGGGGTTATGAACCTCTCGCTAT,(((...(((((........))))).)))..,0.0
GGGCAAGAGTTTCCCATGAGTCTTATAAAG,....((((.((......)).))))......,0.0
GGGAATATAAAGCGTAGCATGTAAGCTCTA,(((..((((..((...)).))))..)))..,0.0
CGATGTTGGACGTATTAAGCAAACTCTATG,...((((..........)))).........,0.0
GTAACGTATGGGATATCCCAAGTCTCTACA,.....(((.(((((.......)))))))).,0.0
GGTATCGAAATACCTTCTATTTGTAATATT,(((((....)))))................,0.0
GTCAGATACCGATGTAGATATCTCGTATTA,....(((((.((((....))))..))))).,0.0
TCCGCTCGACGCCTGCAGGAGAGATACTAT,....(((..(.......)..))).......,0.0
ACAGACTATGTTAGAAACTTAGGCGGCCAA,.....(((.(((...))).)))........,0.0
CAATGCTATTTATAATTTGTTCTCACCCTG,..............................,0.0
AAAAAGCGATCGTTAGCTTTCGCTTGGTGT,...((((((..........)))))).....,0.0
CGGAGGCATTTCGTTTAAGTGTCTACCCAT,.((((((((((.....)))))))).))...,0.0
GAAAGTTTGGGCCTTTCTTGGCGCGGTCTG,...((.(((.(((......))).))).)).,0.0
TGCGGCCGTGTTGATTGGTCACGAAGGTAG,((.(((((.......))))).)).......,0.0
AATAGAAATGTCATCCAATTTGCCGCTATG,..............................,0.0
CATTAGGAAACATGCACCATCTTTGACTGG,................(((........))),0.0
TATGTCCGGGCAGTATTACTTACCCGTTGG,......((((.(((...)))..))))....,0.0
GCGCGAAAGTACGCGAGTCATTTGCGACTA,.((((......))))((((......)))).,0.0
CGGGGAAAAATTGTGCTATTAATACACGGC,..........(((((.........))))).,0.0
AAGGAGGAAATGATCTCTCCTCCGTTCGAT,..((((((.........)))))).......,0.0
TGCTGATCTCTCCGAAGAAGCCCATCACAT,.(((..(((......)))))).........,0.0
ACTAGATTCTACTGCTTAGTAACATTTGTT,..(((((..((((....))))..)))))..,0.0
GACATTGGAGTTGATAGTGGTCTCAGGTCT,......(((.((((........)))).))),0.0
GGGATGTTAGCGTTGTTTAGTTTACGTATC,...((((.(((........))).))))...,0.0
CCACGGTTACAATCTCATGAAGCCGTCCAT,..((((((.((......)).))))))....,0.0
GAGCGTGGAACATTCATATGGTCCTTTTAG,......(((.(((....))).)))......,0.0
TTAGCGAAGTCGATTACGATTCTCGAGTTG,....((((((((....))))).))).....,0.0
GGGTCGCTGTCAGTCAGTTACGGCCCTTTA,(((((((((.....)))...))))))....,0.0
GCCATTGAATCCTTGGATGCACTCATTGCG,.(((.........)))..(((.....))).,0.0
GCGGTACCATAGATCGAATTAGGGGGAGTG,.((((.......))))..............,0.0
GTGTGGCCTTCTTCCAGCTTGAACGCCCGG,.((.(((.(((.........))).))))).,0.0
AACAGCTATTTGAGATAGCCGATAAATGTG,....((((((...))))))...........,0.0
GGCCAGTTCAAAACGCTCTGCCGTCTTCTA,(((.((..(.....)..)))))........,0.0
ATCGCGAGTTATCACTGAAAATCGCTATAA,...((((..............)))).....,0.0
GTAGCGTTAACTGACTTGTCTGTGAGGCCT,..........((.((......)).))....,0.0
ATCAACATCTCTCTTTCGGAGGAAATGCTT,.......((.((((...)))))).......,0.0
TGCAACGTACTGGAATGGGCCTACTTTGTT,.((((.(((..((......))))).)))).,0.0
CCTCGTTTCGGCAACCGCAAAGGTAATAGG,((((.((((((...))).))).)....))),0.0
GCACATGGTGGGTTGATCTTAGCCTGGTAT,....(((.(((((((....))))))).))),0.0
CAGCATAACTGCTCCTGCAAATCGTGCTCA,.(((((...(((....)))....)))))..,0.0
GATAAGGCGTAGTTCTCCAATAAGAGTTAT,........((((((((......)))))))),0.0
CCAAAGTTTTTCCAATTTTATTCGTCTCTA,..............................,0.0
AGTCGGTGTTATATTATCTCCATCGGCTTG,((((((((............))))))))..,0.0
ATGCACCGTTTTTCAAAGCTTGTGCCAAGT,..((((.((((....))))..)))).....,0.0
TGTACGCGCCCAAAAATCTTTGAAGGTGAG,......((((((((....))))..))))..,0.0
TAAATAGGGTCTGCAGGGCGCCAGACCCAT,......((((((((.....).)))))))..,0.0
GAATGATTGCGGATGCAGCATATGTATGAA,..(((.((((....))))))).........,0.0
AGCGTAAAAAATGGAGCGGAACCTAGGTGA,.((............)).............,0.0
CATTATGCATGTATTAGCTACATCCCTTGT,........(((((.....))))).......,0.0
GACCATCGATCGCCATGCCGAAGTGTCGTA,((((.(((..........))).).)))...,0.0
GAAAGTACATTCGCGTGCTATGTTAAATTG,...(((((......)))))...........,0.0
CAGACACCAGAAAGTCGCCTCACGGTGTTG,..((((((.((........))..)))))).,0.0
TAACGGAATCTAGCATTTTTATTTTCCTCT,....((((..(((.....)))..))))...,0.0
CCGAGACACTTGCACCGTATGTTTAAATGG,.((((...))))..((((........)))),0.0
GAAGCGCCATATCCCATATAGCCTACGACC,..((.((.((((...)))).))))......,0.0
TCGAACGTGCACATTTGGTGGACATATTAA,......((.(((.....))).)).......,0.0
ACATATGCAAGATATTAATCTGCTTTCCCT,......(((.(((....)))))).......,0.0
GGCACGCTTTGAATTTCATTTCATTAAGTG,....(((((((((......))))..))))),0.0
GGAACTATTGGCAGATATTCTGACCCGTCA,.........((((((...)))).)).....,0.0
AAGATGGACTTAACAATGAGTCGATATGAA,...((.((((((....)))))).)).....,0.0
GGTAGGTAACTCCAACACACAGTGGCTTTA,((.((....))))..(((...)))......,0.0
GAAACTATGAAGTGCAACTGAATGAGAGGC,.............((..((.....))..)),0.0
GGCACAGCAGACGGTCCTAACCGGACTGTA,..........(((((((.....))))))).,0.0
GGTCAAAACATTATGTATTTATGGTGTGAA,.......((((((((....))))))))...,0.0
CCAGAGAATACGCTTCGTGATTTTCTATCT,..(((((((.(((...))))))))))....,0.0
GGGTGTTACTCTGAAAAGTAAGAGTCCCTT,(((....(((((........))))))))..,0.0
GCAGTGCGTTAACCTACTATCGCCTATATA,..((.(((.((......)).))))).....,0.0
GCACAGGCCTTCCCGTGTAGTTAGCGCCCA,((((.((....)).))))............,0.0
GACTAGAATAGGTAGTGGAAACTTGCAGTT,.((((.......))))..............,0.0
GTCAGACGTACATCGAATGTATTGGTTGAT,((((..(((((((...))))).))..)))),0.0
TGACGTTAAAGCTATTGTCTTGTGTATAAA,.((((.((....)).))))...........,0.0
AGTAGTTGTTTCAACGTATGTCCATACTGT,....((((...))))((((....))))...,0.0
TTGGAGCCGGTCTACTTATGACTAATCTGG,..(((...((((.......))))..)))..,0.0
CAAGCGGATACCCCATGTAGCGCCTCAGCG,...(((..(((.....))).))).......,0.0
GCAGGATGTCTGTCGTTCTTGACGGCTTGG,.((((....((((((....)))))))))).,0.0
TATTGAAAATAGGTTCCGTTTTCGGTAAAA,((((((((((.......))))))))))...,0.0
CGATATCAAATTGGCTTTTGCCTTACATGG,............(((....)))........,0.0
CGTACCGTAACGGGTTTGGTATTAGGGTAA,..((((.((((.......))..)).)))).,0.0
CGAAGGTGTCCGCCTGTGTGTTTTCCTTTA,.(((((....(((....)))....))))).,0.0
CTGACATGGGAATATCTTGTTCACTACTCT,......((((((((...))))).)))....,0.0
CTTGCAACTCGGTATTCGTAGAAGAGTTGG,....((((((.............)))))).,0.0
CCCAAGTTGTCATCCGGAGATATTCCTAGT,...............(((.....)))....,0.0
GAAGGATAGATTCGGGGTACCCGCTTCCCT,..(((...((..((((...))))..))))),0.0
CTTAGGTATGCACGTCCGTGGATGTACCAA,....(((((.(((....)))...)))))..,0.0
TACGCCCCCTGCCTGCATTTAATTGAGTTA,..............................,0.0
GACAATACTCATGTAAGGCGCATTGCTTAC,............(((((........))))),0.0
GGAGCGATCGATTTTATTCTTATCTGTTTT,.(((((((.((......))..))).)))).,0.0
GCGAGATTAAGAAAGTAATTCTTGCCAGGG,((((((.............)))))).....,0.0
TGCGGGTAAACATGCAAGATGTTAAAGACG,((((........))))..............,0.0
AAAAATGCTAACAAATCAGCCGCTATTTGA,......(((........)))..........,0.0
GGGCGCGGAACATATACGATGTTCAGATTC,.......((((((.....))))))......,0.0
TGGTCCCTGATGAACAAGAAGGCGCCCGCG,.(((.(((..(.....)..))).)))....,0.0
CAAGCGGTTGAAGAGTAATTCCGATACGCT,..((((((((((......)).)))).)))),0.0
ATCTGGTTCGCCTCATTCTTGTGCTAACTG,....((((.((..((....)).)).)))).,0.0
GACTCGATGAATAATCTTCGCTTAAGGATC,....(((.((....)).)))..........,0.0
CACGGTGTAACCGTCTGTAAACCGTAATGT,.(((((..............))))).....,0.0
GATTTTAGTTCTTTCTCTGCGGCTAATTAA,....(((((((.......).))))))....,0.0
GGAACTAATCGGTCTTATCCTTTAAAGTTA,..((((....((......)).....)))).,0.0
AACAGGAGCTGTAAAAAAGGTCTAAGCTAT,....(((.((.......)).))).......,0.0
GTCCGCTGAAGTCGTAGGTCCGCAGGGCGA,((((((.((.........)).)).))))..,0.0
ACAGACCTCTCAATGGGGGGTGAGGTGGTA,.(..(((((((...)))))))..)......,0.0
TACGTTCCGCGAAGCGGAGCGTTTTGAAAT,.(((((((((...)))))))))........,0.0
CTGAGATGGATCATACCATAAGGTAATAAT,.(((......)))((((....)))).....,0.0
CGCGCAAGGAGCTTAGTTTCCACGCAAGTG,.(((...((((......)))).))).....,0.0
GCGGTGAGTGTGGTATCGACTACACGTGGG,.......(((((((....))))))).....,0.0
AGTCTAAGATCTACGGTCACATAGGGCTTT,(((((..((((...)))).....)))))..,0.0
ACGGTGATTACTACTTTGGTAATCGAGTAG,((..(((((((((...))))))))).))..,0.0
AGCGAAAGTAATCTTGGTTTCTGCACCAAT,.((((((.((....)).)))).))......,0.0
ACAGATTGACATTACTATTAGTCCCAATCC,...(((((..((((....))))..))))).,0.0
ATCACCGGTACAGATCCGAATAGGTGTGTG,........((((.(((......))).)))),0.0
CGCATGTTTACTTGATTGTTTCCCTAATAG,..............................,0.0
CAATGTAGGCCAGCTTAGCCTATACACGTA,...(((((((.......)))))))......,0.0
GTTCCGGATAGTACCCTTTCATTCGTATAT,....(((((.(........)))))).....,0.0
GGATAGTGTTACCTCTAACAATACCGCCAA,((.((.(((((....))))).)))).....,0.0
TATGAAGGACATTATTCCCGCCATTCTCCA,......(((......)))............,0.0
GGTCTGCTCGCCGCCCGGTCCGGCACATAT,(((......)))(((......)))......,0.0
TGCCAGACTTAGGCCTAACGCTGACTAGAA,.(((.......)))................,0.0
GCGGAATCCCAAGGGTTGTAACTGGTACGG,..(.(((((...))))).)...........,0.0
AGGGTGTACCGCGAATATCTTCACACTGGG,..(((((.....(((....))))))))...,0.0
GCGTATTTTGGTAAACCCACGTATTTGCGT,(((((..((((.....)))...)..))))),0.0
CATAGGTAGATACTCGACTAATCGACCTCA,...((((.(((.........))).))))..,0.0
GGCTCATAAGGTCCTGGGCCGTTTGTTCAT,((((((........))))))..........,0.0
CTTATGGGGCGGGAACCATCCCGGAGCTAA,....(((..(((((....)))))...))).,0.0
GATGTTTACACCGGCAAAAGGTAATCTGTA,.........(((.......)))........,0.0
TAGTGCAGTACTTGGGTGCTTATAACAAAT,..(((.(((((....)))))))).......,0.0
CCGCCGATCGTGCTAGCCAAAAGATATAGT,..(((....).)).................,0.0
TGGGCGTGCATACCTTGTGTTTATCTCCAT,((((.(((.((((...)))).))).)))).,0.0
TGGCACTTGTAAGTGTTAACCAGGAATACA,(((((((....)))))))............,0.0
TAAGCCGTCATGTTAGTTCCGTTCGAGATT,..............................,0.0
TAGGGGACCATTGCCTCCCCCTTGCGAATA,..(((((........)))))..........,0.0
ACAATGTTTCAGTTGCCACATAAGAATTGG,.........(((((..........))))).,0.0
CAACGTGTTGAACGCCCCCGGAAGTTACGT,..(((((.....((....)).....))))),0.0
CGGATAACACACGACAAATGTGGTACTCAA,..((..((.(((.......)))))..))..,0.0
GGCATTGAACTACAGGTCAGAAGCTACTTC,(((.((..(((...)))..)).))).....,0.0
TAGGTCTGCTATCTATAGCTAGGCGGGGGA,...((((((((....)))).))))......,0.0
GCAGGTTTCTCTGGAGGTGAACCTAAGTCA,..((((((.((....)).))))))......,0.0
TCGCACGATAGGCCATCGGGTTTTTTGTGA,...(((((.(((((....))))).))))).,0.0
GGTCGTTGTGGGAGTTGGTCCTACTGTCTT,.......((((((.....))))))......,0.0
CGGACAGTGTTCCTTGAGCTCCTTCCGTTG,((((..(.((((...)))).)..))))...,0.0
GTTAGCCCGTCAAGATCGAAGGCTAGGTTT,.((((((..((......)).))))))....,0.0
CGATTAACGCTTCTCAGTTGTTTAGCCGAC,.((.((((........)))).)).......,0.0
CAATAGTGCGGGTAGGAAGCACTTAAGTTT,....(((((.........))))).......,0.0
GACTTGGAGCGACCAAGCTACATTGTTCAA,..(((((.....))))).............,0.0
GCCTCAAGTTAGCACTGCTGACCGGGTAAT,((((...((((((...)))))).))))...,0.0
GGCCTCTAATAATTTATAGTGCATGCTCTT,.((((.(((....))).)).))........,0.0
CGCGGTTGAGAAGAGGTTTCTCGCACAAGT,....((((((((.....)))))).))....,0.0
CGTTGCGTTACAAGATAACGTTCTTGCCGA,.....((...(((((......))))).)).,0.0
CTAACAAGCAGATACAAATTCGAGGTAATG,..............................,0.0
GGAAGCTCTTTTCCAAAGTAAGCTTCTGGG,(((((((((((...))))..)))))))...,0.0
GCTTTAGTTAACACGTTAACGTACGCATAT,((....(((((....)))))....))....,0.0
TCTACATTATCAGGATTGATTAATCTAGCG,.(((.(((((((....))).)))).)))..,0.0
GTTGGTAGCAAGGTAGTGCTATAGCGACGA,((((((((((......))))))..))))..,0.0
TAACCGGCCCGGTTCACCGGTTTTTTAGTT,.((((((.........))))))........,0.0
GGCCGTTACTTGATGCTTAAGTATCTTAAC,....((((...(((((....))))).)))),0.0
GAGCTATACCTCAAATTAGTCTATGAGCGC,(((......)))..................,0.0
CTAGGCAAGTCTACTTACCTGATGAGCCAA,...(((..(((.........)))..)))..,0.0
TAAAAGAGACATGTATCATTATGACTCTCC,....((((.((((......)))).))))..,0.0
TCAAGGGAATTTTCTTAAATTTATTCTAAT,.....(((((............)))))...,0.0
ACTGATGACGTGTAAGCTTATCGTCTGCCT,..((((((.((....)))))))).......,0.0
AAGAGTTTCCAGTCGCTGGTCCTACTTTTA,((((((..((((...))))....)))))).,0.0
CGTAATGCGTAGATCTTTCATTAACGTGGG,......((((.(((.....))).))))...,0.0
TGAGGTCCTCTTCGCATGACAGGGATTGTT,...((((((..((....))..))))))...,0.0
GTACTCATGCAGGAATCTTTGCAGGGTTTG,..((((.((((((....))))))))))...,0.0
TTTCAGTACGCGTTTTTCGGATGGAATGAT,..........((((((......))))))..,0.0
ATTGCAGGATGGAGAAACAATCTTCAATCT,......(((((((((.....))))).)))),0.0
GTAATCGTAGTGTACTTTCTAAAGATAATT,...(((.(((........)))..)))....,0.0
GGGATGCTCCTTCTCCGAGAGTGCAACTAG,.((.(((.((((....))).).))).))..,0.0
TGCTTCCTAACATTATGATAAAGAAGGCTA,.((((.((.............)).))))..,0.0
CACGTGCGAACGGGTTTCGTAAGTGGAATG,(((.((((((.....)))))).))).....,0.0
GGCAGGCAGTACAAAGTGCAACGCCTTGGG,(((..(((........)))...))).....,0.0
AGGTAACAACAAGATTATTCTCGATATTAC,..((((...(.(((....))).)...)))),0.0
TGCCGAGTGCTTATAAGATTGCATGGTAGA,((((..((((..........))))))))..,0.0
GGGCGCCCTTGGCCACACCGGGTGTCGGTT,.(((((((.((....))..)))))))....,0.0
GTATAAAAGGTTCTCTTCTAAGGAATCCAT,........((((((.......))))))...,0.0
GGAATGAAATAAGATGGAAATCACCACTTC,..........(((.(((......)))))).,0.0
AAATATCTCGCGTTTCATCCAATGCGAGTA,......((((((((......))))))))..,0.0
GGCAAGCTACATGTTGATGTATTGTTGAAG,(((((..(((((....))))))))))....,0.0
CAACTGTTCGTTTAACCACCCGCTACAGTA,..(((((.((..........))..))))).,0.0
CTCGGTTTGAAATTAAACCACCGTAGCTTG,...((((((....))))))...........,0.0
GCGAGCAGTAAGGTTGTTATAGTTAGCTTA,((.(((.((((.....)))).))).))...,0.0
AAGTTGCCAAATCGGCCCCCAATATACGCC,.....(((.....)))..............,0.0
CGGCACACCAGCGTATTGTGTGTTGGCGTT,((((((((.........)))))))).....,0.0
TTGGATCCCGTCACCACCGTTACTGATATG,.(((.........)))..............,0.0
GTAAACATAGCTAGATTCAATAGTTGTGTG,....(((((((((.......))))))))).,0.0
CAGGCTGGAATTTCTTGGGCTCCTAACCGT,..((((.((.....)).)))).........,0.0
AAGACGGAACGCATGTTGAGCAAGTATTTT,.....((((.((.(((...))).)).)))),0.0
CAAGATCTGACTGTTAAGCCATAATGGTGA,.........(((((((.....)))))))..,0.0
ACCTTAATTACTGTCTAGCCAATTTAATTT,..............................,0.0
GCGCGATATTTTGTCCCAGTCTATTGGTGT,..((((....)))).(((......)))...,0.0
CGTGGCCAGATACTACAAGTTGCCAATAGG,..((((...............)))).....,0.0
TGGGGAAACTCGATTATTCTTAGGTTTTTA,...(((((((.((....))...))))))).,0.0
GATATCGCAGTCTTGCCTCCCATGGATAAA,......(((....))).(((...)))....,0.0
TGCACCAAATGAACTTTTGGTGTGTATATG,.((((((((......)))))))).......,0.0
CATAATAGTATGTAGCAGTTACAAACTTAT,......(((.((((.....)))).)))...,0.0
CCGTTGTGTAAACCGTATTTGTTCACACTT,.....((((.(((.......))).))))..,0.0
GAAGTTCTAAGAGTGTTCGTTGTGGACTTG,.((((((..((.(....).))..)))))).,0.0
TACAGGGCGCGTATTTTCAGCGATCTAGCC,....((((((.........))).)))....,0.0
AGACAGGTCCGCACCGCTCGAATGGCCCAT,.....((.(((...........))).))..,0.0
TACACTGGTCTGGATTGTTTGGGCCGTGCT,..(((.((((((((...)))))))))))..,0.0
ATACCTGTAAGTTTGCCCAGCCCAAGGGGT,..............((((........)))),0.0
CGTACACTTATCCAATGTAATTTTTTCAAG,..............................,0.0
CGTTTCACGTAGCCCTCAGGATCCGTATGG,......(((...((....))...)))....,0.0
CATGCGATACTATTTCTTTTATTGTTCCAT,...((((((..........)))))).....,0.0
TGAGTACAACAGGATCACTATTCTGGACTT,.........((((((....)))))).....,0.0
GTGCAGTTTCGGCCACCAGTCCAAATACAG,.....((((.(((.....))).))))....,0.0
ATCCCGCTGCAGCACTTCTAGAGTGCATAT,...........((((((...))))))....,0.0
GAAGGATACTTACACTTTGTAAGAAAGACT,........((((((...)))))).......,0.0
ATGCGTACACATGTAACTATATATGTTCCA,........(((((((....)))))))....,0.0
GAGGGGATTATACGTCCTCGCCAGTCGCCT,.(((.((((...((....))..)))).))),0.0
GCGTCCCATTCCGATGTACACGTATCCCGA,(((((.......))))).............,0.0
GCTGTTGTGCAATCGCAGATAAATGGCGTG,((((((.(((....))).)...)))))...,0.0
CAGGGTAAAGCTGGGGGGAATTTTCCCGTA,(((.......)))(.((((....)))).).,0.0
CCCGGAGATGTCATACAGCTTTTGCGGGTC,((((.(((.((......)).))).))))..,0.0
CAACGTACTCGCCTAGAGCAACCCAAGTTT,.......(((.....)))............,0.0
AGTAGGGTGAGCTTGGCAAGCGATGAATAG,..........((((...)))).........,0.0
CAGGCGGTTCATATTAAGCTGAACCTGATC,.....((((((........)))))).....,0.0
GATTGCCGACATCTTTACAGAAAGTCGTTT,......((((.(((....)))..))))...,0.0
CCATACGCCTTAATGCAAGATTAATGTTGA,......((.(((((.....))))).))...,0.0
GGTTGGTATTTGTTAATACAATAACGGCCG,(((((....((((....))))...))))).,0.0
GCGCAAGGGGCTCGCATATTGAGGTCCCAA,......((((((((.....))).)))))..,0.0
TTAAGGACTTAAGGGTACTTGTTTCGTAAT,...(.((..((((....))))..)).)...,0.0
AAAGCAGCGATTGATCTCCTAACGCTTGTA,...((((((.(((......)))))).))).,0.0
GTTATGGGTCCTTCTATAGGCACAGATGTT,((((((((....)))))).)).........,0.0
CACAGGTAAACGTATTAGTCTAGCTGGCTA,..(((.((.((......)).)).)))....,0.0
GCGCCAGATGACGTCCATCTGATCATTGCT,....((((((.....)))))).........,0.0
TACAGCTGACCTTTCGGAAAGCAAGCCCAT,....(((..((....))..)))........,0.0
TAACGTTCGTATTAGATGGCTGCTGCATTA,........(((.(((....))).)))....,0.0
GGTGGTTTCCACTTGGTCAACTAACCTTCA,(((((((.((....))..)))).)))....,0.0
GGGGCTTGGCGAATATGCCTTTAAGGTCTG,.(((((((((......)))....)))))).,0.0
TAACGCATCTCTAAAATCGTGTGTTGGGTT,((((((((..........))))))))....,0.0
GATTGACCGTTTGCACCAACGAAGGACAGT,.((((.((.((((......)))))).)))),0.0
TAAAGTAGGGATAACGAACAAACAACTTAA,..((((.(..............).))))..,0.0
TGAGAGAACCAGTTATTCTCAATTCTATAA,...(((((.......)))))..........,0.0
CCATCCACATACATGTCCTGAAATGTATAG,........((((((........))))))..,0.0
GTAGGCTTTACGACGTGTCAGCCTATGAGG,(((((((.(((...)))..)))))))....,0.0
GCAACACTTGAGGTAAAAGTCGTCCCGATG,(..((((((.......)))).))..)....,0.0
GCCCCATGAGGATCTTTCTCATGTCTTGTG,....((((((((...)))))))).......,0.0
GCTGAGGAAATGTAATTTCGAAGAGCACAC,(((...(((((...)))))....)))....,0.0
AGGTTGTCCCCTCTCGACCGCTTGTCGACA,.(((((........)))))...........,0.0
TCTACTAGCTGGGTAGGGAGGTATACGTGG,((((((.....)))))).............,0.0
CTTTCTTGCGTTGTTGAACTATGTTTGGAA,..(((..((((.((...)).))))..))).,0.0
ACTATGTAGAGCATGGCTATACCGGATAGG,.((((((...))))))((((.....)))).,0.0
CAGTAGCGAATCCACATCGAGTAACAACGG,......(((.......)))...........,0.0
GACAAGGCGAAAAGTCAAAATTCCATTAGA,.....(((.....)))..............,0.0
GGGGATGGTGGTTTGATCCTCTACTGTCAT,((((((.(.....).)))))).........,0.0
TGGGCCCCATAACGGCTACGTTTGAACAAC,..((((.......)))).............,0.0
AGGTGCGACAGACAAGGCGTTGTTACCATG,.((((((((.........)))).))))...,0.0
GTGATATTGGACTCAGAATGATACTTTCAA,(((.((((........)))).)))......,0.0
TAAATGCGCGAACCTCGTTCTGCTCTGACG,.....(((.((((...))))))).......,0.0
GTTGGGCTCGCTAATTGGCTAATACACATA,(((((.(.........).))))).......,0.0
TGCGGAAGGCACGCCAGTGTTTGACGTACC,((((..((((((....))))))..))))..,0.0
AGTAAGACGGGTACCCTCTAGGCGTTATAT,.((.(((.((....)))))..)).......,0.0
GCACGATGTGGGTGAGACCAAATCGCCACG,...((((.(((......))).)))).....,0.0
TAAAGGACGGTTGACCTTCTGGTGTTGTTT,....((((((...(((....))).)))))),0.0
GAGAGTTGATAAACTACATAGAGTTACTAA,...((((....))))...............,0.0
AACTGAATGACTCGTATGGTCGAAAAGTGA,.(((...(((((.....)))))...)))..,0.0
CAAGAGTTGTTAGTATACCTTTTCCTTGTT,.(((((.(((....))).))))).......,0.0
GAGTAGGATAGGTACTAACTGTGCTAGTGA,.(.(((.((((.......)))).))).)..,0.0
TGGTAACTACTAGGCCTTGCACGTTTATTT,.(((.........)))..............,0.0
CGCCAAGTTGCATGATAAAAGGATTTACAG,.((......))...................,0.0
CACAGCGTGACGCTTGTCTAGTTAGATGTT,...(((..(((....)))..))).......,0.0
GCAGACATGTAAACTATGTCTATTAACCTC,..(((((((.....))))))).........,0.0
CCTGATTATAACCAATTATAGTTTACTAAG,...((((((((....)))))))).......,0.0
GTACAATGCAAAACGTGGTTAGCGATTACG,.............(((((((...))))))),0.0
ACACAAGGTAGGCCACCTGCTTTTCCTAAT,....((((((((...)))))))).......,0.0
CCACGAACAGGTTCATCTTTCTTTGTTCTC,....(((((((..........)))))))..,0.0
TCGGGTTCTTATAGGTTAATGGAATACGAT,(((.(((((...........))))).))).,0.0
GACGCTAGAACCCGAGTACTGAGCGCGCTA,(.((((((.((....)).)).)))))....,0.0
GGCATAGATCGATACGTACGATCGCGTTAT,.((...(((((.......))))))).....,0.0
GCAGTGTCCAAGTTGTGCTGAATTGGGTAA,......(((((...........)))))...,0.0
ATAGGCAATGTTTAAGCATGGATACTGTAT,....(((.((((((....)))))).)))..,0.0
CATAGAAGCCGTGTAGTCTGCCACTTCGTA,....((((..((.......))..))))...,0.0
ACAGGCTTCGAATACTCGATTAGTCTATAG,..(((((((((....))))..)))))....,0.0
GATGACTTTCTCATCGATTGTGTCATAATT,(((((.....)))))...............,0.0
AGCGGCACTTGGAAATTAAAAGCGCATGTC,.(((((.(((.........))).)).))).,0.0
GGATATTGGTGGACTCTACTAATACACACT,(..(((((((((...)))))))))..)...,0.0
TAACAACAAGTCGATGGGTACCGTCTTGTG,.....(((((.((........)).))))).,0.0
GTAGACAGTCATCTATAGAAGGATAGCGAA,.......((.((((......)))).))...,0.0
GGGGGCTGAACCCATTCATACTGCGATCCT,.(((......))).................,0.0
CGCACCGGATCCTATTAACGGGGCCGCGAT,(((...((.((((......)))))))))..,0.0
GGCAAACAAGAAATTCTTTGTTTAAGGCGA,.(((((((((......)))))))...))..,0.0
GGCTGCCGTGTTAGCGATTAAGAGAGCTAC,.((((......))))...............,0.0
GAGTCACCAAAATCTTGGATATCTCGTCAT,(((...((((....))))....))).....,0.0
TTCCGTCGGCTTCTTTATCTACGAGCTCCC,.......(((((..........)))))...,0.0
TCTACCGCATAATAATTCACATGATAGTAG,.((((.((((..........))).).)))),0.0
AATTGAACTCGTTCGGAACATTATCTGTTT,.............((((......))))...,0.0
CAACAGATGTAGTGACTTACTACACTAGTG,..((((.(((((((...))))))))).)).,0.0
GTATGTTTTATCAAAGCCAAATTGGCCATC,...............((((...))))....,0.0
ATACGAGGGTACATAAACTTATGGTTCCAT,......(((..((((....))))..)))..,0.0
GCGATGGTCGCAGGTGTTAGGCATTAGCGT,((((...)))).(((((...))))).....,0.0
CGGGTTATTAAGTGGAATATACACGCGAAG,...........(((.......)))......,0.0
TCCAAGCGCTGATGAAGCGAAACAGCTCTA,......((((.....))))...........,0.0
GGAAGTCCACTTTTTAAAGGACTTTTAAAA,((((((((..........))))))))....,0.0
TTATGGATACGTCTGTTGTACAAGCGTCTA,........((((.(((...))).))))...,0.0
CGTATCATTGGAATCCGTCCTTTAAGTTTG,.........(((.....)))..........,0.0
GGGTAACGGTCGAGCTCAAACACGTCCTTA,.......((.((.(......).)).))...,0.0
TGGATGGGTACCTCATTGAAGGGTGTCTGT,...((((((((((.......)))))))))),0.0
AGGAAACGCGTTGAGTTTTAACGTTGAAAG,.......(((((((...)))))))......,0.0
CACGCGGCAACACTGCATGTAGATGTAAGG,...((((.....))))..............,0.0
AGCTGATTGGTCCATGGGAGATAACAGATT,..(((.....(((...))).....)))...,0.0
AGTGCGTGTCATATTTCGTTATGTTGCGAA,....(((..((((......))))..)))..,0.0
GACGGAACAACCAGGATTTGGGTAGCTTGG,..........(((((..........))))),0.0
GCAGAAGGCTATTCTGAAATGTAGCGCTCC,...((..(((((........)))))..)).,0.0
AGGAGGCTGATCTTGCCCCATGCTGTGACT,.((.(((.......)))))...........,0.0
ACATTGGCATAGATGGATGTGTCCTTTGTT,(((..((((((......)))).))..))).,0.0
CGGACTAGCGAGTTTAGCCAGGCAGGGAGG,.((.((((.....))))))...........,0.0
CGCAGTCGGAAAGCTTTTTGAGTAGTTATG,.(((.((((((....)))))).).))....,0.0
GATGGCATTCCTAAGTACAGCTCATTAGTC,((((((.............)).))))....,0.0
TGTCCTGAGGCGATTCACCACCCAGTAAAT,....(((.((.(......).))))).....,0.0
GGTCAAACAAGAGTCACCACTCGTCGTTAT,.....(((..((((....))))...)))..,0.0
ACAGGCAAGCTTGGTTATACCAATGTCCCG,...((((...(((((...)))))))))...,0.0
ACGTGTGATGACTCGTCGTGGAGCACAAGT,..((((..(.((.....)).).))))....,0.0
GGATGTACTAAGGTAACCAACACAGTACCT,....(((((..(........)..)))))..,0.0
GCGTTGTAGGCTATATCATCCCGCCTCCAT,....((.((((...........)))).)).,0.0
GAACTCCAGCGCTTTAATGCCAACTTAGGA,....(((((.((......))...))..))),0.0
ATTAACGAATCTTAGTACGCGTTAAACCCT,.((((((............)))))).....,0.0
CCAATCAAGTGAACGAAGTAACGCCCATTT,......(((((..((......))..))))),0.0
AGATTGTTCCGTACACTGGACGGGTCGTTC,.((((..((((.....))))..))))....,0.0
GTACATTGAACAGTTTGCATTCAAGGTCTT,..((.(((((.........))))).))...,0.0
GTAGGCCCAGCAGTTTCTTGAGTGTCACAA,.........(((.((....)).))).....,0.0
GTAACTGCCAGCGCGAAGATCCAAGGTCCA,.....(((....)))..((((...))))..,0.0
TACAAGGTTGCATTAAATCGCGTAACTTTT,...((((((((..........)))))))).,0.0
AGCAGGTCCAAGATTTCATATGCCTAGGTG,...((((..............)))).....,0.0
CATACTGAGTGTTCTACACCGCCAGGCTGT,((..(((.(((........))))))..)).,0.0
GTACTATAGTGCATTAACTACAGGACATTA,((.((.((((......)))).)).))....,0.0
GGGGTAGGATCCACGGGGTGTATAAGCCAA,(((......)))....(((......)))..,0.0
CGGCACATCCCTGACAGGGTTGTTAAAGTT,....(((.((((...)))).))).......,0.0
CGGTCCGCATGAGTCTACGACGTGCTTAGT,......(((((.........))))).....,0.0
GAGAAATCGGCTTTCATCTTATTTCTTACA,(((((((.((.......)).)))))))...,0.0
CTTTGGCCAAGGGCAATTCTTGTGCTAATA,..((((((((((.....))))).)))))..,0.0
CAAGGTGCGTATATATTCCCTAAGTGTCCG,...(((((...............))).)).,0.0
GCGTAAGTAAATTCAGTTTGCCTTGCTAGA,..((((((((((...))))).)))))....,0.0
GGGCATGAAAGATTGTAACGTTTTTCTGTA,..(((.(((((((......)))))))))).,0.0
CAGTATGGCCATCTTCGTTTGGGTAAGAAG,.....((.(((........))).)).....,0.0
CGAAAGGATGGGGATATCATATCCTTCAAT,...(((((((((....)).)))))))....,0.0
TGGTGAATACGTAGTGGGCTCGTTTATCAC,((((((((..((.....))..)))))))).,0.0
GATCGAACACAGGTAGCAGTCGCAGTTCCA,...........((.(((.......))))).,0.0
TCTAAAAAAGGTGAATGGGTGTCAACTTTT,.....(((((.(((.......))).))))),0.0
GACGTTAGCCTTCTCTCGGTAAAGTCTCGA,(((....(((.......)))...)))....,0.0
CAGCCTGCGCGCAATGCCACCCAGGTAGAT,..(((((.((.....))....)))))....,0.0
GAATAGGTCGGAGTTGGTAACGTAGGTCTT,.........(((.(((......))).))).,0.0
CCACCGGAATGTCTACATTGCCCGCTACCG,....(((((((....))))..)))......,0.0
GTCGCAACGCCATACGCGTACTTTAAGAAG,......((((.....))))...........,0.0
CACGTCTCAGGTATGCTCTATGATATGTGA,(((((.(((((......)).))).))))).,0.0
TATCGCATTAAAGCTTGAGCCTTTTTTCGA,..(((.(..(((((....).))))..)))),0.0
GGAACAGATAGTTTTAGTAAACATAATCCT,(((....((.((((....))))))..))).,0.0
CGCCCTTGGGCCCTTTTGGCATATATCCAG,.(((....)))((....))...........,0.0
CGGCCAGGGAATCATGTTCGCTATGCCGTC,((((.((.((((...)))).))..))))..,0.0
GCTACTGTTCGGTGTAGAACATCCTGTTGG,.....(((((......))))).........,0.0
AATCCACCTTATAGGTATGCTATTTAAGTT,.....((((...))))..............,0.0
ATCTGTGTCTGATGTGTCATAAGCAGAATA,.(((((...(((....)))...)))))...,0.0
TCGGTTCGTGTCTGCATGATCAAAACAGAA,...(.(((((....))))).).........,0.0
GCTGCTGTCGTAGGTAAGGACTGCTGCTAT,((.((.(((.(.....).))).)).))...,0.0
ACCGATACACAAAGTTACCAGTCGGCTCAT,.(((((..............))))).....,0.0
CGGTCGTCGGCTTATCTTTATGCTACGAAA,...((((.(((.((....)).)))))))..,0.0
GTGTCATGCTTCACAACTGGCATCATGATT,..((((((((........))))...)))).,0.0
AATAAGTACTTAAGAGGGGCTTGTAGTGTT,.((((((.(((...))).))))))......,0.0
TGCTACATTAGCTTAACGCTGTTACGTCTA,.((((...))))...(((......)))...,0.0
AGGTCTCATGGTAGGTTAATCTAATGAGGG,...((((((..(((......))))))))).,0.0
TATAGATAGGCGTATTGAACTTAGTCCATA,........((..((.......))..))...,0.0
GGGGCCACGGTGACAACAGCCGAGGATTTG,....((.((((.......)))).)).....,0.0
TGTTGTGGTAGCAACTCAGTTCTAACCGCG,....(((((((.(((...))))).))))).,0.0
ATGCATAACGCTTAAGTGGTCCATTTGCTG,..(((....(((.....))).....)))..,0.0
AGTCGGAGTCACGTAGTAAAGAGGCTAAAT,......((((.(........).))))....,0.0
ATTCGCGATCAAATGAACCATTTATCAAGG,......(((.(((((...))))))))....,0.0
CGGTCTGAAAATATTCCGTGTACTGCACCT,.................((((...))))..,0.0
GTACTGCCGAGTTGACAAGACGGCATTGCA,(((.(((((..((...))..))))).))).,0.0
TGAGATTTTACTTTTGTGCTAAGCTTTCAT,(((((.(((((......).)))).))))).,0.0
TACTTAAGAGTGGCATAATATTAAGGATTT,..(((((..((......)).))))).....,0.0
TGCTTTCCGATACCGCAGATTTAAAAGGAT,.....(((..................))).,0.0
CTCCGATATCACTCATGTAGATCATGGATT,.((((..(((((....)).)))..))))..,0.0
GGAACGTGTACATCACAAGTTACCGGCTTT,(((((.(((.....))).))).))......,0.0
GAAGCTTGAGAATCATGTTTGAGTTAGTGA,..((((((((.......)))))))).....,0.0
CAAGCGATACTAACTCACCATCACACTTGT,((((.(((...........)))...)))).,0.0
CACATATACGGCAGGATATTCTTTCGTGTT,.....((((((.((((...)))))))))).,0.0
CAAATTACCTTGATTGCTACAAGAAATTCT,........((((.......)))).......,0.0
CCAGTAGATCTATACTTGCGATGCTACAAT,...(((((((.........))).))))...,0.0
AAGAAGGCTCTTTTTTGTATCCGTCTTGTG,.(.(((((..............))))).).,0.0
GTAAGCTTGTCACTTCATTAATTGCTGGTC,((((...((......))....)))).....,0.0
GTGGGATAAAATCTTATTTAATGAAACGTC,(((((((...))))))).............,0.0
CACGTAAGGATGTCGAAGCCGCACAAGTTT,..........(((((....)).))).....,0.0
AAGACTCGATTTATCTGCTAGAGTAAGGTT,...((((.............))))......,0.0
GCTAATGTCGAATGCGATTCAATTTCACAT,....((((.((((........)))).)))),0.0
GGAGGACCAGCCGAGTATCAAATGGGAAAT,((....))..((.(........).))....,0.0
GGAACTAAGTACCGTACTTTACGTAGCGCT,........((..((((...))))..))...,0.0
CCGCAGCGAGATATATGGTCTAGATTTATG,........((((.....)))).........,0.0
GCGAGTTACCGTCTGCCTTATACCACTCTA,..((((..................))))..,0.0
CACGTTGGCATTACTTTCCGTGCCTAGAAT,......(((((........)))))......,0.0
GGGGTTGTTCCTTTTAACATCTTTGACTTC,((((.((((......)))).))))......,0.0
GAACGAATGGTCCTTTTGTCACCCGTCAAC,((.((..(((........)))..))))...,0.0
GGGTAAGCTCGTTTCAGATAAAGAGCTGGT,.....(((((............)))))...,0.0
TTGGTAGCTTTAGGTGCCGTGGCCCCATTA,..((((.(....).))))............,0.0
GGGGTGGATCCTGTCGGAACGTTTGATCTC,(((((.(((((....)))....)).))))),0.0
CTGGGCGTGTATGCACATCTCGCCTATATT,.(((((((((....)))...))))))....,0.0
AACGCTTGTAATAAACCCTACCAAGATAGT,....((((((........)).)))).....,0.0
CACTACACAGTAACGCAGTGTCTATAGGGT,....((((.((...)).)))).........,0.0
CGCCAACACTATAGTAACAAGAGTTGGGAA,..(((((.((.........)).)))))...,0.0
CAAATCTTCTCTCGCCATGCCATCGTTTGT,..............................,0.0
ATGAATCCTTCAATTTGGTTGTCTAAGTCT,............((((((....))))))..,0.0
ACGTCCGCCACAATGGGGAGGACTCCTAGG,..((((.((.......)).)))).......,0.0
GGGATGGTACAATCAAACAGCATCCGATAA,.(((((..............))))).....,0.0
TGCTTGCTTGAAAAAGTGTCAGCAGGAAAA,..((((((.((.......))))))))....,0.0
TGTGCGCACGCGCTTATGCTTGTCCGGCAT,.((((....))))..(((((.....))))),0.0
GCGGTCCGACGAAGAGTTGTTTCGTTGGCT,..((.(((((((((.....))))))))))),0.0
