Sequences,Secondary structure,Scores
GGGTCTGTAATGGATTGTTCTCAACCAACT,..........(((.(((....))))))...,186.5869862032498
GGTCTGTAATGGATTGTTCTCAACCAACTG,.........(((.(((....))))))....,138.07292814312726
AGGTCTGTAATGGATTGTTCTCAACCAACT,..........(((.(((....))))))...,135.68625595999063
TGGTCTGTAATGGATTGTTCTCAACCAACT,..........(((.(((....))))))...,135.5630175459007
GGGTCTGTAATGGATTGTTCTCAACCAACC,..........(((.(((....))))))...,135.35462037650092
CGGGTCTGTAATGGATTGTTCTCAACCAAC,...........(((.(((....))))))..,135.20012441057975
GGGTCTGTAATGGATTGTTCTCAACCAACG,..........(((.(((....))))))...,134.90703936683582
GTCTGTAATGGATTGTTCTCAACCAACTGT,........(((.(((....)))))).....,134.71490351318548
AGTCTGTAATGGATTGTTCTCAACCAACTG,.........(((.(((....))))))....,134.48134063862216
GTCTGTAATGGATTGTTCTCAACCAACTGA,........(((.(((....)))))).....,134.46695442375332
GAGTCTGTAATGGATTGTTCTCAACCAACT,..........(((.(((....))))))...,134.26001962456036
GTGTCTGTAATGGATTGTTCTCAACCAACT,..........(((.(((....))))))...,134.2416875022199
GCGTCTGTAATGGATTGTTCTCAACCAACT,..........(((.(((....))))))...,134.2351647634587
GGGTCTGTAATGGATTGTTCTCAACCAATT,..........(((.(((....))))))...,133.3912514561753
TCTGTAATGGATTGTTCTCAACCAACTGTC,.......(((.(((....))))))......,133.19085362840912
GGGTCTGTAATGGATTGTTCTCAACCAATG,..........(((.(((....))))))...,133.1895235530293
GGGTCTGTAATGGATTGTTCTCAACCAAAT,..........(((.(((....))))))...,133.00339030727162
GGTTCTGTAATGGATTGTTCTCAACCAACT,..........(((.(((....))))))...,132.92195281098475
GGATCTGTAATGGATTGTTCTCAACCAACT,..........(((.(((....))))))...,132.9217435241781
GGCTCTGTAATGGATTGTTCTCAACCAACT,..........(((.(((....))))))...,132.89723093212197
GGGGCTGTAATGGATTGTTCTCAACCAACT,..........(((.(((....))))))...,132.4124929883262
GGGCTGTAATGGATTGTTCTCAACCAACTG,.........(((.(((....))))))....,132.3994818119306
GGACTGTAATGGATTGTTCTCAACCAACTG,.........(((.(((....))))))....,132.03578721962145
GGCCTGTAATGGATTGTTCTCAACCAACTG,.........(((.(((....))))))....,131.97769080429387
CTGTAATGGATTGTTCTCAACCAACTGTCG,......(((.(((....)))))).......,131.93106150350008
GGGCCTGTAATGGATTGTTCTCAACCAACT,..........(((.(((....))))))...,131.82880445469624
GGGACTGTAATGGATTGTTCTCAACCAACT,..........(((.(((....))))))...,131.81412393651414
GGGTCTGTAATGGATTGTTCTCAACCAGCT,..........(((.(((....))))))...,131.05199691777065
GGGTCTGTAATGGATTGTTCTCAACCACCT,..........(((.(((....))))))...,130.8473381333725
GGTATGTAATGGATTGTTCTCAACCAACTG,.........(((.(((....))))))....,130.68298502658098
GGTTTGTAATGGATTGTTCTCAACCAACTG,.........(((.(((....))))))....,130.6780406508084
TGTAATGGATTGTTCTCAACCAACTGTCGT,.....(((.(((....))))))........,130.64713830222993
CGGGGCTGTAATGGATTGTTCTCAACCAAC,...........(((.(((....))))))..,130.61037342640915
GGGTATGTAATGGATTGTTCTCAACCAACT,..........(((.(((....))))))...,130.49551380026827
GGGCCTGTAATGGATTGTTCTCAACCAACC,..........(((.(((....))))))...,130.4931495806369
GGGTTTGTAATGGATTGTTCTCAACCAACT,..........(((.(((....))))))...,130.46008564953053
GGGTGTGTAATGGATTGTTCTCAACCAACT,..........(((.(((....))))))...,130.4005155146176
GGGTCAGTAATGGATTGTTCTCAACCAACT,..........(((.(((....))))))...,130.3080951128676
CGGGACTGTAATGGATTGTTCTCAACCAAC,...........(((.(((....))))))..,130.08020754021527
GGGGCCGTAATGGATTGTTCTCAACCAACT,..........(((.(((....))))))...,129.77872286913987
GGGCCCGTAATGGATTGTTCTCAACCAACT,..........(((.(((....))))))...,129.626103419446
GGGCCAGTAATGGATTGTTCTCAACCAACT,..........(((.(((....))))))...,129.51144468324182
GGGTCTGTAATGGTTTGTTCTCAACCAACT,..........(((((.(....))))))...,129.31344480817367
GGGTAAGTAATGGATTGTTCTCAACCAACT,..........(((.(((....))))))...,129.2944577420498
CGGTCTGTAATGGATTGTTCTCAACCCACT,..........(((.(((....))).)))..,128.9258651710808
GGGGCTGTAATGGATTGTTCTCAACCAAAT,..........(((.(((....))))))...,128.72965859591247
GGGTCTAATGGATTGTTCTCAACCAACTGT,........(((.(((....)))))).....,128.51354597921699
GGGTCTTTAATGGATTGTTCTCAACCAACT,..........(((.(((....))))))...,128.38479902865177
GGGTCTCTAATGGATTGTTCTCAACCAACT,..........(((.(((....))))))...,128.27557584920666
GGGTCTATAATGGATTGTTCTCAACCAACT,..........(((.(((....))))))...,128.2400713939011
GGGTCTGTACTGGATTGTTCTCAACCAACT,..........(((.(((....))))))...,127.99489049228626
GGGTCTGCAATGGATTGTTCTCAACCAACT,..........(((.(((....))))))...,127.78435247041531
GGGTCTGAAATGGATTGTTCTCAACCAACT,..........(((.(((....))))))...,127.6663916168616
GGGTCTGTCATGGATTGTTCTCAACCAACT,..........(((.(((....))))))...,127.61984028429305
GGGTCTGTTATGGATTGTTCTCAACCAACT,..........(((.(((....))))))...,127.3847949782056
GGGTCTGTAGTGGATTGTTCTCAACCAACT,..........(((.(((....))))))...,127.09695744483804
GGGTCAGTAATGGATTGTTCTCAACCAATT,..........(((.(((....))))))...,126.92198447467187
GGTCTGCAATGGATTGTTCTCAACCAACTT,.........(((.(((....))))))....,126.80023150188875
GGTCTGTACTGGATTGTTCTCAACCAACTG,.........(((.(((....))))))....,126.74468531615594
GGGTCTGTAATGGATTGTTCTCAAACCACT,..........(((.(((....))).)))..,126.6842324598766
GGGGCCGTAATGGATTGTTCTCAACCAATT,..........(((.(((....))))))...,126.53640678700377
GGGTCAGCAATGGATTGTTCTCAACCAACT,..........(((.(((....))))))...,125.65544439449286
CGGGTCTGTCATGGATTGTTCTCAACCAAC,...........(((.(((....))))))..,125.56868814813629
GGGCCTGCAATGGATTGTTCTCAACCAACT,..........(((.(((....))))))...,125.38557908768158
GGCTATGTAATGGATTGTTCTCAACCAGCT,..........(((.(((....))))))...,124.81736653108823
GGGTCTGTAATGGATTGTTGTCAACCAACT,..........(((.(((....))))))...,123.95025926167739
GGGTCCGTAATGGCTTGTTCTCAACCAACT,..........(((.(((....))))))...,123.79264348506632
GGGTCAGTACTGGATTGTTCTCAACCAACT,..........(((.(((....))))))...,123.13733936781694
GGGCCCGTAATGGATTGTTCTCAACCCACT,..........(((.(((....))).)))..,123.01964410639798
GGCCTGTACTGGATTGTTCTCAACCAACTG,.........(((.(((....))))))....,122.92585756902704
GGGCCTGTACTGGATTGTTCTCAACCAACT,..........(((.(((....))))))...,122.71216240543069
GGGTATGTACTGGATTGTTCTCAACCAACT,..........(((.(((....))))))...,122.62731883580287
GGGTCTGTACTGGATTGTTCTCAACCACCT,..........(((.(((....))))))...,121.68740379635582
GGTCTGTACTGGATTGTTCTCAACCATCTG,.........(((.(((....))))))....,120.6788008561855
GGGTCTGTACTGGATTGTTCTCAAACCACT,..........(((.(((....))).)))..,117.5303739491723
GGGTCCGTAATGGATTGTTCTCAACCAACT,.(((((.....)))))..............,115.80227023328837
GGGTCTGTAATGGATTGTTCTTAACCAACT,..........(((.(((....))))))...,114.53328025968841
GGGTCCGTAATGGATTGTTCTCAACCAACC,.(((((.....)))))..............,113.91979099111497
GGGTCTGTAATGGATTGTTTTCAACCAACT,..........(((.(((....))))))...,113.4890280475644
GGGTCTGTAATGGACCGTTCTCAACCAACT,.(((((.....)))))..............,113.28856101709542
GGGTCTGTAATGGACTGTTCTCAACCAACT,.(((((.....)))))..............,113.16138674540446
GGGTCCTTATTGGCTTGTTCTCAACCACTT,..........(((.(((....))))))...,113.1399282103515
GGGTCTGTAATGGATCGTTCTCAACCAACT,.(((((.....)))))..............,112.29922388832199
GGGTCTGTAATGGATTTCTCTCAACCAACT,.(((((.....)))))..............,112.2658079630881
GGTCTGTAATGGATTGTTTTCAACCAACTG,.........(((.(((....))))))....,112.25907562580869
GGTCTGTAATGGACTGTTCTCAACCAACTG,(((((.....)))))...............,112.11699816033052
GGGTCCGTAATGGATTGTTCTCAACCAATT,.(((((.....)))))..............,111.96654844797665
GGTCTGTAATGGATCGTTCTCAACCAACTG,(((((.....)))))...............,111.50951774005947
GGTCTGTAATGGATTGTTCTCAACCAACAG,...((((..(((.(((....)))))))))),111.38768350327335
GGTCTGTAATGGATTGTTCTCAACCAACCG,(((......(((.(((....))))))))).,110.97108289845396
GGGTCTGTAATGGATTGTTCGAAACCAACT,.(((((.....)))))..............,110.29049745720181
GGGTCCGTAATGGATTGTTCGCAACCAACT,.(((((.....)))))..............,110.07995767147962
GGGTCTGTAATGGACCGTTCTCAACCAATT,.(((((.....)))))..............,110.06042186302156
GGGTCTGTAATGGACTGCTCTCAACCAACT,.(((((.....)))))..............,110.06009284934649
GGTCCGTAATGGATTGTTCGCAACCAACTG,(((((.....)))))...............,109.9172599633325
GGGTCCGTAATGGATTGCTCTCAACCAACT,.(((((.....)))))..............,109.82836027650549
TCAACCAACTTTAGGTCTGTAATGGATTAT,.............(((((.....)))))..,109.75008022608264
GGGTCCGTAATGGATTGATCTCAACCAACT,.(((((.....)))))..............,109.55875881466218
GGGTCCGTAATGGACTGTTCTCAACCAACT,.(((((.....)))))..............,109.37846826995785
GGGTCCGTAATGGATTGTGCTCAACCAACT,.(((((.....)))))..............,109.34596230213444
GGGTCCGTAATGGATTGTCCTCAACCAACT,.(((((.....)))))..............,109.34225402030502
GGTCTGTAATGGACCGTCCTCAACCAACTG,(((((.....)))))...............,109.23568675658518
GGTCCGTAATGGACTGTTCTCAACCAACTG,(((((.....)))))...............,109.19956835831105
GGGTCCGTAATGGATTGTTTTCAACCAACT,.(((((.....)))))..............,109.08821171652528
GGGTCTGTAATGGATTGCTCTCAACCAACT,..........(((.(((....))))))...,109.08571419665674
GGGTCTGTAATGGATCGTTCTCAACCAATT,.(((((.....)))))..............,109.00627592024942
GGTCCGTAATGGATTGTTTTCAACCAACTG,(((((.....)))))...............,108.93158983469056
GGGTCTGTAATGGATCGTCCTCAACCAACT,.(((((.....)))))..............,108.89036892681608
GGGGCTGTAATGGATTGTTTTCAACCAACT,..........(((.(((....))))))...,108.80011487152608
GGGTCCGTAATGGATTGTTCACAACCAACT,.(((((.....)))))..............,108.72055636588863
GGGTCTGTAATGGATTGTGTTCAACCAACT,..........(((.(((....))))))...,108.71216897162986
GGGTCCGTAATGGATCGTTCTCAACCAACT,.(((((.....)))))..............,108.55073509531218
CAACCAACTTTAGGTCTGTAATGGATTATG,............(((((.....)))))...,108.51799954199979
GGGTCTGTAATGGGTTGTTCTCAACCAACT,............(((((....)))))....,108.42719119311803
GGGCCTGTAATGGATTGTTTTCAACCAACT,..........(((.(((....))))))...,108.24680546945802
GGTCAGTAATGGATTGTTCTCAACCAACTG,...((((..(((.(((....)))))))))),108.07358370590414
GGGTCTGTAATGGATTGTCCTCAACCAACT,..........(((.(((....))))))...,108.02456049114602
GGGTCTGTAATGGACTGTTCGCAACCAACT,.(((((.....)))))..............,107.93121611489838
GGGTCTGTAATGGATTCTTCTCAACCAACT,((((((.....)))))).............,107.77337786117272
GGGTCCGTAATGGATTGTTCTCAACCTACT,.(((((.....)))))..............,107.77263517207699
GTCTGTAATGGATTGTTCGCAACCAACTGT,........(((.(((....)))))).....,107.69228889601146
GAGTCTGTAATGGATTGTTCGCAACCAACT,..........(((.(((....))))))...,107.41765452132024
GGGTCTGTAATGGATTGTTCTCAACCATCT,.........((((.(((....)))))))..,107.34764443796044
GGGTCCGTAATGGATTGTTCTAAACCAACT,.(((((.....)))))..............,107.27641093555916
GGGTCCGTAATGGATTGTTCTTAACCAACT,.(((((.....)))))..............,107.23067545966299
GTCGGTAATGGATTGTTCTCAACCAACTGT,..((((..(((.(((....)))))))))).,107.18322405715728
AGGTCTGTAATGGATTGCTCTCAACCAACT,..........(((.(((....))))))...,107.09943631891926
GGGTCTGTAATGGACTGCTCGCAACCAACT,.(((((.....)))))..............,107.07715793965127
GGGTCTGTAATGGATTGATCTCAACCAACT,..........(((.(((....))))))...,107.05624096368112
GGGTCCGTAATGGATTTTTCTCAACCAATT,.(((((.....)))))..............,106.83807097792524
GGGTCTGTAATGGATTGTTCTCAATCCACT,..........(((((((....)))))))..,106.747837241111
GGGTCTGTAATGGATTGCTCTCAACCAACC,..........(((.(((....))))))...,106.74754798105494
GGGTCTGTAATGGATTGTACTCAACCAACT,..........(((.(((....))))))...,106.72372916046189
GGTCTGTAATGGATTGTCCTCAACCAACTG,.........(((.(((....))))))....,106.7196728782043
GGGTCCGTAATGGATTGATCGCAACCAACT,.(((((.....)))))..............,106.64504516578279
GGGTCAGTAATGGATTGTTTTCAACCAACT,..........(((.(((....))))))...,106.63495873294369
GGGTCTGTAATGGACTGTTCACAACCAACT,.(((((.....)))))..............,106.56573898299499
GGGTCCGTAATGGATTGTTCCCAACCAACT,((((((.....))).....)))........,106.47447291463854
GGGTCTGTAATGGATTGTGCTCAACCAACT,..........(((.(((....))))))...,106.45853564641308
AACCAACTTTAGGTCTGTAATGGATTATGT,...........(((((.....)))))....,106.38954709760885
TCTGTAATGGATTGTTCGCAACCAACTGTC,.......(((.(((....))))))......,106.34038742341917
CGGGTCTGTAATGGATTGCTCTCAACCAAC,...........(((.(((....))))))..,106.3378673100139
GGGTCTGTAATGGATTGCTCTCAACCAACG,..........(((.(((....))))))...,106.32021972576445
CACAACCAACTTTAGGTCTGTAATGGACTA,..............(((((.....))))).,106.2774224911225
ACAACCAACTTTAGGTCTGTAATGGACTAT,.............(((((.....)))))..,106.24191803581695
GGGTCCGTAATGGACCTTTCTCAACCAACT,((((((.....)))))).............,106.23151085978193
GGGTCCGTAATGGATTGTTCTCAACGCACT,.(((((.....)))))..............,106.19727355580464
GGGTCTGTAATGGATTGTCTCAACCAACTG,..........(((.(((...))))))....,106.17815066881658
ACAACCAACTTTAGGTCTGTAATGGATCAT,.............(((((.....)))))..,106.15515480170374
GGGTCCGTAATGGACTGTTCTCAACCAATT,.(((((.....)))))..............,106.12197525975955
GGGTCCGTAATGGATTGTACTCAACCAATT,.(((((.....)))))..............,106.10511993958369
GGATCTGTAATGGATTGTTCGCAACCAACT,..........(((.(((....))))))...,106.07937842093801
GTCTGTAATGGATTGCTCTCAACCAACTGT,........(((.(((....)))))).....,105.9275816038056
GTCTGTAATGGATTGCTCTCAACCAACTGG,........(((.(((....)))))).....,105.89352252924985
GGTCTGTAATGGATTGTACTCAACCAACTG,.........(((.(((....))))))....,105.80364388063745
GGGTCTGTAATGGACTGTTCTCAACCTATT,.(((((.....)))))..............,105.62904727807495
GGGTCTGTAATGGACCGTTCGCAACCAATT,.(((((.....)))))..............,105.54369658452032
ACAACCAACTTTAGGTCCGTAATGGATTAT,.............(((((.....)))))..,105.52220427537688
GGGGCTGTAATGGATTGTTCGCAACCAACT,..........(((.(((....))))))...,105.50126852021248
GTCTGTAATGGATTGTCCTCAACCAACTGT,........(((.(((....)))))).....,105.42945446990865
GGTCTGTAATGGATTGTTTTCAACCCACTG,.........(((.(((....))).)))...,105.41070027527874
GGGTCTGTAATGGATTGTTTTTCAACCAAC,..........(((.(((.....))))))..,105.36286119292608
GGGGTTGTAATGGATTGTTCTCAACCAACT,..(((((....(((....))))))))....,105.32840406089785
GGGTCCGTAATGGATCGTTCTCAACCAATT,.(((((.....)))))..............,105.32259594123832
GGGTCCGTAATGGACCGTTCCCAACCAACT,.(((((.....)))))..............,105.23976351793507
GGGTCTGTAATGGATTGTCTTCAACCAACT,..........(((.(((....))))))...,105.09503326314065
GGGCCTGTAATGGATTGTTCGCAACCAACT,..........(((.(((....))))))...,104.94188329183203
CGGGTCTGTAATGGGTTGTTCTCAACCCAC,...........(((((((....))))))).,104.87773657471496
ACAACCAACTATAGGTCCGTAATGGATTAT,.............(((((.....)))))..,104.79490049869953
GGGTCTGTAATGGATTGTTCCCAACCAACT,.(((.((....(((....))))))))....,104.67589288405003
TCTGTAATGGATTGCTCTCAACCAACTGTC,.......(((.(((....))))))......,104.58783178383806
CGGGGCCGTAATGGATTGTTTTCAACCAAC,...........(((.(((....))))))..,104.5404241534817
GTCTGTAATGGATTGTACTCAACCAACTGT,........(((.(((....)))))).....,104.53165295127894
ACCACCAACTTTAGGTCTGTAATGGATTAT,.............(((((.....)))))..,104.44159602545957
GGGTCCGTAATGGACTGTTCCCAACCAACT,.(((((.....)))))..............,104.37471770065738
ACAACCAACCTTAGGTCTGTAATGGATCAT,.............(((((.....)))))..,104.24563312099076
GGGTCTGTATTGGATTGTTCTCAACCAACT,.........((((.(((....)))))))..,104.13381900682104
GGGTCTGTATGGATTGTTCTCAACCAACTG,......((.(((.(((....))))))))..,104.01058954101374
GTCTGTAATGGATTGTTCACAACCAACTGT,........(((.(((....)))))).....,103.87347989668842
TGTAATGGATTGTTCGCAACCAACTGTCGT,.....(((.(((....))))))........,103.8209754024895
GGTCTGTAATGGATTGTTCCCAACCAACTG,(((.((....(((....)))))))).....,103.78037014473112
GGGTCTGTAATGGATTGTTCTCAACCCACT,((((.((....(((....)))))))))...,103.73613081157868
GGGTCTGTCATGGATTGTTTTCAACCAACT,..........(((.(((....))))))...,103.73404998343591
GGGACTGTAATGGGTTGTTCTCAACCAACT,............(((((....)))))....,103.6117981421957
GGGTCTGTGATGGATTGTTTTCAACCAACT,..........(((.(((....))))))...,103.58616562270797
GGGTCTGTAATGGATTGCTCACAACCAACT,..........(((.(((....))))))...,103.53832485334476
CGGGTCTGTAATGGATTGTCTTCAACCAAC,...........(((.(((....))))))..,103.39222850222693
CGGTCTGTAATGGATTGTTCCCAACCAACT,.(((.((....(((....))))))))....,103.3485804844365
GGGTCTGTAATGGATTGTTCTCAACCCATT,((((.((....(((....)))))))))...,103.3324643436562
GGGTCAGTAATGGATTGTTCGCAACCAACT,..........(((.(((....))))))...,103.32396072900531
GGTCTGTATTGGATTGTTCTCAACCAACTG,........((((.(((....)))))))...,103.28866891818262
CGGGTCTGTAATGGATTGTTCTCAACCCAC,.((((.((....(((....)))))))))..,103.27540728112018
GGGTCCGTAATGGATTGTTCCCAACCAATT,((((((.....))).....)))........,103.23013155706502
GGGTCCGTAATGGACTGTGCCCAACCAACT,.(((((.....)))))..............,103.22957616092997
GGGTCCGTAATGGATTGCTCCCAACCAACT,((((((.....))).....)))........,103.14274299646053
GGGTCCGTAATGGACCTTTCTCAACCAATT,((((((.....)))))).............,103.00337170570808
ACACCCAACTTTAGGTCTGTAATGGATTAT,.............(((((.....)))))..,102.85817543737399
GGGTCCGTAATGGACTGTTCCCAACCAACG,.(((((.....)))))..............,102.67856866074371
GGGTCTGTAATGGATTGTTCTCAATCAACT,............(((((....)))))....,102.67492666445675
GGGTCTGTCCTGGATTGTTCTCAACCAACT,((......))(((.(((....))))))...,102.66454191977793
CGGGGCCGTAATGGATTGTTTTCAACCAAA,...........(((.(((....))))))..,102.66420678630872
GGGTCTGTAATGGATTGTTCCCAACCAACG,.(((.((....(((....))))))))....,102.61114371451873
GGGTCTGTAATGGATTGTTCTCATCCAACT,..........(((((.(....))))))...,102.54911984455629
ACAACCAACTTTAAGTCTGTAATGGATTAT,.............(((((.....)))))..,102.53457600009034
GGTCTGTAGTGGATTGTTCTCAACCAACTG,......((((((.(((....))))).)))),102.50066359361551
ACAACCAATTTTAGGTCTGTAATGGACTAT,.............(((((.....)))))..,102.49542658710907
GGGTCCGTAATGGAGTGTTCTCAACCAACT,.(.(((.....))).)..............,102.4109654072727
GGGTCCGTAATGGGTTGTTCTCAACCAACT,............(((((....)))))....,102.40054466995764
GGGTCTGTAAAGGATTGTTCTCAACCAACT,...........((.(((....)))))....,102.38659818246362
GGGTCTGTAATGGACTGTTCGCAACCATCT,.(((((.....)))))..............,102.31668953150614
GGGTCTGTAATGGATCGTTCTCAAACAACT,.(((((.....)))))..............,102.19312375906155
GGTCCGTAATGGAGTGTTCTCAACCAACTG,(.(((.....))).)...............,102.18953471143925
GGGTCTGTAATGGATCGTTCTCAATCTTCT,.(((((.....)))))..............,101.96321028563757
GGTCGGTAATGGATTGTTCTCAACCAACTG,(((.(((...(((....)))..))).))).,101.95231954411946
CGGTCTGTAATGGATTGTTCTCCACCAACT,((((((.....)))))).............,101.88794019476398
GGTCTGTAATGGATTGTTCTCAATCAACTG,...........(((((....))))).....,101.84395350388056
GGGTCCGTAATGGATCGTTCTCAACCCACT,.(((((.....)))))..............,101.74427578226417
GGGGCTGTAATGGATTGTTCACAACCAACT,..........(((.(((....))))))...,101.68651007176433
GGGTCTAATGGATTGTTCGCAACCAACTGT,........(((.(((....)))))).....,101.6853578040391
GTCTGTAGTGGATTGTTCTCAACCAACTGT,.....((((((.(((....))))).)))).,101.628672664257
GGGTCGGTAATGGATTGTTCTCAACCAACT,.(((.(((...(((....)))..))).))),101.54525110178193
GGGCCTGTAATGGATTGTTCACAACCAACT,..........(((.(((....))))))...,101.13522594513373
GGGTCTGTAATGGATTGTTCCCAACCAATT,.(((.((....(((....))))))))....,101.07712832492106
GGGTCTGTAATGGATTGTTCCCAACCAACC,.(((..((...(((....)))..))..))),100.96953543661544
ACAAACAACTTTAGGTCTGTAATGGATTAT,.............(((((.....)))))..,100.93831789694991
GGGTCCGTAATGGAGTGTTCCCAACCAACT,((((((.....))).....)))........,100.8543939677979
ACAATCAACTTTAGGTCTGTAATGGATTAT,.............(((((.....)))))..,100.7846999789551
GGGGGTGTAATGGATTGTTCTCAACCAACT,(..(((.....(((....)))..)))..).,100.5205589489597
GGGTCCGTAATGGATTGTTCTCAACCCATT,........(((((.(((....))).))))),100.50792944491694
GAGTCGGTAATGGATTGTTCTCAACCAACT,.(((.(((...(((....)))..))).))),100.48549313743962
GGGTCTGTCATGGATTGTTCGCAACCAACT,..........(((.(((....))))))...,100.45343111105944
GGGTCCGTAATGGAGAGTTCTCAACCAACT,((((((.....))).....)))........,100.3083726868013
GGTCTGTAATGGTTTGTCCTCAACCAACTG,.........(((((.(....))))))....,100.26560436416408
GTCTGGAATGGATTGTTCTCAACCAACGGT,..(((...(((.(((....)))))).))).,100.24930559909876
GGTCCGTATTGGATTGTTCTCAACCAACTG,........((((.(((....)))))))...,100.05765449074681
GGGTCTGTAATGGATTGTTCTCAACCGACT,.((((.((...(((....)))..)).)))),99.82817328636128
GGGTCAGTATTGGATTGTTCTCAACCAACT,.........((((.(((....)))))))..,99.78518319990289
GGGTCTGTAATGGATTGTTCTCAACCTACT,((((.((....(((....)))))))))...,99.67472288355717
GGGTCTGTAATGGATTGTTCCCAACCCACT,((((.((....(((....)))))))))...,99.60663836391797
GGGTCAGTAATGGATTGTTCACAACCAACT,..........(((.(((....))))))...,99.52135393318193
GGGTCCGTCCTGGATTGTTCTCAACCAACT,((......))(((.(((....))))))...,99.44094100816756
GGGTCTGTAATGGATTGTTGGCAACCAACT,.(((((.....)))))(((((...))))).,99.20571902949669
GGGTCTGTTTTGGCTTGTTCTCAACCAACT,.........((((.(((....)))))))..,99.18757313356737
GGGTCCGTAATGGAGTGTTCTCAACCAATT,.(.(((.....))).)..............,99.10789106201284
GGGTCTGTAATGGATTGTTCGCAACCAACT,.(((.((((((.....))).))))))....,99.07101987238738
GGTCTGTAATGGATTGTTCTCAACCGACTG,((((.((...(((....)))..)).)))).,99.04910361858745
GGGTCTGTACTGGATTGCTCTCAACCAACT,..........(((.(((....))))))...,98.96858608128619
GGGGCCGTAATGGACCGTTCTCAACCAACT,..((((.....)).))..............,98.87603776255482
GGGTCTGTCCTGGCTTGTTCTCAACCAACT,((......))(((.(((....))))))...,98.85807304270087
GGGTCTGTTATGGATTGCTCTCAACCAACT,..........(((.(((....))))))...,98.76354565469741
GGGTCTGTAATGGACTGTTCTCAGCCAACT,..........(((.(((....))))))...,98.53587498697362
GGATCAGTAATGGAATGTTCTCAACCAACT,..........(((..((....)).)))...,98.50490003860403
GGGTCTGTACTGGATTGTCCTCAACCAACT,..........(((.(((....))))))...,98.4765347737016
ACAATCAACTTTAGGTCTGTAATGGATCAT,.............(((((.....)))))..,98.33571593776455
GGGTCTGTCATGGATTGTCCTCAACCAACT,..........(((.(((....))))))...,98.18857140951914
GGGTATGTAATGGATTGTTCCCAACCAACT,.(((.((....(((....))))))))....,98.1793653935766
GGTCTGTACTGGATTGCTCTCAACCAACTG,.........(((.(((....))))))....,98.13761292071
GGGTCTGTAATGGATTGTTCCGAACCAACT,.(((..((..((((....)))).))..))),98.11261583515997
GGGTCTGTAATGGATTGTTCTCAGCCAACT,.((.(((....(((....))))))))....,97.8302060070643
GGGTCTGTAATGGATTGTTCTAACCAACTG,.(((......((((....))))))).....,97.81710496723986
GGGCCCGTAATGGACTGTTCTCAACCAACT,((((((.....))...))))..........,97.74902455663913
GGGTCGGTAATGGATTGTTCCCAACCAACT,.(((.(((...(((....)))..))).))),97.68866856986975
GGGTCTGTAATGGATTGTTCTCGACCCACT,(((((.(....(((....)))))))))...,97.64082391168608
GGGTCCGTAATGGAGTGTTCCCAACCAATT,((((((.....))).....)))........,97.62625481372403
GGGTCTGTAATGGATTGTTCTCGACCAACT,.((((.(....(((....))))))))....,97.59604016522152
GGGTCTGTAGTGGATTGATCTCAACCAACT,..........(((.(((....))))))...,97.458872607084
GGGTCTTTTTTGGATTGTTCTCAACCAATT,.........((((.(((....)))))))..,97.25168991935823
GGTCTGTAATGGATTGTTCTCAGCCAACTG,((.(((....(((....)))))))).....,97.23644930792685
GGGTCTGTAATGGATTGTTCTCACCAACTG,.(((..((...(((....))).))..))).,97.23513104457277
GGGTCTGTAATGGATTGTTCTAAACCAACT,.(((..((..((((....)))).))..))),97.22672691941048
GGGTCCGTAATGGAGTGTTCGCAACCAACT,.(.(((.....))).)..............,97.21522445920343
GGGTCTGTAAGGGATTGTTCTCAACCAACT,.(((..((..((((....)))).))..))),97.13950818749792
GGCTCCGTAATGGATTGTTCCCAACCAATT,..........(((.(((....))))))...,96.92008110502896
GGGTCCGTATTGGATTGTTCTCAACCAATT,........(((((.(((....)))))))).,96.82741685363527
GGGTCTGTAGGGGATTGTTCTCAACCAACT,.(((..((..((((....)))).))..))),96.82050847738006
GGGTTTGTAATGGATTGTTCCCAACCAACC,.((((.((...(((....)))..)).)))),96.74298692376098
GGGTATGTCATGGATTGTTCGCAACCAACT,..........(((.(((....))))))...,96.7301399823924
GGGTCCGTAATGGCTTGTTCTCAACCCACT,((((((.....))..........))))...,96.71900640749462
GGGTCTGTCATGGATTGTTCACAACCAACT,..........(((.(((....))))))...,96.62247045911161
GGGTCTGTAATGGATTGGTCTCAACCAACT,..((((.....))))((((....))))...,96.6036618289494
GGGCTGTAATGGATTGTTCCCAACCAACTG,.((.((....(((....))))).)).....,96.54547530430631
GGGTCTGTAATGGATTGTTCCCAACCTATT,((((.((....(((....)))))))))...,96.39840400664795
GGGTCTGTAATGGATTGTTCCCAACCTACT,((((.((....(((....)))))))))...,96.38109869144401
GGGTCTGTAATGGATTGTTCTCAAACAACT,.(((.(((...(((....)))...)))))),96.30373225649618
GGGTCTGTAATAGATTGTTCTCAACCAACT,.(((.((....(((....))))))))....,96.22419643722921
GGGTCTGTAATGGATTGTTCTCAACTAACT,.(((..((...(((....)))..))..))),96.13949977827511
GGGTCTGTAATGGATGTTCCCAAACCACTG,((((((.....)))....))).........,96.0747175620285
GGGTCTGTAATGGATTGTTCTCAAGCAACT,.(((.(((...(((....)))...)))))),95.95792410015366
GGGTCTGTAATGGATTGTTCTCTACCAACT,.(((..(((..(((....))).)))..))),95.93062180348454
GTGTCGGTAATGGATTGTTCCCAACCAACT,..((.(((...(((....)))..))).)).,95.81537071525054
GGGTCTGTAATGGATTGTTCCCAACTAACT,.(((..((...(((....)))..))..))),95.80413917913435
GGGTCTGTTTTGGAATGTTCTCAACCAACT,.........((((..((....)).))))..,95.50780157837252
GGGTCCGTAATGGATTGTTCTCAACCCACT,((((......((((....)).))))))...,95.45460204411197
GGGTCTCTAATGGATTGGTCACAACCAACT,..........(((.(((....))))))...,95.31822170240703
GGGTCGGTAATGGATTGTTCTCAACCAATT,.....(((...(((....)))..)))....,95.24313701594626
GGGTCCGTAATGGAGTGTCCGCAACCAACA,((((((.....)))...)))..........,95.20621306003258
GGGTCTGTAATGGATTGTTCCCAAACAACT,.(((.(((...(((....)))...)))))),95.10627401069617
GGGTCCGTAATGGATAGTTCTAAACCAACT,..((((.....))))...............,95.09444302889221
GGGTCTGTACTGGATTGTTCCCAACCAACT,.(((.((....(((....))))))))....,95.05748479460301
GGGTCAGTAATGGATTGTTCTCAACCCACT,((((......((((....)).))))))...,95.00995631033149
GGGTCTGTAAGGGATTGTTCCCAACCAACT,.(((..((..((((....)))).))..))),94.9840045854188
GGGTCTGTAATGGATTGTTCTCAAACACCT,((((..((...(((....)))...)))))),94.95573199525396
GTGTCTGTAATGGCTTGTCTGCAACCAACT,..........(((.(((....))))))...,94.93448857706588
GGGTCTGTATTGGATTGTTCCCAACCAACT,.(((.((....(((....))))))))....,94.89971168232995
GGGTCGGTAATGGATTGTTCGCAACCAACT,.(((.(((..((((....)).))))).))),94.81614314464801
GGGTCGGTATTGGATTGTTCTCAACCAACT,.(((.(((...(((....)))..))).))),94.54015258451555
GGGCCTGTAATGGATTGTTCTCAACCCACT,(((..((....(((....))))).)))...,94.53183332149207
GGGTCTGTCAGGGATTGTTCTCAACCAACT,.(((..((..((((....)))).))..))),94.52828294573041
GGGTCTGTACTGGATTGCTCGCAACCAACT,..........(((.(((....))))))...,94.35148303901067
GGGTCTGTACTGGATTGTTCTCAACCCACT,((((.((....(((....)))))))))...,94.33645246937729
GGGTCTGTTATGGATTGTTCTCAACCCACT,((((.((....(((....)))))))))...,94.33546259366344
GGGTCTGTCATGGATTGTTCTCAACCCACT,((((.((....(((....)))))))))...,94.25253965606976
GGGTCGGTAATGGATTGTTCTCAACCTACT,.(((.(((...(((....)))..))).))),94.04218765431001
GCCTCTCTAATGGATTGCTCGCAACCAACT,..........(((.(((....))))))...,93.999923757177
GGTCTGTAATGGATTGTTCGCAACCAACTG,(((.((((((.....))).)))))).....,93.86571100215465
GGGTCCGTAATGGATTGTTCTCAACCGACT,.((((.((...(((....)))..)).)))),93.81570369126308
GGGTCTGTAATGGATTGTTCTTAAACAACT,.(((.(((...(((....)))...)))))),93.42465756587349
GGGTCTTTACTGGATTGTGCTCAACCAACT,..........(((.(((....))))))...,93.40806114757439
AGGTCTGTAATGGATTGTTCGCAACCAACT,.(((.((((((.....))).))))))....,93.3346933880394
GGGTCTGTAATGGATTGTTCTAAACCAATT,.(((......((((....)))).)))....,93.29920334693813
ACAACCTACTTTTGGTCTGTAATGGATCAT,............((((((.....)))))).,93.21589857199918
GGTCTGTAATGGATTGTTCGCAACCGACTG,((((.((..((((....)).)))).)))).,93.10197559242415
GTCTGTAATGGATTGTTCTCTACCAACTGT,((..(((..(((....))).)))..))...,93.03575881529966
GGGTCTGTAATGGATTGTTCGCAACCAACC,.(((.((((((.....))).))))))....,92.88077977473763
GGGTCTGTCTTGGATTGTTCTCAACCCACT,((((.((....(((....)))))))))...,92.81710895524446
GGGTCTGTTATGGATTGTTCCCAACCAACT,.(((..(((..(((....))).)))..))),92.80481193075919
GGATAGGTAATGGCTTGATCTCAACCAACA,..........(((.(((....))))))...,92.6663265728474
CGGGTCTGTAATGGATTGTTCGCAACCAAC,..(((.((((((.....))).))))))...,92.4852760317588
GGGTCGGTATGGGATTGTTCCCAACCAATG,.....(((.(((((....))))))))....,92.43074241730429
GGGTCCGTAATGGATGGTTCTCAACCAACT,..((((.....))))((((...))))....,92.20786607248019
GGGTCTGTAATGGATTGTTCACAACCAACT,.(((.((((((.....))).))))))....,92.1797070719035
GGGTCCGTAATGGACGGTTCTCAACCAACT,..((((.....))))((((...))))....,92.17623188328622
GGGTCTGTAATGGATTGCTCTCAACCAGCT,.(((((.....)))))(((.......))).,92.02321770020417
GGGTCTGTAATGGATTGTTAGCAACCAACT,.(((.((((((.....))).))))))....,91.84870393399564
GGGTCCGTAATGGCTTGCTCTCAACCACCT,((((((.....))...))))..........,91.63664426865185
GGGTCCGTAATGGATTGTTCTCGACCAACT,.((((.(....(((....))))))))....,91.53698923506177
GGGTCTGTAATGGATTTTTCTCAACCAACT,.(((.((....(((....))))))))....,91.50582918610634
GGGTCTGTAATGGATTGTTCGCAACTAACT,.(((..((..((((....)).))))..))),91.47159017099048
GGGTCCTTAATGGATTGTTCTCAACCAACT,.(((((.....)))))..............,91.38021619787453
CGGGTCTGTTAAGGATTGTTCTCAACCCAC,.((((.((....(((....)))))))))..,91.28809054763147
GGTCTGTAATGGATTTTTCTCAACCAACTG,(((.((....(((....)))))))).....,90.95865382203047
GGGTCTGTAATGGACGGTTCGCAACCAACT,..((((.....))))((((...))))....,90.92174144982005
GGGTCTGTAATGGATTGTTCGCAACCAATT,.(((.((((((.....))).))))))....,90.92146140528695
GGTCTGTAATGGATTGTTCACAACCAACTG,(((.((((((.....))).)))))).....,90.8973567240298
GGGGCTGTAATGGATTGTTCTCAAACAACT,..((.(((...(((....)))...))).)),90.77478624582193
GGGTCTGTAATGGATTGTTCGCAAACAACT,.(((.(((....((....))....)))))),90.76992170932519
GCAACCGTAATGGATTCTTCAAAACCAACT,....((.....)).................,90.76064264881856
GGGTCTGTAATGGATTGTTCGAAACACAGT,....((((..(.((....)).)...)))).,90.67781550533502
GGGTCTGTAATGGATTGTTATCAACCAACT,.(((..(((((.....)))))..)))....,90.6638222045075
GGGTATGTTATGGATTGTTCTCAACCCACT,((((.((....(((....)))))))))...,90.62524528135434
AGGTCTGTAATGGATTGTTCACAACCAACT,.(((.((((((.....))).))))))....,90.5789930308478
GGGGCAGTAATGGATTGTTCTCAACCAACT,((((((((.....)))))))).........,90.55144326701722
GGGTCTGTTATGGATTGTTCTCAACCTATT,((((.((....(((....)))))))))...,90.42300288428075
GGCTGTAATGGGTTGTTCTCCACCCACTGT,........(((((.(....).)))))....,90.39359197150512
GGGTCTGGAATGGATTGTTCTCAACCAACT,.(((..(((((.....)))))..)))....,90.17303220715266
GGGTATGTAATGGATTGTTCTCAAACAACT,.(((.(((...(((....)))...)))))),90.12112245882896
ACCAACCGGTATTCCGGGTCTGTAATGGAT,.....((((....))))((((.....)))),90.11943884039307
GGGTCCGTAATGGAATTTTCTCAAACCACT,((((((.....))).....)))........,89.89938219392974
GGGTCGGGAATGGATTGTTCTCAACCAACT,.(((.((((((.....)))))).)))....,89.8284047394492
GGGTCTGTAATGGCTTGTTCTCAACCAACT,(((((......)))))..............,89.803681591742
GGGTCTGTAATGGATTGTTCACAAACAACT,.(((.(((..((((....)).)).)))))),89.7685855477697
CGGGTCTGTAATGGATTGTTCACAACCAAC,..(((.((((((.....))).))))))...,89.71337347106754
GGGGCTGTAATGGCCTGTTCCCAACGCACT,.(((((.....)))))..............,89.56701583251413
TGGTCTGTAATGGATTGTTCGCAACCAACT,((((.((((((.....))).)))))))...,89.55589260253538
GGGTCTGTAATGGATAGTTCTCAACCAACT,(((.((((.....))))..)))........,89.2307307081843
ACCAACCGATGTTTCGGGTCTGTAATGGAT,.....((((....))))((((.....)))),89.2256771010791
GGGTCTGTAATGGATTTTTCCCAACCAACT,.(((.((....(((....))))))))....,89.16301258855992
GGGGCGGTAATGGATTGTTCTCAACCAACT,((((((((.....)))))))).........,88.98550470208014
ACCAACCGGTATTTCGGGTCTGTAATGGAT,.....((((....))))((((.....)))),88.88847082830819
GGGTCCGTTATGGCTTGTTCTCAACCCATT,.........((((.(((....))).)))).,88.77851872266814
GGGTCCGTAATGGATTGTTCCCCACCCACT,((((.......(((....)))..))))...,88.64942622774373
GGGTCTGTAATGGATTGTTCGCAACCAGCT,.(((.((((((.....))).))))))....,88.57410576513243
ACAACCAACTTTAGGTCTGTAATGGATTAT,((((((.......))).)))..........,88.4791853200176
GGGTCTGTCATGGATTGTTCTCAGCCAACT,.((.(((....(((....))))))))....,88.42155004274137
GGGTCTGTCATGGATTGTTCTCGACCAACT,.(((..(((..(((....))).)))..))),88.4180192707843
CGGGGCTGTTATGGATTGTTCTCAACCCAC,..(((.((....(((....))))).)))..,88.2714652604567
GGGTCTGTAATGGATTTTTCTCAACCAATT,.(((.((....(((....))))))))....,88.25541200222042
TGGTCTGTAATGGATTGTTCACAACCAACT,((((.((((((.....))).)))))))...,88.20459239869423
GGGTCTGTAAGGGATTGTTCTCAAACAACT,.(((.(((..((((....))))..)))))),88.18896832638117
GGGTATGTAATGGATTGTTCGCAACCAACT,.(((.((((((.....))).))))))....,88.02369847394246
GGGTTTGTAATGGATTGTTCGCAACCAACT,.((((.(((((.....))).))))))....,88.01054835301673
GGGGCTGTAATGGCTTTTTCCCAAACAACT,((((((.....))).....)))........,87.88081845813551
GGGGCAGTAATGGATTGTTCCCAACCAACT,((((((((.....)))))))).........,87.68968401698689
ACAACCAACTTTAGGTCTGTAATGGATTGT,((((((.......))).)))..........,87.68882813519573
GGGGCAGTAATGGATTGTTCTCAACCAATT,((((((((.....)))))))).........,87.30305135856877
GGGTCTGAATGGATTGTTCTCAACCAACTG,((....((((.....))))....)).....,87.19387242526207
GGGTCTGGAATGGATTGTTCCCAACCAACT,.(((..(((((.....)))))..)))....,87.09763549397663
CCAACCGGTATTTCGGGTCTGTAATGGATG,....((((....))))((((.....)))).,87.02395213299513
ACCAACCGGTAATTCGGGTCTGTAATGGAT,.....((((....))))((((.....)))),86.98610286968626
CCCAACCGGTATTTCGGGTCTGTAATGGAT,.....((((....))))((((.....)))),86.95396471261556
GGGTCTGTAATGGATTGTTCGCAACCCACT,((((.((((((.....))).)))))))...,86.93212862311587
GGGTCTGTCATGGATTGTTCTCAAACAACT,.(((.(((...(((....)))...)))))),86.91127849567292
GGGTCAGTAATGGATTGTTCCCAACCAACT,(((.((((.....))))..)))........,86.86872451518786
GGGTCTGTAATGGAATGTTCTCAACCAACT,.(((.((....(((....))))))))....,86.8652928973516
GGGGCAGTAATGGACTGTTCTCAACCAACT,((((((((.....)))))))).........,86.78934682521509
GGGTCTGTAATGGAATGGTCCCAACCAACT,(((.((((......)))).)))........,86.75468544023819
GGGTCTGTAATGGAATGGTCTCAACCAACT,(((.((((......)))).)))........,86.69527499381402
CAACCGGTATTTCGGGTCTGTAATGGATGT,...((((....))))((((.....))))..,86.56469472198965
GGGGCTGGAATGGATTGTTCTCAACCAACT,..((.((((((.....)))).)).))....,86.55083116932028
CCTACCGGTATTTCGGGTCTGTAATGGATG,....((((....))))((((.....)))).,86.49052908540128
GGGTCTGTCCTGGATTGTTCGCAACCAACT,((......))(((.(((....))))))...,86.43700704059117
GGGTCTGTAATGGAGTGTTCTCAACCAACT,............(((....)))........,86.40331461268784
GGGTCTGTAATGGAACGTTCTCAACCAACT,(((..(((......)))..)))........,86.38848109514838
GGGGCCGTAATGGAATTTTCTCAAACAACT,((((((.....)).....))))........,86.3130045222266
ACCCACCGGTATTTCGGGTCTGTAATGGAT,.....((((....))))((((.....)))),86.24336077441038
GGTCTGTAATGGAATGTTCTCAACCAACTG,(((.((....(((....)))))))).....,86.17837352809102
GGGTCCGCAATGGATTGTTCTCAACCAACT,.(((((.....)))))..............,86.12979695275413
GGGTCTGTAATGGATTGTTCGCGACCAACT,.((((((.(((.....))))).))))....,86.06179224806661
ACCAACCGGTATTACGGGTCTGTAATGGAT,.....(((......)))((((.....)))),86.06092976820514
CACAACCAACTTTAGGTCTGTAATGGATTA,.((((((.......))).))).........,85.82370761336841
GGGTCTGTAATGGATTGTTCACAACCAGCT,.(((.((((((.....))).))))))....,85.80827903075354
GGGCCTGTAATGGCTTGTTCTCAACCAACT,(((((......)))))..............,85.7866194494409
GGGTCTGTAACGGATTGTTCTCAACCAACT,.(((.((.(((.....)))..)))))....,85.77973293559862
GGGGCTGTAATGGAATGGTCTCAACCAACT,((((((((......))))))))........,85.73008014416737
ACAACCAACTTTAGGTCTGTAATGGATTAC,((((((.......))).)))..........,85.67357931755183
GTCTGTTATGGGGTGTTCTCAAACCACTGT,........(((..((....))..)))....,85.66931938613496
GGGTCTGTAATGGATTGACCTCAACCAACT,(((((...........))))).........,85.52568502172396
GGGTCTGTAATGGAGCGTTCCCAACCAACT,(((..(((......)))..)))........,85.52044062759654
GGGTCAGTAATGGACTGTTCTCAACCAACT,(((.((((.....))))..)))........,85.45236494155525
GGGGCTGTAATGGACTGTTCTCAACCAACT,(((((.((.....)).))))).........,85.32482677864715
GGGTCTGTAATGGATTGTTCACAACCCACT,((((.((((((.....))).)))))))...,85.29851643329533
GGGTCTGTAATGGACTGTTCCCAACCAACT,(((...((.....))....)))........,85.2747425903829
GGTCTGTAACGGATTGTTCTCAACCAACTG,(((.((.(((.....)))..))))).....,85.20622899083577
GGGGCCGTAATGGAATTTCAAAAAAACCAA,....((.....)).................,85.11397911419803
GGTCTGTAATGGAGTGTTCTCAACCAACTG,...........(((....))).........,85.06602259274675
GGGTCTGTAATGGATTGTTCGCAGCCAACT,.((.(((((((.....))).))))))....,85.02506863910546
GGGTCAGTAATGGATTGTGCCCAACCAACT,((((((((.....)))).))))........,84.965927546855
GGGTATGTAATGGATTGTTCGCAACCAATT,.(((.((((((.....))).))))))....,84.79353404443114
GGGTCTGTAATGGCTTGTTCCCAACCAACT,(((((......)))))..............,84.70676835231839
GGGTCTGTAATGGCTAGTTCTCAACCAACT,.((((......))))...............,84.64955437790485
GGGTCTGTAATGGCTTGTCCTCAACCAACT,(((((......)))))..............,84.59965596365596
ACCAACCGGTATTTCGGGTCCGTAATGGAT,.....((((....))))((((.....)))),84.57512846696133
GGGTCTGTAATGGCTTGTTCGCAACCAACT,(((((......)))))..............,84.55325820686132
ACAACCAACTTTAGGTCTGTAATGGATGAT,((((((.......))).)))..........,84.42769677425964
GGGTCGGTAATGGACCGTTCTCAACCAACT,(((.((((.....))))..)))........,84.36859607186763
ACAACCAACTTTAGGTCTGTAATGGATATG,((((((.......))).)))..........,84.36641529411926
GGGTCTGTAATGGATTGTTTGCAACCAACT,.(((.(((((........))))))))....,84.20834714937162
GGGTCTGTAATGGAATGTTCCCAACCAACT,(((..(((......)))..)))........,84.186399942391
GCAACCAACTTTAGGTCTGTAATGGATTAT,((((((.......))).)))..........,84.17478759249221
GGGTCTGTAATGGAGTGTTCTCAACCAACA,............(((....)))........,84.15597672357522
GGGTCTGTAATGGCTTGTTCTCAACCACCT,(((((......)))))..............,84.11011258861777
GGGTCTGTAACGGATTGTTCGCAACCAACT,.(((.((((((.....))).))))))....,84.09605877367282
GGGTCTGTAATGGATTGCTCCCAACCAACT,(((...((((....)))).)))........,84.0735975397005
GGGTCAGTAATGGATTGCTCTCAACCAACT,(((.((((.....)))))))..........,84.06361697475664
CGGGTCTGTAACGGATTGTTCTCAACCAAC,..(((.((.(((.....)))..)))))...,84.05262486943536
GGGTCTGTAATGGATTATTCTCAACCAACT,.(((.((....(((....))))))))....,84.04017919480899
GGGTCTGTAATGGCTTTTTCTCAACCAACT,.((((......))))...............,83.98432936471528
GGGGAGGTAATGGACCGTTCTCAACCAACT,((((((((.....))).)))))........,83.96801865175992
GGGGCAGTAATGGATTGATCTCAACCAACT,((((((((.....)))).))))........,83.93522776908695
GGGTCTGTAATGGATTGTCCGCAACCAACT,.(((.(((...(((...)))))))))....,83.93262833312305
GGGTCAGTAATGGATTGTGCTCAACCAACT,((((((((.....)))).))))........,83.90401650925813
GGGTCTGTAATGGATTGTGCTCAAACAACT,..((((.....))))(((......)))...,83.79148029498808
GGGTCTGTAATGGCATGTTCTCAACCAACT,..(((......)))................,83.76013848309705
CACAACCAACTTTAGGTCTGTAATGGAATA,.((((((.......))).))).........,83.72175459658521
CCAACCAACTTTAGGTCTGTAATGGATTGT,((((((.......)))......))).....,83.71910329462327
GGGTCCGTAATGGAATGTTCTCAACCAACT,(((..(((......)))..)))........,83.7031303749421
GGTCTGTAATGGATTGTTTGCAACCAACTG,(((.(((((........)))))))).....,83.65712123442081
GGGTCCGTAATGGAGCGTTCTCAACCAACT,(((..(((......)))..)))........,83.61050984198233
GGGTCTGTAATGGATTTTACTCAACCAACT,((....((((......))))....))....,83.59567334595211
ACAACCAACTTTAGGTCTGTAATGGAATAT,((((((.......))).)))..........,83.58219959040474
GGGACTGTAATGGAGCGTTCTCAACCAACT,((((.(((......))).))))........,83.56084043428343
GGGCCTGTAATGGATTGTTCCCAACCAACT,(((((......))......)))........,83.556835784318
GGGTCGGTAATGGACTGTTCTCAACCAACT,(((.((((.....))))..)))........,83.53962358378826
GGGTCTGTAATGGAATGTTCTCAACCAATT,.(((.((....(((....))))))))....,83.46703060653113
GGGTCTGTAATGGATTGTTCGCAACCTACT,((((.((((((.....))).)))))))...,83.4202264137876
GGGTCCGTAGTGGATTGTTCTCAACCAACT,.(((((.....)))))..............,83.34999965100414
GGGTCTGTAATGGATTGCACTCAACCAACT,((((..((((....))))))))........,83.33922870918606
GGGTCCGTAATGGAATGGTCTCAACCAACT,(((.((((......)))).)))........,83.33271928910283
GGGTGCGTAATGGATTGTTCTCAACCAACT,(((.(((........))).)))........,83.31097268867889
GGGTCAGTAATGGACTGTTCCCAACCAACT,(((.((((.....))))..)))........,83.29686133947612
ACCAACCGGTATTTCGGATCTGTAATGGAT,.....((((....))))((((.....)))),83.29634889348482
GGGTCTGTAATGGAATGTTCTCAACCAATG,.(((.((....(((....))))))))....,83.295681834947
GGGTCTGTAATGGAATGTTCGCAACCAACT,.(((.((((((.....))).))))))....,83.27943181490518
GGGTCTGTAATGGATTGTCCACAACCAACT,.(((.(((...(((...)))))))))....,83.24854741227827
GGGTCTTTAATGGATCGTTCTCAACCAACT,.(((((.....)))))..............,83.20163119571636
GGGTCTGTAATGGCTTGTTCACAACCAACT,(((((......)))))..............,83.19183162583286
GGGTTCGTAATGGAATGTTCTCAACCAACT,(((..(((......)))..)))........,83.13408011569932
GGGTCTGTAATGGATTGCCCTCAACCAACT,((((............))))..........,83.05597425429646
GGTCTGTAATGGATTGCTCTCAACCAACTG,(((..((((....)))).....))).....,83.04733468174369
GGGACAGTAATGGATTGTTCTCAACCTAAT,((((((((.....)))))))).........,83.01721332016338
GGGGCAGTAATGGAGTGTTCTCAACCAACT,((((((.(.....).)))))).........,83.01155363717157
GGGTCCGTTCTGGATTGTTCTCAACCAACT,.(((((.....)))))..............,82.99797759829448
GGGGCCGTAATGGAATGTTCTCAACCAACT,((((.(((......))).))))........,82.99367158451575
GGTCAGTAATGGACTGTTCTCAACCAACTG,(((((((.....))))......))).....,82.97801644134084
GGGGCCGTAATGGAACGTTCTCAACCAACT,((((.(((......))).))))........,82.96454742004242
GGGACCGTAATGGATTGTTCTCAACCAACT,((((.((........)).))))........,82.94671732542197
GGGTCTGTAATGGATGGTTCTCAACCAACT,...........((.(((((...))))).)),82.7786034842254
GGTCTGTAATGGAATGTTCGCAACCAACTG,(((.((((((.....))).)))))).....,82.72618062451693
GGGTCTGTAATGGATTGTGCCCAACCAACT,((((.((........)).))))........,82.70130870420203
GGGGCCGTAATGGACTGTTCTCAACCAACT,(((((.((.....)).))))).........,82.67611822783411
GGGTCTGTAATGGAGTGTTCTCAACCAATT,............(((....)))........,82.64050274312466
GGGTCTGTAATGGAATGTTCTCAACCCACT,((((.((....(((....)))))))))...,82.61273782862662
GGGTACGTAATGGAGCGTTCTCAACCAACT,(((.((((......)))).)))........,82.60428845219995
GGGTCTGTAATGGAGTGTTCGCAACCAACT,.(((.((((((.....))).))))))....,82.59184801748265
GGGTCCTTAATGGACCGTTCTCAACCAATT,.(((((.....)))))..............,82.5703715815843
GGGTCCGTAATGGAGCGTTCCCAACCAACT,(((..(((......)))..)))........,82.42347393529873
GGGTCTGTAATGGATTGCCCGCAACCAACT,.(((.(((...((....)).))))))....,82.39946115315155
GAGTCTGTAATGGATTGCTCTCAACCAACT,(((...((((....)))).)))........,82.26707509849746
GGGTCTGTAATGGATTGTCCCCAACCAACT,(((.(...........).))).........,82.24207209139519
GGGTCTGTAATGGCTTGTTCTCAACCTACT,(((((......)))))..............,82.23985988114632
GGGTCTGTACTGGATTTTTCTCAACCAACT,.(((.((....(((....))))))))....,82.23576847190236
GGGTCTGTAATGGATGGTTCGCAACCAACT,.(((.((((((.....))).))))))....,82.11844799061474
GGGTCTGTATTGGATTTTTCTCAACCAACT,.(((.((....(((....))))))))....,82.07597008419185
GGGTCTGTAATGGATGGGGCTCAACCAACT,((((((..........))))))........,82.01782113314482
GGGTCTGTAATGGAAAGTTCGCAACCAACT,.(((.((((((.....))).))))))....,82.0029160729371
GGTCTGTAATGGAGTGTTCGCAACCAACTG,(((.((((((.....))).)))))).....,81.99404076747028
GGGTCCTTTATGGATTGTTCTCAACCAATT,.(((((.....)))))..............,81.97682669459489
GGGTCTGTAATGGATTGCACGCAACCAACT,((((.(((((....))))).))..))....,81.95716483849372
GGGTATGTAAGGGATTGTTCTCGACCAACT,.(((.((...((((....))))...))))),81.94569591590675
GGGGCTGTAATGGACAGTGCCCAACCAATT,((((((((.....))))).)))........,81.90669476058139
GGGTCTGTAATGGATTGTTCGCAATCCACT,..........(((((((....)))))))..,81.89823112795204
CCAACCAACTTTAGGTCTGTAATGGATTAT,((((((.......)))......))).....,81.842172728311
GGGTCCGTAATGGAATGTTCCCAACCAACT,(((..(((......)))..)))........,81.78740797465574
GGGTCTGTAATGGATTGCTCGCAACCAACT,.(((.(((...((....)).))))))....,81.63067390450705
GGGGCTGTAATGGAGTGTTCTCAACCAACT,............(((....)))........,81.60301128758923
GGGTCAGTAATGGACTGTTCCCAACCAACG,(((.((((.....))))..)))........,81.60273757499992
GGGTCAGTAATGGATTTTTCTCAACCAACT,.(((......((((....)).)))))....,81.59157062438683
GGGTCTTTAATGGATTTTTCTCAACCAATT,.(((((.....)))))..............,81.48694180289196
GGGTCTGTAATGGAAGGTTCTCAACCAACT,...............((((...))))....,81.3682374236229
GGGCCTGTAATGGATTTTTCTCAACCAACT,...((......)).................,81.34733084178646
GGGGCTGTAATGGATTGTTCCCAACCAACT,(((((...........))))).........,81.31154788090933
GGGGCTGTAATGGAATGGTCGCAACCAACT,(.((((((......)))))).)........,81.29929258398019
GGGGCCGTAATGGAATGTTCTCAACCAACA,((((.(((......))).))))........,81.27898113545498
ACAACCAACTTTAGGTCTGTAATGGGTTAT,((((((.......))).)))..........,81.26219131354677
GGTCTGTAATGGATTGCCCTCAACCAACTG,(((.((....((....))..))))).....,81.25013086591332
GGGTCTGTAATGGAGTGTTCGCAACCAACC,.(((.((((((.....))).))))))....,81.25011731711093
GGTCAGTAATGGATTGTTCGCAACCAACTG,...((((..(((.(((....)))))))))),81.23931970441389
GGGGCTGTAATGGATTGTTCGCAACCCACT,.(((.((((((.....))).))).)))...,81.22238402525208
GGGGCTGTAATGGACAGGTCGCAACCAACT,.((.((((.....)))).))..........,81.15357679417565
GGGTCTGTAATGGATTGGTCGCAACCAACT,.(((.(((.((......)).))))))....,81.12810195163405
ACAACCAACTTTAGGATTGTAATGGATCAT,((((((.......)).))))..........,81.11614808192921
GGGGCCGTAATGGAATGTGCCCAACCAACT,.(((((((......))).))))........,81.0977599931755
GGGTCTGTAATGGAGTGTTAGCAACCAACT,.(((.((((((.....))).))))))....,81.07985868003755
GGGTCTGTAATGGAGGGTTCTCAACCAACT,...........((..((((...))))..)),80.96833812173686
GGGTCTGTAATGGAATGTTCCCAACCAATT,(((..(((......)))..)))........,80.95218496200476
GGGTCTGTAATGGATTATTCCCAACCAACT,(((..((........))..)))........,80.92011717715408
GGGGCCGTAATGGAATGTTCCCAACCAACT,((((.(((......))).))))........,80.84019325787409
GGGTCTGTAATGGATTGTTCTCCACCAACT,.(((.((...((((......)))).))))),80.82461568674051
GGTCTGTAATGGATTGCTCGCAACCAACTG,(((.(((...((....)).)))))).....,80.81413690724905
GGGTCTGTAATGGATTGATCGCAACCAACT,.(((.(((.((......)).))))))....,80.79784985810875
GGGGCTGTAATGGATTGCTCTCAACCAACT,(((((...........))))).........,80.74235583343585
GGGTCTGTAATGGATCGTTCCCAACCAACT,(((..((........))..)))........,80.73732635635777
GGGTCGGTAATGGATTGATCTCAACCAATT,((((((((.....)))))))).........,80.7235575841579
GGGTCTGTAATGGATTGCTATCAACCAACT,.(((.((..((((....)))))))))....,80.7190943287934
GGGTCTGTAATGGCTTGTTCTCCACCAACT,(((((......)))))..............,80.71684770417659
GGGTCTGTAATGGCTTGTTGTCAACCAACT,(((((......)))))((((.....)))).,80.6521127196361
GGTCTGTATTGGACCGTTCTCAACCAACTG,(((((.....)))))...............,80.60752750593917
GGGTCTGTAATGGAGTGTTCCCAACCAACT,.(((.((....(((....))))))))....,80.59877755168951
GGGTCTGTGATGGATTGTTCTCAACCAACT,.(((.((.((........)).)))))....,80.53543191226473
GGGTCTGTAATGGATTGTCCTCAACCCACT,((((.((....(((...))).))))))...,80.51376962792884
GGGTCCTCAATGGACCGTTCTCAACCAACT,.(((((.....)))))..............,80.51112951631603
GGGTCGGTAATGGAATGTTCTCAACCAACT,.(((.(((...(((....)))..))).))),80.51097023807807
GGGTCTGTAATGGAGAGTTCTCAACCAACT,............(((....)))........,80.5109443494895
GGGTCCTTAATGGACTTTTCTCAACCAATT,.(((((.....)))))..............,80.50317070951893
GGGTCTGTAATGGAATGTTCACAACCAACT,.(((.((((((.....))).))))))....,80.49740287702662
GGGTCTGTAATGGATTGTGCGCAACCAACT,((...((((........))))...))....,80.44888662604806
GGGTCCGTAATGGAATGTTCTCAACCAATT,(((..(((......)))..)))........,80.4425868138689
ACAACCAACTTTAGGTTTGTAATGGATTAT,((((((.......)).))))..........,80.43830943704091
GGGTCTGTAATGGATTGCTCTCAACCCACT,((((..((((....)))).....))))...,80.32121664333539
GGGTCTGTAATGGAGTGTTCTCAACCAGCT,.((.(((.....(((....)))...))))),80.31602574892872
GGTCTGTAATGGATTGTTCTCCACCAACTG,(((.((...((((......)))).))))).,80.29971835247667
GGGTCCGCAATGGACTGTTCTCAACCAACT,.(((((.....)))))..............,80.2912995908494
GGGTCAGTAACGGATTGTTCTCAACCAACT,((...((.(((.....)))))...))....,80.28886044249279
GGGTCTGTAATGGATTGTACGCAACCAACT,((...((((........))))...))....,80.26317916211696
GGGTCCGTAAGGGACTGTTCTCAACCAACT,.(((((.....)))))..............,80.20304720058031
ACAACCAACTGTAGGTCTGTAATGGATTAT,((((((.......))).)))..........,80.15898872304919
GGTCTGTATTGGACTGTTCTCAACCAACTG,(((((.....)))))...............,80.15073560625083
ACAACCAACTCTAGGTCTGTAATGGATTAT,((((((.......))).)))..........,80.09973349680013
GGGTCTGTAATGGAGTGCTCTCAACCAACT,((((((.......)).))))..........,80.02459370416321
CGTCCTGCAACGGACCGCTCTCCATCTACC,.((((......))))...............,80.00702527543746
GGGTCTGTAATGGATTGATTTCAACCAACT,.(((.((.(((......))).)))))....,80.00156033312282
GGTCTGTGATGGATTGTTCTCAACCAACTG,(((.((.((........)).))))).....,79.99433237450124
ACAACCAACTTCAGGTCTGTAATGGATTAT,((((((.......))).)))..........,79.95311616109595
GGGGCTGTAATGGAGTGTTCTCAACCAACG,............(((....)))........,79.90078642136316
GGGTCGGTAATGGAGTGTTCTCAACCAACT,.(((.(((....(((....))).))).))),79.88497925757638
GGGTCTGTAATGGATTGTTCGTAACCAACT,.(((..((.(((((...))))).))..))),79.87400969458577
GGGTCTTTAATGGATTGTTCCCAACCAACT,((((((.....))).....)))........,79.79797800035425
GGGTCTGTAATGGAGTGTTCACAACCAACT,.(((.((((((.....))).))))))....,79.76526301997998
ACGACCAACTTTAGGTCTGTAATGGATTAT,..((((.......)))).............,79.72091435319503
AAGATACGGTGTTAACTCTACGTGATCACC,.......((((...((.....))...)))),79.70702527543746
GGGTCTGTAATGGATTGATCACAACCAACT,.(((.(((.((......)).))))))....,79.67017226540636
GAGTCGGTAATGGAGTGTTCTCAACCAACT,.(((.(((....(((....))).))).))),79.65649063957147
CGGGTCTGTAATGGATTGCTCGCAACCAAC,..(((.(((...((....)).))))))...,79.65648223497374
GGGTCTGTAATGGATTGTCTGCAACCAACT,.(((.((((..........)))))))....,79.65476908675221
GGGTCTGTAATGGCTTGTTCTCAAACAACT,(((((......)))))..............,79.6206209958581
GGGTCAGTAATGGAGTGTTCCCAACCAACT,(((.((.(.....).))..)))........,79.60955864685269
GGGGCCGTAATGGAACGTTCTCAACCAATG,((((.(((......))).))))........,79.56505949438443
TTTTACCGTGTGCACATTTGCTCCGTGCGA,..........(((((.........))))).,79.50702527543746
GGGTCTGTAATGGATTGTCCGCAACCCACT,((((.(((...(((...))))))))))...,79.49024114367406
GGGTCAGTAATGGAGTGTTCTCAACCAACT,............(((....)))........,79.47025955600617
GGGTCGGTAATGGATCGTTCTCAACCAAAT,(((.((((.....))))..)))........,79.37671628162349
GGGTCGGTAATGGATCGTTACCAACCAACT,.(((.(((((((...))))))).)))....,79.3143250717595
GGGTCTGGAATGGAATGTTCTCAACCAACT,.(((..(((((.....)))))..)))....,79.2745096065726
ACAACCAACTTTAGGCTTGTAATGGATCAT,((((((.......)).))))..........,79.27044696731609
GGGACCGTAATGGAAGGTTCTCAACCAACT,((((((.........)))))).........,79.24525547224023
GGTCTGTAATGGAGTGTTCACAACCAACTG,(((.((((((.....))).)))))).....,79.23834041027868
ACAACCAACTTTAGGCTTGTAATGGATGAT,((((((.......)).))))..........,79.2148227398748
GGGTCCTTAATGGACCTTTCTCAACCAATT,((((((.....)))))).............,79.19700140328194
GGGTCTGTAATGGAGTGTTTGCAACCAACT,.(((.(((((........))))))))....,79.19439040891815
GGGCCTGTAATGGATTGGTCCCAACCAACT,(((((...........))))).........,79.18973908572138
GGGGCTGTAATGGAAAGTTCTCAACCAACT,((((((.........)))))).........,79.17422919480236
ACAACCAACTTTAGGTTTGTAATGGATCAT,((((((.......)).))))..........,79.15833948035741
GGGTCTGTAATGGATCGTTCGCAACCAACT,.(((.(((((((...)))).))))))....,79.13080222354384
GGGTCTGTAATGTATTGTTCGCAACCAACT,.(((.((((((.....))).))))))....,79.12750313352358
GGGTCTGTAATGGCATGTTCCCAACCAACT,(((.((((....))).)..)))........,79.10706255897378
GGGTCTGTAATGGAATGTTCTCAACCAGCT,.((.(((....(((....)))....))))),79.10495881276857
GGGTCTGTAATGGAGTGGTCTCAACCAACT,.............((((((....))).))),79.07254266382417
GGGGCCGTAATGGAAGGTTCTCAACCAACT,((((((.........)))))).........,79.02020425645972
GGGGCAGTAATGGACAGTTCCCAACCAACT,(((((.((.....)).))))).........,78.97036380560641
GGGTCTGTAATGGAATGTGCTCAACCAACT,((....(((........)))....))....,78.95636702023002
GGGGTGGCAATATACTGAGTACAATCATCC,.((((((...(((.....)))...)))))),78.90702527543746
GGGTCTGTAATGGATTTCTCGCAACCAACT,.(((.(((...((....)).))))))....,78.90583666185475
GGGTCTGTAATGGATTATTCGCAACCAACT,.(((.(((((((...)))).))))))....,78.89943775840898
GGGTCTTTAATGGACTGTTCGCAACCAACT,.(((((.....)))))..............,78.87817948191685
GGGTAGGTAATGGATTGTGCCCAACCAACT,(((((.(........).)))))........,78.87615443215093
GGGGCTGTAATGGATTGTGCTCAACCAACT,.((((.............))))........,78.8286594518729
GGGTCTGTAATGGATTGTCCTAAACCAACT,.(((..((...(((...)))...))..))),78.82275228107854
GGGCCAGTAATGGCTTGTTCTCAACCAACT,((((((....))))))..............,78.80526824293845
GGGTCAGTAATGGATTGTTCTCAAACAACT,(((.((((.....))))..)))........,78.7967540867898
GGGTCTGTACTGGCTTGTTCTCAACCAACT,(((((......)))))..............,78.69690854899251
GGGTCTGTAATGGATTGTTTTCAACCCACT,((((......((((.....))))))))...,78.68875849226808
GGTTCTGTACTGGATTGTTCTCAACCAACT,((((..(.((......)).)..))))....,78.6876987915465
CGGGTCTGTAAGGGATTGTTTTCAACCAAC,..(((((.....))))).............,78.6171679732227
ACAACCAACTTGAGGTCTGTAATGGATGAT,((((((.......))).)))..........,78.6143652509939
GGGGCCGTAATGGATTGTGCTCAACCAACT,.((((((........)).))))........,78.60014091033767
GGGTCTGCAATGGATTGTTCCCAACCAACT,(((...((((....)))).)))........,78.54913874648173
GGGGCAGTAATGGAATGTTCTCAACCAACT,((((((.........)))))).........,78.54111167681789
GGGTCAGTAATGGAGTGCGCTCAACCAACT,((((((.(.....).)).))))........,78.51776428168719
GGGGCTGTAATGGAATGTTCTCAACCAACT,(((((...........))))).........,78.43764357053716
GGGTCTGTAATGGAGTGTCCTCAACCAACT,.(((..((...(((...)))...))..))),78.42297220577912
GGGGCCGGAATGGACTGTTCTCAACCAACT,((((.(((......))).))))........,78.4106326877998
CGGGTCTGTAACGGATTGTTCGCAACCCTC,.((((.((((((.....))).)))))))..,78.40735889206191
GGGTCTGTAGTGGATCGTTCTCAACCAACT,.(((((.....)))))..............,78.38770059236741
ACGACCAACTTTAGGTCTGTAATGGATGAT,..((((.......)))).............,78.38532016907024
GGGGCGGTAATGGAGTGTTCTCAACCAACT,.((..(((....(((....))).)))..)),78.33548800714145
GGGTCTGTAATGGACTGTTATCAACCAACT,.(((..(((((.....)))))..)))....,78.33501864277773
GGGTCTGTAATGAATTGTTCTCAACCAACT,.(((.((..(........)..)))))....,78.3268731848859
GGGTCTGTAATGGAAGGCTCGCAACCAATT,((((((........))))))..........,78.29382699078269
GGGTCTGTAAGGGCTTGTTCTCAACCAACT,((((((....))))))..............,78.28992532352719
GGGTCTGTAGTGGCTTGTTCTCAACCAACT,(((((......)))))..............,78.2731047754441
ACAACCAACTTTTGGTCTGTAATGGATTAT,((((((((...))))).)))..........,78.21468850715426
GGGTCTGTAATGGGTTCTCAACCAACTGTC,..........(((........)))......,78.20376766820898
GGGTCAGTCATGGATTGTTCTCAACCAACT,(((.(((((...)))))..)))........,78.17673122983572
GGGTCTGTAATGGCATGTCTTCAACCAACT,..(((......)))................,78.15331348667793
GGGTCTGTAATGGATTGTACTCAACCCACT,((((..(((........)))...))))...,78.14192595427104
GGGTCTGTAATGGATTTTTCGCAACCTACT,((((.(((....((....)))))))))...,78.12557005956253
GGGTCTGTAATGGATTGCTCGCAACCAATT,.(((.(((...((....)).))))))....,78.10886981200156
GGGTCTGTAATGCATTGTTCTCAACCAACT,.(((.((..(........)..)))))....,78.07622720678036
GGGTCTGTAATGGAGTGTGCTCAACCAACT,((....(((........)))....))....,77.96720098557266
GGGTCTGTAATGGATGGGTCGCAACCAACT,.(((.(((.((......)).))))))....,77.96543423675277
GGGTCTGTAATGGAATGCTCCCAACCAACT,(((...(((......))).)))........,77.95686638075084
GGGTCGGTAATGGATGGTTCTCAACCAACT,.(((.(((...(((....)))..))).))),77.9506473745023
GGGTCTGTAATGTATTGTTCTCAACCAACT,.(((.((..(........)..)))))....,77.93583121525643
GGTCTGTAATGGAGTGGTCTCAACCAACCG,(((.((.....(((....)))...))))).,77.9327447557356
GGGTATGTAATGGATTGCTCCCAACCAACT,(((...((((....)))).)))........,77.929467975345
GGGGCAGTAATGGAGTGTTCGCAACCAACT,.(((((.(.....).)))))..........,77.8781604677009
GGGTCCTTAATGGATCTTTCTCAACCAATT,((((((.....)))))).............,77.87550958408697
GGGGAAGTAATGGATTGTTCCCAACCAACT,.(((((...........)))))........,77.85920026667071
GGGTCTGTAATTGATTGTTCGCAACCAACT,.(((.((((((.....))).))))))....,77.83741609074762
GGGTCGGAAATGGATTGTTCTCAACCAACT,((...((((........))))...))....,77.83449130378162
GGGCCTGTAATGGATTGCTCGCAACCAACT,((((..((((....))))..))..))....,77.81364938238607
TTTAGACGGATGTGCGGATTCTCTCGGGAC,...(((.((((......)))))))......,77.80702527543745
GGGGCCGTAATGGATCGTTCTCAACCAACT,((((.((........)).))))........,77.80130641926772
GGTCTGTAATGAATTGTTCTCAACCAACTG,(((.((..(........)..))))).....,77.79184947343478
ACAACCAACTGTAGGGTTGTAATGGATCAT,((((((........))))))..........,77.7754214499366
GGGGCAGTAATGGACTGTGCGCAACCAACG,.(.(((((.....))))).)..........,77.7120118889729
CAACCAACTTTAGGTCTGTAATGGATTGTT,((((((((.........))..))).)))..,77.69772970964218
GGGTCTGTAATGGCTTTTTCCCAACCAACT,(((...((....)).....)))........,77.66304575539414
GGGGCGGTAATGGAATGTTCTCAACCAACT,.((..(((...(((....)))..)))..)),77.66218330874352
GGGGCAGTAATGGATTGTGCTCAACCAACT,.(((((...........)))))........,77.65407230281956
GGGTCTGTCATGGCTTGTTCTCAACCAACT,(((((......)))))..............,77.64137072703738
TCTGTAATGGATTGGCCTCAACCAACTGTC,......((((.((((......)))))))).,77.59800764072804
GGGCCTGTAATGGATTGCTCTCAACCAACT,((((............))))..........,77.5688106572654
ACAACCAACTTTAGGTCTGTATGGATTATG,((((((.......))).)))..........,77.53960528312669
GGGTCTGTAATGGAGTGCTCGCAACCAACT,((((((.......)).))))..........,77.53153241728072
GGGTCGGTAATGGATTGTTTTCAACCAACT,.(((.(((..((((.....))))))).))),77.5289759095827
GGGGCAGTAATGGAATGGTCTCAACCAATT,(((((.((......)).)))))........,77.50282467302509
GGGTCTGTAATGGACTGTTCTCAACCCACT,((((.((..(........)..))))))...,77.46429177309454
GGGTCTGTTATGGAATGTTCTCAACCAACT,.(((.((....(((....))))))))....,77.44437192506174
GGGTCTGTACTGGATTGTTCGCAACCAACT,.(((.(((((......))..))))))....,77.43925340229971
GGTCTGTAATGAATTGTTCGCAACCAACTG,(((.((((((.....))).)))))).....,77.41899611626445
GGGTCGGTAATGGATCGTTCTCAACCAACT,.(((.(((...(((....)))..))).))),77.38978078435574
GGGCCTGTAATGGAGTGTTCTCAACCAACT,((((((.......)).))))..........,77.37282009263147
GGGTCTGTAATGGAGTGTTCCCAACCAATT,.(((.((....(((....))))))))....,77.3625372958658
GGGTCTGTATTGGATTGTTCGCAACCAACT,.........((((.(((....)))))))..,77.28537807726858
GGGTCTGTAATGGATTGCTCGCAACCCACT,((((.(((...((....)).)))))))...,77.25396145249553
GGGGGTGTACTGGATTGTTCTCAACCAACT,((..(.(.((......)).).)..))....,77.21759934147906
GGGTCCGTAATGGATCGTTCCCAACCAACT,(((..((........))..)))........,77.11588413958444
GGGTCGGTAATGGATTGCTCTCAACCAACT,.(((.(((...(((....)))..))).))),77.10742923869407
GGGTCAGTAATGGCTTGTTCTCAACCAACT,((((((....))))))..............,77.09764808896763
GGGTCTGTAATGGATGGTGCTCAACCAACG,............(.((((.....)))).).,77.05316844697145
GGGACTGTCATGGATTGTTCTCAACCAACT,(((((.(((...))).))))).........,76.9776071384712
GGGTCTGGAATGGACTGTTCTCAACCAACT,.(((..(((((.....)))))..)))....,76.94522398005678
GGGTCTGTAATCGATTGTTCTCAACCAACT,.(((.((..(........)..)))))....,76.91590471191229
TAAATCACTATGCTTCGATTATTTGCAGGT,......(((.(((...........)))))),76.90702527543746
GGTCTGTACTGGATTGTTCGCAACCAACTG,(((.(((((......))..)))))).....,76.86980000841177
GGGGCCGCAATGGATTGTTCCCAACCAACT,((((..((((....))))))))........,76.85653402007182
GGTCTGTAATGGATTGTTCTCCACAAACTG,(((.(((...(((......)))))).))).,76.81555844783684
GGGTCTGTAATTGATTGTTCTCAACCAACT,.(((.((.(((.....)))..)))))....,76.77079453413401
GGGTCTTTATTGGATTTTTCTCAACCAACT,.(((((.....)))))..............,76.76293467726975
GGGTCTGTAATGGAGTGATCGCAACCAACT,.(((.(((.((......)).))))))....,76.73470062914161
GGGGCTGTAATGGAATGTTCTCAACCAACG,(((((...........))))).........,76.7313681534362
GGGGCAGTAATGGAATGTCCTCAACCAACT,((((((.........)))))).........,76.72542777440549
GGGTCTGTAATGGAAAGTTCTCAACCCACT,((((.((.(((.....)))..))))))...,76.72536542856514
GGGTCGGTAATGGAATGTTCCCAACCAACT,.(((.(((...(((....)))..))).))),76.70907014297731
ACAACCAACTTTAGGCCTGTAATGGATTAT,...............((......)).....,76.64711353594626
GGGTCTGTAATGGATTGCTCGCTACCAACT,.(((..((((....))))..))).......,76.62343687457496
GGGTCTGTAATGGAATGTGCGCAACCAACT,((...((((........))))...))....,76.59028946871909
GGGTCTGTAATGGACTTTTCCCAACGAATT,(((...((.....))....)))........,76.58636445814669
GGGTCTGTAATGGCTTGTTCTCAACCCACT,((((.((..(........)..))))))...,76.54415544853366
GGGTCTGTCATGGAGTGTTCTCAACCAACT,............(((....)))........,76.53289584862414
GTCTACTTAATCGCTCGACAATGCACCCAT,............((........))......,76.50702527543746
GGGTCTTTAATGGATTTTTCACAACCAATT,.(((((.....)))))..............,76.50477318021686
GGGTAAGTAATGGCTTGTTCTCAACCAACT,((((((((....)))))..)))........,76.49732366783104
ACAACCAACTTTAGGTCTGTACTGGATTAT,((((((.......))).)))..........,76.48310386699316
GGGTCTGTAATGGCTTGTTATCAACCAACT,.(((..(((((.....)))))..)))....,76.47942269497648
GGGGCTGTAATGGCTTGTTCCCAACCAACT,(((((.((....))..))))).........,76.42946226664665
GGGTCTGTAGTGGAGTGTTCTCAACCAACT,.........((.(((....))).)).....,76.38513647588272
ACAACCAACTTTAGGTCTGTACTGGATTCT,((((((.......))).)))..........,76.36488576090056
GGGTATGTAATGGATTGCTCTCAACCAACT,(((((..........)))))..........,76.30826276866107
CGGGGCTGTAATGGAGTGTTCTCAACCAAC,.(((((...........)))))........,76.2611808833576
CGGGTCTGTAAGGGATTGTTCGAAACCAAC,..(((((.....))))).............,76.14184956120052
GGGTCTGTAATGGAATGTTTTCAACCAACT,.(((.((.((........)).)))))....,76.10345856369085
GGGTCTGTAATGGATAGTTCGCAACCACCT,.(((.((((((.....))).))))))....,76.09893460044535
GGTCGGTAAAGGATTGTTCTCAACCAACTG,(((.(((..((((...))))..))).))).,76.07918197993038
GGGTCTGTACTGGATTGTACCCAACCAACT,((....((((......))))....))....,76.03975066187978
GGGTCTGTAATGGAATGTTCGCAACCCACT,((((.((((((.....))).)))))))...,76.01335326816123
GGGGCTGTAATGGATTGTTCTTAACCAACT,(((((...........))))).........,76.00893534527445
GGGTCAGTAATGGAATGTTCTCAACCAACT,((...((.(((.....)))))...))....,75.97956247469975
ACAACCAACTTGCGGTCTGTAATGGATTAT,....(((..((((.....))))))).....,75.97574087511047
CCAACCAACTATAGGTCTGTAATGGATTAT,((((((.......)))......))).....,75.91815684164382
GGGACCGTAATGGAGTGTTCTCAACCAACT,((((((........).))))).........,75.91479732252364
GGGGCAGTAATGGAATGTTCCCAACCAACT,((((((.........)))))).........,75.85945931569064
GGTCTGTAATGGATTGTCCTCCACCAACTG,(((.((...((((......)))).))))).,75.84110268429633
GGGTCTGTAACGGATTGTTCCCAACCAACT,(((((((...)))).....)))........,75.7900342157704
GGGGCTGTAATGGAATGTTCCCAACCAACT,(((((...........))))).........,75.76814286203467
GGGGCCGTAATGGAGTGTTCTCAACCAACT,((((((........).))))).........,75.6917713821806
GGGTCTGTAGTGGATTGTTCGCAACCAACT,.(((..((.(((((...))))).))..))),75.66145727171225
GGGGCTGTAATGGAAGGTTCTCAACCAATT,((((((.........)))))).........,75.65538634122376
GGGTCCGTAATGGAGTGCTCTCAACCAACT,((((.(........).))))..........,75.54197615915362
GGGTCGGTAATGGAACGTTCTCAACCAACT,.(((.(((...(((....)))..))).))),75.53861859466761
CACCAACCGGTATTTCGGGTCTGTAATGGA,......((((....))))............,75.48647922157238
GGGTCTGTAATGGATTGCTCTCAACCGACT,.((((.((...(((....)))..)).)))),75.45516023727212
ACCACCAACTTTAGGTCTGTAATGGCTTAT,...........((((((......)))))).,75.44873888812853
CCCACCAACTTTAGGTCTGTAATGGCTTAT,...........((((((......)))))).,75.435141854754
GGTCTGTAATGGAGTGTTTTCAACCAACTG,(((.((.((........)).))))).....,75.41308411456157
CAACCAACTTTAGGTTTGTAATGGATTATG,.((((.......))))..............,75.41197435390887
GGGTCAGTAATGGAATGTTCCCAACCAACT,(((.((.........))..)))........,75.39184365315096
ACAACCAACTTTAGGTCTGCAATGGATTAT,.............(((((.....)))))..,75.36583364445474
CCAACCAACCTTAGGTCTGTAATGGATTAT,(((((..(((...)))..))..))).....,75.36252976802595
GGGTCTGAAATGGATTGTTCTCAAACAACT,.(((((.....)))))..............,75.34670804734056
GGTCTGTAATGGATTGTTCGCCACCAACTG,(((.((...(((........))).))))).,75.3456090688977
GGGTCTGTACTGGATTGTTCACAACCAACT,.(((.(((((......))..))))))....,75.30933212007639
GGGTCTGTAATGGAATGTTCTCAAACAACT,.(((.(((...(((....)))...)))))),75.27755249454218
GGGGCTGCAATGGAGCGTTCTCAACCAATT,((((.(((......))).))))........,75.19940382857004
GGGGCTGTAATGGAATGTGCTCAACCAACT,.((((.............))))........,75.19732713113312
GGGTCTGTTATGGCTTGTTCTCAACCAATT,(((((......)))))..............,75.17153092496694
GGGTCTGTAATGGAATGCTCGCGACCAACT,.((((.((...((....)).))))))....,75.12947587804418
GGGTCTGTAATGGATTGCTCTCAACTAACT,(((...((((....)))).)))........,75.10148363441941
ACAACCAACTTTAGGTCTGAAATGGATTAT,.............(((((.....)))))..,75.08946731918545
GGGTCAGTAATGGCTTGCTCTCAACCAACT,((((.(((....))).))))..........,75.07089615947135
GGGTCAGTAATGGAATGAGCCCAACCAACT,((((((.........))).)))........,75.04800261319598
GGGGCTGTAATGGAATGTTCGCAACCAACT,..((.((((((.....))).))).))....,74.96976228209117
GGGTCTGTAATGAATTGTTCTCAACCCACT,((((.((..(........)..))))))...,74.93484673822391
GGGTCAGTAATGGAAGGTTCTCAACCAACT,...............((((...))))....,74.93137484911882
GGGTCTGTAATAGGTTGTTCCCAACCAACT,............(((((....)))))....,74.90654165867554
GGGTCAGTAATGGATCGTTCTCAACCAACT,.((((.......))))..............,74.90648161085767
GGGTCGGCAATGGAGTGTTCTCAACCAACT,.(((.((.....(((....)))..)).))),74.82091113276402
GGGTCTGTAATGGTTTGTTCGCAACCAACT,..........(((((.......)))))...,74.78589858469738
GGGTCCGTAATGGCATGTTCTCAACCAACT,(((..(((......)))..)))........,74.7822481130512
GGTCTGTACTGGATTGTTCACAACCAACTG,(((.(((((......))..)))))).....,74.78038423493766
GTGTCCTTAATGGACCGTTCTCAACCCATT,(.((((.....)))))..............,74.73535293665815
GGGTATGTAATGGACTGTTCTCAACCAACT,.(((.((..(........)..)))))....,74.71826448171342
GGGTCTGTAATGGATTGTCCTCATCCAACT,..........(((((.(....))))))...,74.69811794673737
GGGGCAGTAATGGAATGGTCGCAACCAACG,(.(((.((......)).))).)........,74.69346508984816
GGGGCCGTAATGGATTGTTCTCAACCCACT,(((.....................)))...,74.68110339999005
ACAACCAGCTTTAGGTCTGTAATGGATTAT,((((((.......))).)))..........,74.64241244480186
GGGTCCTTAATGGATTTTTCTCAACCCATT,((((((.....)))..........)))...,74.64058952867634
GGGTCTGTTATGGCTTGCTCTCAACCAACT,(((((......)))))..............,74.61696110238367
GGGGCGGTAATGGAATGTTCCCAACCAACT,.((..(((...(((....)))..)))..)),74.58476132013004
GGGTCTGTAGTGGATTGTCCTCAACCAACT,.(((..((.(.(((...))).).))..))),74.55492055292706
GGGTCGGTAATGGAGGGTTCTCAACCAACT,.(((.(((....(((....))).))).))),74.50902589209468
GGGTCTGTAACGGATTGCTCTCAACCAACT,.((((((...))))))..............,74.49074025192081
GGGGCAGTAATGGAGCGTTCCCAACCAATT,((((..((......))..))))........,74.47921778848954
GGGTCTGTAATGGATTGTTCCCAAACTACT,(((................)))........,74.36811589928686
GGGTCAGTAATGGCTTGTTCCCAACCAACT,(((.((((....)).))..)))........,74.36492170966574
GGGTCTGTACTGGATTGTTCTCGACCAACT,.((((.(.((......)).)..))))....,74.30419692068105
GGGTCAGTAATGGAATGTTCTCAACCAACA,((...((.(((.....)))))...))....,74.21221486426504
GGGGTGTAATGGACTGTTCTCAACCAACTG,..(((.....(((....)))..))).....,74.18192240649307
GGGTCGGGAATGGAAGGTTCTCAACCAACG,.(((.((((((.....)))))).)))....,74.16062282019683
ACAACCAACATTAGGTCTGTAATGGATTAT,........(((((......)))))......,74.14335484987292
GGGTCTGTAATGGAATGTTCCCAAACAACT,.(((.(((...(((....)))...)))))),74.1327514101161
GGGTCTGTCATGGATTGTACTCAACCAACT,(((((.(((...))).).))))........,74.1014458107269
GGGTCTGTATTGGATTTTTCTCAACCTATT,((((.((....(((....)))))))))...,74.08107844283077
GGGTCCTTAATGGATCTTTCCCAACCAATT,((((((.....)))))).............,74.05549884998705
GGGTCTGTAATGGAGTGTTCTCAGCCAACT,.((.(((....(((....))))))))....,74.04878088857288
GGGGCAGTAATGGAATGTGCTCAACCAACT,.(((((...........)))))........,74.03084108382963
GGTCTGTAAGGGATTGCTCTCAACCAACTG,(((.((..((......))..))))).....,74.01819431893244
GGGTGAGTAATGGAGCGTTCTCAACCAAAG,((.((((.((((...)))))))).))....,73.95514933041264
GGGTCTGTAATCGATTGATCTCAACCAACT,.(((.((..(((....)))..)))))....,73.93340721227628
GGGTCAGTAATGGCATGTTCTCAACCAACT,..((((....))))................,73.90820678684364
GGGTCTGTCATGGATTGCTCTCAACCAACT,((((..(((...))).))))..........,73.88642061638754
ACAACCAACTTTAGGGCTGTAATGGATTAT,(((.((........)).)))..........,73.86385947311865
GGGAAAGTAATGGAGGGTTCTCAACCAACT,...........((..((((...))))..)),73.70142536429726
GGGTCAGCAATGGACTGTTCTCAACCAACT,(((.((((....).)))..)))........,73.70134025624853
GGGGTGTAATGGATCGTTCGCAACCAACTG,((.(((.((((...)))))))..)).....,73.70072727817958
GGGGGCGTTATGGGTTGTTTTCAACCAACT,............(((((....)))))....,73.68034469358916
GGGTCTGTAATGAATTGCTCTCAACCAACT,(((...((((....)))).)))........,73.65702075046954
GGGTCTGTATTGGCTTGTTCCCAACCAACT,(((((......)))))..............,73.63093470892179
GGGGCAGTAATGGAAAGTTCTCAACCAACT,((...((.(((.....)))))...))....,73.58599828316491
GGTCTGTAACGGATTGCTCTCAACCAACTG,((((((...))))))...............,73.56584291765698
GGGTCTGTTTGGGCTTGTTCTCAACCAACT,.(((.((.(((((......))))).))))),73.55403968848893
GGGTCTTTAATGGATTTTTCTCAACCTATT,((((......((((....)).))))))...,73.49914347202039
GGTCTGTTATGGATTGGTCTCAACCAACTG,..........((.(((((....))))))).,73.439945513378
GGGTCTGTAATGGTTTGTTCACAACCAACT,..........(((((.......)))))...,73.43864893173114
ACCAACCGGTATTTCGGGCCTGTAATGGAT,.....((((....)))).((......))..,73.41262621571451
GGGGCAGTAATGGAATGTTCGCAACCAACT,.(((((.........)))))..........,73.39028514064452
GGGGCTGTAATGGAATGCTCGCAACCAACT,((.((.(((......)))..))..))....,73.32725789740596
GGGGCATTAATGGATTTTTCTCAACCAACT,((((.(((....)))...))))........,73.25232753497176
GGGTCAGTAATGGAATGGTCTCAACCAACT,...............((((....))))...,73.24560812218128
GGGTCAGTAATGGCTCGTTGGGAACCAACT,((((((....))))))(((((...))))).,73.2144999914479
GGGGCTGTAAGGGAATGTTCTCAACCAACT,..........((((....))))........,73.17729030981783
GGGTCTTTTATGGATTTTTCTCAACCCATT,((((......((((....)).))))))...,73.06029015309053
CCCAACCGGTATTTCGGGTCTGTAATTGAT,.....((((....)))).............,73.01497730495775
GGGTCTGTACTGGATTGTTCGCAACCCACC,((((.(((((......))..)))))))...,72.98439615530629
GGGGTCGCAATGGATTGTTTCCAACCAACT,..(((.....((((.....)))))))....,72.96973217465411
GGGGCTGTAATGGAGTGTTCGCAACCAACC,..((.((((((.....))).))).))....,72.96880164042136
GGGTCTGTAATGGATTATGTCGTCCCGATG,(((.(.((((....))))...).)))....,72.94336338794515
GGGTCTGTAATGGATACCTGTCAACCCACT,((((.((....((...))...))))))...,72.9383665561206
GGGTCTGTATTGGCTTTTTCTCAACCAACT,.((((......))))...............,72.93077375113073
GGGGCAGTAATGGAACGTTCTCAACCAACT,((...((.((((...))))))...))....,72.91533705991073
GGGGCGGTAATGGAAAGGGCCCAACCAACT,.((((.............))))........,72.91413595085174
GGGACTGTAATGGAGTGTTCTCAACCAAAT,(((((...........))))).........,72.91169593419605
GGGTCTGTAATCGCTTTTTCTCAACCAACT,.(((.((..(........)..)))))....,72.89985981722353
GGGTCCGTAATGGCATGTTCCCAACCAACT,(((..(((......)))..)))........,72.89487956888925
GGGTCTGTTATGGCTTGTTCTCAACCACTT,(((((......)))))..............,72.83877078648793
CCAACCCACTTTAGGTCTGTAATGGCTTAT,...........((((((......)))))).,72.81460901160108
GGGTCTGTAATGGCTTGTTCGCAACCCACT,((((.((((((.....))).)))))))...,72.73557746096012
GGGTCTGTAATGGATTTATCCCAACTCACT,(((...((((.....)))))))........,72.7316775013752
GGGTCCGTTATGGATTTTTCTCAACCCATT,((((......((((....)).))))))...,72.7297406918481
GGGTCCGTAATGGATTGTTTTCAACCCACT,((((......((((.....))))))))...,72.69249110066956
GGGTCGGTAATGGAATGTTCGCAACCAACT,.(((.(((..((((...))))..))).))),72.69136299879634
GGGTCTGTCATGGCTTGTTCCCAACCAACT,(((((......)))))..............,72.66192346298644
GGGTCAGTAATGGAATGTGCTCAACCAACT,((...((((........))))...))....,72.653656912977
GGGGCAGTAATGGAATGTTCCCAACCAATT,((((((.........)))))).........,72.63132016161677
GGGGCAGTAATGGCTTTTTCCCAACCAACT,((((.(((....)))...))))........,72.62865926542811
GGGTCCTTTTTGGACCGTTCTCAACCCATT,.(((((.....)))))..............,72.58195504125415
GGGGCCTTAATGGAGTGTGCCCAACCAACT,.(((((((....)))...))))........,72.5762253158723
ACAACCAACTTTAGGGCTGTAATGGATCAT,(((.((........)).)))..........,72.57376313924784
GGGTAAGTAATGGCTTGTACTCAACCAACT,((((((((....)))..)))))........,72.54203697157718
CCAACCAACTTTAGGTCTGTACTGGATTAT,((((((.......)))......))).....,72.52755595448292
ACAACCATCTTTAGGTCTGTAATGGAATAT,((((((.......))).)))..........,72.52473247580335
ACAACCAACTTTAGGGCTGTAATGGATGAT,(((.((........)).)))..........,72.52016418724402
GGGTCTGTTATGGCATGTTCTCAACCAACT,..(((......)))................,72.49587097558056
GGGCGGTATTGGGCTGTTCTCAACCAACTG,(((((((.....)))))))...........,72.48426329381002
GGGGCTGTAAGGGAATGGTCTCAACCAACT,((((((((......))))))))........,72.35114905428699
GGGCCTGTAATGGATTGATCTCAATCCACT,..........(((((((....)))))))..,72.30701459517925
GGGGCGGTAATGGAATGTTCGCAACCAACT,((.((((...........))))..))....,72.30238044543688
GAGGGCTGTTGGGCCGTGGGCTATTCCCCC,.(.((((....)))).)(((......))).,72.29398714505616
GGGGCTGGAATGGATTGTTTTCAACCAACC,..((.(((((........))))).))....,72.2427723669379
GGGCCTGTAATGGATCGTTCGCAACCAACT,((...(((((((...)))).))).))....,72.21432324726659
GGGGCAGTAATGGAATGTGCCCAACCAATT,.(((((...........)))))........,72.2106498170966
GGGTCAGTATTGGATTGTTCCCAACCAACT,(((.((((.....))))..)))........,72.20152626103706
GGGTCAGTAATGGAATGTTCCCAACCAATT,(((.((.........))..)))........,72.15560339732725
CAACCAACTTTATGTCTGTAATGGATTATG,...(((((.........))..)))......,72.15422193958302
GGGGGGTCTTGGTCGGTTGGGGTAACCCTC,.((((((..((.((.....)).)))))))),72.1454016592013
GGGTCCGTAATGGAATGTGCGCAACCAACT,((...((((........))))...))....,72.11919690229541
GGGACAGGAATGGAGCGTTCTCAACCAACT,((....((((((...))))))...))....,72.07056420221835
GGGTCCGTAACGGACTGTTCTCAACCAATT,.((((((...))))))..............,71.99640678141071
GGGGCTGTACTGGATTGTTCGCAACCAACT,((.((.(.((......)).)))..))....,71.96629581731898
GGGTCAGTACTGGACTGTTCTCAACCAACT,(((.((((.....))))..)))........,71.94834798904299
GGGTCCGTTATGGACCGTTCTCAACCCATT,.(((((.....)))))..............,71.93239498568096
GGGTCCGTTATGGACTGTTCTCAACCCACT,.(((((.....)))))..............,71.92939917154308
GCATGGGTGCCCAATTACTTTTGGACTATC,(((....)))((((......))))......,71.90850249390374
GGGTCTGTATTGGATTTTTCCCAACCTATT,((((.((....(((....)))))))))...,71.84654276867305
GGGTCTGTAATGCATTGTTTTCAACCAACT,.(((.((.((........)).)))))....,71.84342905197511
GGGTCTGTACTGGATTGTTCGCAACCACCT,.(((.(((((......))..))))))....,71.84289762017353
ACAACCTACTTTAGGTCTGTAATGGATTAT,((((((((...))))).)))..........,71.82877962536267
ACAACCAACTTTTGGTTTGTAATGGATCTT,((((((((...)))).))))..........,71.80661786278898
GGGGCGGTAATGGAGTGTTCGCAACCAACT,((.((((...........))))..))....,71.79345487410453
GGGTCTTTTTTGGATTTTTCTCAACCCATT,((((......((((....)).))))))...,71.77061389415242
ACCAACTGGTATTTCGGGTCTGTAATGGAT,.((((((.(.....).)))......)))..,71.74207571073259
GGGTCCTTTATGGATCTTTCTCAACCAATT,((((((.....)))))).............,71.7002592348812
ACCAACCGGTACTGCGGGTCTGTAATGGAT,.((((((.((...)).)))......)))..,71.69301141894877
GGGTCGGTCATGGATTGTTACCAACCAACT,.(((.(((((.....))..))).)))....,71.64630890208252
GGGTCAGTTATGGATTGTTCTCAACCCACT,(((((((((...)))))......))))...,71.64320145943296
GGGGCAGTAATGGAGAGGTCCCAACCAACG,(((((............)))))........,71.64085922514373
GGGTCGGTAATGGATAGTGCTCAACCAACT,((...((((........))))...))....,71.58681083114988
GGGTCCTTTTTGGATTTTTCTCAACCTATT,.(((((.....)))))..............,71.58663323807355
ACAACCAACTGTACGTCTGTAATGGATCAT,....(((....(((....))).))).....,71.56615649610853
AACCAACTCTAGGTCTGTCATGGATTATGT,...........(((((.....)))))....,71.53834908694097
GGGTCAGGAATGGACCGTTCCCAACCAACT,.(((..((((((...))))))..)))....,71.52372219577222
GGGTCTGTAACGGATTGCTCGCAACCAACT,.((((((...))))))..............,71.5078053422256
GGGTCTGTAATGGCTTGTTCCCAACCCACT,((((......(((.......)))))))...,71.47035963154049
GGGGCTGTAAGGGAATGTTCCCAACCAACT,..........((((....))))........,71.46597810368405
GGGGCTGGAATGGAGTGTTCTCAACCAAAT,..((.((((((.....)))).)).))....,71.33454754027791
AACAATCTCATCCGAGAGTCTGTAATGTAT,.(((..(((......)))..))).......,71.32514629812533
GGGTCTGTACTGGCTTGCTCTCAACCAACT,((((..((....))..))))..........,71.27811960721274
GGGGCTGTACTGGAATGGTCTCAACCAACT,((((((((......))))))))........,71.22445044324738
GGGTCCGTAATGGAGTGTGCTCAACCAACT,((((.((........)).))))........,71.175066572941
GGGTCCTTTATGGATCGTTCTCAACCTATT,.(((((.....)))))..............,71.1643673289107
GGGTCTGTAAGGGAATGTGCTCAACCAACT,((....(((........)))....))....,71.15779307320678
ACAACCAACTTTAGGTCTGTAACGGATCAT,.............((((((...))))))..,71.12260609550133
GGGTCGGTGATGGACTGTTCTCAACCAACT,(((.((((.....))))..)))........,71.1170201472305
GGGTCAGTAATGGAATGTTCGCAACCAACT,.(((..(((((.....))).)).)))....,71.10460614350876
GGGTCGGAAATGGACTGTTCTCAACCAACT,((...((((........))))...))....,71.07787208696259
GGGTCGGTAATGGAGTGTTCGCAACCAACT,.(((.(((..((((...))))..))).))),71.0643407234551
GGGGCCGTATTGGCTTGCTCTCAACCAACT,.(((((.....)))))..............,71.03871453873259
GGGTCAGTATTGGCTTGTTCTCAACCAACT,((((((....))))))..............,71.02602584420961
GGGTCGGTAATGGAGTGTTCACAACCAACT,.(((.(((..((((...))))..))).))),71.01506579505138
GGGTCAGTAATGGAACGTCCTCAACCAACT,.(((..((...(((...)))...))..))),71.00760086662956
GGGGCTGTAATGGAATGTTTTCAACCAACT,..((.((.((........)).)).))....,70.97884533947837
GGGTCTGTAATGGACTTCTTTCAACCCATT,((((.((....((....))..))))))...,70.9115649535425
GGGTCCTTATTGGATTTTTCTCAACCTATT,.(((((.....)))))..............,70.90991608631735
GGGTCTGTACTGGCTTGTTCGCAACCAACT,.(((.(((((......))..))))))....,70.87820313259648
ACCAACCGGCATTTCGGGTCTGTAATGGAT,.(((((.(((.......))).))..)))..,70.86581735219968
TTCTGCCGCATGCTCCTTTTCTTGCGGCAT,...(((((((............))))))).,70.84935614874618
GGGTCTTTAATGGATCTTTCTCAACCTATT,((((((.....)))))).............,70.84902976590767
GGACCAGTAATGGATTGTTCTCACCCAACT,...(((....))).................,70.81908030843424
GCCAATCGATTAGTCGAGTCTGTAATGGAC,.....((((....))))((((.....)))),70.75319906828362
GGGGGGGGTGTCACATTGTGCGGGAGCCCC,...((((.(.((.((...)).)).).)))),70.7503217084018
GGGGCAGTAATGGAAAGTTCCCAACCAACT,(((((...........))))).........,70.70168287190802
GGGTCCGTAAAGGATTGCTCCCAACCAACT,((((((.....))).....)))........,70.6585201046579
GTCTGTAATGGGTTGTTTCCAACCCACTGT,........(((((((....)))))))....,70.65657477021328
ACCAGCCGGTATTTCGGGTCTGTAATGGAT,..(((((.(.....).)).)))........,70.64612538850449
GGGCCGTAATGGAATGTTCTCAAACAAATG,(((.(((......)))..))).........,70.6110016488207
GGGCCAGTAATGGATGCTGCCTAACCAACT,((((.((((.....))))))))........,70.59761522271239
CACCAACCGGTATTACGGGTCTGTAATGGA,......(((......)))............,70.58839316877707
GGGTCCTTAATGGATTTTTCGCAACCCATT,((((((.....)))..........)))...,70.55687571255177
GGGACAGGAAGGGAGTGTTCTCAACCAACT,......((..((((....))))..))....,70.53529926338413
GGGTCTGCAATGGATTGTTCTCAAACAACT,(((...((((....)))).)))........,70.48121886895856
CGGGGCTGTAATGGGTTGTTTCCAACCAAC,.............(((((....)))))...,70.43348303315726
GGGTATGTAATGGCTTGTTCTCAACCCACT,((((.((..(........)..))))))...,70.39192478242833
GGGTCTGTTATGGACTGTTCCCAACCAACT,(((...(((...)))....)))........,70.3814636444008
GGGGCTGTAATGGACTGTTTTCAACCAACT,..((.((.((........)).)).))....,70.3356598964991
GGGTCTGCAATGGCATGTTCTCAACCAATT,(((.((((....))).)..)))........,70.3271008444051
TTCAGCCTAATGCACTTCTCAATTGGGTCT,....(((((((..........)))))))..,70.32666242180893
GGGTCAGTAAGGGAGTGTTCTCAACCAACT,.(((..((..((((....)))).))..))),70.31702192030893
GGGGCAGCAATGGAACGTGCCCAACCAACT,.(((((...........)))))........,70.21556556299164
GGGGCCGGAATGGAAAGTTCCCAACCAACT,.((...(((((.....)))))...))....,70.21157043771042
GGCGTGTAATGGTCAGTTGTCAACCAACTA,(((........)))(((((.....))))).,70.17593277806856
GGGTCTGTACTGGCTTGTTCTCAACCCACT,((((.((.((......))...))))))...,70.12934290072175
GGGTCTTTAATGGATCTTTCACAACCAATT,((((((.....)))))).............,70.11270548053874
GGGTCGGTAATGGATGGTTCTAAACCAACT,.(((.(((..((((....)))).))).))),70.10913007613362
ACAACCAATCTTAGGCTTGTAATGGATCAT,((((((.......)).))))..........,70.05377916305638
GGGTCAGTAATGGAATGTTTTCAGCCAACT,..........(((..((....)).)))...,69.94313552916131
GGGTCAGTAATGGAATGTTCACAACCAACT,.(((..((..((((...))))..))..))),69.90720435394672
GGGCCGGAAATGGATTGTTCTAAACCAACT,((...((((........))))...))....,69.87655498770647
GGGGCAGTAATGGATCGTTCCCAACCAATT,((((..(........)..))))........,69.8729539675134
GGGTCAGTAATGGAAAGTTCGCAACCAACT,.(((..(((((.....))).)).)))....,69.85644425766512
GGGTCCGTACTGGATTGTTCGCAAACAACT,.(((((.....)))))..............,69.82849006740028
ACCAACCGGTATTTCGGGTCTGTAATTGAT,.....((((....)))).............,69.81790426278341
GGGGCAGTAAGGGAATGTTCTCAACCAACT,((((((.........)))))).........,69.79795366707712
GGGGCTGTAATGGAGTGTTTTCAACCAACC,.(.(((.......))).)............,69.76512086866506
ACAACCAACTTTAGGCCTGTAATGGATGAT,.((.(((((.........))..))).))..,69.71752545766147
GGTCCGTAACGGATTGTTCTCAACCCACTG,((((((...))))))...............,69.63217260920253
CGGGGCTGTAATTGATTGGTCTCAACCAAC,.(((((((........))))))).......,69.59398189713315
ACAACCAACTTTAGGTCTGTAACGGATTAT,.............((((((...))))))..,69.57068718667374
GGGTCGGTAATGGAGTGCTCGCAACCAACT,.((((((((......))).))..)))....,69.56853128288998
GGGGCAGTAAGGGAACGGTCTCAACCAACT,(((((.((......)).)))))........,69.52989570867895
ACAACCCACTTTAGGTCTGTAATGGATTAT,(((..((......))..)))..........,69.50836829519345
GGGTCTGTCATGGATTGTTCTCCCCCAACT,(((........(((......))))))....,69.50739056824712
ACAACCTACTTTAGGTCTGTAATGGACTAT,((((((((...))))).)))..........,69.4696479623526
GGGTCTGTAAGGGAATGTGCTCAACCAACG,((....(((........)))....))....,69.46366930873057
GGGTCAGTAATGGACAGTTCCCAAACAACT,(((...((.....))....)))........,69.45912249845887
GCGTCTGTAACGCATTGTTCCCAACCAACT,((((.....)))).................,69.41466708544363
GGGTCAGTAATGGAATGTTCGCAACCAACG,.(((..(((((.....))).)).)))....,69.41048237903254
GGGTCTGTAATGGATGTCGTCCCGATGCTC,(((.(.............).))).......,69.40135537805219
ACCAACCGGTATTTCAGGTCTGTAATGGAT,.((((((.........)))......)))..,69.39346430670858
GGGTCTGTCATGGATTGTTCGCAACCCACT,((((.(((((.....))...)))))))...,69.3902477085905
GGGGCAGTAATGGAAAGTGCGCAACCAACT,.(.(((.(.......).))).)........,69.29461651658194
CAACCACCTTTAGGTCTGTAATGGATTATG,......((.(((......))).))......,69.21480898592232
GGTCTGTACTGGACTGTTCGCAACCAACTG,(((.(((((......))..)))))).....,69.18719205890196
GGGTCGGTAATGGAGTGCGCGCAACCAACT,.((((((((......))).))..)))....,69.17006963449104
ACCAACCGGTATTTCGGGTCTGTAATGGTT,(((((((.(.....).)))......)))).,69.13128906832424
ACCAAACGGTAGTTCGGGGTTGTAATGGGT,.((.(((....))).)).............,69.08152097039441
GGGTCTGCAATGGATTTTTACCAACCAACT,.(((......(((.......))))))....,69.0081466518833
GGGGCAGTAATGGAATGATCGCAACCAACT,((.((...............))..))....,69.00401700911844
GGGTCTGTTATGGCTTGTTCTCAACCCACT,((((.((..(........)..))))))...,68.95630331922288
CCCAACTCGTTTTACTGGTCTGTAATGGAT,.(((.......((((......)))))))..,68.94652260984559
GGTTCTTTTATGGACTTTTCTCAACCAACT,(((((......)))))..............,68.91460510514973
TTCTGCCGAATGCTCCGTCTTTGGGCTACC,....(((.((..........)).)))....,68.91202527543746
TGTCTGTAATGGCTCGCTTTCACCCAACTG,.(((......))).................,68.91136839479191
GGGTCTGTATTGGCTTGTTCTCAACCCACT,((((.((..............))))))...,68.88043010738949
CAACCACCTTTCGGTCTGTAATGGATTATG,.....(((....)))...............,68.8783690787838
GGGTCCGCAATGGAACGTTCCCAACCAACT,(((..((........))..)))........,68.72531042290342
GGGGCTGGAATGGAGCGTGCTCAACCAACT,.((((((........)).))))........,68.68101090917676
GGGTCAGTAATGGAGTGTTCGCAACCAACG,.(((..(((((.....))).)).)))....,68.67834252198591
ACCAACCGGTATTTCGGGTCTGTAACGGAT,.....((((....))))(((((...))))),68.60635955304409
GGGTCTTTATTGGATTTTTCTCAACCTATT,((((......((((....)).))))))...,68.44675763117257
CGGGGCTGTTATGGGATGTTTTCAACCAAC,...........(((..((....)).)))..,68.42000019892049
ACCAACACGTTTTACTGGTCTGTAATGGAT,.(((.......((((......)))))))..,68.37219874766717
GGGTAGGTAATGGAGTGTTCTCAAACAACT,............(((....)))........,68.36645934756092
GGGTCAGTAATGGAGTGTTCACAACCAACT,.(((..((..((((...))))..))..))),68.28220735404294
GGGGCTGTAATGGGATTTTCTCAACCCACT,(((.......(((((...))))).)))...,68.25806300798989
GGGTCTGTAATGGAATGTCCTCCACCTACT,......(((.((((......))))..))).,68.25546320292273
GGGGCCGTAAGGGATTGTGCTCAACCAACT,.((((((........)).))))........,68.21682639480244
GGGTCCTTATTGGACCTTTCTCAACCTATT,((((((.....)))))).............,68.18535071958705
GGGTCGGTAATGGATCGTTCGCAACCAATG,.(((.(..((((...))))..).)))....,68.12325961351529
GGGGCCGTAATGGAAAGTTCGCAACCAACG,((...((.(((.....)))))...))....,68.03730126114968
GGGTCCGTATTGGATTGTTCCCAACCTATT,((((((.....))).....)))........,67.9822057502862
AGTCTGTAATGGATTTTCAAGAAAACCAAT,.........(((.((((...)))).)))..,67.90280267432516
GGGTCTGTCATGGCTTTTTCGCAACCAACT,.((((......))))...............,67.87804868907081
GGGTCTGTTATGGCTTGTTCCCAACCACCT,(((((......)))))..............,67.87449891880016
AACAAACACATCCGAGAGGCTGTAATGCAT,.......(((.((....)).))).......,67.84768948207953
GGTCTGGAATGGGTTGTTCCCAACCCAACT,.........(((((((....)))))))...,67.84298077766026
CGGGGGGGGGTTTGGTTTTTTCTTTCCACC,.(((((((((........)))))))))...,67.77088136399834
GGGTGTGTAATGGGCTGTTTTCAAACCACT,..........(((..((....))..)))..,67.75485835219918
GGGTCTGTAATGGAGTATGTCGTCCCGATG,(((.(.(..(((...)))..)).)))....,67.68156373052697
GGGTCTGTTATGGAATGTTCGCAACCAACT,.(((.(((.(........).))))))....,67.66822064540005
GGGGCCGGAATGGAGTGGTTCCAACCAAAT,(((((((........)))))))........,67.61943731445442
GGGGCTGTAATGGAATGTTCCCAAACAACT,(((((...........))))).........,67.56536845563389
GGGTCCTTTATGGATCTTTCTCAACCTATT,((((((.....)))))).............,67.52567654962294
ACAACAAATTTGAGGTCTGTAAGGGATTAT,.............(((((.....)))))..,67.50724592468207
GGGTCAGTATGGGCTTGTTCCCAACCAACT,.(((..((.((((......))))))..))),67.50193375957913
GGGGCAGTAATGGAAAGTTCGCAACCAACG,((.((.(.(((.....))))))..))....,67.47703065844365
ACAACCAACTTTACGTCTGTAAAGGATCAT,........((((((....))))))......,67.47510730625939
AGTCTGTAATGGATTTTCAAAAAAACCAAT,.........(((.((((....)))))))..,67.41419901901877
GGGTCCTTTTTGGATTTTTCTCAACCCATT,((((((.....)))..........)))...,67.37415532738395
GGGTCTGTTATGGCATGTTCTCAACCCACT,((((.((..(........)..))))))...,67.33619357780039
GGGTACGTACTGGATTGCTCGCAACCAACT,((...((..(......)..))...))....,67.25561493177094
CCCAACACGTTTTACTGGTCTGTAATGGAT,.(((.......((((......)))))))..,67.23262134227915
GGGCTGTTAAGGATTTTTCTCAAACAAACC,((..((((..(((....)))..))))..)),67.22468547207416
GGGTCTGTACTGGATTGTTTTCAACCTACT,((((.((.((......))...))))))...,67.22174283291267
GGGGAAGAAATGGACCGGTCTCAACCAACT,.((...........))(((....)))....,67.22097447886192
ACCAACCGGTATTTCGGGGCTGTAATGGAT,.(((..((((........))))...)))..,67.20783155904687
TTATTGCGAAAGATCCGTCCTTTGGTGTAT,.....((.((((.......)))).))....,67.11202527543746
GGGTCCGTAATGGAGGGTTCGAAACCAATT,((((((........))))))..........,66.97050708774535
GGGTCAGTAATGGAATGTTCTCAAACAACT,(((.((.........))..)))........,66.96573527325909
GGTGTGTATTGGACTGTTCTCAACCAACTG,(((...................))).....,66.91569331404146
ACCAAAACGTTTTACAGGGATGTAAGGGAG,.((...(((((((...)))))))...))..,66.91202527543746
GGGGTTGTAATGGGGTTTTTTCAACCAAAT,..(((((.((........)).)))))....,66.88399782189113
GGGTCAGTAATGGATAGTTCCCAACCCATT,((((......(((.......)))))))...,66.87305375324155
ACCAACCGGTATTTCGGGTCTGTAGTGGAT,.....((((....))))((((.....)))),66.79377872853915
GGGGTCGTATAGGCAGGCTCCCAACCAACT,((((((((....)).))).)))........,66.6968110774645
GGGGCAGTAAGGGAATGTTCTCAACCAATT,((((((.........)))))).........,66.56981451300325
ACCAACCGGTATATCGTGTCTGTAATGGAT,.....(((.((((.......)))).)))..,66.5649990671318
TGCCGTGGGTAGGGAGGTTTTGTCCGGAAT,((((...)))).(((.......))).....,66.53869194210414
GGGGCAGTAAGGGATAGTTCCCAACCAACT,..........((((....))))........,66.51142207882839
GGGTCTGTACTGGCTTTTTCTCAACCCACT,((((.((..............))))))...,66.51042294625483
GGGGCGGGAATGGAGAGGGCGCAACCAACT,((.(((.............)))..))....,66.43070195147878
GGGTCAGTCATGGATTTTTCTCAACCAATT,(((..((((...))))...)))........,66.41219332559946
CGGGGCTGTAATGGGTTGCTCCCCACCCAC,.((((..((((....)))).))))......,66.35039467763791
TGGCTGGTAATGGTTTGTTCTGAACCAACT,..........((((((.....))))))...,66.32081719309957
GGGTCTGCAATGGATGGTTCCCAACCAATT,..........(((.(((...))).)))...,66.2784855666445
GTGAATCTTTGTGTTCTTCACACTCTTTCC,..(((....((((.....))))....))).,66.23998960508075
GGGGCCGTAATCGCCTGCTCTCAACCAACC,.((((.......))))..............,66.18594021287146
GGGTCGGAAATGGATGGTTCGCAACCAACT,.(((.(..(((.....)))..).)))....,66.17382829057766
GGGGGCCGTGTGGGGTGTTTTCTACCCACA,........((((((..........)))))),66.13914704665517
GGGTCTTTTTTGGCCTTTTCTCAACCCACT,(((((......)))))..............,66.10775866081141
TTCCCACGAGTTCCGCACTAGCGTCTTTTG,......((((...(((....)))...)))),66.05462675145222
GGGGCAGTAAGGGATAGTGCCCAACCAATT,.(((((.((.....)).)))))........,65.91366178985297
AGCCGTGGGTAGGGAGGTTTTGTCCGGAAT,.(((...)))..(((.......))).....,65.73869194210413
ACAACCTACTTTACGTCTGTAATGGATTAT,........(.((((....)))).)......,65.6668499554535
GGGGGTGTAATGGATTGTTTTCAAACAAAT,.....(((..((((.....)))).)))...,65.65924334626041
TTCCGCCGAAGGTGCTACAAATTGAGGTAC,...((((...))))................,65.51202527543747
CGGGTCTGTAATGGAGTGTTTTCAAACAAC,......(((..((((.....)))).)))..,65.5068090138869
GGGTCAGAAATGGAAAGTTCCCAACCAACT,(((................)))........,65.49297659165151
GGGGCAGTAATGGAAAGGGCGCAACCAATG,((.((.((..........))))..))....,65.39333101959957
ACAACCTACTTTAGGCTTGTAATGGATCAT,((((((((...)))).))))..........,65.36631476585623
GGTCTGTACTGGATTGTTCTCCACCCACTG,.........((((......)))).......,65.35001955683873
GGGGCAGAAATGGCAAGGTCCCAACCAACG,(((((............)))))........,65.32777928346668
GGGCCTGTACTGGCATGTTCGCAACCAACT,..(((......)))................,65.32100145617585
GGGTCCGTAATGTACTTTTCTCAACCCATT,((((...................))))...,65.32044874113069
GGGGGGGGAATGGGATGGTCTCAACCAAAT,.((..((((.........))))..))....,65.28172558134676
GGGTCGGTAATGGAACGTGCGAAACCAACT,((.(((.............)))..))....,65.26654213200621
ACCAATTTTTCCAAATAGTCTGTAATGGAT,.........((((............)))).,65.22548950539924
GGCGGCGTAATGGTTTGCTCTCAACCATCT,((.((.((((....)))).))...))....,65.15876908649678
GGGGATGTAAGGGATTTTTCCCAAACCACT,..........((((....))))........,65.09361407238879
GGGTCAGTTATGGCTTGTTCTCAACCCACT,((((((....))))))..............,65.07348362383526
GCCGACTTTAGGCCCTCTCTCTCTGCTCTT,(((.......))).................,65.04195762476095
GGGTATGTCATGGATTGTTCGCAACCGACT,......(((..((.(((....)))))))).,64.97677731728672
GGGTCTTTAATGGATCTTTCCCAACCCATT,((((......(((.......)))))))...,64.93532673691081
ACCAATATTTCCAAATAGTCTGTAATGGAT,.........((((............)))).,64.86763549820874
CCGACCAACTCTAGGTCTGTACTGGATTAT,..((((.......)))).............,64.83061614308772
GGGTCTGTAAGGGATGGTTCCAAACCAATG,..((((.....))))((((...))))....,64.81828208949781
GGGTCCTTAATGTATTTTTCTCAACCAACT,((......................))....,64.81644450639125
GGGTCCTTTTTGGCTTTTTCTCAACCCCTT,((((((.....))..........))))...,64.78917622542977
GGGGATGTAACGGCTTGTTCTCAACCCATT,.(((.((.(((.....)))..)).)))...,64.77600252411145
GGGTCTGTAACGGACTGTTCGCAACCTACT,((((.((((((.....))).)))))))...,64.71644403314144
GGGTCCGTAATGGCATGTTCCCAAACAACT,(((..(((......)))..)))........,64.69818098880086
GGGGCTGTTATGGCTTGTTCTCAACCTACT,.(((((.....)))))..............,64.60218252673175
ACCAATATTTCCAAAGAGTCTGTAATGGAT,.........((((............)))).,64.58424284405835
GGGTACGTAACGGATTGTTCTCAACCTACT,(((.(((........))).)))........,64.58189951895767
CGGGGCTGTTAAGGCTTGTTCGCAACCAAC,((((.((....)).))))............,64.55537917036334
GCATGGGTGCCCAATTACCTTTGGACTATC,.((.(((((......))))).)).......,64.52002226059201
ACAACCAACTTTAGGGCTGTAAGGGATTAT,(((.((........)).)))..........,64.46548995158537
GGGGCCGTATTGGCTTGCTCCCAACCAATT,((((((.....))).....)))........,64.44610341640494
GGGTCTGTAAGGTAATGGTCCGAACCTACT,.((.((((......)))).)).........,64.44426787842183
CCCCACCGGTATTTCGGGTCCGTAATGGAT,.....((((....))))((((.....)))),64.44226820286674
GGGGGTGGAATGGGTTGTTTTCTACCAACT,(..(((((((.........)))))))..).,64.4221899719695
GGGGCTGTATTGGAATGTTCGCAACCAACT,((.((...............))..))....,64.33911447504984
GATACCGATTTGTCTCTTGACGAGCGTCTT,.....((.((((((....))))))))....,64.27202527543746
GGGTCTGTACTGGACTGTTCCCAACCACCT,(((...((.....))....)))........,64.19202859365525
GGGGGCGTAATGGATTTTTTTTCACCAACC,(..((.....((((......))))))..).,64.14234461328905
TTTTGCACTTTGCCCATTATTAGGGCCCTT,...........((((.......))))....,64.07202527543745
GGGCCGGACGGGATTATTCTCAACCGACTT,.((.(((..((((....))))..))).)).,64.04339939790802
GGGGGGGGAAAAGAGGGGGTCTCACCCAAA,..(((((((..........)))).)))...,63.99037705895529
GGGTCTGTATGGAATGTTTCCAAACCACCG,.(((..((.(((((...))))).)).))).,63.76791754172975
AGTCTGTTATGGATTGAATTTTCAACCAGT,.........(((.((((....)))))))..,63.7194806461609
CGCCATTCACTGCACTTCTCGTAAACCTTT,.((........)).................,63.70702527543746
GGGTCCGTATTGGCCTTTTCTCAACCCATT,(((((......)))))..............,63.702802439410064
GGGTCTGTCCTGGATTGCTCTCAATCAACT,(((.....))).(((((....)))))....,63.70224821356876
GCATGGGTGCCCAACTACTTTTGGACTATC,(((....)))((((......))))......,63.57248653005001
GGGTCATTTTTGGCTATTTGCTAAACCCTT,((((.....(((((.....)))))))))..,63.56610276621237
GGGTCAGTATTGGCATGTGCTCAACCCATT,((((.(((((......)))))..))))...,63.46006761485065
GGGTCGGTACTGGGCTCTTCTGAACCAACT,(((((.......))))).............,63.44171233530755
GGGGCAGAAAGGGAAAGTTCGCAACCAACT,((.((.(((........)))))..))....,63.394131809633514
GGGGCAGAAATGGAATGGTCGCAACCAACG,(.(((............))).)........,63.366459798042584
GGGTCTTTAATGTATTTTTCTCAACCCATT,((((...................))))...,63.31716009266942
GGGTCTTTTTTGTCTTTTTCTCAACCCATT,((((...................))))...,63.31468790478314
GGGGGGGGAATGGGATGTTCTCCACCAAAA,..(((((((((.....))))))).))....,63.29155243278906
GCATGGGTGCCCAATTACTCTTGGACTATC,.((.(((((......))))).)).......,63.267996985154554
GGGTCAGTATTGGAATGTTCCCAACCAATT,(((.((.........))..)))........,63.19504290659079
ACGTCTGTAATGAACCGTTCTCGACCAACT,..(((...((((...))))...))).....,63.11182969489419
GGGGGGGTTATGGGGTGTTTTCAAACCACT,..........(((..((....))..)))..,63.03396745231366
GGGTCTTTTTTGTATCTTTCTCAACCCATT,((((...................))))...,63.00539530629473
GGGGCCGTAAGGGAAAGTGCCCAACCAATT,.(((((..........).))))........,62.964803545745575
GGGTCTTTAATGTATCTTTCTCAACCCATT,((((...................))))...,62.96213201828484
TTTTCCTCAGGTACCCTTTCTTCGGTCCGT,.........((.(((........)))))..,62.91310768626157
GGGTCTTTATTGTACCTTTCTCAACCCATT,((((...................))))...,62.89661903929844
TCGGAATCTTTGTCCCTTGACTCGCTCCTG,..(((......(((....)))....)))..,62.87202527543746
GGGGGCGTTATGGGGTGTTTTCAAACCACT,..........(((..((....))..)))..,62.81743663434788
GGGTCGGTAACGGACGGGGCTCAACCAATT,(((((.((.....))..)))))........,62.80155840800333
GGGTATGTAATGGCATGTTCACAAACCACT,((((((((....))))))))..........,62.793501895313
GGGTCCGTTTTGGCTCTTTCTCAACCTATT,(((((......)))))..............,62.77934995148593
TTATTTCGAGTGCTTCCCTTATGCCTCGCT,......((((.((.........))))))..,62.76202527543746
GCGTCGTTAATGTAATGTTCCCAACCAACT,..............................,62.69645150282705
GGGTCTGTTATGGCTTGTTCCCAACCCCCT,((((......(((.......)))))))...,62.556140750167486
GGGTCCTTATTGTATTTTTCTCAACCCATT,((((...................))))...,62.527975686610276
TTCAGGCGACTGTGCGGCACATAGGCTTCC,...((((...((((...))))...))))..,62.51202527543746
GGGTCCTTATTGTATCTTTCTCAACCCATT,((((...................))))...,62.39616189793999
GGGTCTTTTATGGACCTTTCGCAACCCATT,((((((.....)))))).............,62.35292649175176
GGGGGCGGAAAAGGGGGTTTTTCAACCAAA,...((..((((((....))))))..))...,62.33065996178432
GGGGCAGTAAGGGAATGGGCTCAACCAATT,.((((.............))))........,62.20364611026852
GGGTCCTTTTTGTACCTTTCTCAACCCATT,((((...................))))...,62.18901683348652
GGGTCCTTTATGTATCTTTCTCAACCCATT,((((...................))))...,62.16553104856686
TGGTCTGTTATGGCCTGTTCGCAACCCTCT,.((((......))))...............,62.11062710026324
GGGGCCGCATTGGCTGCCTCCAAACTAACT,(((((.((....)).))).)).........,62.08463361088585
GGGGGTGTTATGGATTGTTTTCAAACCACT,...((((...((((.....))))...)))),61.9836165117587
GGGTCCTTTTTCGCATTTGCTCAACCCCTT,((((...................))))...,61.973113836323066
ACAAGCAACTTCCGGTATGTAATGGATCAG,..........((((........))))....,61.924119501108045
ACCACCAACTTTAGGTCTGTACTGGATTAT,.........(((((.......)))))....,61.90607381217397
TTTTGATCTCTGGCCCTTTACTAGCGTCTT,....(((..((((.......)))).)))..,61.82202527543746
GGGTAAGTTATGGCATGTTGCCAACCCACT,((((......(((((...)))))))))...,61.799842062458275
GCAACCGACTTGAGGTGTGTAATGGCTAAT,((((((.......))).)))..........,61.78210847586017
GGGGCAGCAATGGAATGTTCTCGACCAACG,.(((.((((......)))))))........,61.77138188994378
GGGGCGGGAATGGGGTGTTTTCCACCCAAA,.(((.(((((........))))).)))...,61.77064891349429
GGGTTCGCAATGGAATGCTTGAAACCAATT,((..(((((......)))..))..))....,61.70333697092846
TGTTCTTTTTTGGATTTTTCTCAACCTACT,.((((......))))...............,61.67511056240869
GGGCCGTAATGGGTTGTTCTCCACCACCTT,.((((......))))...............,61.57100122549362
TAATAGGCGGTTGCTGGAGGGGTTACCTGT,........(((.(((.....))).)))...,61.51607582631238
GGTTGCTAACGGACTTTTTCTTAACCAACT,(((((.....(((.....))))))))....,61.5152209778974
TTTTCCCCTTCGCTGGTTTACAGGCTCTCT,............(((.....))).......,61.41202527543746
ACCAACCGGTATTTCGGGTCCGAAATGGAT,.....((((....))))((((.....)))),61.399955779742506
GGGGCTGTGATGGCATGTGCCCAACTAACT,.((((((((....)))).))))........,61.377349819811144
GGGTCTGTTTTGTATCTTTCTCAACCTATT,((((.((..............))))))...,61.32340250548862
GGGTCTTTTTTGTACTGTTCTCAACCTATT,((((...................))))...,61.309849933137
CCAACCAACTCCAGGCCTGTAACGGATCAT,.........(((.(........))))....,61.26520545491749
GGTCAGTATTGGTATCTTCACAACCAACTA,........(((((.........)))))...,61.258115711524454
ACAACCATCTTTAGGTCCGTAATGGCTACT,.............((((......))))...,61.123548408989436
GGGTCAGTATTGGCTTGTTCCCAAACAACT,(((.((((....)).))..)))........,61.02386572140853
CGGCGCCGCGTTGATGTGTTTTCACTCCCC,(((((...)))))..(((....))).....,61.01202527543746
GGGGCCGGAATGGAGTGTTCTCAAACAAAT,((((.((........)).))))........,61.01185982934881
GGTCCGTAATGGGTTGTTTCCAAACAACTT,...........(((((((....))))))).,61.005429325122215
TGTAAATCTTTGGCCCTGTACGCTCCTGCT,.....................((....)).,60.82202527543746
ACAACCAACTTTAGGTTTGGAAAGGATCAT,....((((........))))..........,60.790043273074474
GGCTGTTATTGAGTGTTCTCCCCCAACTGT,.((.(((...(((....)))....))).)),60.75373710502869
AGCAAACGGATGCAGTGACAACTAGAAACT,.(((......)))(((....))).......,60.7403586087708
GGGTCGGTAAGGGAATGAACTCAACCAAGT,.....(((..(((......))).)))....,60.69331534905852
TTCAGACGCGTGCTCCACTCTCGGCTGTCA,....((((...(((........))))))).,60.50550621024681
AACTGGAGGCTTACTCTTTTTGCGAACTAA,....((((.....)))).............,60.41202527543746
GGGGCAGAAAGGGAAAGTTCCCAACCCATG,(((.......((((....))))..)))...,60.24222088137713
GGGTCAGCAATGGAACTTTCCGAACCCATT,((((......((((....)))).))))...,59.95265246996971
GGGTCTTTATTGTATTTTTCTCAACCTATT,((((...................))))...,59.81230311588885
TTTACCCGATTCCACCTTATTTCGGCTATT,.....((((............)))).....,59.812025275437456
GGGGGGGGAATGGGGTGTTCCCAAACAAAA,.....((((((.....))))))........,59.757304475064636
GGGGTTGTTATGGATTTTTTTCAAACCACC,((((((....((((.....)))))))).)),59.632210119584016
GGGGCATTAACGGCTTTTTCCCAACCAATT,((((..............))))........,59.51121950801794
TATCGCCCGTTGTTCATCTTCACGCTGCTT,....((.(((.(........))))..))..,59.49065996178432
GGTTCCTTTTTCTACCGTTTTTAACCCACT,(((..........)))..............,59.43252343041901
GGGTCTTCATTGTATCTTTCTCAACCTATT,((((...................))))...,59.37816502914333
GGGGCAGTAAGGGAGAGGGCGCAACCAATG,((.((.((..........))))..))....,59.299898737934356
GGGGGGTGTATGGGCGGTTTCTAAACCAAA,(((((.(((....))).)))))........,59.18201297531446
GGGGCAGTTTTGGCTAGTTCGCAACCCCCT,((((..(((...((......))))))))).,59.12295849345041
GGGTCCTTTTTGTATTTTTCTCAACCTATT,((((...................))))...,59.10672618551439
CATGGGTGCCCAATTACTTTTGGACTATCG,....((((.((((......))))..)))).,59.07204753602947
GGGGGTTTATGGGTTTTTTTCAACCAAACG,....((((...((((......)))))))).,59.00486712588655
GGGTCCTTATTGTATCTTTCTCAACCTATT,((((...................))))...,58.91355461213593
GGGTCCTTTTTGTACTTTTCTCAACCTATT,((((...................))))...,58.90498887587377
GGCTGTAATGGGTTGTTTTCAAACAAATGT,((((......))))................,58.88881807492163
GTTAACTCTTTGACCCATTTCTAGGACCTT,......((((.((......)).))))....,58.82202527543746
GGGTCCTTTTTCTATCTCTCCCAACCCACT,((((...................))))...,58.57435733707697
CGGTCCTTTTTGGCTCTTTCTCAACCTATT,.((((......))))...............,58.530333089938836
GGGGCCGCTATGGGATTTTCTTAACCAACT,....((......))................,58.512511051729135
CACAAAAAAATTTAGGGCTGTAATGGGGTA,................(((.......))).,58.51158169981919
GGGGCTGTAATTGGTTGTTTTCTACCCACT,(((.....(((.....))).....)))...,58.50456401070079
CGGGGCGGAATGGGTTGTTTTCTAACCAAA,..((..((((.........))))..))...,58.43112573611129
GGGGGGGTTATGGGTTGTTTTCCACCCACT,(((((((............)))).)))...,58.42922106534684
GGGTCAGTTTTGGTTTGTTCTAAACCCGCT,((((.....((((......))))))))...,58.11969143482185
GGGTCCTTATTCTCTCTTTCTCAACCTATT,(((........)))................,58.11107276778206
GGGGGCGTTATGGGGTTTTGTCCAACCACT,(((((((...........)))))..))...,58.05061795793134
CGTTCCTCTATGGACCTTTCTCAACCTATT,...(((.....)))................,58.04193793293578
GGGGGCGTTATGGGATTTTTTCAACCAAAT,..........(((...........)))...,57.90886165239975
ACCCACCGGTATTTCGGGTCTGTGATGGAT,.....((((....))))((((.....)))),57.79834138859859
GGAACGGTAATGGTTCGGTCGCAGCGGAAT,.((((.......))))..............,57.52657555063458
GGGTCTGAAATGGCTAGTTCACAACAAACA,.((((......))))...............,57.41289291430098
GTCCCTATTTGGTATTTATGACTGAGGCCC,..........(((..(((....))).))).,57.26202527543746
GGGGCTGTTATGGCATTTTTTCAAACCCCT,((((.((..(........)..))..)))).,56.839357035680585
GGGTCTTTTTTGTATTTTTCCCAACCTATT,(((................)))........,56.81827303373831
GGGGCGGTACAGACTAGTTCTCAAACACTT,((((((((....))).))))).........,56.690247567618606
AGGGCTGTTATTGGGTGTTCTGCTACCAAC,.............((((......))))...,56.171924690158114
GGGGCTGGAATGGAGTGTTTGCAAACAACC,..(..((.((........)).))..)....,56.154440561074374
GGGGGCTTAATGGGCTGTTTTCAAACAAAT,.(.(((((...))))).)............,56.14874560742107
GGGGGTTTTATGGGTTTTTTTCAAACCAAT,............(((((.....)))))...,55.98169865069129
GGGGCAGTAAGGGAAAGTTCGGAACCAACG,((..(................)..))....,55.96826452135488
GTGACTCCAACGGACTGTATAAGACCAACT,...........((.((.....)).))....,55.938747182978716
GGGTGGCTAGTGGTGAGTTAAGAACCAATT,..........((((.........))))...,55.77529230265614
CATGGGTGCCCGCGTACTCACGGACTATTG,..(((((((....)))))))..........,55.67202527543746
GCGTCCTTTTTGTATTTTTCTCAACCTCTT,..............................,55.53068263871072
GGGGAAGTAAGGGCATGGTCCCAAACCACG,((((..((......))..))))........,55.49741383633381
GGCATGGTAAGCGATTGTTGTAACCCAACA,.((.......))...(((((.....))))),55.388677767845536
GGGTCAGTTATGGCTAGTTACCAAACACCT,((((..(((.(((.......)))))))))),55.33453246827545
GCGTCCTTTTTGTATCTTTCTCAACCTATT,..............................,55.30420833441267
CGGTCCTCTATGCACTTTTCTCAACCTATT,..............................,55.26174934369174
GCCTCTTTTTTGTCTCTTTCTCAACCTATT,..............................,55.215209570506616
ACAACCTACTTTACGCTTGTAATGCATCTT,..............((.......)).....,55.03817532378121
GGGGGCTGTAGGGGATGTGTTCAAACAAAT,(((.((..........)).)))........,54.456313100838834
GGGGTTGAAATGGAGTGTTTTTAAAGAACG,....((((((........))))))......,54.447077819956235
GAGTCAGTATAGTAGTGCTCTGAATCAACT,((.((((..((....))..)))).))....,54.349339444528155
ACACCCACTTTTTGGCTGTTATGGAATATT,(((.(((.....))).)))...........,54.25338743227538
GGGTCAGTAAGGGCAATTTCGCAAACCATT,.(((..((.(((....))).))..)))...,54.149206560628244
GGGTGCGTCATGGGTTTTTTTCTAACAACC,.(((..((..((((......)))))).))),53.848433977687726
GGGTCTTTAATGTACTTCTCGCAACCTACT,((((......(((.......)))))))...,53.84132125433389
GGGGCCGGAATGGGATGTACTCAAACAAAT,(((..((........))..)))........,53.827150155249456
ACATGGGTGCCCGCGTATTCACGGACTATT,.(.(((((((....))))))).).......,53.57405055087492
GGGGTAGTTATGGACTGTTTTTAAACAACC,..(((.(((.((((.....))))))).))),52.86303956175182
TGTTCTGTATTGGCTTTTTCTCTACCTACT,..............................,52.68714050736852
GTGTATGCAATGGTTCGTTCCCAAACAACT,...........((((.(((....))))))),52.32930251070203
GGGGGTGTTAAGGAATTTTTTGCAACAAAT,.....((((..(((....)))..))))...,51.64269426160719
CGCTACGCAATGACATATTCTCTACCCACT,..............................,49.99129107668632
TAGCCTGTACTGTATATTTCATAACTTACT,..............................,49.89447892191459
GGGGGGGGGGTGGGGGGAGGTGTAGCCCAA,......(((.((.(......).)).)))..,48.337852375600356
GGGGGGCGTGTGGGGTTTTTTTTTCACCCC,...(((.(((.((((....)))).)))))),47.65291171538294
GGGGGAGGGCTGTACTTTTGTGAGACTCCA,...((((..((.(((....))))).)))).,46.20604492239069
GGGGGGGGGGTGGTGGTGTTGTTAGCCCAA,......(((.(((........))).)))..,45.718315126173806
GGCGTGGGGAGGGGTTTTTGTTTGACCACC,...((((..(((.(....).)))..)))).,45.21972797814016
TAGAAGGTGGATCTTTAAGGCGGAACCACT,.....(((((.(((.......))).))))),44.60286887016634
GAGAAGGTGGAGCTTTAGGGCGGAACCACT,.....(((...(((....)))...)))...,44.24490350421975
GCATGGGTGCCCACTTACTTTTGGACTCTC,....((((..(((........)))))))..,42.00323683755308
ACCCACCGGTATTTCGGGGCCGTAATGGAT,..(((.((((........))))...)))..,39.19763413152602
CGGGGGGGGGTGGGGGTTTGTCTTACCCAA,.......((((((((.....))))))))..,37.7474265253959
GGGGGGGGGGGGTGGAGTTGTGTTATCCTA,........(((((((.......))))))).,34.33513969982494
GGGGGGGGGGAGGGGTGTTTTTTTTCAAAA,..(((((((((......)))))))))....,31.726556208584633
GGGGGGCGGGGGGGCTGTTTTTTGACCACC,(((((((((.....))))))))).......,31.250086011450225
AGGGGGGGGGTGGGGGTTTGTTTTAAAACC,..............(((((......))))),30.555534633504017
CGGGGGGGTGTTGGGTGTTTTTGAACAAAA,........((((.((.....)).))))...,26.894838513029296
CCCCACCCGGATTTCCGGTGCGTGATTGTT,...(((((((....))))...)))......,26.727154426728973
AGCGGGGCGGTGGGGTGTTTTTTTCCAAAA,..........(((((.......)))))...,25.90184293442486
TTTATCCCTGTCGTCGTATTTAGCCCGCTC,..............................,25.00702527543746
TTTTCCTATTTCACCATTCATCCAACTCTC,..............................,15.870493910123807
TTTTCCTCTTTCTCCCTTTTCTCTCCTCTT,..............................,14.810998215166856
CGTTCCTATCTCACTTTCTCTCAAACTCTT,..............................,14.731502520209908
TCTTCCTCTTTTTCTCTTTCCCAGCGTCTT,..............................,13.96351974038211
CGTTATGGGTAGGAAGGTTTTGTTTAATGT,..............................,13.696793043853964
TCTTCCTCTTTTTCCCTTTCCTTCCTTCTT,..............................,13.625266357848284
CCCCCCCTTATGCTCTTTCCTTTTTTCGTC,..............................,13.615266357848284
ATCGAATACTTCCTCCTCCGCCACATTCTT,..............................,13.50702527543746
TTCTCCTTTCTTTTTCTCTTTCCTTTTTCT,..............................,13.506490220086906
TTCCCCTCTTTTTCCTTTCTGCCTTCCTTC,..............................,13.120266357848283
GTCCTTCTTATGTCCTCTTCCCAATTTACC,..............................,12.91292933447805
TTCTCCTCTTTTTCCATTTTTTCCATCCTT,..............................,12.228507440259108
TTCTCTCCAGTCCTCCTTTTTTTCCATGCT,..............................,12.120266357848283
CCCAACTGTTATTCCCTGTCTGTAATTCTT,..............................,12.110346308647792
TTCTCCTCTTTCCTCTCTTCTGTCCCCCTT,..............................,11.850358608770794
TTCCATTCCTCTTTATTCCTCCTCTTCCTC,..............................,11.81202527543746
TTCTCCTCCTTGTCCCTTTTTCCCCCCCTT,..............................,11.125266357848284
TCCTACCCTTTGTTCCTTCCCTTTCCTTCC,..............................,10.792591081095514
TTTTCTGTAATGTCCCGTTCCTCACTACTT,..............................,10.483894894133647
TTTTCCTTTATCCCCCTTTAATACCTCTTT,..............................,10.022025275437459
TTATACTCTGTTTCTCTCTTCTCTTCCCCC,..............................,9.915346308647791
CTCCCCTCTTCTCTCCTCCCTTCACCTCTT,..............................,9.81202527543746
TTTTGCTCTTTCCCCCTTTGCTACGGCCTT,..............................,9.772025275437459
TTTTCCCCTTTCCTCCTTTACATCCGCCTT,..............................,9.762025275437459
GCGTCCTTTTTGTCTCTTTCTCCACCTATT,..............................,9.453679641981125
TTTTCCCCTATCCTCCTTCCTTCTCTTGTT,..............................,9.262025275437459
TATTCCCCATGTTCCCCTCCCTCGCTGCTT,..............................,9.107818633371037
TTTCCCCGTTTCATCCTTTCTTGCCTCTCT,..............................,8.762025275437459
GCTTCATCTTTGTCCCTTTCCCAGCCTCTT,..............................,8.66462675145222
GGGGGGGGAAAGGAAGGATGAAAAAAAAAA,..............................,8.65532170840179
TTTTCCTCTTTCACCCTTTTTTCGCCCCTT,..............................,8.620266357848283
TCTTCCTCTTACTCCCTTGCCTCGCGTCTG,..............................,8.522025275437459
TTTTCCACAGACCTCTTATGCTCCGTTGTT,..............................,8.340358608770794
TTTTCCCCATTCTGTTGTATCTCGCCCAGT,..............................,8.262025275437459
TTCTCATATTCGTCCCTGTACTATCTTCTG,..............................,8.080450859693302
GGGGGGGGTGGGGGGGTAAGCAGAGTAAAA,..............................,7.9452971081557875
TTTTCCTCTATTCTCCATTTTGCTGTCCTT,..............................,7.41202527543746
TTTTCTATTATCGTTCCTTATCGCCTAGTT,..............................,7.099356148746193
GGGGATGGAAGGGATGGGGAGAAAAAAAAG,..............................,4.573833393518641
GGGGGAGGTAGGGGAATGGACGAAACAAAA,..............................,3.6952971081557866
TTCAGCAGGTTGCACACAACTCCGGCTCTT,...(((.(((((....)))))...)))...,0.0
TTTTCGCGGATACTCCTATCTCTGGGAGAT,............((((((....))))))..,0.0
TTTTTCCATATCCCGCTTTATACCACCAGT,..............................,0.0
TTTAGGCGCATGCGCCTTATTTGGCAGCTT,...(((((....))))).............,0.0
TTCCCTCCTCTCACCTTCTGCGCGCCCCCC,..............................,0.0
CTTCACTTTTTTTTTTCCTACCTTATTCTT,..............................,0.0
GTATTTCGGGTCTGTAATGGATGTCGTCCC,.......(((.(.............).))),0.0
CTCACTACGTTTGACCATTTTCTCATGCCT,........((.(((........))).))..,0.0
ACTAACCCACTCCTCCGATCTCGTCGCTCT,...............((((...))))....,0.0
TTTATGAGTATGATGTGTAAATGGAAGTAC,.......((((..(((....)))...)))),0.0
TCTAGCCATATGTACGTTTGAATGGAGGCT,...((((.(((..........)))..)))),0.0
GGAAGGGATTGTTTCTCCCACCAAATTTTC,((..((((.......)))).))........,0.0
CTCAGTCCTTTGCCCTATTTGTCCGCTCTG,..............................,0.0
TTTTCACCTGTGCTCCGTTAAAGGGTGCCC,.........((((.((......))))))..,0.0
CCTCGCTTCGCTTTGTCCCCCCCTCATCTG,..............................,0.0
GTAGGTGGAGTGGATTGTTGTTGGGGGAAT,..............................,0.0
TTTTTCTGTATGTTCTCTTTTTTCCCCCGT,..............................,0.0
GCCTTCGCATTGTCTTCCTCTCTATTACCT,((....))......................,0.0
TCTCACTCTCTCCCCCTTCGTTCCCCCCCC,..............................,0.0
ATTCTCACGGTTGCCGTTACATTTGTGGCT,....((((((.((......)).))))))..,0.0
CCTCGCGCTTTCCTCTTCTGTTTCACCCTT,..............................,0.0
ATCCCCCCTGTCTTCTTCTCTCTGCAATGT,..............................,0.0
TACTCGGGAGTTGGCTATATATGGCAGCAC,.........((((.(.......).))))..,0.0
TTTACACGAGTATCGCTTTCCTGGCATCAT,..............(((.....))).....,0.0
TCTAACACTGTGTCCCTCTCTCGCGCCGAC,.........((((.........))))....,0.0
ATCATCCGAATGATCTGAATTTGGGGGGAT,(((.(((((((.......)))))))..))),0.0
CAACACTATTCCCTCCCCTATCCAGACCCC,..............................,0.0
ATTAGCCGCCTTCACTATATGTCTCTCTCT,..............................,0.0
GTTAGGGGTTTTTTTTTCCCAACTCCTTCC,(((.((((........))))))).......,0.0
TTTTGCAGATTTCCCCTCTTCTGCCCGATC,....(((((..........)))))......,0.0
AACTAATCTGTTTCCATGGTGAAGATCCCG,.................((.((...)))).,0.0
GTTGCATCTTGGCCACTTGTCGCAGCCCTT,(((((..(..(....)..)..)))))....,0.0
ATTGAATCTTTGTCACTGGGTGCGGGCCTG,.................((((....)))).,0.0
ATTTCTCCGTTGGGTCCTCCAACCGGTGGT,...((.(((((((.....)))).))).)).,0.0
TCTAAATTCTCCCCGCTATTCTGAGTACTA,.....((((.............))))....,0.0
TCTACTAGCTGGGTAGGGAGGTATACGTGG,((((((.....)))))).............,0.0
GAAGACCACTTTAACTTGTGTTCAAGACTG,...((.(((........))).)).......,0.0
TCTCTACGCATTATCGAACTGCCAGCTCTC,.......(((.........)))........,0.0
TCCAGGTGTGCGTGCGTTACCTTGCTTCTA,...(((((.((....)))))))........,0.0
GGGAGGAGGGGGGGGGTGGGGGGGGGGGGG,..............................,0.0
GGCAACCAAAACATCCATTGTGTAGATGGT,..............(((((.....))))).,0.0
GTATATGTTGTTTTCTACCCCACCTCTTCT,..............................,0.0
TTCAGGCGCAATAACTGCCATTTAGAGTGC,....((((.......))))...........,0.0
GCTTACTCTTTGTCCATGTTCTCAGGCCTG,...........(.((.((....)))).)..,0.0
TTTTACACAATTGTCTGACTTTCCGCACCC,..............................,0.0
AGAATTCACGAGGACGGCAGATTTGAGTAG,.(((((..((....))...)))))......,0.0
TTCCAGAGTGGCCCCTCCTGGTGCCCGCTC,.....(((((((.((....)).).)))))),0.0
TATTCGATGGTGCGCCTTCCCCGGGTGTGC,.........((((((((.....)))))))),0.0
TTTCCCCTAATCATCGGCTTTCGTGATTAC,.......((((((.((.....)))))))).,0.0
TTTATCACCCTTTTCCTTCCGCGGCTCTTC,..............................,0.0
TTTAGAAGGAATCGCCAAAAAACGGTTGGT,.............(((((.......))))),0.0
GGTTCATCAATGTAAATTTGCCCTCCACTT,((.....(((.......)))....))....,0.0
TTATCATCTTTCACCTATTTGTGCCCACAT,...........(((......))).......,0.0
AGCAGCAGAGAAGGTTGGAGAATTCCGTGT,....(((..(((..........)))..))),0.0
CTGCCTTGCGTGTTAATCCTGGGAAGTGGG,((((.((.((.(.....).)).)).)))).,0.0
GTATATAAAATGGACCCCTAACAGGAGGCT,...........((.(((((...))).)))),0.0
ATCGGCCGTTGGTCGCTCCATTCTGCTCTT,..(((((...)))))...............,0.0
GTGTGCAGTAGGTACTTGTTTGGGACAATC,..((((.....))))(((((...)))))..,0.0
CCAACCAATTTCCCCCCTCTATCGATTCTC,..............................,0.0
TGGTACTTTTTCGCCATTTGGTCCCCCCTT,((((........))))..............,0.0
GGGGGTGTAATGGATGTCGGCCCCGTGGCC,((((.((..........)).))))......,0.0
GCCGTCTCGTACTCAGCCGTCATCTTACTA,..............................,0.0
ATTTGTATTATCACGCGTCATATTCCGAAT,..............................,0.0
GCCACCCTAGTGGCCTTTTCTAGCCTCTCC,(((((....)))))................,0.0
GAATAATATTACTCCCTGGGCTAAAGTCTT,.................((((....)))).,0.0
TTTAGCCTACTGGTCCACACTGCACAATCC,....(((....)))................,0.0
TTCATGAGGGTGGACTTTGTTTCGCTCTCT,.....(((((((((......))))))))).,0.0
GTTGCATCTGTGTCACTCATCGGAATCCTT,......((((((.....)).))))......,0.0
TTTTTTATTTGTTTCCTTTTCCTCCTTACT,..............................,0.0
TGGTCATATTGCCCCCTAAGCGAAACCATT,((((....((((.......)))).))))..,0.0
ACAAGGGGAGTGAGGGGGTGAGGGGGGAAA,..............................,0.0
GCGCCCTCTTGGGGGTTCTTTTTAACCCAG,((.(((....))).))..............,0.0
GGCGCCGTCCGCCCCTCCTCCCAACCCCCC,((((.....)))).................,0.0
TTAAGCAGTGTGCCAATCTCGAAGACCTTA,....(((...))).................,0.0
TTCAGCCGAAGCCGCCTACGCTTCGGGGGC,.....(((((((.......)))))))....,0.0
TTTTACTCTTTCTACCTGTGTTCCCCCGTC,..............................,0.0
GTCAGCCATGTGCCCCTTCCGGAGGCTCTC,.........(.(((((....)).))).)..,0.0
GTTTACTCTTTCACAATATGCGCACCCCTG,..............................,0.0
CCCAATAATCAGCGTGCCATTCACCAGGTT,...............(((........))).,0.0
GAGCAATATTGCTCAATTGTCGCGAGCCTG,(((((....)))))................,0.0
TCTTCTACATTTTCCCTCTTCTCAATTCTC,..............................,0.0
TAGTCTTTCCTCCGCAGTGGTGTATGCTCA,.............(((........)))...,0.0
GGGAAATATTTCACCATAGTTGCCCCCCTT,(((...(((......)))....))).....,0.0
GGGAATAAAGCTGCTTGTTTTCTACTTTCT,((((((((......))))))))........,0.0
AAAAGTGTTGCGCACCTAGAAATGCCATAT,........((.(((........)))))...,0.0
TTCAGTGCGCTAGATCTGAAGATTTTTTAC,(((((..(....)..)))))..........,0.0
CCTTACTCTTCGCTATCCTCCTCCATCTTT,..............................,0.0
CATGTGGGAGTGGCGTTACTCGCGTCAAAC,..((((.(((((....))))).)).))...,0.0
TTTAACTATTTTACACTTCACTGGTCTTTG,..............................,0.0
GTCTCAACAGTCCACATCCGACACACGCGT,.........(((.......)))........,0.0
ACCGACTCGTACTCAGGGGGCGTAATACTA,..((.(((........))).))........,0.0
GTTGAATATTGCTCCATGTACGCGACCCTG,((((..(((........)))..))))....,0.0
TTTCAACCTACGTCCATACACTGACTTACT,...........(((........))).....,0.0
AAAAGGCTGGTGTGGGGATATAGGGAAGAT,......((.((((....)))).))......,0.0
TTTTCCTCTCTTATCCATCTACCGGTTCAT,..............................,0.0
GTTTCCACAATGTATTTTTCATCAGGTAGT,..............................,0.0
TTTCCTACAATACACGAATTCTGGCGAGTT,................(((((....))))),0.0
TTCTCATCTCACCCAAACTTCAAACCCCTT,..............................,0.0
ATAGAAGCTTCCACCCTTAGCGAACGCCTC,......(((.........))).........,0.0
GTAGCGTAGGAATCCTGTCTCGCACTTACT,((.(((((((...))))...))))).....,0.0
GCCCTCATCAGGCTCCTTCGCGGCGGCCAC,..........((((((.....)).))))..,0.0
GTCCCTAGTATAATTTACTCTAGTCTGTCT,....((((...........)))).......,0.0
TTCCGTGGGGTGCTTTTCTGGGAGTGTTAT,((((..((((....))))..))))......,0.0
TACTCTCTTCAATAGGATCTCCGGGGTACG,((((((........((....))))))))..,0.0
TGGCTACATGGGATGATCGAGTAGGCGGTT,((.((((.(((.....))).)))).))...,0.0
TTTTAGCCCGCCCCTTCCTCCCACAAGCCC,..............................,0.0
ACTATAAGACTGTTCCTATTCTGGAAAGTT,.......((((.((((......)))))))),0.0
GGCGCCGCATTGGCATGCTTCAAACCACTT,((((((.....)))..)))...........,0.0
GGGTGAGGTTGGAGTTTTCGATAACGTTCC,.((.((.((((..(....)..)))).)))),0.0
GAGACATCTTGGTCCATCGACGCGAGCCTT,.......(((((((....))).))))....,0.0
CTCTCCTCATTGCCATTTTCTCACCCCACT,..............................,0.0
GGGAACGTACGCGCATGGACCCAACCTACC,(((..(((......)))..)))........,0.0
AGGGGCCTTATGGGTTTTTTCCGACCTCCC,..(((......(((((......)))))))),0.0
GTATAACATGTTGCACTTCTCGGACAGCTT,.........((((..(.....)..))))..,0.0
GTTTGCCTAATGCACTGTTTATATCCAATC,...(((.....)))................,0.0
GAGGAATATTTCGCACTGCGCCCGACTCTG,(((........(((...))).....)))..,0.0
GGGGACGTTTGGACTTGTTCCGAACGCCTG,.(((.((((((((.....))))))))))).,0.0
GGGGACTGTCTGGCATTTTTGGAAACTCCT,.((((...(((((.....)))))...)))),0.0
TTTTCCTATATCTATCATACTTCTACCCTT,..............................,0.0
CGGGGCTCTAGCGCGTTTCCGCAAACAATT,((((((......))...)))).........,0.0
ATTTCACTTATACACTTATATCACATCACC,..............................,0.0
ATTTGTATAATAATCCATGTGGTACCCGTG,....((((.(((.....))).)))).....,0.0
TTTTACACTATTGATCCTCTTATATTTAAC,..............................,0.0
ATAAGACAATTGACCTATATTCAGTCTCTG,...(((..(((((.......))))).))).,0.0
TTTTACTGTTTCTCCATTGGTGAAACCCTG,.......(((((.((...)).)))))....,0.0
AGGAAATGAGTGTCACTGGGAAAGCGCCTA,................((((......)))),0.0
TGTCAATGTTGCACACTAAGGCGCCCGCTA,...................(((....))).,0.0
AGGTACTGACCTTCCCTTCTGAGAGCCCTT,((((....))))..................,0.0
GGGCAATATTGCACCCTGTGGGAACCCCTG,(((((....))).))....(((...)))..,0.0
ACCCAACCCCAACTTATTTGTTTGGGGTGT,.....((((((((......).)))))))..,0.0
TTGCGCGGATTCGACTTTACTCGTCAGAAA,.........((((((.......))).))).,0.0
TTCATTAGAATGTTCTGAATTAAGTGGACA,..........(((((..........))))),0.0
ACCAGCTGTGTCTTGGAAAGATTGGTGGTT,((((.(...(((((...))))).).)))).,0.0
AACGTACGAGTTTACAGCACTCGTGGTTCT,(((.(((((((.......))))))))))..,0.0
GGGGGATATTAGTGGATGGACCCGAGCCAG,.(((..((((....))))..))).......,0.0
TGTCGCCCAATTGACTTTTTCCGGGGTCGC,.((.((((...............)))).)),0.0
TCTGACTCTTGGTCAATTGTCTGGAGCCTT,..(((((...)))))...............,0.0
AAGATATTTTTGATCATTGTTGACCTCCTT,.............(((....))).......,0.0
TATTTCGCTTATTCTCATACTCTGTTTGGT,..............................,0.0
GCTGCATATTTCACCATTGTGGACCCCCTT,.........(((((....))))).......,0.0
GCCGTCGCGTAGGCATGCTCCCAACCACTT,(((........)))................,0.0
TATACTACCCTCTTATATTATAGCTGTACC,..............................,0.0
CGCTAATCATTCACCCTTTACTAAACCCTT,..............................,0.0
GGCGTCGCATTGTCAGGCGCCCTACTACTT,((((((.........)))))).........,0.0
CGTCTGCGATGGAGTTACTTTTAACCCAGG,.........(((.((((....)))))))..,0.0
TATGCCCGTTGGGGCGGTCGAGGGGGTAGT,..(((((.((.((....)).)).)))))..,0.0
TGGTCATCTTTCACACGTGATGACACTCTG,..((((((..........))))))......,0.0
GATTACACAGACTATCGTGTCAACCGTGGA,.....(((.(((......)))....)))..,0.0
AAAGCATCTTTGCCAATAGCCGAGCGTATG,...(((....))).................,0.0
GGGAAATGTTGTACACTGGGAGCACCCCTG,(((...((((.(......).)))).)))..,0.0
AAAGCGTCATGGTCCGATACCACGCCACCT,...((((...(((.....))))))).....,0.0
ATTTCCCCTTTAAGACAATCTTCCGTCCTT,.............(((........)))...,0.0
