Sequences,Secondary structure,Scores
GGGTCTGTAATGGATTGTTCTCAACCAACT,..........(((.(((....))))))...,154.9548472823473
TGGTCTGTAATGGATTGTTCTCAACCAACT,..........(((.(((....))))))...,104.22610072300279
AGGTCTGTAATGGATTGTTCTCAACCAACT,..........(((.(((....))))))...,104.09477818781448
GGTCTGTAATGGATTGTTCTCAACCAACTG,.........(((.(((....))))))....,104.02885829765088
CGGTCTGTAATGGATTGTTCTCAACCAACT,..........(((.(((....))))))...,103.69910925427516
GGGTCTGTAATGGATTGTTCTCAACCAACC,..........(((.(((....))))))...,103.61614999034757
CGGGTCTGTAATGGATTGTTCTCAACCAAC,...........(((.(((....))))))..,103.49444372563207
GGGTCTGTAATGGATTGTTCTCAACCAACA,..........(((.(((....))))))...,103.39063074708524
GGGTCTGTAATGGATTGTTCTCAACCAACG,..........(((.(((....))))))...,103.3886499058567
TGGGTCTGTAATGGATTGTTCTCAACCAAC,...........(((.(((....))))))..,103.35977093056184
GTGTCTGTAATGGATTGTTCTCAACCAACT,..........(((.(((....))))))...,103.0914367023935
GGGTCTGTAATGGATTGTTCTCAACCAATT,..........(((.(((....))))))...,102.6213763259944
GTCTGTAATGGATTGTTCTCAACCAACTGT,........(((.(((....)))))).....,102.47840221877262
GAGTCTGTAATGGATTGTTCTCAACCAACT,..........(((.(((....))))))...,102.42020116057155
ACGGGTCTGTAATGGATTGTTCTCAACCAA,............(((.(((....)))))).,101.75002014893606
GGGTCTGTAATGGATTGTTCTCAACCAAGT,..........(((.(((....))))))...,101.74472914364505
GGGTATGTAATGGATTGTTCTCAACCAACT,..........(((.(((....))))))...,101.19624674240802
GGATCTGTAATGGATTGTTCTCAACCAACT,..........(((.(((....))))))...,101.06748109581058
GGGTTTGTAATGGATTGTTCTCAACCAACT,..........(((.(((....))))))...,100.9700262036875
GGGGCTGTAATGGATTGTTCTCAACCAACT,..........(((.(((....))))))...,100.36559806341833
GGGTCTGTAATGGATTGTTCTCAACCAGCT,..........(((.(((....))))))...,100.07315728660255
GGGCCTGTAATGGATTGTTCTCAACCAACT,..........(((.(((....))))))...,99.98467997487293
CGGGTCTGTAATGGATTGTTCTCAACCAGC,...........(((.(((....))))))..,99.98410955490046
GGGACTGTAATGGATTGTTCTCAACCAACT,..........(((.(((....))))))...,99.91966332078601
GGGTCTGTAATGGATTGTTCTCAACCACCT,..........(((.(((....))))))...,99.79711551432231
GGGTCTGTAATGGATTGTTCTCAACCACTG,..........(((.(((....))))))...,99.77352754431844
GGGTAAGTAATGGATTGTTCTCAACCAACT,..........(((.(((....))))))...,99.71111171940262
GGGTCAGTAATGGATTGTTCTCAACCAACT,..........(((.(((....))))))...,99.46133533747356
GGGTCTGTAATGGTTTGTTCTCAACCAACT,..........(((((.(....))))))...,99.26665224369314
GGGTCTTTAATGGATTGTTCTCAACCAACT,..........(((.(((....))))))...,99.15243717635308
GGGTCTATAATGGATTGTTCTCAACCAACT,..........(((.(((....))))))...,98.57107716861577
GGGGCCGTAATGGATTGTTCTCAACCAACT,..........(((.(((....))))))...,98.39563584363354
GGGTCTGTTATGGATTGTTCTCAACCAACT,..........(((.(((....))))))...,98.24806342814061
GGGCCCGTAATGGATTGTTCTCAACCAACT,..........(((.(((....))))))...,98.2452853004512
GGGCCTGTAATGGATTGTTCTCAACCAATT,..........(((.(((....))))))...,97.50926437693029
GGGTCTGCAATGGATTGTTCTCAACCAACT,..........(((.(((....))))))...,97.26832228764717
GGGTCTGAAATGGATTGTTCTCAACCAACT,..........(((.(((....))))))...,97.14881855665035
GGGTCTGTACTGGATTGTTCTCAACCAACT,..........(((.(((....))))))...,97.09345701429449
CGGTCTGTTATGGATTGTTCTCAACCAACT,..........(((.(((....))))))...,96.9517697881857
GGGTCTTTAATGGATTGTTCTCAACCAATT,..........(((.(((....))))))...,96.77334115663206
GGGTCTGTCATGGATTGTTCTCAACCAACT,..........(((.(((....))))))...,96.72295733770672
GGGTCTGTAGTGGATTGTTCTCAACCAACT,..........(((.(((....))))))...,96.51266598741138
GGGTCTGTAATGGATTGTTCTCAAACCACT,..........(((.(((....))).)))..,95.98730520184611
GGGTCTGTCATGGATTGTTCTCAACCAACA,..........(((.(((....))))))...,94.85964316480907
GGGTCAGCAATGGATTGTTCTCAACCAACT,..........(((.(((....))))))...,94.72086701040791
GGGTATGTAATGGCTTGTTCTCAACCAACT,..........(((.(((....))))))...,94.41429684446275
GGGTCCGTAATGGTTTGTTCTCAACCAACT,..........(((((.(....))))))...,93.70958604600195
GGGTCCGTAATGGCTTGTTCTCAACCAACT,..........(((.(((....))))))...,92.65131734710825
GGGTCAGTACTGGATTGTTCTCAACCAACT,..........(((.(((....))))))...,92.20213204167294
GGGTCTGTATTGGATTGTTCTCAACCACCT,..........(((.(((....))))))...,91.9638504158913
GGGCCTGTACTGGATTGTTCTCAACCAACT,..........(((.(((....))))))...,91.50481662560753
GGGGCTGTAATGGATTGTTCTCAAACCACT,..........(((.(((....))).)))..,91.31187530766621
GGGTCCGTAATGGCTTGTTCTCAACCAATT,..........(((.(((....))))))...,90.27222132738723
GGGTCTGTAATGGATTGTTCTTAACCAACT,..........(((.(((....))))))...,83.89949769032717
AGTTGTGTATTTATTACTTAATAGATGCAT,....(((((((((((....))))))))))),81.17162248178838
TAGAAGGTGGATCTTTAAGGCGGAACCACT,.....(((((.(((.......))).))))),79.7872289226033
GAGAAGGTGGATCTTTAAGGCGGAACCACT,.....(((((.(((.......))).))))),79.13847854239444
GGGCCTGTAATGGATTGTTCTCGACCAACT,..........(((.(((....))))))...,78.18521435288025
GGGTCTGTAATGGATTGTTTTCAACCAACT,..........(((.(((....))))))...,78.05102795704727
GGGTCTGTAATGGGTTGTTCTCAACCAACT,............(((((....)))))....,77.59531248932039
GGGTCTATAATGGATTGTTCTCAGCCAACT,..........(((.(((....))))))...,77.14752946832037
TACATGGGCAGTTACGTCTGTGGCTGGTAT,......(.(((((((....))))))).)..,77.09131945148535
TAGGAGGTGGATCTTTAAGGCGGAACCACT,.....(((((.(((.......))).))))),77.07678663024342
GGGTCTGTAATGGATTGTTCTCAACCATCT,.........((((.(((....)))))))..,76.57113779391688
CGTCTGCGATGGAGTTACTTTTAACCCAGG,.........(((.((((....)))))))..,76.5193687150323
GGTCTGTAATGGGTTGTTCTCAACCAACTG,...........(((((....))))).....,76.36515641550304
CTTAAGCTACTTGGAAATTATGTAGCTACC,....((((((...........))))))...,75.89131945148534
GGGTCTGTAATGGATTGTCCTCAACCAACT,..........(((.(((....))))))...,75.87607356221946
TGGTCTGTAATGGATTGTTCTCAACCATCT,.........((((.(((....)))))))..,75.7410022048654
GAGGAAGGTGGTGTACTCTGGCCTCTTTTT,((((..((.(.....).))..)))).....,75.37853536057625
GCAGTTGTGTGTTTTGCACATAGATGCTTG,(((.((((((((...)))))))).)))...,75.26594066360657
CGTCTGCGATGGAGTTACTTTTAACCCCGG,..........((.((((....)))).))..,75.05416036057626
GGGTCTGTAATGGATTGTTTTTCAACCAAC,..........(((.(((.....))))))..,74.89419286996794
TTGCAAAGGGGTGCCCTCTGGACTCTTATA,......((((((.((....))))))))...,74.69752526660706
GGGTCTGTAATGGATTGTTCTCAATCAACT,............(((((....)))))....,74.50058520697287
TAGACTTGTGCAGTTTTCTGTGTCTTATTG,.((((....((((....)))))))).....,74.48904672421263
ACCTACTAGTTCACTCTGGGGACGTGGTAT,...(((((((((.......)))).))))).,74.44887626966717
TACAAAGGGGAGCCACTTTGCACTTTATGA,..(((((((...)).)))))..........,74.39217172421263
CTACCGAGACCGCAACTAAGGTCAAAGGCT,...((..((((........))))...))..,74.31603536057625
GGGTCTGTATTGGATTGTTCTCAACCAACT,.........((((.(((....)))))))..,74.2913303925065
GGGTCTGTAATGGATTGTACTCAACCAACT,..........(((.(((....))))))...,74.21101572158051
ATTGTAAACAGTCGAAAAGTTTACTTATTG,...((((((.........))))))......,74.18770202724292
GGGTCTGTAATGGATTGCTCTCAACCAACT,..........(((.(((....))))))...,74.15785477799088
TGGGTTTAGGTTACTTATAAGTGGCTTTAA,.......((((((((....))))))))...,74.11506945148535
GGGTCTGTAATGGATTGTCTCAACCAACTG,..........(((.(((...))))))....,74.0902372689
GCCCTTATTGCACGTGCGAAAAAGGTGCAG,((((((.((((....))))..)))).))..,73.9614899060308
GGTCTGTAATGGATTGTCCTCAACCAACTG,.........(((.(((....))))))....,73.83987470223158
TACTTAGGATGCGACACTCCGCGTCTTACT,....(((((((((......)))))))))..,73.80770202724293
GGGTCTGTAATGGATTGTTCTCAACCCACT,((((.((....(((....)))))))))...,73.69683681949164
GGGTCTGTATGGATTGTTCTCAACCAACTG,......((.(((.(((....))))))))..,73.63901335358578
GTACTGGGCATATTATCGTTCGTGCTGTTA,((((.((((........)))))))).....,73.62654672421263
CTATTGCTTTTGCTAAGCTTTTGGCGGTAA,.(((((((...((...))....))))))).,73.57910354239445
CACCCATGGTCAGGTAACGCTGAGCGGTAT,.(((...(.((((......)))).))))..,73.57058081512172
TGAGAGTTGTATACTTAGTAATAATTGCTC,.(((((((((.(((...))))))))).))),73.45224748178838
GGGTCTGTAATGGATTGTGCTCAACCAACT,..........(((.(((....))))))...,73.41082299772796
GGGTCTGTAATGGATTGTCTTCAACCAACT,..........(((.(((....))))))...,73.37349861027771
GTCTGTAATGGATTGTTCGCAACCAACTGT,........(((.(((....)))))).....,73.36119254137402
GGCTATGGTTTGATTTGATCGCCAAGAGCG,.(((.((((..(((...)))))))..))).,73.205808087849
ATTGTAGCTATCTTTTAGCTATAATGTCAT,((((((((((.....)))))))))).....,73.15656566360656
GGGTCTGTAATGGATTGATCTCAACCAACT,..........(((.(((....))))))...,73.14648856293297
TCAATGTCTATTATCTAGGAAAGTAGCGTT,..((((.(((((.((...)).))))))))),73.07719066360657
TGGGCGGGTTCGTTTCACGAAGTCCAAAGT,(((((...(((((...))))))))))....,73.02948233027323
AGCCTACACTTACACCTGGGCCTTGTGTAT,.(((((..........))))).........,72.99660354239444
GGGCCCTGGGATAGTCAAACATATCCCTCA,.......((((((........))))))...,72.89183081512171
GGTATATAGGACACAGTTCTATAGGTTAAT,....((((((((...)))))))).......,72.85575126966717
CCAGGAGATGCGACTATCTCGCATTTTACT,....(((((((((.....)))))))))...,72.83222854239445
GGGACTGTAATGGATTGTTTTCAACCAACT,..........(((.(((....))))))...,72.81813538755738
AAGTAGTATACACGGTCAATTGCTGTTTTT,...........(((((.....)))))....,72.76611111815201
GTTCTGGTATTTATCTGAAGTAAATACCAT,....((((((((((.....)))))))))).,72.73611111815202
GATTTTTGATAAGTGAAAATATTATCAAGT,....((((((((.........)))))))).,72.72974748178838
AAGAATAAGGTTCCGGTATGGAGCTGTTGT,........((((((.....)))))).....,72.70912248178838
TAGGTCACTACGAGCTTGCTTGGCGAGCCT,(((....)))...((((((...))))))..,72.68620581512171
GCCCATACATTTAGATAAGTAGTAGGTCAA,(.((.(((((((....)))).))))).)..,72.62058081512171
CATGGTATAAGTCCGTATGGAAGACTGTGT,((((((.....(((....)))..)))))).,72.61518308784899
GAGAGCGTAGTTCGTATTCCGGTCTGTACA,.(((.((.(((....))).)).))).....,72.49864899693989
GGGTCTGTAAAGGATTGTTCTCAACCAACT,...........((.(((....)))))....,72.49165083795425
TACGGATGAGGCGACTTTGTAAGCCTTATT,....((((((((..........)))))))),72.41014520906111
ATAGTAGTATAACGTTATTTCTCGTTACTA,....(((((..(((........)))))))),72.37113005754595
CAGCTTTACCACCGTGGGCTTTGGTAGTAT,......(((.((((.......)))).))).,72.2068308151217
GGGTAGGTAATGGATTGTTCTCAACCAACT,.(((.(((...(((....)))..))).))),72.1660777479184
AATCGGTTTAAGTCGTAATCAACTTAACCA,....((((.((((.(....).)))))))).,72.14328914845504
CACACAATTGTATTGCATAAAGCGGTACAG,........((((((((.....)))))))).,72.04330808784898
GGGTCTGTAATGGGTTGTTCTCAACCACCT,((((........(((((....))))))))),72.02079601937307
GGGTCTGTAATGGATTGTTCTCATCCAACT,..........(((((.(....))))))...,71.9069729239611
AACAAAGTATTGCATCCGATGCATTTACTT,....(((((.(((((...)))))..))))),71.75859217875806
TACGATATTCGATCCTAAGAATAATTACTT,.....(((((........))))).......,71.71664142118232
TGGAGGTTTTCTTATCTAGGGCTCCCGTTA,.((((.(((........))).)))).....,71.70967172421263
GCTAAGTCCGTAAAATAATAGGCAAAGGCT,(((..(((.((......)).)))...))).,71.69444445148535
CGCGCAAACGTAAAATCGTGCCGGAGCGAT,(((.(..(((......)))....).)))..,71.59359217875807
ACCTACACCATATACCCCTGGGGACTAGTT,..............(((...))).......,71.59063763330353
TTTGCAAATGGGTGCCTACTGCTTTTCACT,...(((...((...))...)))........,71.55268308784899
TACATTGTTTTTCATGAAACGTATCAATTT,......(((((....)))))..........,71.53063763330354
GAATATAACACAGATTCAATGTGTTAATCT,.....(((((((.......)))))))....,71.46853536057625
GGTTAGGATAACTTATACCGTTAATATACA,(((((((....)))).)))...........,71.44628157269747
TAAGATATATCCTTTATAGAATAGGTATCT,..(((((...(((.........)))))))),71.44306187572778
AGGGTGTGTATGGTATACTTACATCGCTGA,..((((((((.(.....).)))).))))..,71.38715278481868
TGGTTTAAGCCAGACTCATCATGGCTTAAG,....((((((((((....)).)))))))).,71.26904672421261
GCACAGTTGTATTTATTACTGAGTGTTAAT,((((....(((.....)))...))))....,71.24842172421263
GGGTATGTAATGGATTGTCCTCAACCAACT,..........(((.(((....))))))...,71.23031901234408
TCATTCACGACAAGAGCTCTTGGAGTGCGT,.....(((..((((....))))..)))...,71.22313763330352
GTGCATACGAGGTCAATCGCTTTGTATTCT,....(((((((((.....)))))))))...,71.2134596030005
AACTATGTGTAGTCGGTCACATTACATTGT,......(((((((.(....))))))))...,71.18666036057625
GGGTCGGTAATGGATTGTTCTCAACCAACT,.(((.(((...(((....)))..))).))),71.17550815450547
GCGGATAAGGCCGAAAGCTTTATCGTTAAT,...((((((((.....))))))))......,71.13131945148535
GAATCGCTATAAGTCGAAAATTTATTATGA,...(((..((((((.....))))))..))),71.0820202090611
ATAGTAGAATTTGCCTAAATGATACGCTAC,...(((..((((....))))..))).....,71.00722854239444
GGCGGTAGACCCCACTGGTACTCCTGGCTT,(.(((.(((((.....))).)).))).)..,70.96518308784898
AAGGCACGACTGCTATGCTTCGAGAGCCGG,..(((.(((..((...)).)))...)))..,70.95836490603081
AGGTCGGTAATGGATTGTTCTCAACCAACT,.(((.(((...(((....)))..))).))),70.95669523228587
TATGAATTAGAATTGCTGAAAGAATTGATT,......((((.....))))...........,70.94296717875807
GGGTCTGTAATGGATTGTTCCCAACCAACT,.(((.((....(((....))))))))....,70.92107956297829
TGCACGCTAACACTTGGAAATTGTAGTTAT,((((..((((...))))....)))).....,70.90938763330354
GGGCCTGTAATGGATTGTTCGCAACCAACT,..........(((.(((....))))))...,70.8015674281648
GGCTAAAGGCTCACAGGTTTTTATGTCAAT,(((((((((((....)))))))).)))...,70.77450126966717
GCCCGTATACACCAGTGCGTACCAGGTCAT,((((((((......))))).....)))...,70.75893308784899
TGAGTGTCTACTCTAGCTAGGGAGCAGTTA,(((.((.((.((((....)))))))).))),70.70190657269747
GGTGCAAGTTCAATTCAATTTTGAACTCGT,...((.(((((((.......))))))).)),70.6342739969399
AGCCTTGATTTGCCTGGTCACATTATGTTT,.....(((((.....)))))..........,70.6318308151217
GGGTCCGTATTGGATTGTTCTCAACCAACT,.........((((.(((....)))))))..,70.52795553767717
GGTGCTGGTATACTACTACAGTTCCGGTCA,((.((((...........)))).)).....,70.52497475451565
TGTGGGGATCTATTAACAGTTTGATCTATA,.....(((((............)))))...,70.50518308784899
CACGCAAACTTGTTTAATCGTCGAAGATAG,................(((......)))..,70.48535354239445
TATACAATACAAGGTTACGCTTGCTTTTTG,.........((((......)))).......,70.46488005754595
TGTGTGTTACTCTAAGTAGAGACCGCAACC,((((.((..((((....))))))))))...,70.42226642118231
GGGTCAGTATTGGATTGTTCTCAACCAACT,.........((((.(((....)))))))..,70.40448872671035
GGCTGGGATACTCTTACCAGATTATCTTCA,..((((..........))))..........,70.38425505754596
GAATTCACCGCAATTGTGTGTGTAAAAGTA,.....((((((....))).)))........,70.3427399060308
GGGTCTGTAATGGATTGTTCTCAACCTACT,((((.((....(((....)))))))))...,70.3362645253583
CTAAAAGCCTATACGGTCAAGTGGTTTTTA,.((((((((...((......)))))))))),70.3265277848187
GGTAGACTTTAGAACGTTTTTGGATTTACT,((((((.(((((((...))))))))))))),70.31972854239444
GTGAGGTAGTCGTATTCCTTTCACTACAAG,((((((..........))..))))......,70.3077399060308
GGGTCTGTAATGGATTGTTCTCAACCTATT,((((.((....(((....)))))))))...,70.29791130850971
GGGTCTGTAATGGATTGCTCACAACCAACT,..........(((.(((....))))))...,70.26346047823871
TAGTGGAGTATTGGTATACTTCATCGGCTT,..(((((((((....)))))))))......,70.25192551209142
GTCCAGGGGATAAGTATGATCGCCAAAAGG,.....((.(((.......))).))......,70.20751263330354
GGTGGTAGGTCGTATTGGCCACAGTACATA,...........((((((....))))))...,70.20262626966716
GGGTCAGTAATGGATTGTTCGCAACCAACT,..........(((.(((....))))))...,70.1920421155145
ATACGGATAGCCTACATTGTAAATTATCTG,...(((((((..(((...)))..))))))),70.1666792999702
CATGTCCGAATGCGCCCTTTTTGGTATGTT,((((.(((((.........)))))))))..,70.15872475451566
AGCAGCCTCACTTCAGCTTGGCACTTGTTA,(((((((............)))...)))).,70.15171717875806
GCCGGAGTCTGTACATTAGCCTCTGACTAA,..(((((.(((.....))).))))).....,70.11109217875807
TAGTCACTGCCACCTGTTTGGCCCGCGCTC,.(((....((((......))))....))).,70.10069445148535
CATAAGCATTTGGGACAATGCAACGCTACG,.....(((((......))))).........,70.08506945148535
AACGGAAAGGTACGTAGTTTATAAGTTATT,.(((........)))...............,70.07719066360657
GCTGGATATTCCTTTCAAGGATTATGTTTT,.....(((.((((....)))).))).....,70.04192551209141
CACAGTCGGTACCCAAACCTTACTGATTGT,.((((((((((.........)))))))))),69.99809975451565
GGGTCCGTAATGGATTGTTCTCAACCAACT,.(((((.....)))))..............,69.97548602967987
GGGTCTGTATTGGCTTGTTCTCAACCAACT,.........((((.(((....)))))))..,69.95464805811969
GGGCCTGTAATGGATTGTCCTCAACCAACT,..........(((.(((....))))))...,69.95284937549945
GTGTGGTATATCTAATCGTAACCTCACAAG,(((.(((.(((......)))))).)))...,69.93614899693989
GGGGCAGTAATGGATTGTGTTCAACCAACT,..........(((.(((....))))))...,69.88527613328222
GCATGGAGGTCAACAAGACCAACTTTTTGT,.......((((.....))))..........,69.871111118152
ATACTCTTTAGCCAAACTTTTGGGTTGACT,.......((((((.........))))))..,69.86650884542475
CTGGGTTAGGCTCACCAGACCTTATCTTTC,..(((((.((....)).)))))........,69.85366793633384
TGAGTAAACTCTAGTATAGAGCGCTTTATA,.((((...(((((...))))).))))....,69.83457702724293
GCGCTGGTACCTCATACCAGGACTATATAA,(..((((((.....))))))..).......,69.81058081512171
TGGTCTGTCCTGGATTGTTCTCAACCAACT,.((.....))(((.(((....))))))...,69.74187559907605
GAGTTGTAGGAAACTTACAATTGCTGTTAC,.(((((((((...)))))))))........,69.72955808784899
GGGTATGTAATGGATTGTTCTCAACCCACT,((((.((....(((....)))))))))...,69.72531931716772
GGTAACGGATTGTTTAGCAGACTATCCTTA,......((((.((((...)))).))))...,69.63368687572778
GTCAACCGGATAAAGTAATGTCCAAAAATC,.......(((((......))))).......,69.55978536057626
CACGTAGAGCTTGCGATGTCAGGCTGTATT,...(((.((((((......)))))).))).,69.46194445148535
AGTTGCCTGGTATTAGTACTTTAGGTAGAA,..((((((((((....))))..))))))..,69.46130051209141
GATCGCTATGTACCGACAATTAGTTTATCC,(((.(((((((....)))..))))..))).,69.43684975451566
CTGAGATAATCCTTCGATGAGGATTCTTCA,..((((..((((((....))))))))))..,69.37791036057625
TACATGGTCCACTAATCGATTGTCGCGTGT,.(((((...................))))),69.36546717875807
TGTGGTATTTTTATTGCTTTCGTACAACAG,.((((((....)))))).............,69.3046149060308
GAATCACAATGTGTAAATATCTGTTACTTA,.....(((((((....)))).)))......,69.2886489969399
GGGGCCGTAATGGATTGTTCGCAACCAACT,..........(((.(((....))))))...,69.28856506920565
GTATATTAGGGTATTGTTCGCCTGGTTAAT,....((((((..........))))))....,69.2608649060308
GCGCGCGGATATCTTGCGAGAGTATCCACC,......(((((.(((....))))))))...,69.2108649060308
GCATGGGTGCCCAATTACTTTTGGACTATC,(((....)))((((......))))......,69.20467807254846
GGTAGGTTACCTGTAAGTGGTAAATTAAGA,......(((((.......))))).......,69.18467172421263
GACTAATATATAGATCCTAATATAATAACT,......(((((........)))))......,69.15821339087928
GGTGGAGTAGTCGTATGTGTATCACCTTCA,(((((.(((........))).)))))....,69.07450126966717
GCTAGGATAGTATTTCCAGGGTACTCATTA,(((.(((.......)))..)))........,69.007361118152
TTCCGGGTCACTCACCAGGAGTATCATCAT,((((.(((.....))).)))).........,68.96948233027322
TGTACAATATGCCGTGTTCGCGTGCTGTAG,..((((.(((((.......))))).)))).,68.96421717875808
CATTAGTTAAACCGCTGACTAATCCTATGT,.((((((((......)))))))).......,68.94577020906111
GACTGAAATACTCAAATGATGTATAGTCGT,((((...((((((....)).))))))))..,68.91041036057626
GGGTCTGTAATGGATTGTTCTCAACCGACT,.((((.((...(((....)))..)).)))),68.85908743233878
GGAGAGGATTCCGTCTTCTAAGTCCATAAC,(((((((((...))))))....))).....,68.84605429997019
CACATAACGTTCCTAGAATACTATGTTACA,.(((((..((((...))))..)))))....,68.80179293633384
GGGCTTTACATAGTTAAGCTGGTTACATTA,.(((((.((...)).)))))..........,68.74813763330353
TGATTATGTATGCGGCTCTGCGCGTTCACG,......((.(((((......))))).))..,68.73345960300051
AATTGATTAAATCGTCCTAAATAGTTAGTT,(((((((((............))))))))),68.70366793633383
TGCGAATATTGTCAAAGGAGAGAATTTCTT,...(((.(((.((......)).))))))..,68.64059975451566
GGGTCTGCAATGGATTGTTCTCAACCAGCT,......((..(((.(((....)))))))).,68.55660951143656
CGCGATGCTTTTACCGATGAAGCCTGGCTT,.((.(.(((((.......))))).).))..,68.55588384542475
TTCGATCTTGCGTCCCAAGAATGAGAGCTG,((((.(((((.....))))).)))).....,68.44012626966718
GTAGTACTTTCGAACTTTAGGTTCTGGACT,..(((.((...(((((...))))).))))),68.34520202724293
ACATAAGATTCACTGTCTATTGTCTTTTTT,(((..((((.....))))..))).......,68.34054293633383
CAGATATTGGTTACTAGAAATACAAATCAT,..(((.(((.............))))))..,68.30775884542474
CATAATCTTGATGTGGGAACAAGACGTAGG,.....(((((.........)))))......,68.25893308784899
TACGTTATTGTGGAACCATCAATTATTATT,......((((((....)).)))).......,68.23482323936413
CTCCTCATTCCCATCTTATGCGGTTTGAAT,....(((..(((((...))).))..)))..,68.20760733027322
GGGTCTGTAATGGATTGTTCCCAACCCACT,((((.((....(((....)))))))))...,68.13879694360445
GGGTAGATAGTAGATGTCGTTGTTCGCCAG,.(((.(((((..(....).))))).)))..,68.12075126966717
GGCACCCAATTGTGTGGCACAAAAGTATAC,(.(((........))).)............,68.07881945148534
GTAGAAGATGCGTTCCTTTGTAACATTCTT,..(((((.((((......)))).).)))).,68.07046717875807
ATGCATCTGTCCCTTAATATGATGCCCAAG,..((((((((......))).))))).....,68.03097854239444
GGGTCTGTAATGGATTGTTCTCAACAAACT,.(((.(((...(((....)))..))).))),68.02932282780503
TTAAGGTTGGTATTCCGTTCGTCTCCAATA,.....(((((..............))))).,68.01796717875807
GCCGTCGCGTAGGCATGCGTCAAATTAACA,...(.(((((....))))).).........,68.00455808784899
TAGGTTGCTAGCTTCCATTTGCGTTCATCC,..((.((...((........))...)).)),67.9531186939096
GGTCGTAACTCAGTATCAGTGAACTGACTA,.........(((((........)))))...,67.94357323936414
GGTAGTCGCAAATGCGTAGCCAAGTTATAC,(((...(((....)))..))).........,67.93450126966717
GCTTGCGCAAATATTAATTTGATAGATGCT,......(((..(((((...)))))..))).,67.91641414845505
TACATAGGATGATACGGGCTCTATTTGTAT,...........(((((((.....))))))),67.91518308784899
GGCAAGGCTGATCCAGATGATAGTGCCGAA,(((...((((.((.....)))))))))...,67.90796717875807
TAAGAAGCTTTCGTCTCGACGAAGTCCAAA,......((((.(((....))))))).....,67.89122475451566
CAGTCTGACCCGCTCTACTCTGGTCATGTT,.....(((((...........)))))....,67.87904041812222
AGATGCTCGTATATGCTTACTTAATGCTAT,....((........))..............,67.84917929997019
ATTGATCGTTTATTACTTAATTAGGCATGT,.......(((((.........)))))....,67.83450126966716
TAAGGCATGAAGCCACATTCAATCCTTATC,(((((..((((......))))..)))))..,67.82330808784899
GGGCCCGTAATGGATTGTTCTCAATCAACT,............(((((....)))))....,67.74539816170864
CTGACCAGAAAGCGCCGCTACTCTGAGGCT,.............(((.(......).))).,67.74529672421262
TGAGTACCTAGCAACTAGTGTGCACTCATA,(((((((((((...)))).))..)))))..,67.7323042999702
AGAACTCATGGTTTCCAATATGTGTAGATT,...((.((((........)))).)).....,67.72340278481869
TACGGTAATGCCGACTACGACTATTAACTT,..((((...)))).................,67.67222854239444
GGGACCATAAAGAAGTTGCAGTGGTCTTCG,.(((((((............)))))))...,67.6443308151217
GTAGAGGCACTGGGTTAATTGCCGTTTTCT,.....((((.(......).)))).......,67.58315657269748
CCGATAGTCGATTCTTCTGTCGTTACTAAG,.((((((.........))))))........,67.46541036057626
ATGGTTTAGACTACATTCTAAAGTGCCTTC,..((((((((......)))))...)))...,67.44575126966717
TGATGGTTTAGTACTTAAAACATGACTCAC,..(((..(((.....)))..))).......,67.42643308784899
CACCAGGGAATTAATTGATCGCCGATATAG,.....((..(((....)))..)).......,67.3924558151217
GTGTATAATCTTTTTTAAAGATAGACGAAT,((.((...(((((...))))))).))....,67.3698042999702
GGGTCTGTCATGGATTGTTCGCAACCAACT,..........(((.(((....))))))...,67.36241398901137
GCTAATTGACTTCGTTGAGGTCTTATCTGG,.......((((((...))))))........,67.35313763330353
GCGCTAACCTAAACCTATCTATGCAGCGAA,.((((...................))))..,67.33847854239444
GGTACAATTTAGTCGTTGCGGTGTTGTCAG,...(((((...((....))...)))))...,67.29859217875807
GACGTCGAGCGTTATAAATACCAAAGAGTT,(((((...))))).................,67.2181755120914
ACAACCAACTTTAGGTCTGTAATGGACCAT,.............(((((.....)))))..,67.20813763330352
TAACTAGGTATCTCGTTCGAAGGAGTACAA,.......(((.(((........))))))..,67.20344066360656
TGCGTGTGCCGGTCTTAAAAGAATGGTTAA,.......((((.(((....))).))))...,67.18921717875807
TGAATTATCTCCTCTAAGCAGGTAACACTA,....((((((.((...)).)))))).....,67.13751263330353
GAATCCTTATAGTGCCGTTCGTATTAGTGA,.........((((((.....))))))....,67.03258839087928
GCGCTGTCGTAAACAGGTGTCATATCTCGA,((.((((.....))))))............,67.03126263330353
AGCTGTTAGTAGGGTGACTATGCATACTCT,..........((((((........)))))),67.00760733027323
TGAGTTATCGTTCTACTCCAGTAGCGACAG,.........(((((((....)))).)))..,66.96128157269747
GGGGGTTGAACATAGTTCTACGTAAATTTA,..(.((.((((...)))).)).).......,66.95950126966717
CAATCGTCTATAATGACAAAGACGTCATGA,............(((((......)))))..,66.9539899060308
AGAAGTTAACTCAATCGTATTTAACTCTTA,(((.(((((...........))))))))..,66.93029672421262
GGGTCTGTAATGGATTGTTTCAACCAACTG,.(((......((((....))))))).....,66.89982616148608
GGGTCCGTAATGGATTGTTCTCAACCAATT,.(((((.....)))))..............,66.8917362534953
CTACTTCGCGTTTTCATGAACTTAGAAGCT,...((((..((((....))))...))))..,66.83944445148535
TAGATACGATCTTAATTGAGTACTGCACAT,(((.(((..((......)))))))).....,66.83785354239444
GGGCCTGTAATGGATTGTTCTCATCCAACT,..........(((((.(....))))))...,66.83541658677977
GGGTCTGTTATGGATTGTTCTCAACCCACT,((((.((....(((....)))))))))...,66.7669970999296
TGAATATGTATGCTGGCCAGGCCACTGTTA,.............((((...))))......,66.76090278481868
GGGTCTGTAATGGATTTTCTCAACCAACTG,.(((((.....)))))..............,66.74239033426257
AAGGATTCCTCGCTTACGATCAGGGTATCC,..((((((((((....)))...))).)))),66.73162248178838
GGGTCTGTAATGGACTGTTCTCAACCAACT,.(((((.....)))))..............,66.72320827447103
GGGTCTGTACTGGATTGTCCTCAACCAACT,..........(((.(((....))))))...,66.64593139312237
GGGTCTGAAATGGATTGTTCTCAATCAACT,............(((((....)))))....,66.64386196642245
GAAAGCAATCGTATCAAGGATAGTCGAAGA,....((.(((........))).))......,66.577683087849
GATGAGTGTTTTCTCGCTATGGACCAAAGA,....((((......))))............,66.55559975451565
CACATGCAGGTTCCAAAAATACCAATTAGT,........(((.........))).......,66.52243687572778
ATGTGTATTGTAATGGCCTAATATAACCGT,...(((((((........))))))).....,66.487058087849
CAATAAGAAGGATCAACCATACAATTAGGT,...............(((.........))),66.48541036057625
GGTGTTCCTGGTATTCTTAATAACTACAAG,((....))......................,66.42705808784899
GGTAGATAGTCAGTTTTTTCGACTTACAAG,.(((...((((.........)))))))...,66.41569445148535
GTCGAAACCTTTTTCCGAAGAAGGCTTAAA,.......(((((((...)))))))......,66.40645202724292
GGGTCTGTAATGGATTGTTCTCAAACAACT,.(((.(((...(((....)))...)))))),66.38550913748672
AACTATTGTCTTCGACTAGGACTATCTTTG,.......(((((.....)))))........,66.35505051209141
GGTATTAATTAGGATACGATAGATTATCAG,.(((((......)))))((((...))))..,66.32387626966717
GATGTGTAATTACTCTTACGTGATGCTTTT,.....(((.((((......)))))))....,66.29595960300051
GGGTCTGTAATGGATTGTTCTAACCAACTG,.(((......((((....))))))).....,66.2936347834197
GGGTTTGTAATGGATTGTTCTCAACCTACT,(((((.(....(((....)))))))))...,66.28047112590363
GGGTCTGTAATGGACTGTTCTCAGCCAACT,..........(((.(((....))))))...,66.26320638956958
GGGTCGGTAATGGATTGTTCCCAACCAACT,.(((.(((...(((....)))..))).))),66.25163511426665
GTGGAGGTATAGTTCTTTCAACGGTCGAAG,.((((((.......))))))..........,66.22819445148535
CACAATCTCGTGCTTAAAGGACCAATTTGG,..(((....((.((...)).))....))).,66.22461490603081
CAAAAGTCTTGCGCACACTCTGGACTTCTT,...((((((.(.(....).).))))))...,66.22416036057625
GGGTCTGTAATAGATTGTTCTCAACCAACT,.(((.((....(((....))))))))....,66.21234855223182
GGATCCGTAATGGATTGTTCTCAACCAACT,.(((((.....)))))..............,66.19810702880432
GGTAATAGGACGCTGCACAAGGTCTACACT,.......((((.((.....)))))).....,66.19325126966717
GGGTCTGTAATGGATTGTTCTCAGCCAACT,.((.(((....(((....))))))))....,66.19227950698534
GTCGTGTAGCAGTATATCTTCTCAACCAAG,...(((((....))))).............,66.16967172421263
GGTATAGAGAGTACGCTCGTGTATGGTTAT,.((((((((......))).)))))......,66.09950126966717
TAGGAGTTTCCAGTCCAGAACAATTGGTTA,..(((........)))..............,66.07317551209141
TGTTCTGTATATATCGTTAATAGCAACTTG,.(((((((.((......)))))).)))...,66.07256945148535
CATATTAAACTGTTCGAAAAAACGGATTAT,.....(((.(((((......))))).))).,66.0680808151217
ATTTGTTACTGCTGACTAGGCCTAACCCTG,....((((..(((.....))).))))....,66.04595960300051
GGAAACTAGTACCAATCTATGTAGGTCCAT,(((.(((((.......))).))...)))..,65.9892739969399
TTACCTACGTAGCGTCTTTGGAGCCGTATT,.....((((..((.((...)).))))))..,65.96308081512171
TACGTATTGTGACTGTCTAATTCACTTCTT,........((((.(.....).)))).....,65.92113005754595
TGGAAGGTGGATCTTTAAGGCGGAACTACT,.....(((((.(((.......))).))))),65.88724748178838
GGGTCTGTAATGGATTGTTCTCAACTAACT,.(((..((...(((....)))..))..))),65.8690156098705
AATCGAATAAGCTGCCTTCATGGAGGTGTT,.........(((.(((((....)))))))),65.79965278481869
GGGTCTGTAATGGATTGTTCTCACCAACTG,.(((..((...(((....))).))..))).,65.75928164213884
GGGTCTGTAATGGATTGTTCTCGACCAACT,.((((.(....(((....))))))))....,65.75430094792975
GGTTGGGACTCTGGTACGGATCACTCTTTC,((((.(.((....)).).))))........,65.75253157269748
GCCATCCCGTACTGAGTCGTCATCTTACGA,.......((((.(((....)))...)))).,65.74253157269747
TGCCCAGATGCGACATTACGCACCCTATCT,........((((......))))........,65.74084596663687
CATGTACCTTTACTCGTTGGGGTTTCATCG,.(((.(((((........)))))..)))..,65.66904672421262
AGCGAATCCTTTTCCAAGATGATGCCGAAT,.(((.(((.........)))..))).....,65.64272096663686
ACAGCGCCTTCGCGAAGCTGATGCTACAAT,....(((....))).(((....))).....,65.63258839087929
GGGTCTGTAAGGGATTGTTCTCAACCAACT,.(((..((..((((....)))).))..))),65.62213331155748
GGTACAGACTAGCAATGCGTGTGTTCGTCT,.....((((.((((.......)))).)))),65.6133649060308
GCGTGCAAGGCCGATATGGAACCTGATTGT,(((....(((((.....))..)))...))),65.59397096663686
GGGTCTGTTATGGATTGTTCTCAACCCCTT,((((.((....(((....)))))))))...,65.58921932215182
GGGTCTGCAATGGATTGTTCTCAACCGACT,.((((......((.(((....))))))))),65.58329601937307
TCAACGCCTTAGCCCGGTCTCTGGTATGTT,.............((((...))))......,65.51923611815201
AGGATTTCGTATTTATACTTGGTCGATGAT,..((((..(((....)))..))))......,65.44775884542474
TGACCTTTGTGTGGCACGCAAAAGCACTTG,.....(((((((...)))))))........,65.43819445148534
TGTGAGCGTAGCGTAGTTTTCCATACTTAG,.(.((((........)))).).........,65.3889899060308
GGTCATACACGTCAGATTTCGTATGGGTTT,..((((((............))))))....,65.28671717875808
GGTCACTCTCATCTTTGCCGTGTAGTGTGG,...(((.(((((.......))).)).))).,65.26904672421263
CAAATGGGGTCTAAGAATCAGCAAATTTGC,(((((..(.............)..))))).,65.2651452090611
CCCGGCTCATGGTACTCCTTCAATTTACCA,.........(((((...........))))),65.25872475451565
GGTCTGTAATGGACTGTTCTCAACCAACTG,(((((.....)))))...............,65.25617701054924
TGCATATCGGCCTCAGTCTGCGATTGTAAT,((((.((((...........))))))))..,65.23529672421262
ACGAGATAGACGTTAGTATGGTGCTCCTTT,..(((.....(((....)))...)))....,65.2117739969399
GGATATACAGGGAAATAGTCCTAAGTTTTA,.........((((.....))))........,65.20063763330353
GTTGGTCGCTTTTGATTACATAATAGATTA,..(((((......)))))............,65.19046717875807
ACAACCAACTTTAGGTCTGTAATGGATTAT,((((((.......))).)))..........,65.15685005023366
GGTGTCTAGGAGTAAGCTCATAGGTGTTAG,....((((.(((....))).))))......,65.14609217875808
GGGTCCGTAATGGATTGTTCTCAACCCACT,((((......((((....)).))))))...,65.14323758455158
GGGTCTGTAATGGATCGTTCTCAACCAACT,.(((((.....)))))..............,65.14229514869675
AGCTAAAGTTCTAACAGAGACCTGCCGAAT,.......((((...(((....)))..)))),65.13154672421263
GACTAATCCTTGTTCAAACATACCGATTGT,...(((((..(((....)))....))))).,65.05349748178838
GGGTCTGTAATGGATTGTTCTCATGCAACT,.(((.((((..(((....)))..))))))),65.03533288897322
GGGTCAGTAATGGATTGTTCTCAACCCACT,((((......((((....)).))))))...,65.00908322944042
GGGTCTGTCATGGATTGTTCTCAACCCACT,((((.((....(((....)))))))))...,65.00869624116964
GGGGCTGTAATGGATTGTTCTCAACCCACT,.(((.((....(((....))))).)))...,64.9929729368994
GGGTCTGTACTGGATTGTTCTCAACCCACT,((((.((....(((....)))))))))...,64.93079279497529
GCATGGGTGCCCAACTACTTTTGGACTATC,(((....)))((((......))))......,64.89808081512172
GGGTCTTTAATGGATTGTTCTCAACCCACT,((((......((((....)).))))))...,64.88268532179252
TAGCTTGTTGTACTCGTTACTTAACTTCAT,((((..((...))..))))...........,64.87664142118231
GGGTCTGTAATGGATTGTTCTCTACCAACT,.(((..(((..(((....))).)))..))),64.86090498596121
ACTATATAGTGCCAGTTCGGTGTAATTATT,..........(((.....))).........,64.84978536057625
CGGCATGTCGAATCTCAGATTGAAGTACTT,...((.(((........)))))........,64.84164142118232
CTCCGACCAGCTCCAACAGCTCTTCGTGTT,...(((..((((.....))))..)))....,64.83722854239444
GGGATAAGCGATACTAATTATGGTCTTTAA,.......((.(((.....))).))......,64.8289899060308
GGGTCTGTACTGGATTGCTCTCAACCAACT,..........(((.(((....))))))...,64.82125412770142
GGGTCTGTAATGGATTGTTCGCAACCAACT,.(((.((((((.....))).))))))....,64.80625488613668
GGTTTACTCTAGAACACATCCTTGAGTTAT,.....((((.((........)).))))...,64.76143308784899
CATTTGCAGCGTCGAAAATCCGAATAAAGG,...........(((......))).......,64.63815657269747
GTCCGAGTCGTGATTGCATACACGAGAAGA,...(...(((((........)))))...).,64.54495581512171
GGGTCGGTAATGGATTGTTCTCAACCTACT,.(((.(((...(((....)))..))).))),64.53244228615792
ACTGCAGTGATTTATTATTTGAATCTGAAT,........((((((.....)))))).....,64.52597854239444
GTCGTGTAGTCCTATGTACTTAATAAGCAA,((((((......)))).))...........,64.47181187572777
AGTCGAGACTTCTAGTTTCTTTAGAGTCAT,......((((.((((.....))))))))..,64.41442551209141
AGGGCGGATTTGTTCTTCATACAAGGGCAT,..........(((((((.....))))))).,64.32654672421262
TATGTGTACGCTACTTTGGTGCCTTACTAA,.....((((.(......)))))........,64.28609217875808
ACTAATATTTCCAAATAGTCTGTAATGGAT,.........((((............)))).,64.21580808784898
ACCAATATTTCCAAATAGTCTGTAATGGAT,.........((((............)))).,64.21355434221563
GGGTCTGTAATGGATTGTTCCCCACCAACT,.(((..((...(((....)))..))..))),64.2020440880263
GGCCCCAAGCTTGTTTCGGCAAGAATGCAT,.....((..(((((....)))))..))...,64.15666036057625
GGGTCTGTAATGGATTGTTCTCAAACTACT,.(((((.....)))))..............,64.14924969470601
GTAGGGAAACTGGCTTAAGATTAATCCTCT,...((((((((......)).))..))))..,64.14505051209142
GGTAAGCACAAATTTCATGTCGGTTAACAT,(.(((.((((.......))).).))).)..,64.09609217875807
TACATTCGCTCATCAGATACTGAATGACTG,..((((((.((....))...))))))....,63.83766414845505
GGGTCCGTAATGGATTTTTCTCAACCAACT,.(((((.....)))))..............,63.82739792978198
GGGTCTGTAATGGATTGTTCTGAACCAACT,((.((......(((....))))).))....,63.708956934013166
GGGTCCGTAATGGATTGTTTTCAACCAACT,.(((((.....)))))..............,63.70350003621587
GCCAGGCGGAAAGGTTTTATCCACACAAGA,.((....))...((......))........,63.68999369390959
AGCTTTTGTATGATGCTTGCTCAGATGAAT,(((.((.....)).))).............,63.68497475451565
GCAGCTAAACTCTAAATAACTTTTCGTTGT,(((((....................))))),63.63881945148535
GCCGCCGCGGATGCAGTGACCATGCTACTA,..(((.((....)).)))............,63.634577027242926
GAGTCTGCAATGGATTGTTCCCAACCAACT,..........(((.(((....))))))...,63.547436712096285
GCGAGGCTAAAATTAGATCAATTTGTCGAT,....(((..(((((.....))))))))...,63.52234217875807
CCTTCATGTTTAAATGTAACGTATAAGGTT,((((.(((((.......)))))..))))..,63.39654672421263
ACAAACAACTTTAGGTCTGTAATGGATTAT,.............(((((.....)))))..,63.22745581512171
ACCCATATTTCCAAATAGTCTGTAATGGAT,.........((((............)))).,63.161218448425245
GGGTCCGTAATGGATTGTTCGCAACCAACT,.(((((.....)))))..............,63.14732428362423
GGGTCCGTAATGGACTGTTCTCAACCAACT,.(((((.....)))))..............,63.12806206739828
TGCAGTTACTTAATGAAGATTAGTTGTGGT,.((((((((((....)))..)))))))...,63.11609217875808
GGGTCCGTAATGGATTGTACTCAACCAACT,.(((((.....)))))..............,63.10915598654003
GGGCCTGTAATGGATTGTTCTCAACCCACT,(((..((....(((....))))).)))...,63.09684649389797
GTTAATGAAGTCATTCCTGTACTCTCCAAT,((..(.(((....))).)..))........,63.06029672421262
AGCGAGTCAATAAATCAAAACCTATTCGTG,.((((((................)))))).,62.95103536057626
TACAGATAATCGTTCTCTAAACCTATTATT,....((((((.(((.....)))..)))))),62.92709596663686
GGGTCGGTAATGGATTGTTCGCAACCAACT,.(((.(((..((((....)).))))).))),62.84556097664859
ACCAACCGGTATTTCGGGTCTGTAATGGAT,.....((((....))))((((.....)))),62.79771474503731
GGGTCCGTAATGGATTGTCCTCAACCAACT,.(((((.....)))))..............,62.76825112550786
CAAGTCCTAACGGTTCGACTCTGATCTTGT,((((((..........)))).)).......,62.7258649060308
GGTCTGTACTAGATTGTTCTCAACCAACTG,(((.((....(((....)))))))).....,62.6860946300211
AGCTTGCGTATATGACATTGTGGAATGCCT,.((((.((((........)))).)).))..,62.67881945148535
GGGTCCGTAATGGATTGCTCTCAACCAACT,.(((((.....)))))..............,62.676485252491986
TAATACGCATTCCTTGTAAGAAAGCCAACA,......((.(((.......))).)).....,62.575978542394445
GGGTATGTAATGGATTGTTCTCAAACAACT,.(((.(((...(((....)))...)))))),62.56100572823793
GGGCCTGTACTGGATTGTTCGCAACCAACT,..........(((.(((....))))))...,62.40788475415034
CCTTATTGTCTATTGTGAGATCATAAGGTA,((((((.((((......)))).))))))..,62.24825126966717
GTTACAAGCAGTCCTGCGGCGTTATATAAG,.......(((....))).............,62.23694445148535
GTGGCTTAACATAGTTTCAAACAGTCAATT,(.((((......)))).)............,62.2086489969399
GGGTCCGTAATGGATTGATCTCAACCAACT,.(((((.....)))))..............,62.18011498828993
GGGTCTGTTATGGATTGTTCCCAACCAACT,.(((..(((..(((....))).)))..))),62.10287854055501
GGGTCTGTAATGGATTGTTCGCAACCGACT,.((((.((..((((....)).)))).)))),62.06789361528394
GGGTCTGTACTGGATTGTTCCCAACCAACT,.(((.((....(((....))))))))....,61.9015629641945
GGGTCTATTATGGATTGTTCTCAACCCACT,((((......((((....)).))))))...,61.83160156758377
CCCAACCGGTATTTCGGGTCTGTAATGGAT,.....((((....))))((((.....)))),61.76732323936413
GTTCGAATAGTTACACCTCTTCACGACAAG,(((.(((.((......)).)))..)))...,61.69438763330353
GGGTCTGTATGGATTGTTCGCAACCAACTG,.(((.(((...((....)))))))).....,61.671462508461275
GGGTCCGTAATGGATCGTTCTCAACCAACT,.(((((.....)))))..............,61.59784345647749
CATGGCACCCACTACTTCTAAGATCATGTG,((((((...............).)))))..,61.57870581512171
CGGGGCTGTTATGGATTGTTCTCAACCCCC,.((((.((....(((....))))).)))).,61.502160390175725
GGGTCTGTAATGGATTGTTATCAACCAACT,.(((..(((((.....)))))..)))....,61.45072617114533
GGGTCTGTAATGGACTGTCCTCAACCAACT,.(((((.....)))))..............,61.43551594255406
GGTATGCGACTACAGATCTATGGAGGTACT,....(((..(((........)))..)))..,61.43217172421262
AGCAGTGACATTACTCAACAATTCATCGTT,.((.((((.(((.......))))))).)).,61.39847854239444
GGGTCTGTACTGGATTGCTCGCAACCAACT,..........(((.(((....))))))...,61.333605474768206
GCAGCAAGATACTTCTAATCCATATTGGTG,......(((....)))...(((...)))..,61.28398990603081
GGGTCCGTAATGGATTGTTCCCAACCAACT,((((((.....))).....)))........,61.03304282517861
GGGTCTGGAATGGATTGTTCTCAACCAACT,.(((..(((((.....)))))..)))....,61.01079295342596
GGGTCAGTAAGGGATTGTTCTCAACCAACT,.(((..((..((((....)))).))..))),60.758549836851316
GGGGCTGTAAGGGATTGTTCTCAACCAACT,..........((((....))))........,60.631495062921545
GGGTCTGTTATGGCATGTTCTCAGCCAACT,..........((((.((....))))))...,60.496130872494064
GGGCTGTAACGGATTGTTCTCAATCAACTG,...........(((((....))))).....,60.4462910188515
GGGTCTGTAATGGACTGTTCGCAACCAACT,.(((((.....)))))..............,60.42733893437706
GGGTCTGTACTGGATTGTTCCCAACCAACG,.(((.((....(((....))))))))....,60.32015723324787
GGGCCTGTAAGGGATTGTTCTCAACCAACT,..........((((....))))........,60.235368619920095
GGGTCTGTACTGGATTGTTCTCAACCGACT,.((((.((...(((....)))..)).)))),60.21977969495617
TTGGTGTATATGTTTTAATACATCTCAATT,..(((((((........)))))))......,60.21006945148535
ACAGGAAACATATCTAGAGTGCTTAGTGTT,(((..((.(((.......))).))..))).,60.19734217875808
GGGTCCGTAATGGATTGTTCTCCACCAACT,.(((((.....)))))..............,60.171753689762724
ATCTAGTTTTAATGTAAACTTTTAAAGGTT,....(((((......)))))..........,60.128648996939894
GGTCTGTAATGGATTGTTCGCAACCAACTG,(((.((((((.....))).)))))).....,60.08921855276341
GGGTCTGTAATGGACCGTTCCCAACCAACT,.(((((.....)))))..............,60.078169848626175
GGGTCTGTAATGGATTGTTATAAACCAACT,.(((.((((((.....)))))).)))....,60.05481226660943
AGCAGAAATCGGATCAATGCCTTTCGTGGT,..................(((......))),59.971489906030804
GGGTCTGTAATGGACTGTTCTCAACCTACT,.(((((.....)))))..............,59.968614473445804
GGGTCTGTAATGGACTGTTCTCAACCTATT,.(((((.....)))))..............,59.96067796550929
GGGTCTGTAATGGACCGTTCACAACCAACT,.(((((.....)))))..............,59.82123291981425
GGGTCTGTAATGGATCGCTCTCAACCAATT,.(((((.....)))))..............,59.68381258551892
GGGTCTGTAATGGACTGTTCACAACCAACT,.(((((.....)))))..............,59.68262210932844
GGGTCTGTAATGGATTGTTCACAACCAACT,.(((.((((((.....))).))))))....,59.62792252828872
GGGTCCGTAATGGACCGTTCTCAACCAATT,.(((((.....)))))..............,59.61905708081613
GGGTCTGTAATGGATTGTTCGCAACCAACC,.(((.((((((.....))).))))))....,59.559010498932665
CGGGTCTGTAATGGATTGTTCGCAACCAAC,..(((.((((((.....))).))))))...,59.37647081639299
GGGGCAGTAATGGATTGTTCTCAACCAACT,((((((((.....)))))))).........,59.088941349389
CCGTTCTATGTTTTTTAGGTAACAAAGGTT,....(((.((((........)))).)))..,58.95563763330353
TGCGCAAACTCAAGCCATTCGATTTCCGTT,((.((........)))).............,58.649614906030806
GGGTCTGTAATGGATTGTTCGCAACCAATT,.(((.((((((.....))).))))))....,58.59972299497696
GGGTCGGTAATGGATTGTTCGCAACCAAAT,.....(((..((((....)).)))))....,58.595764713674626
GGGACAGTAATGGATTGTTCTCAACCAACT,((((((((.....)))))))).........,58.5787072785897
GGTCTGTAATGGATTGTTCACAACCAACTG,(((.((((((.....))).)))))).....,58.089432276229445
CGTCTGCGATGGAGCTACTTTTAACCCAGG,...(((.(.(((((....))))).).))).,57.997342178758075
CGCATTCAGTCTAAATGAATGGAAATCGTT,..((((((.......)))))).........,57.884898996939896
GGGTCTGTCATGGATTGTTCTCAAACAACT,.(((.(((...(((....)))...)))))),57.84438265223985
GGGTAGGTAAGGGATTGTTCCCAACCAATT,.....(((..((((....)))).)))....,57.79300682063059
GGGTCTGTAATGGATTGTTCTCAACGAACT,.(((((.....)))))((((.....)))).,57.77945441588541
GGGTCTGTCATGGATTGTTCTCGACCAACT,.(((..(((..(((....))).)))..))),57.567549399314736
GGGTCTGTAATGGACTGTTCACAACCAATT,.(((((.....)))))..............,57.303526089607416
GGGTCCGTAATGGAGTGTTCTCAACCAACT,.(.(((.....))).)..............,57.17702377944053
GGGTATGTAATGGATTGTTATCAACCAACT,.(((..(((((.....)))))..)))....,57.15663947080863
GATGGCCAAACTTAGTTTGGAAATATAGTT,.((..((((((...))))))..))......,57.15523990603081
GGGTCTGTAATGGATAGTTCTCAACCAACT,(((.((((.....))))..)))........,57.00804276628362
GGGTCTGTAATGGATTGGTCTCAACCAACT,..((((.....))))((((....))))...,56.85830413788702
CAATTTTGAATAAAACTCACGTTTAAAGTT,.((((((((((.........)))))))))),56.686319451485346
GTCCATTAACATATTCTAAACTTGTTAATT,....(((((((...........))))))).,56.685637633303536
CATATATCTATATCGTAACATATAAGTAAT,....(((.(((((......))))).)))..,56.632910360576254
CGCTTAGCTAGCTTTAATAGCGTATAGGTT,.(((((....(((.....)))...))))).,56.61046717875808
GGGTCTGTAATGGATTGTTCTCACCCAACT,((((..(.(((.....))))..))))....,56.58271442357786
CGTAGCGCAATGGGTTGTTCTTAACCCAGT,..........(((((((....)))))))..,56.51413832800151
GGGTCCTTAATGGATTGTTCTCAACCAACT,.(((((.....)))))..............,56.424617754612555
GGGTCTGTAATGGACTGGTCTCAACCAACT,.(((((.....)))))(((....)))....,56.34709397999741
GATCTGATTGCTGGTTATTTTTAAATCAGG,...((((((..............)))))).,56.00984217875808
GGGTCTGTAATGGATTGTTCGCAACCAGCT,.(((.((((((.....))).))))))....,56.005878892216955
CCTATATTTCTTCAAAATGAAACTAAGGAT,(((...((((........))))...)))..,55.937171724212625
GGGTCCGTAATGGATTGTTATCAACCAACT,.(((..(((((.....)))))..)))....,55.89365997345413
CATCATCTGTATTGTGAAATATACAAGGTT,....((((((((........)))).)))).,55.83631945148535
ACAACCAGCTTTAGGTCTGTAATGGATTAT,((((((.......))).)))..........,55.78200126966717
ACAACCAACTTCAGGTCTGTAATGGATTAT,((((((.......))).)))..........,55.7777399060308
GGGTCTGTAATGGATTGTTCGCAACCCACT,((((.((((((.....))).)))))))...,55.742825488124396
GGTGGCAAGATTGTTGCAAACCAGTCCAAG,(((.((((.....))))..)))........,55.721148996939895
GGGTCTGTAATGGATTGTTCGCAACCCACC,((((.((((((.....))).)))))))...,55.65839095727397
GGGTCTGTAATGGATTGTTCGCAACCCATT,((((.((((((.....))).)))))))...,55.61077190965492
GGGTCTGTAATGGACGGTTCTCAACCAACT,..((((.....))))((((...))))....,55.45647693026891
GTAGTCGTAACATGGCAAACATTTTCAATA,...(((((...)))))..............,55.44671717875808
GGGTCTGTCAGGGATTGTTCCCAACCACCT,((((..((..((((....)))).)).)))),55.42036024587558
GGGGCAGTAATGGATTGTTCCCAACCAACT,((((((((.....)))))))).........,55.184512824003676
GGGTCTGTAACGGATTGTTCTCAACCAACT,.(((.((.(((.....)))..)))))....,55.173589018808855
GGGTCCGTAATGGAGTGTTCCCAACCAACT,((((((.....))).....)))........,55.149937058156944
AGCTTGACATGTAGTTTGAACAGGTATATT,.(((((.((.......))..))))).....,55.05609217875807
CTTCAACTTAAAATGTAAATTAGACGTTGT,...........(((((.......)))))..,55.01160354239444
TTTGCTTAACGCTCAGTTAAACAGTCCCCA,.(((.(((((.....))))).)))......,54.96830808784899
ACTTTAGGTTTAGACGTAAACGCTATACTT,....((((((((....))))).))).....,54.96472854239444
CCTATAGATCTTATGGAATGATATAAAGTT,.(((((.....)))))..............,54.9536489969399
GGGTCTGTAATGGCTTGTTCTCAACCAACT,(((((......)))))..............,54.86313849913487
GGGTCTGTAATGGATTTTTCTCAACCAACT,.(((.((....(((....))))))))....,54.707408047982376
GGGTCTGTAATGGATTGTTCACAACCCACT,((((.((((((.....))).)))))))...,54.69067811456113
GGCTCCGTAATGGATTGTTCCCACCCAACT,...........(((....))).........,54.688842689358026
GGGCTTAACGTGTACGTTTATAATACAACT,......((((....))))............,54.54188763330353
GGGTCTGTAATGGATTGTTCGCGACCAACT,.((((((.(((.....))))).))))....,54.524169149407584
ACGTGAGAACTACTTACTGTTTAACTCAGG,.(.((((....((.....))....)))).),54.28825126966717
GGGTCTGTAATGGATAGTTCCCAACCAACT,(((.((((.....))))..)))........,54.26439347575933
GTCTTAGCTATGTCTCAAACATTTGCCAGT,......((.((((.....))))..))....,54.19671717875808
GGGCCTGAATGGATTGTTCTCAACCAACTG,((....((((.....))))....)).....,54.15245463985421
GGGTCTGTAATGGATTGTTTTCGACCAACT,.((((...(((.....)))...))))....,54.11338421674765
GGTTTAAGCGTATAGTTATTTTAGCCCATC,((((..(((.....))).....))))....,54.08228536057626
TATGCGATATGTGTTAAAGTTTTATCCAGG,..((.((((.............))))))..,53.97944445148535
CCGTGTCATGTTGAATGGCCTTATCCGGTT,(((.(((((.....)))))......)))..,53.97154672421262
GGGTCTGTAATGGAATGTTCTCAACCAACT,.(((.((....(((....))))))))....,53.78353238721439
GGGTCTGTAATGGATTGTTTGCAACCAACT,.(((.(((((........))))))))....,53.78040579082789
CCCGTATGTACTTACAGTAACTAAAAGGTA,.((.....((((...)))).......))..,53.77126263330353
GGGTCCGTAATGGAGTGTCCTCAACCAACT,((((((.....)))...)))..........,53.733894188989076
GAGGTTGACTATTTTTAAACACTTATTTTC,((((((...........))).)))......,53.69359217875808
GGGTCTGTAATGGATTGTTTACAACCAACT,.(((.(((((........))))))))....,53.666907994332405
AGTGTAGCTTGCCAGTTTCACAACTCTATT,.(((.((((....)))).))).........,53.64643308784899
GGGTCTGTATTGGATTGTTCGCAACCTACT,((((.(((....((....)))))))))...,53.60371913235946
GGGTCGGTATGGGATTGTTCCCAACAAACT,.(((..((.(((((....)))))))..))),53.58117373793907
GGGTCAGTAATGGATTGTTCCCAACCAACT,(((.((((.....))))..)))........,53.47161931956697
GGGTCTGCAATGGATTGTTCGCAACCAACT,.(((.((((((.....))).))))))....,53.434370589481716
GGCTGGGTTACCATGTATCAAAATCCGTCA,(((.(((((............)))))))).,53.35069445148535
GGGTCTGTAATGGAGTGTTCTCAACCAACT,............(((....)))........,53.31285014651557
GTATTAAGATCAGTTTCCATACACTTAAAT,((((...((......)).))))........,53.30438763330353
GGGTCTGTAATGGACAGTCCTCAACCAACT,(((.((((.....)))).))).........,53.20426240312826
GGATCATCATGTTATCAACAAGTCAATTCT,((((...(.((((...)))).)...)))).,52.980523996939894
GGGTCTGTCCTGGATTGTTCGCAACCAACT,((......))(((.(((....))))))...,52.90418708037488
GGGTCCGTAATGGATCTTTCTCAACCTACT,((((((.....)))))).............,52.88410011732
CGTTCTGACTGAGTTAAATTTGCAGCCAGG,....(((.(((((......)).))).))).,52.633421724212624
GTAGCTTAAATGGCTTCCATCGTTCTATTC,..((((.....))))...............,52.60751263330353
GGGTCTGGAATGGATTGTTCGCAACCAACT,.(((.((((((.....)))).)))))....,52.55480587379431
GGGTCTGTAATGGATTGTTCGCAACCTACT,((((.((((((.....))).)))))))...,52.529267287066205
GGGTCTGTAATGGATTGCTCTCAACCAGCT,.(((((.....)))))(((.......))).,52.47873801875312
GGGTCTGTAATGGAATGTTATCAACCAACT,.(((..(((((.....)))))..)))....,52.40157697879993
AGGATTGACATACTTGCAAGATTCAATTGT,.(((((..((....))...)))))......,52.25410354239444
GGTCTGTAATGGATCTAGTCATAGAACAAT,(((((.....)))))...............,52.198735625441955
TCTTAACAATCGCTTTCATAATTGTGAATT,.........((((..........))))...,52.15325126966717
GTACGTCTAAGATATTTCAAATTGTAAGTA,.((((.....((....))....))))....,51.92285354239444
GGCGTGGTGTGAGACTCAAACAGTCAAGTT,............((((.....)))).....,51.89756945148535
GGGTCTGTAATGGAATGTTCTCAACCCACT,((((.((....(((....)))))))))...,51.85944453616659
GGGCAACAGCTAGTATTGCTACGGTTAATT,.(((...(((.......)))...)))....,51.83308081512171
GGGTCTGTAACGGATTGTTCGCAACCAACT,.(((.((((((.....))).))))))....,51.801978492841926
GGTCTGTAATGGAGTGTTCTCAACCAACTG,...........(((....))).........,51.70248521129702
CCTTCCTGCATGTACTACGCATAGGGTGTG,....(((..((((.....)))).)))....,51.68944445148535
CGGCTCCATGTATAACCAACAATAGAGGTT,.(.(((..(((.......)))...))).).,51.6252399060308
GGGGCGGTAATGGACTGTTCTCAACCAACT,((((((((.....)))))))).........,51.57781382723715
GGGTCAGTAATGGACTGTTCTCAACCAACT,(((.((((.....))))..)))........,51.57126367279543
GGGACGGTAATGGATTGTTCGCAACCAACT,.(((((((.....)))))))..........,51.22928748541991
GGGTCTGTAATGGATTATTCTCAACCAACT,.(((.((....(((....))))))))....,51.220401420335165
GGGTCTGTAATGGAATGTTCGCAACCAACT,.(((.((((((.....))).))))))....,51.13029306084621
GGGTCCGTAATGGAATGTTCTCAACCAACT,(((..(((......)))..)))........,51.12814975285386
GGGTCTGTAATGGATTGGCCTCAACCAACT,(((((...........))))).........,51.02834093408589
GGGTCTGTAATGGATTTTTCCCAACCAACT,.(((.((....(((....))))))))....,50.963549508167034
GGGTATGTAATGGATTTTTCTCAACCAACT,.(((.((....(((....))))))))....,50.90825189616032
GGGTCAGTAATGGATTGCTCTCAACCAACT,(((.((((.....)))))))..........,50.74621466383052
GGGTACGTAATGGATTGTTCTCAACCAACT,(((.(((........))).)))........,50.64286467096679
GGGGCCGTAATGGAATGTTCTCAACCAACT,((((.(((......))).))))........,50.57530999697782
GGGGCTGTAATGGACTGTTCTCAACCAACT,(((((.((.....)).))))).........,50.52244838660039
GGTCTGTAATGGATTATTCTCAACCAACTG,(((.((....(((....)))))))).....,50.320662055429906
GGGTCTGTAATGGAATGTTCCCAACCAACT,(((..(((......)))..)))........,50.310485348455884
GGGTCTGTAATGGAACGTTCTCAACCAATT,(((..(((......)))..)))........,50.26499322483876
GGGTCCGTCATGGATTGTTCTCAACCAACT,.(((((.....)))))..............,50.22826496739743
GGGTCTGTAATGGATTGTCCGCAACCAACT,.(((.(((...(((...)))))))))....,50.163170439698526
GGGGATGTAATGGATTGTTCCCAACCAACT,(((((((........)))))))........,50.10927339408461
GGGTCTGTAATGGATTTTTCTCAACCTATT,((((.((....(((....)))))))))...,49.7595340958685
GGGTCGGTAATGGACTGTTCTCAACCAACT,(((.((((.....))))..)))........,49.625099430892995
GGGTCCGTAATGGAACGTTCTCAACCAACT,(((..(((......)))..)))........,49.588227866145694
GGGTCTGTAATGGATTGTCCACAACCAACT,.(((.(((...(((...)))))))))....,49.54908464123773
GGGTCTGTAATGATTGTTCTCAACCAACTG,.((((......))))...............,49.52692567251354
GGGTCTGTAATGGAATGTTCGCAACCAACG,.(((.((((((.....))).))))))....,49.51340116950213
GGGTCTGTGATGGATTGTTCTCAACCAACT,.(((.((.((........)).)))))....,49.51268205275824
GGGTCGGTAATGGAATGTTCTCAACCAACT,.(((.(((...(((....)))..))).))),49.464852158314145
GGGTCTGTAATGGATGGTTCTCAACCAACT,...........((.(((((...))))).)),49.4081150163044
GGGTCTGTAATGGATTGCTCCCAACCAACT,(((...((((....)))).)))........,49.32600175308573
AGATGCCACAGTTTCGGATACAGGTCAATT,.....((........)).............,49.14160354239444
GGGTCTGTAATGGAATGTTCACAACCAACT,.(((.((((((.....))).))))))....,49.11022897837084
GGGTCTGTAATGGATTGCCCTCAACCAACT,((((............))))..........,49.09557875718863
GGAGGCCTTAACGTAGTTACGATACCACTT,...((...((.(((....))).))))....,49.05808081512171
GGGTCTGTAATGGAATTTTCCCAACCAACT,(((...((......))...)))........,49.03108904752344
GGTCTGTAATGGATTGCTCTCAACCAACTG,(((..((((....)))).....))).....,48.994725040897876
GGGTCTGTAATGGATTTTTCGCAACCAACT,.(((.(((....((....))))))))....,48.99176976654543
GGGGCAGTAATGGATTGCGCTCAACCAATG,((((((((.....))))).)))........,48.96809717946304
GGGTCTGTAATGGATTGTCCCCAACCAACT,(((.(...........).))).........,48.87015293556797
GGGACGGTAATGGAGTGTTCTCAACCAACA,((((((.(.....).)))))).........,48.79026481827225
GGGTCTGTAATGGACTTTTCCCAACCAACT,(((...((.....))....)))........,48.650998300541865
GGGTCTGTAATGGAATGTTCTCAACCTACT,((((.((....(((....)))))))))...,48.6458863351084
GGGTCCTTAATGGATTTTTCTCAACCAATT,.(((((.....)))))..............,48.60208739145719
GGGTCTGTAATGGCTTGTTCCCAACCAACT,(((((......)))))..............,48.54259862324767
GGGTCTGTAATGTATTGTTCTCAACCAACT,.(((.((..(........)..)))))....,48.54257776363508
GGGTCTGTAATGGCTTGTTCGCAACCAACT,(((((......)))))..............,48.536852450128805
GGGGCCGTAATGGACTGTTCTCAACCAACT,(((((.((.....)).))))).........,48.52345848761049
GGGTCGGTAATGGATTGTCCTCAACCAACT,.(((.(((...(((...)))...))).))),48.47820818809471
GGGTCTGTAATGGGTTGTTCGCAACCAACT,............(((((....)))))....,48.46796390895111
GGGTCAGGAATGGAATGTTCTCAACCAACT,.(((..(((((.....)))))..)))....,48.43948016079197
GGGTCTGTAATGGAGTGTTCTCAACCAGCT,.((.(((.....(((....)))...))))),48.40187481516705
GGGGCGGGAATGGAATGTTCTCAACCAACT,.((..((((((.....))))))..))....,48.36583701316539
GGGTCCGTAATGGAAGGGTCTCAACCAACT,(((.((.(......).)).)))........,48.31593787646112
GGGGCTGTAATGGAGTGTTCTCAACCAACT,............(((....)))........,48.22679468202239
GGGGCAGTAATGGAATGTTCTCAACCAACT,((((((.........)))))).........,48.158787636356635
GGGTCTGTAATGGCTTGTTCTCAACCTACT,(((((......)))))..............,48.083197440682895
GGGTCTGTAATGGATTGCCCCCAACCAACT,(((...((((....)))).)))........,48.07918806656525
GGGTCGGTAATGGAGTGTTCTCAACCAACT,.(((.(((....(((....))).))).))),47.99618188671244
GGGTCTGTAATGGAATGTCCTCAACCAACT,.(((..((...(((...)))...))..))),47.879947367353616
GGGCTGTAATGGATTTTTCTCAACCAACTG,.((.((....(((....))))).)).....,47.85813881416448
GGGTCTGTAATGAATTGTTCTCAACCAACT,.(((.((..(........)..)))))....,47.84579627218538
GGGTCTGTAATGGCTTGTTCACAACCAACT,(((((......)))))..............,47.79720507656553
GGGTCAGTAATGGATTGCTCGCAACCAACT,(((.((((.....)))))))..........,47.796546854787714
CCAACCAACTTTAGGTCTGTAATGGATTAT,((((((.......)))......))).....,47.640902784818685
GGGTCTGTAATGGATCTTTCTCAACCCATT,((((.((....(((....)))))))))...,47.629833571943294
GGGGCCGTAATGGAATGTTCCCAACCAACT,((((.(((......))).))))........,47.4372703745632
GGGTCTGTAATGGATTGTACGCAACCAACT,((...((((........))))...))....,47.409032112135804
GGGTCTGTAATGGATTGTTCTCCACCAACT,.(((.((...((((......)))).))))),47.38776071405146
GGGTCTGTAATGGAGGGTTCTCAACCAACT,...........((..((((...))))..)),47.32924712772265
GGGTCCGTAATGGAATGTACTCAACCAACT,((((.(((......))).))))........,47.2999187132281
GGGTCTGTAATGGAGTGTTCGCAACCAACT,.(((.((((((.....))).))))))....,47.24008480895186
GGGTCTGGAATGGAGTGTTCTCAACCAACT,.(((..(((((.....)))))..)))....,47.22136423282636
GGGTCAGTAATGGAGTGTTCTCAACCAACT,............(((....)))........,47.216073474885285
GGGTCTGTGATGGATTGTTCGCAACCAACT,.(((.(((((........))))))))....,47.15933549313014
GGGTCTGTAATGTCTTGTTCTCAACCAACT,.(((.((..(........)..)))))....,47.157957754015065
GGGGCCGTAATGGATTGTTCCCAACCAACT,((((.((........)).))))........,47.15594061853798
GGGTCTGTAATGGAAAGGTCCCAACCAACT,((((((.........))).)))........,47.101855369657095
GGGTCTGTAATTGATTGTTCTCAACCAACT,.(((.((.(((.....)))..)))))....,47.0599919543056
GGGTCCGTAATGGAACGTTCCCAACCAACT,(((..(((......)))..)))........,47.05372359726642
GGGTCCTTAATGGATTGTTCTCAACCCACT,((((((.....)))..........)))...,47.043693679524324
GGGGCTGTAATGGAATGTTCTCAACCAACT,(((((...........))))).........,47.02290011609726
GGGTCTGTAATGGATTGCCCGCAACCAACT,.(((.(((...((....)).))))))....,46.98584942415199
GGGTCTGTACTGGCTTGTTCTCAACCAACT,(((((......)))))..............,46.91335576690111
GGGTCTGTAATGGAATGTGCTCAACCAACT,((....(((........)))....))....,46.851718147526206
GGGTCAGTCATGGATTGTTCTCAACCAACT,(((.(((((...)))))..)))........,46.834392329742855
GGGTCGGTAATGGATGGTTCTCAACCAACT,.(((.(((...(((....)))..))).))),46.7965207782823
GGGTCAGTAACGGATTGTTCTCAACCCACT,((((.((.(((.....)))))..))))...,46.768309962298396
GGGTCTGTAGTGGACTGTTCTCAACCAACT,.(((((.....)))))..............,46.74074677445469
GGGTCTGTAATGGATTGCTCGCAACCAACT,.(((.(((...((....)).))))))....,46.72853217126386
GGGTATGTAATGGATTGGTCTCAACCAACT,...........((.(((((....))))))),46.71974019667958
GGGTCGGTAATGGATCGTTCCCAACCAACT,(((.((((.....))))..)))........,46.70718216297573
GGGTCAGTAATGGAATGTTCTCAACCAACT,((...((.(((.....)))))...))....,46.6946345401265
GGGGCTGTAATGGATTGTTCCCAACCAACG,(((((...........))))).........,46.67535628625937
GGGTCTGTAATGGATTATTCGCAACCAACT,.(((.(((((((...)))).))))))....,46.65713773351807
CGATCCGTAATGGAGTGTTCTCAACCAACT,............(((....)))........,46.63145496839178
GGGGCCGTAATGGAACGTGCTCAACCAACT,.(((((((......))).))))........,46.60188063740388
GGGTCTGTAATGGCTTGTTCTCAAACAACT,(((((......)))))..............,46.50543319104365
GGGGCGGTAATGGAGTGTTCTCAACCAACT,.((..(((....(((....))).)))..)),46.40327121968845
GGGTCTGTAATGGGGGGTTCTCAACCAACT,...........((..((((...))))..)),46.37051245961298
GGGGCGGTAATGGATTGGTCCCAACCAACT,(((((.(........).)))))........,46.36586125345862
GGGTCTGTAATGGATTTTCGCAACCAACTG,.(((.(((((......)).)))))).....,46.237835115718624
GCCAATCGATTAGTCGAGTCTGTAATGGAC,.....((((....))))((((.....)))),46.20756945148535
GGGTCTGTAATGGAGTGTCCTCAACCAACT,.(((..((...(((...)))...))..))),46.026245638074116
GGGTCTGCAATGGATTGTTCCCAACCAACT,(((...((((....)))).)))........,45.95223284307387
GGGTCTGTAATGGCTTGTTCTCAACCCACT,((((.((..(........)..))))))...,45.930580621669336
GGGTCTGTAATGGAGTGTTCTCGACCAACT,.((((.......(((....)))))))....,45.91034944239168
GGGTCTGTAATGGAGTGTTCCCAACCAACT,.(((.((....(((....))))))))....,45.874165187643
GGGTCTGTAATGGATCGTTCGCAACCAACT,.(((.(((((((...)))).))))))....,45.83596259625884
GGGGCAGTAATGGAATGTCCCCAACCAACT,((((((.........)))))).........,45.76193696588327
GGGTCTGTAATGGAATTTCCTCAACCAACT,.(((..((...(((...)))...))..))),45.73213751780327
GGGGCAGTAATGGATTGTGCCCAACCAACT,.(((((...........)))))........,45.72371502914734
GGGTCTGTACTGGATTGTACTCAACCAACT,((....((((......))))....))....,45.70889701824913
GGGTCTGTCATGGACTGTTCTCAACCAACT,.(((((.....)))))..............,45.69329554425029
GGGGCCGTAATGGACTGCTCCCAACCAACT,(((((.((.....)).)).)))........,45.64653448568649
GGTCTGTAATGGATTGCTCGCAACCAACTG,(((.(((...((....)).)))))).....,45.63615364991532
GGGTCAGTAATGGCTTGTTCTCAACCAACT,((((((....))))))..............,45.6319085423338
GGGTCTGTAATGGATTGTCCTCAACCAGCT,.((.(((....(((...))).....))))),45.61398986096222
GGGTCCGCAATGGAGCGTTCTCAACCAACT,(((..(((......)))..)))........,45.5647714502947
GGAACGGTAATGGATCGTTCTCAACACACT,((((((((.....)))))))).........,45.28388554939297
GCCCGGGTGCCCAATTACTCTTGGACTATC,..(((((.(........).)))))......,45.282171724212624
GGGTCGGTAATGGATTGCTCTCAACCAACT,.(((.(((...(((....)))..))).))),45.24561953026871
GGGTATGAAATGGAATGTTCTCAACCAACT,.(((.((((((.....))).))))))....,45.226462958505195
GGGGCAGTAATGGAGTGTTCCCAACCAATT,((((((.(.....).)))))).........,45.175573259830685
GGGTCTGTAATGGCTTGCTCTCAACCAACT,((((..((....))..))))..........,45.03026042365026
GGGTCCGTAATGGATCGGTCCCAACCAACT,(((.(((........))).)))........,44.95990771346894
GGGTCTGTAATGGATTGCGAGCAACCAACT,.(((.(((..((.....)).))))))....,44.929149863723744
GGGTATGTAATGGAATGTTCTCAACCTACT,((((.((....(((....)))))))))...,44.851799634771695
GGGTCTGTAGTGGAGTGTTCTCAACCAACT,.........((.(((....))).)).....,44.78869239573463
GGGTCTGTAATGGCTTGTTCTCAACCCCCT,((((.((..(........)..))))))...,44.74773339240621
TAATGGATCCAATTCGTTTTGTTCTATCCA,..(((((..(((......))).)))))...,44.62393308784899
GGGTCTGGAATGGACTGTGCTCAACCAACT,.(((((.....)))))..............,44.56655914773542
GGGTCTGTAATGGATTGCTCTTAACCAACT,.(((..((((....)))).....)))....,44.53876783585886
GGGGCAGTAATGGAATGTTCCCAACCAACT,((((((.........)))))).........,44.40553965948597
GGGTCAGTAATGGAATGTTCTCAACCAATT,((...((.(((.....)))))...))....,44.295260714464085
GGGTCTGTAACGCATTGTTCTCAACCAACT,.(((.((.(((.....)))..)))))....,44.25781865142868
GGGTCCGTAATGGAGTGGTCGCAACCAACT,...(((.....))).((((....))))...,44.215440293218954
GGGTCCTTATTGGATTGTTCTCAACCTATT,.(((((.....)))))..............,44.1934946451271
GGGTCCGCAATGGATTGTTCGCAACCCACT,((((..(((((.....))).)).))))...,44.13798288197131
GGGTCTGTAATGGAATGTTCTAAACCAACT,.(((..((..((((....)))).))..))),44.08390071224174
GGGGCAGTAATGGAGCGTTCTCAACCAACG,((((..((......))..))))........,44.0589994445227
GGGCCTGTAATGGATTGCTCTCAACCAACT,((((............))))..........,44.0266260524302
GGGGCTGTAATGGATTGTCCTTAACCAACT,(((((...........))))).........,43.98347016312325
TGGTCTGTAATGGAGTGTGCTCAACCAACT,((((..(((........)))...))))...,43.975492756941634
GGGGCCGTAATGGAAGGTTCTCAACCAATT,((((((.........)))))).........,43.917560162131466
GGGGCTGTAATGGAATGCTCCCAACCAACT,(((((...........)).)))........,43.90983854099479
GGGTCAGTCATGGATTGTTCCCAACCAACT,(((.(((((...)))))..)))........,43.69635270732823
GGGTCTGTAATGGAGCGTCCTCAACCAACT,.(((..((...(((...)))...))..))),43.69091427345502
GCGTCCTTAATGGATTGTTCTCAACCTACT,..((((.....))))...............,43.56461509969273
GGGTCTGTAGTGGATTGTTCGCAACCAACT,.(((..((.(((((...))))).))..))),43.563080534014446
GGGTCTGTTTTGGATTGTTCTCTACCAACT,.(((((.....)))))..............,43.55443875377167
TCCAATATTTCCAAATAGTCTGTAATGGAT,((((.(((.............))).)))).,43.54970960300051
GGGTCTGTAATGGATCGTTCGCAACCAATT,.(((.(((((((...)))).))))))....,43.451797125052465
GGGGCTGTAATGGAATGTTCCCAACCAACT,(((((...........))))).........,43.43604104219729
GGGGCCGTAATGGAATTTTCTTAAACCAAT,....((.....)).................,43.38167785612515
GGGTCTGTAACGGACTGTTCTCAACCAACT,.((((((...))))))..............,43.36069447651835
GGGACCGTAATGGAGTGTTCTCAACCAACT,((((((........).))))).........,43.357971781667494
GGGTCTGGAATGGGGTGTTCTCAACCAACT,.(((..(((((.....)))))..)))....,43.264491500834964
GGGTCGGTAATGGAGTGTCCTCAACCAACT,.(((.(((...(((...)))...))).))),43.2395117945328
GGGTCAGTAATGGAATGTTCCCAACCAACT,(((.((.........))..)))........,43.15690484244
GCGGTACCAAATGCTTGTTGGACCATCCGG,..(((.((((.......)))))))......,43.135580815121706
GGGGCAGTAATGGATCGTTCTCAACCAACT,((...((.((((...))))))...))....,43.13446526152332
GGGTCTGCAATGGAATGTTCTCAACCAACT,(((...(((......))).)))........,43.11685538607068
GGGTCTGTAATGGATTGATCTCAACTAACT,(((((...........))))).........,43.116777381897336
GGGTCGGGAATGGAGGGTTCTCAACCAACT,.(((.((((((.....)))))).)))....,43.11433301302873
GCATGGAGTGACCCTTTTTGTTGGGGGACC,.......((..(((........)))..)).,43.06200126966717
GGGGCAGAAATGGAATGTTCTCAACCAACT,((...((((........))))...))....,43.02917691839612
GGGTCAGTAATGGAATGGGCTCAACCAATC,(((((.((......)).)))))........,43.007465911400296
TGGTCTGTACTGGATTGTTCGCAACCAACT,((((.(((((......))..)))))))...,42.911860274796496
GGGGCCGTAATGGAGAGGTCCCAACCAACT,((((((..........))))))........,42.91087648159494
GGGTCTGTACTGGATTGTTCGCAACCAACT,.(((.(((((......))..))))))....,42.757204218304025
GGTTGGAAGTGCAATGTACTTATGATGATC,.(((..((((((...))))))..)))....,42.73955808784899
GGGGCCGTTATGGGATTTTGTGAACCCAAT,..........((((.((....)).))))..,42.72505150369184
GGGTCGGTAATGGATTGTTTCCAACCAATT,.....(((..((((.....)))))))....,42.64810441569787
GGGTCTGTATTGGATTGCTCTCAACCAACT,.........((((.(((....)))))))..,42.50579484850698
GGTCCGTAATGGGGCGTTCTCAACCAACTG,.((((......))))...............,42.412600034940326
GGGGCAGTAATGGAATGATCCCAACCAACT,((((((.........)).))))........,42.31790287497418
GGGTCAGTAATGGAATGTGCTCAACCAACT,((...((((........))))...))....,42.26948021994235
CCCAATATTTCCAAATAGTCTGTAATGGAT,.(((.(((.............))).)))..,42.23720960300051
GGGGCCGTAATGGAACGTTCGCAACCAACT,(.((.(((......))).)).)........,42.195548092215915
GGGTCTGTAATGGATTGCTCTCAACTAACT,(((...((((....)))).)))........,42.140034942118916
GGGTATGTAATGGCTTGTTCTCAACCCACT,((((.((..(........)..))))))...,42.13142446984729
GGGGCAGTAATGGAATGCGCCCAACCAACT,.((((.(((......)))))))........,42.09923827259513
GGGTCGGGAATGGATTGGTCTCAACCAACT,.(((.((((.........)))).)))....,42.09736672467403
GGGGCAGTAATGGAGTGTGCCCAACCAACT,.(((((...........)))))........,42.05347092140323
GGGTCTGTATGGATTGCCCTCAACCAACTG,((((...........))))...........,42.020950562188595
GGGTCTGAAATGGATTGTTCGCAACCAACT,((...((((........))))...))....,41.97139116233372
GGGTCCGCAATGGAATGTTCTCAACCAACT,((((((.....))).....)))........,41.77731714995135
GGGACAGTAATGGTTTGCTCTCAACCAACT,((((.(((((....))))).))..))....,41.750150919337145
GGGTCCTTAATGGACTTTTCTCAACCTATT,.(((((.....)))))..............,41.738589315459116
GGGTCAGTAATGGAATGTGCCCAACCAACT,((((((.........)).))))........,41.715111569057875
GGGTCCTTAATGGATTTTTCTCAACCCATT,((((((.....)))..........)))...,41.57327520910586
GGGTCTGTACTGGAATGGTCTCAACCAACT,(((.((((......)))).)))........,41.56017636873368
GGGTCCGCAATGGATCGTTCTCAACCAATG,.(((((.....)))))..............,41.55271331997078
GGGTCTGTTATGGCATGTTCTCAACCAACT,..(((......)))................,41.32657350489738
GGGTCTGCAATGGATTGTTCTCAACACCTT,(((...((((....)))).)))........,41.190222862313895
GGGTCTGTAATGGACTGTTCCCAACCCATT,((((.((....(((....)))))))))...,41.167806619172666
GGGTCGGTAATGGAGTGCTCTCAACCAACT,.(((.(((....(((....))).))).))),41.001005949362806
GGGTCTTTAATGGATTTTTCTCAACCTACT,((((......((((....)).))))))...,40.97956935957846
GGGTCTTTAATGGCTTTTTCTCAACCAACT,.((((......))))...............,40.915500598232455
GGGGCTGTAATGGAATGTGCGCAACCAACT,((.((.(((........)))))..))....,40.89156719016138
GGGTCTGTAATGGCCTGTTCCCAACCCACT,(((((......)))))..............,40.87937949936496
GGGTCTGTGATGGATTGTTCGCAACCGACT,.(((.(((((........))))))))....,40.61815133007099
GGGTCCGTAATGGGTTGTTACCAACCAACT,.(((..(((((.....)))))..)))....,40.61087613750574
GGGTCAGTAATGGAAAGTGCTCAACCAACT,((...((((........))))...))....,40.55706824721442
GGGTCCGTATTGGATTGTTCCCAACCAATT,((((((.....))).....)))........,40.514403851618994
GCAGGGTTGCGCAATAACTTTTGAAGACTG,....((((...(((......)))..)))).,40.28075126966717
GGGTCTGTAATAGATTGTTCCCGACCAACT,.((((.(.((((...)))).).))))....,40.275084249017304
GGGTCTGTTATGGCTTGTTCTCAACCCACT,((((.((..(........)..))))))...,40.133449181247
GGGTCCGTAATGGAACGTGCGCAACCAATT,(.((.(((......))).)).)........,39.989437756211004
GGGTAAGTAATGGCTTGTCCCCAACCAACT,((((((((....))))).))).........,39.93774217243472
GGGTCCGGAATGGAAGGTTCTCAACCAATT,.(((..(((((.....)))))..)))....,39.926474425317885
GGGTCAGTAATGGAATGTGCTCAACCAATT,((...((((........))))...))....,39.88024529725064
GGGTCCGTAATGGCTTGTTCCCAACCAACT,(((..((........))..)))........,39.81218824017326
GGGGCCGTAATGGAGTGTTCCCAACCAACT,((((((........).))))).........,39.711594443309735
AGGTATGTAATGTATTCTTCTCAACCAACT,.(((.((..(........)..)))))....,39.687250683307994
GGGTCCGGAATGGACGGTGCTCAACCAACT,..((((.....))))(((.....)))....,39.63851006628348
GGGGCTGAAATGGATAGTTCTCAACCAACT,(((((((.......))))))).........,39.60350953183341
GGGTCAGTAATGGAATGTGCTTGACCAACT,.((((((((........))).)))))....,39.478720312028365
GGCGGCTTGTCGATTACTTTCTGGCCTATA,...((((...............))))....,39.448080815121706
GGGTCGGTAATGGATGGTTCGCAACCAACT,.(((.(((..((((....)).))))).))),39.341977732361244
GGGGCAGTAATGGAAAGTTCCCAACCAACT,(((((...........))))).........,39.26370317436892
GGGTCTGTAGTGGATTGTCCCCAACCAACT,(((.(...........).))).........,39.10131543799775
GGGGCAGAAATGGATTGTTCGCAACCAACG,((.((.(((........)))))..))....,39.06723952693208
GGGTCTTTAATGGATCTTTCTCAACCCATT,((((......((((....)).))))))...,38.99818232771675
GGGGCTGTAATGGATTTACCCCAACCAATT,((((..............))))........,38.855359880558765
GGGTCTGTACTGGCTTGTTCTCAAACAACT,(((((......)))))..............,38.75335906673851
GGGTCCTTATTGGATTTTTCTCAACCTATT,.(((((.....)))))..............,38.75006030169276
GCCAGGTGTCCATACTAACTTTGAAATGTC,....((((....))))..............,38.4514899060308
GGGTTAGTTTGGGCGTGTTCTCAACCAACT,.((((.(((.(((......)))))).)))),38.23499852894741
GGGTCTTTTATGGATTTTTCTCAACCTATT,((((......((((....)).))))))...,38.1335797010888
GGGGCTGTAATGGAACGTTCGCAACCAACT,..((.(((((((...)))).))).))....,38.128837213411096
GGTCAGTAATGGACAGTGCTCAACCAACTG,(((.((((........))))..))).....,38.0895139209628
GGGTCTGTCATGGATTGCTAGCAACCAACT,.(((.(((..(((....)))))))))....,38.058039859979246
GGGTATGTATTGGATTGTTCCCAACCAATT,........(((((.(((....)))))))).,37.99724547094118
TAGAAGGTGGACCTTTAAGGCGGAACCACT,.....(((((.((........))..))))),37.901736118152016
CGGGACTGTAATGGAATGTTCTAAACCAAC,.(((((...........)))))........,37.88964309470748
GGGTCCTTTTTGGACCTTTCTCAACCCATT,((((((.....)))))).............,37.56832594628476
TAGAAGGTGGATCTTGAAGGCGGAACCACA,......((((.(((.......))).)))).,37.53383839087929
GGGTAAGTACTGGAATGTTCTCAACCAATT,((...((.((......)).))...))....,37.413138560212445
ACAACCAACTTTAGGGCTGTAATGGATTAT,(((.((........)).)))..........,37.405959603000504
GGGTCTGTACTGGATTGTTCTCTCCCCACT,(((...(.((......)).)...)))....,37.217375245936466
GGGTCTGTCATGGATTGGTCTCAACCCACT,((((.((..((......))..))))))...,37.07764523409411
GGGTCGGTAATGGACTGTTCACAACCAACT,.(((.(((..((((...))))..))).))),36.81072685712302
GGGTCAGTAATGGAGTGTTCGCAACCAACT,.(((..(((((.....))).)).)))....,36.681452873826146
GGGTCTGTCATGGCTTGTTCTCAACCCACT,((((.((..............))))))...,36.67551921900899
AGTCTGTAATGGATTTTCAAAAAAACCAAT,.........(((.((((....)))))))..,36.50531660459728
GGGCCCGTAATGGATTTTTCTCAACCCATT,(((.....................)))...,36.47952495717112
GGGGGCGGAATGGGGTGTTCTCAACCAAAT,(((((((........)))))))........,36.40623319705708
GGGTCAGCAATGGCTTGTTCCCAACCAACT,(((.((((....)).))..)))........,36.387513697206245
GGGTCTTTAATGTATTTTTCTCAACCCACT,((((...................))))...,36.31877350225837
GGGTCTGTAATGGCATTGTACCAACCTACT,((((..(((.........)))..))))...,36.28577865160253
GGGTCTGTATGGGCTTGTTCTCAAACCCCT,(((...((.((((......)))).))))).,36.21371823428895
GGGTCTTTAATGTATTTTTCTCAACCCATT,((((...................))))...,36.19178937527424
GGGTCTGTTTTGGCTTGCTCTCAACCACCT,(((((......)))))..............,36.17412679525941
GGGTCCTTTTTGGATCTTTCTCAACCCATT,((((((.....)))))).............,36.16564136235017
GGGGCGGTAAGGGAATGTTCCCAACCAATG,.....(((..((((....)))).)))....,36.02876985330818
GGGTCAGTATGGGCTTGTTCTCAACCCACT,((((.....((((......))))))))...,35.786654441600156
GGGGCAGAAATGGAATGTGCCCAACCAACG,.(((((.(.......).)))))........,35.75827444284832
GGGTCAGTTATGGCTTGTTCTCAACCCACT,((((((....))))))..............,35.718360548454
GGGTCAGTATTGGCTTGTTTTCAACCAACT,((((((....))))))..............,35.675888205981664
ACCAACACGTTTTACTGGTCTGTAATGGAT,.(((.......((((......)))))))..,35.37003159382019
GGGGCAGGAATGGATAGTTCCCAACCCACT,(((...(((((.....)))))...)))...,35.35473423584426
GGGTCTGTAAGGGAATGTTCGCAACCAATT,.(((.(((.((......)).))))))....,35.34036769681657
TAGTCTGTAATGGATATGTCTATACCAATG,.....((..(((((....)))))..))...,35.32961379705951
GGGTCGGTAATGGCTTTTTCGCAACCAACT,.(((.(((....((......)).))).))),35.30181550826438
GGGGCAGTTATGGATTGTTCGCAAACCATT,.((((((((...))))))))..........,35.1645589196233
GGGTCCGGAATCGACCGGTCTCAACCAAAG,(((.((((......)))).)))........,35.11372327642215
GGCGCTGTAATGGAATCTTCGCAACCAACC,.(((..(.........)..)))........,35.08526157608546
CCCAATATTTCCAAATAGTCTGTAATGGCT,................((((......)))),35.076414148455044
GGGTCAGAAATGGAGCGTTCTCAACCAATT,((...((((........))))...))....,34.9509042695143
CGGGTTCGTAATGGGTTGTTTCCAACCCAC,...........(((((((....))))))).,34.67831528442531
GGGGCCGTATTGGCATGTTCCCAACCAATT,((((((.....))).....)))........,34.36116101012314
GTTAAACCATGAGAGTCATGGTTAATCTAT,....((((((((...)))))))).......,34.22811869390959
GGGGCGGTAATGGAAAGGGCGCAACCAAAG,((.(((.(.........).)))..))....,34.21269225841071
GGGTTCGTAATGGTTTGTTTTTAACGAACT,.(((((((...............))))))),34.058006886330766
GGGTCCTTATTGTATTTTTCTCAACCCATT,((((...................))))...,33.579330492443525
GGGGCAGTAAGGGATAGGTCCCAACCAACG,(((((............)))))........,33.39500879004953
GGTTCTGTAATCGCTTGTTCTCAACCCACT,((((..(.(((.....))))..))))....,33.334548750033775
GGGGGTGTAAGGGATCGTTAGCAACCAACT,((..((.(((.(...).)))))..))....,32.97094614175419
GGATATTTTGATGGATTTTTCCGAACCAAC,.......(((.((((....))))...))).,32.896785228827454
GGGGCAGTAAGGGAATGTTCGCAACCAACT,.(((((.........)))))..........,32.833428232610544
GGGGCTGTAAGGGAGCGTTCGCAACCAACT,..........((..((....))..))....,32.70411726579958
GGGTCCTTTTTGGCTTTTTCTCAACCTATT,((((((.....))..........))))...,32.41556921227802
GGGTCTTTTTTGGCTTGTTCTCCACCCCTT,(((((......)))))..............,32.40702121565383
GCGTCCTTTTTGGACCTTTCTCAACCTCTT,..((((.....))))...............,32.04212435058015
GGGGCAGTAATAGATCGTTCCCAACCAACT,((((..(........)..))))........,32.00607236252124
TCGAGTTGCAATTGATTGTTCAACCAAGAG,((..((((.(((.....)))))))...)).,31.9633108870066
GGGTCAGTAATGGAGTGTTCCAAAGCAACT,......((..((((....))))..))....,31.876601531547244
GGGGCTGGAATGGATTGGGGAAAACCAATA,.............(((((......))))).,31.534816650640526
GCCAATCGCTTAGTCGAGTCTGTAATGGAT,.(((...((((....))))......)))..,31.50226642118232
AACAATCTCATCCGAGAGTCTGTAATGTAT,.(((..(((......)))..))).......,31.483295496790884
GGGCAAATCTTTAATGATTGTTGTCTCATC,(((((((((......)))..))))))....,31.465487414183123
TATAGTTCTAGCTTTATGCGGAACCAGCTG,....(((((.((.....)))))))......,31.432133845424744
GGGGCTGTAACGGATAGTCCTCAACCCACT,((((((((.....)))))))).........,31.382904673728554
GGGTCCTTTTTGTCTTTTTCTCAACCTATT,((((...................))))...,30.830133161996198
GACGTAGTAATGGTTTGCTCACAACCCACT,...(((((((....))))).))........,30.742349692785915
GGGGCCGTATTGGCATGTTCCCAAACAACT,((((((.....))).....)))........,30.66755080088793
ACACAATGTGTACGAGGTATATTAATGTCT,..(((..((((((...))))))...)))..,30.65368687572777
GGGTCAGCATTGGCTTGTTCTCAAACAACT,((((((....))))))..............,30.63253052199898
GGGTGTGTAAAGGATTGGTCTCAACCTACT,..........(((.(((....))))))...,30.499227124426
GGGGCCGAAATGGAACTTGCGCAACCAATG,((.(((((........))).))..))....,30.254185938759818
AGGTTGGAATGGACTGAGCTACAAACTAAT,((.((((......)))).))..........,30.166382801906046
GGGTTGTAATGAATCGTATATAATTTCAAT,.((((......))))...............,29.970379746861603
GGGTCTGTATTGGCTTTCTCGCAACCCCCT,((((.(((............)))))))...,29.954811239385116
ATAAGTACACTTTTGGTCTGTAAGTTTCAT,...((..((....))..))...........,29.742039148455046
GGGTCTGGAAGGGATGGTTCTCAAACAAAG,.....((...((((....))))...))...,29.706037162723383
GGGTCCTTAATGTATCTTTCTCAACCTATT,((((...................))))...,29.677843900331936
GTCATGTAAGGGAGTATGTTCCCCAACTCT,.....((..((((......))))..))...,29.458450308649184
TGGAATGCGAAATTCTTTAAGGCGTACTAT,(((.((((.............)))).))).,29.41821339087929
TACAACATCCCTCATACGGATTTAAAGTAT,......((((.......)))).........,29.313156572697473
CTCAATGGTGGATCTTTTCCAGGAACCGAT,......((((((.....)))....)))...,29.28781566360656
GGGGCAGTTATGGCATGTTCCGAACCACTT,((((((((....)).)))))).........,29.130959566138714
GGGTCCGTATAGGCATGCTCCAAACCAACT,((((((.....))...)).)).........,28.842910208131677
AAAGCTGGATTTGTCAAGGACTTAACCAGT,...(((((.(..(((...)))..).))))),28.839804299970197
TAGAAGTTTGATCCTCAAGGCGGAACCACT,.....((((...((....))..))))....,28.751736118152017
GGGTCCTTGATGGCTTGTTCCCAACTAATT,(((..(..(....)..)..)))........,28.587276924636946
ACAACCACCTTTAGGTTTGTAAGGGATTAT,.......((((((......)))))).....,28.38323233027323
GGTGTGTGTAACTTGTTGCGCAAACAGGCT,.((.(((((((....))))))).)).....,28.335509591958466
CAAACAGCTCAATCGAGAGTTTGAGGTGTT,..((((.(((((.(....).))))).)))),28.26419823936414
GGGTCCTTTTTCGCTCTTTCTCAACCTATT,((((........))))..............,27.989333799321834
ACCAATTAGCAGAGATAATGTACAATGGAT,.(((....(((.......)))....)))..,27.868175512091412
GCGTGTGTTGGCAATGAGTCTGTACCAGCT,((..(((..(((.....)))..)))..)).,27.844144520965234
GGGTATGTATCGACGGAGCTCAAACCCACA,((((.((..((....))...)).))))...,27.670424214373092
GGGGCGGGAATGGAGGGTTTCCAAACAAAA,.....((((((.....))))))........,27.641246148978006
GGGGCGGGAATGGAGGGGTCTCCAACAAAA,..........(((((....)))))......,27.50942884400272
TAAGACGGTGTAGTTTAACCGAACCACGAT,.....((((........)))).........,27.304292936333834
GGTGTACGCTGTCAATTATTCTACACCAAT,((((((...............))))))...,27.20946156869659
CTCAGTCAACTATAGTCAAGAATGGATGAT,....((((.((((........)))).)))),27.06050505754596
AACATGTCAATCTAGATTGTATGATAGTAT,.((.(((((..(......)..)))))))..,26.851414148455046
GCATCACCGTTTCGGTATTAGATGGATTAT,.((((((((...))))....))))......,26.680959603000503
CTAGGGTGGAACTTTAATCCGAAAGGACAG,.((((((...)))))).(((....)))...,26.582986118152018
ACAACAAACTTTAGGATAATAGGAAGTTAC,......((((((..........))))))..,26.535220966636864
GGATCGGTAGGGTACTGTTTCCAATGATCT,((((((...(((.......)))..)))))),26.521479409178287
TCACAATTCTAGCGTCAGTGTAATGATTGT,..((((((...((....)).....)))))),26.390050512091413
TACATTCTCTACAGGTGTGTAGTATGATAT,..(((...(((((....))))).)))....,26.259652784818684
GAGTGCTGGAATGACTAGTCTCTAAGCCAT,(((.(((((.....))))))))........,26.170193703264417
GGGTCCTTATTGTATCTTCCTCAACCTATT,((((...................))))...,26.024825622313656
GGGGCAGTAAGGGAATGGTGGCAACCCACT,................(((((....))))),26.012528290852167
AGCAACCAATTATGTCCACAATTGATAATC,......(((((........)))))......,25.967323239364138
GGGGGTGGAATGGGACGTAGACGACCAACG,(..(((.(..((.....))..).)))..).,25.7801389209628
TCAAAAACTTTACGTCAGGTAAAGGGGATT,.......((((((.....))))))......,25.607380057545953
CACCATAATTTAGGATCTTAATATTAGGAT,..((........))((((((....)))))),25.594595966636867
AAGCATCTTAACCCGACGGTGTAAGGTATG,....(((((((((....))).))))))...,25.537209603000502
GGGTCCTCAATGTATCTTTCCCAACCTATT,(((................)))........,25.479944329465496
CGTACTGTAATCCATATTTATCAAATGACT,..............................,25.477769367310266
GGGTATTTCCTGGCATTTTATCAACCTACT,(((.....)))...................,25.422529406425575
GGTTGCCCTGTACGTGTTCTCAGCCAACGA,(((((...............))))).....,25.42229573363919
TCACAAGTCGGACTTTATGGCTGATACAAT,......(((((.((....))))))).....,25.32446339087929
CAACTAACTTATCCTCAGTGTAATGTTATA,....((((((((.......)))).))))..,25.20198233027323
TGTTCTTTATTTTCTTTTTCTCATCCTATT,..............................,25.181751149417046
GCGTCCGTATTGGCTTGCTCGCAACCGACT,(((...(((......))).)))........,25.153175837749714
GGGCCTCTTATGCGGTGTTATATACGTACT,..(((.(....).)))..............,25.02536693193448
GGACCTAGTAAATGTATTGTACTCGTGCAT,...........((((((.......)))))),24.940160265359143
TTAACACTCTAACTCGCAGTTGGAATCTAT,.......(((((((...)))))))......,24.923289148455044
GAGAGTGGTTGGATTGCTGTAGACCTAACT,......((((((.((......)).)))))),24.917347314421193
AAACGCTCTTTTTAGGTCTATCAGGACTTT,.............((((((....)))))).,24.5497096030005
GGTGCTGCATCGATTGATCTCAAGCCGCCT,((((((..(((....)))....)).)))).,24.04873409893298
TAATCGATCACGTACAGTTCGGTAATGTAT,..(((((..((.....))))))).......,23.959652784818687
GATAAATTCATCGCGGAGCTGAATGTGATG,........(((((((........))))))),23.673005057545954
GGAATCTTTACAGGGGCTTCTCAAAGAACT,....(((((...(((....))))))))...,23.53306400513788
GGGGCAGCCATGGATAGTTCGCAAACAACG,...(((((........))).))........,23.15240323072711
AGACGTGGGGGATTTTACGGCTCAATCGCT,...((((((....))))))((......)).,22.653724754515654
GGGTCCTCATTGTCATGTTCCAAACCACCT,((((.....(((........)))...)))),22.614892708841587
GGGTGCGAAAAGGATCGATCCGAACCGATT,((((.(((......))))))).........,22.60506226151114
CGGTCAGCAATGCATTCCTCTCATGTATCG,.........((((((.......))))))..,22.554665436114316
CACACACTCAGTCGTAGAGCTGATAAGTAT,.......(((((......))))).......,22.306243693909593
AACAATCATGAGAGGTCCGTCACATATGTG,.(((...(((.((......)).))).))).,21.836925512091412
AACTTTCTCATGCTGAACACTCATAAGTAT,.........(((((...........))))),21.678118693909592
AGGTCTTTTAAAAAATTCATCCATCCAACT,..............................,21.66790735432325
GGGATCGTGATGGTGTGTTGTCGACTAACT,.((.(((((((.....)))).)))))....,21.464222314421193
TAATCAACTTGGTCACTGTAGATGATTTCT,.(((((.((..........)).)))))...,21.211641421182318
TACTATCCATCCCAGATCGTTAGAATGTCA,..(((.(.(((...))).).))).......,20.71760733027323
GGGAAGAGAATGGAAGGATCACAACGTACT,..............................,20.56617575259165
AAGGGATTATAGAAGGTTATTATTATTTTT,..............................,20.090827027242923
AGCAAACGAACAGTAGGTGTAGAGGGTAAT,.((..((.....))..))............,19.0653346030005
ACAAGTTATCCGAACGTTAGAATAAATATT,..............................,18.843724754515655
GAAGTCGAATAATCCAAAGATACTTATGTA,..............................,18.37349748178838
AAGACGCTTATCCTAGAATATGACTGTACT,...(((.((((........)))).)))...,18.181243693909593
GACATCCGTATAACCACTTTAACAGATCAC,..............................,17.76575126966717
TAAGTACAATCAATTCTAACATTATCACTT,..............................,17.233402784818686
CCTGCGTGTTTATTAGTCTATCATATAATG,..............................,16.726092178758076
TAATCTCTAACACTCTGATAGTTTATGTAA,..............................,16.624917936333834
ATGAATAATGAATTAATCAAATAGATGTAT,..............................,16.081470966636864
AGCAGCAAACTCAAATCAATATTAGTCGTT,..............................,15.340523996939895
GCCGTCTCGTACTCAGCCGTCATCTTACTA,..............................,14.352998751455546
GGTATAAATGGACATTTGCAATAATTCACT,..............................,13.961148996939896
ACCACACACTAATTCGAAAATTTGTCGTAT,..............................,11.51381945148535
AATTCTGACGTTATTTCATAATACTCACAT,..............................,9.93942551209141
ACAGCCAATTTGAATCTATACATATTATTT,..............................,9.446205815121713
AACATCCGATCCCATAGGTATAAGTTATAT,..............................,7.582569451485349
TAGTGTGAGATCCTTGCCCGATATGGCGCT,.(((((.(.(((.......))).).))))),0.0
CATTCTGGAAACAACTCCATTGGTTTATGT,.....((((......))))...........,0.0
TGCAATTGGTGGGCGTCCCAGCGTCAACAA,.......(.((((...)))).)........,0.0
AAGAAGGAGTTTGACCTCTAAACATCTCTC,.(((.((.(((((.....))))).))))).,0.0
TGGGCTGTCTTTTAGGCCAGGTACCAACAT,(((.(((.....))).)))...........,0.0
GGCACGAAACAAATAGGTGGAGTTTATCAC,..(((...........)))...........,0.0
TACTAACTGCACATAGTGGAGGTAGGTAAC,..(((.((.(((...))).)).))).....,0.0
GTAAGACGTTGGCCAGGACCCGGAGCGCCT,..........((((..........).))).,0.0
TACCGTATTCGAAGAATTTCCCGATCCGGG,..(((...(((..........)))..))).,0.0
GGGGAGGAAAGGGAAAGGGAGAAAAGAAGG,..............................,0.0
CTAGTAGACCGTCTAAAGGAATCCGCGGTT,......((((((............)))))),0.0
CACAGTGTTGCCATCGCTTTGAGTTACCCG,((.((((.......)))).)).........,0.0
AGCTAGATGACAATTATTAAGAATCTCCTC,..((.(((((...))))).)).........,0.0
CAGGTTAGATCTTAGATTACAGACCTTCCG,.(((((.((((...))))...)))))....,0.0
GCGGTCTTCACTTTGGTGTAAGTCGAGTGT,.(((.((((((....))).)))))).....,0.0
ATCGTCAAATAGTCGATTTTAGACTTGGGT,..........((((.......)))).....,0.0
CATGGTGAGTTTACCCCGGGTATTAAACCT,...(((.....((((...))))....))).,0.0
ACCAAAGCGTGTCCGTACATTAGGCTGCTT,....(((((.(.((........)))))))),0.0
CGAAATTTATGTTGGTCCAACAGGGCGAGT,...........((.((((....)))).)).,0.0
GCTGATTGAGGTTCTCCAGTCTGAAGAATA,...(((((........))))).........,0.0
GTAGTACATTGTAAAGCATTTACGGTGTGG,....(((((((((((...))))))))))).,0.0
CCGAGGTCGATTCACTGTGACCTTAATGGT,..(((((((........)))))))......,0.0
CAGGAGTAAGGTCCACGTTAAGACTCTGCT,....((((.((((........)))).)))),0.0
GGGTTATGTTGCTCGTCAACGAGCGTTACA,......(((((((((....))))))..))),0.0
AAGCCTTAGTTCATATGGCAAGTACCGCTT,..(((.((.....)).)))...........,0.0
GCGTAATGGGGGTCTACTTCACATCGCGAG,(((...(((((.....)))))...)))...,0.0
AACCGCGACAAGACTACAACCACCGAGGGT,..((.((................)).))..,0.0
GGTAAGTTTAACGCATACGTGGCACGTATA,..............((((((...)))))).,0.0
CGAGTTTGTAAGCGTGCTTGACTCTGAAAG,.(((((.(((....)))..)))))......,0.0
GCTAGGTCCAAAAGAATTGTCGTATTGATA,.................((((.....)))),0.0
GGAAAAACTATCCGTTCCTGGTAATATTTT,(((.......))).................,0.0
TGGCATCTTCTCTTAGAGCTCGAAAGTGAA,.(((.(((......))))))..........,0.0
GGGTTAGTAGGTGTAGTTACCAGAAGTTCT,.........((((....)))).........,0.0
TCTAGGTATTGCTTCCTTCATGCTAAACTT,...((((...((.........))...)))),0.0
TCAATCGATCTGGGGACAGGTGATTTGTCG,..((((.(((((....))))))))).....,0.0
TGGAGTATTATACGTGTATTTACTTACATT,.............(((((......))))).,0.0
CAGCTCATACGATAGGTAATTCCGGGCGGT,..((((.(((.....))).....))))...,0.0
TGAAAACGGGCATTATATATCCGGCCTGGA,......(((((............)))))..,0.0
GGATATTAAGCGTAGAGCCGTCCAATATAG,((((.....((.....)).)))).......,0.0
TCCACCATTTTGACAAGAGGAGAAACACGA,(((...............))).........,0.0
TGGAATACTGCATTCATACTTGTAGGTTAA,.......(((((........))))).....,0.0
ATCGTATCCAGAAGACCTCTAAGTCTTAAT,...........(((((......)))))...,0.0
TGTAGGGTCCGCGCGAGTAACCTCCCGGTT,........(((.(.(((....)))))))..,0.0
ATGTGTCCGGTTGGTATCCATACTGATTTT,.......(((((((...))).)))).....,0.0
TACTAGACGAGTTTACTTGTGTCGGATAAT,..(.(.(((((....))))).).)......,0.0
CGCCAGTATTTCAAACTCAATATAAGACAG,..............................,0.0
ATAGTGCGATATGGTCCACAGACACTGCAC,...(((((.....(((....)))..))))),0.0
AAGCACAACCAGATTTGCAGTTATAGCGGA,.............(((((.......))))),0.0
GCAAGATGGTTTATAACTTGTTACACTCCA,(((((.((.....)).))))).........,0.0
GGGTGAGGTTGAACTGTCTCATGCCGGATT,((((((((........)))))).)).....,0.0
AATCGTGCTATAGCCAGTTGACTGAGCAAG,............(((((....))).))...,0.0
CCAACTGTAATGGTATTACATGCCTCCATG,...........(((((...)))))......,0.0
AACCATGGACGCATAACTATGACCCGGGTA,.(((.(((...(((....)))..)))))).,0.0
ATCGACAGGGTGGGCCACACACCGAGCCTC,......(((.(.((.......)).).))).,0.0
AGAATACATGATTATGATCTACAGTGTCTA,.........(((..((.....))..)))..,0.0
GCTGATGCACGATCAATGTCAGGTATCGCA,((.(((((..(((....)))..))))))).,0.0
AGGATTAAGGCTCTCGACTTAATTTCAACG,.((((((((........)))))))).....,0.0
TTACTGCTACTATACAAACATGTAGGAAAT,....(.((((...........)))).)...,0.0
CAGTAGAAGAAACATCATTTCTGGTTGTGA,.(.((((((........)))))).).....,0.0
TAAGTACTAGGGTATCCTAGAGTGACGAGA,......(((((....)))))..........,0.0
TGCACGACTGGTAGGTATCGTGGTTGTCAA,..(((((((....))..)))))........,0.0
TCACCATGGCTAGTACCCAAGGTGCGTTAT,.((((.(((.......))).))))......,0.0
TCCGAGATAAAAAGTTTGCTTTTCGTACGT,..(((((.............))))).....,0.0
AGATAGTTCGGCGGCTTCACAGCCTAGATT,............((((....))))......,0.0
ATTGAATTCAATGACCCTCACGGTTTCAGT,((((((.((..(((...))).)).)))))),0.0
CCCTGCTTGCATAACAGTATATCTGGATAG,.((....(((......))).....))....,0.0
CATAGTGACACATTAGACCTGGATTACTTG,...(((((..((.......))..)))))..,0.0
AGATCTGTAACGCCCATCCGGGAAGGGGAT,..((((.(....(((....)))..).)))),0.0
CTACAGTTCGATCTACTGAGAACTCAGTAA,.............((((((....)))))).,0.0
GTACGTTGATGGTTGGTTCTCATCTTTATC,.......(((((.......)))))......,0.0
GATAGATGGCAATGTGAGGAGAATCTTCTC,...............((((((...)))))),0.0
AACGCCCTGATCTTTGATTTCCGCGTACAA,.((((...((((...))))...))))....,0.0
AACTCGGTCATGTGCTGCTAATGGCGCAGT,..........((((((......))))))..,0.0
GGGTCATAAGGTATCTGGTAATGATCAACT,.((((((.............))))))....,0.0
CGGAATCAGTCTCCTGGAGCTGATATTAAG,....(((((.(((...))))))))......,0.0
GGCACCGTATGTCTTCGAACCGGTAACGCA,(..((((.............))))..)...,0.0
GAGGTTAAACCTAAATGGTTCAGTCCGAAC,..((((.((((.....)))).)).))....,0.0
CGGTAAAAAACGTATAACACGTCAGGTTTG,.........((((.....))))........,0.0
TGAAGACAGGCTCAGGTTGGAGTACCCTTC,.((((....((((......))))...)))),0.0
ATGCGATAAGAAACCTCTTTTCTTGGCGGT,...((.(((((((.....))))))).))..,0.0
AGAGTCGGCTGGAATCCAGCATTGCCCAAT,.......(((((...)))))..........,0.0
TTGGCGCAGTTTTATAACGTTCCTCTGCTT,.....((((...............))))..,0.0
GAGCACAACTGCTAAAGCAGTTTGAGGATA,...((.((((((....))))))))......,0.0
GGAGTGCAATTGCGTTTGACATAATCTTCA,(((((((((......))).))....)))).,0.0
GCTGTTAAACGTTTAGTTCTACACTATACC,..(((..(((.....)))..))).......,0.0
TCACGTGGTAGCTCATGCAAAGCTGCCTAG,......(((((((.......)))))))...,0.0
GGCTAATTGGCAATTTTGTCAGCGTAGATT,..(((.((((((....))))))..)))...,0.0
GCTATTGGCTATATATTAGTCCTCGGCAAA,(((...(((((.....)))))...)))...,0.0
AGGTAAGTGTTATAATACTTAAACTGAATA,((.(((((((....)))))))..)).....,0.0
ACACAGTTTGCGCAGTCATCGAACTTGTCG,(((.((((((.........)))))))))..,0.0
GGAGGTAACAGCAACCCCAGATGTAGTTCA,((.(((.......)))))............,0.0
AGCTACTATGAGCCGTTCTCGCTACATCTT,.......((((((.......))).)))...,0.0
TTACAGACGAAGTAAGTCGTTGCACACGAA,.....(((((......))))).........,0.0
TGTTCGTTGTAATTATAAGTCCAAAAGCCG,..............................,0.0
TCACAGCTTTGCAGTAGGCTATATTGTCTG,....(((((......)))))..........,0.0
CATTACCACCGGTCTCTGAACGGCCAACAT,..........((((.......)))).....,0.0
AGACGAACACTCCCCTATGGTTGCTTGAAT,...(((.((..((.....)).)).)))...,0.0
GGCGTGTATTCTACAACTTGTAGTAACGTG,.((((.....(((((...)))))..)))).,0.0
TGAAAAAGTACCCGCCTCATGTACTAAGAT,......(((((.........))))).....,0.0
CACTATATCGCCGAGGTAATGCTAATAGGT,.........(((..(((...)))....))),0.0
AGGCCATACCAATCGGCCCTTCAGGAAAAT,.((((.........))))............,0.0
GGTATAGATCGCGTTACAGTTGCTCTAGTT,....((((..(((.......)))))))...,0.0
GTGTAACGTTGGCGAGCAGTCCATAGCGTT,....(((((((((.....).)))..))))),0.0
CATTGTGCTAAGGGTTTGCCCAAGCGGCCG,.....((((..(((....))).))))....,0.0
CGTTCGAACAATTCGCCCCAGTAGAACACT,.((((..................))))...,0.0
CACTTGCACAGCAAATAATCATTAATCATG,...((((...))))................,0.0
AGGGTACTAGTCACCCGGAGTGCGTTCAGT,.((((.......))))..............,0.0
TAGCTAGCTCCTGCATCGCTTGCCTCGTCT,..((.(((.........))).)).......,0.0
CCGATAATAAGCCTTCGGGTTATGTTACCA,((((..........))))............,0.0
TCTATGCACTTGGTCCTTGTCCAGCTCAAA,.....((...(((.......))))).....,0.0
ATACAAAAGAGTGTTGCAATCAAAATTGAT,((((......))))....((((....)))),0.0
CACTATGATTTATCCACTCTTTAACCACTG,..............................,0.0
ATAGGTGCCTGCGGTAAACGTCAGGTTATG,......(((((((.....)).)))))....,0.0
GCTACCTCTTGGGTGCTCCTGGGGGGGTTG,....(((((((((....)))))))))....,0.0
GCAAGTTTGTCCTGATACTGGTCCTTCGCT,(((((...(.((.......)).)))).)).,0.0
CTCGATAAGGACCCAAGGCCCGGTCCGGGT,........(((((........)))))....,0.0
GGCATGGTGTTGGTACCTTTGAGCTTGCTG,((((.(((...((...))....))))))).,0.0
CAAGTCATCTTGATTCTACGAAGGAATGTA,((((....))))(((((.....)))))...,0.0
CAGGTATCAAACGCGCTTGATACATAGGGG,...(((((((......))))))).......,0.0
GTCACCAACACACGGTGGGTCAACTACGAT,.(((((.......)))))............,0.0
ACCGTTGCGCAGAAGGAACGAAACGCTGGG,..((((.(......).))))..........,0.0
TGAGTTTGTTGCTTGATCATCCCAGGTCCA,.((((.....))))((((......))))..,0.0
TGGTAGGTTCCGAGTAGTATGCACTTAGCG,.(.(((((..............))))).).,0.0
CACGCACGGGCAATTAGCGATAGTGAAAGG,....(((..((.....))....))).....,0.0
GGGTGGTGTTAGCCCGAGCTTTGCTTAATG,((((.......))))((((...))))....,0.0
AACCCGCAACATCGTTTAGTTAAGGCCGGA,..((.((.....(.....).....)).)).,0.0
CGGACTCACACGTATGCCCGGTAGTCAGTG,..((((.((.((......))))))))....,0.0
CCGTCGAGTGTGTGACAACACCGGACCAGA,..(((..((((......))))..)))....,0.0
TAAAGAGGAATCACCGTTGGGATTGCCAAG,......((((((.((...)))))).))...,0.0
TCCTATGTGGTAATAGTATTATACCGCAAT,.....(((((((.........)))))))..,0.0
TAGTATTAATTAACGCGTTATAATCACTCG,..............................,0.0
CATAGAGGCTTATCAAACGAATAAGCTACT,......((((((((....).)))))))...,0.0
GACGTGGATGGTGCCCGACCTGCGTATAAC,.((((((.(((...))).)).)))).....,0.0
CATAGTTTGCGTAATTTCGACGGCACTAGA,..(((((((((......)).))).))))..,0.0
TGCAAAGTTCTTGTCTAGGTTTTCTATCCA,.((((.....))))...((........)).,0.0
TGATCTTCTTACGGTTTAGTCATGAATTTC,............((((((....))))))..,0.0
GAATAGTGAAGGCTCCCGTAGTAATCTGAA,((.((.((..((...)).)).)).))....,0.0
CTAAAGGTTGACCTCGGCCGTACCTACTGT,.....(((((....)))))...........,0.0
GCAGGAGCTGACCGTTTGGAAGTCCACTAT,...(((.((..((....)).))))).....,0.0
CCCGAGTCTTAGGATTCAATATCCGAAACT,....(((....((((.....))))...))),0.0
CCATCCGTAGTAGTTGTTATGCCTAGGGGA,....((.(((..((....))..))).))..,0.0
AGTAATCATCGCGATATTGGCGTGATCGCA,.((.((((.(((.......))))))).)).,0.0
TGCGTTTGTTTCCGCTTAGTCAGGTACGTG,.(((........)))...............,0.0
TAGAAATAGTAGGTGTTCAAATTATTTAAG,...(((((((..(....)..)))))))...,0.0
GGCCAGGATAATGTCAGGATACGTAGCTTG,...((((.(.((((......)))).))))),0.0
CAAAGATCAGCCTGACTAATGTCGCGGTAT,.........(((((((....)))).)))..,0.0
CTAAGTGTCACTCACTAGGAGGTCACGAAA,....(((.(.(((.....)))).)))....,0.0
GCTAAGGCGGAATTTATTCAGCCGGTATAT,(((..(((.(((....))).))))))....,0.0
GGTACAACTTAAATTTCGCAATTTGATCTC,........(((((((....)))))))....,0.0
CAGTGTTGGGTGACGCTCAAGTCATACCGG,......((((((((......))))).))).,0.0
CAGTTCGTAGAATAATTTATTCGGAAAGTT,.........(((((...)))))........,0.0
GGAATGGCCGACATCCCCGATAAGGGCAAA,((.....))......(((.....)))....,0.0
CGGTAAAGTCGCCATGTGACGCTTTTAAGT,.......(((((...)))))..........,0.0
GGGAGCAAAGGGGGTAAACTCGTTAATCTC,((((...((.(((.....))).))..)))),0.0
TACGCGACTAGAATCAAACGTTGTAGTAAG,......((((.(((.....))).))))...,0.0
GGGGCTGTAGGAAAATCAGTCAAGGACAAC,..(((((.........))))).........,0.0
GGGCTGATACGAAACTTTGGAATTAACACG,..............................,0.0
GGGATGCGACGCGCATAGTGAGCGGTGATC,..(((.(..(((.((...)).)))..)))),0.0
GGATAACGCGGAATTATACAAATTAAAAGG,..............................,0.0
GATGGTCATAAACCGTGTGGCGTAATAATT,....((((((.....)))))).........,0.0
GCGGACTGCGATCCTAACTTTCGCGACACT,......(((((.........))))).....,0.0
AGGATTCCTTCGTTACATTAATGTTCAACT,..............................,0.0
GCGTCAAGTATACATGAACTACAGATCGTT,(((((.(((........)))...)).))).,0.0
CAAAGTACTACGCGATACTACGTATGTGTT,.........((((.((((...)))))))).,0.0
TGGGAAGGTTAACCGACATCTATATTTCCT,.((((((..((.........))..)))))),0.0
TCGCTCATTGGTAGTGGCAACAAGATCCGT,..((.((((...))))))............,0.0
AGGTAACTAGCTTTCAGAGTGAGTTAGCAA,.(.(((((.((((...)))).))))).)..,0.0
TGCAGATTCCCTATGGGTGAAGCCTCATAA,...........(((((((...))).)))).,0.0
AGTTATGTGTAAGGTCTCATCCGTTTAACC,............((......))........,0.0
TGAAATGCAAGTAACGTAATCTACATTGAC,.......((((((........))).)))..,0.0
GCCGCCCCTATCTACCCTTGGGAACTTCAA,......((((........))))........,0.0
GCAAACGAGACTGTATTGGTCCGTTATCCT,...((((.((((.....)))))))).....,0.0
GGTCGACTATGTTGTCAACGCCTGTCACCT,(((.(((......)))...)))........,0.0
TAGTTGCCTTAAAGTTGTCTCTTTATGGTT,.....(((.(((((......))))).))).,0.0
GGTGGTAAACTAATTAAGGCATAAACCTGC,(((......((.....))......)))...,0.0
GAGAGTGGCCGTTCTTGGCAGGCTCTACCT,.(((((.((((....))))..)))))....,0.0
GAACAGGTTCCTGTTTTAAGGATACACTAC,.....(..((((......))))..).....,0.0
GACATCATGCAGGAAAGTGCGGGGAGGTAG,.((.((.((((......))))..)).))..,0.0
ATGGGAATGTTCTCTGGTTTTATCACTTCC,..((((....))))................,0.0
CTCAAAACAAAGAATGTATATGTACTCCAG,..............................,0.0
CAGATGTTCAATGTCAATTCGCATATATGC,..........((((......))))......,0.0
TGGTACTTAACTTGATTGTTTAAACGCGCA,..((....(((......)))...)).....,0.0
TGGATTAAGCGACAATTAACGGAGAGCCAT,(((......((........)).....))).,0.0
AGGGCAGTAAGTTTGGACTGGTGTGGTCTA,(((.((...(((....)))....)).))).,0.0
GGGTAATACCAGTCATTATCTGGGGCCATA,.(((....((((.......)))).)))...,0.0
CATGGTATGCTGTCTTATTGTGCCACCATG,((((((..((...........)).)))))),0.0
CCACTGTGTTTATTGTAGATAAAGTAGCTG,..(((.((((((...)))))).))).....,0.0
GCCCGACGTTTTTACGCAAAATGTGGATTA,..((.(((((((.....)))))))))....,0.0
ACAGAGGTAGTTGATATCCTGCCTGTACAT,..(.((((((........)))))).)....,0.0
AGTCCGCGCGTAGTATTTATTAAGTTTGAC,.(((...((.((((....)))).))..))),0.0
CTAACATGCGGGCGCTAGGACATATGTTTG,..((((((.(..(....)..).))))))..,0.0
CTCAAGTACTTCGAATAGAATTTGTCGTGT,..(((((.((......)).)))))......,0.0
TAAGATGTTAACACCAACCAACTCGCTGTA,..............................,0.0
CGGGGATACTAGCCCCTTGCTTGTCTCTGT,((((((((..(((.....))))))))))).,0.0
GGCTGTATGGATACGTCACTTAGAAGACCT,(((.(((....)))))).............,0.0
GTCTGATTATGTTCTTACCAAAATGATAAA,((..((......))..))............,0.0
TCACTTAGCCGTTATTCGGTCTACTAGCGG,.....((((((.....))).))).......,0.0
CAGCATACATTACTCTAGAAATGCGGCGAC,..((...((((........))))..))...,0.0
CCTTAGCCCGTCGCTAAAGCATGAAAGTTG,..(((((.....))))).............,0.0
GAGAGGGCTTTAACCGCTAAACTAAACTCA,.((.((.......)).))............,0.0
CAGAGACGTTGAATTTGGCATCATCCTCTT,..((((.(.(((........))).).)))),0.0
GTAAGGTAAAAACTTTTAAGTGCGTGAACC,..(((((....)))))..............,0.0
TGTTAACGCATTTCGATGGCTCAGTTGGCG,.((((((................)))))).,0.0
AAGTGGCAGTACTGATCGTATGCATACCAG,..((((((.(((.....)))))).)))...,0.0
TAAGCGTGTGGTTTCCGATTCTCCGCCTCT,..((.(.((((...........))))).)),0.0
GCAACCTGTAGTACGCAACGACGTCAGGGA,....((((..((.((...))))..))))..,0.0
TGTGAACGTTTAAACCTAATGTACCTTCTA,.....(((((.......)))))........,0.0
TCAGCTATAACACGCTTTTAGAATGTTTGG,..(((........)))..............,0.0
CAAGTTACCCTATTAAGGAGTATCTAGCCG,..((.((((((....))).))).)).....,0.0
TGTTGAACCGCACACCAGTTGGTATGGTTT,....((((((...(((....))).)))))),0.0
TCTTAACGTGTAACGGTTTATCGCCGCGAG,.............((((.....))))....,0.0
CCATAATATATCCTTGGTCTGTTTGTATTG,...(((((((..(.......)..))))))),0.0
AAGTGCCGATTAATCCCTTCGCTCAAACGC,.((((..(........)..)))).......,0.0
GTAAATGTGGGTGTTAGGTTATCATGCTTC,........(.(((.........))).)...,0.0
GCAGTATCTAGCGTACATACGAGTTTCGCA,..........(((.((......))..))).,0.0
CGATGTGGAACTGCGATGTTCTCATTGAGA,(((((.(((((......))))))))))...,0.0
AGTGGTACTAGTCGCTATTAAAGAAACCAG,(((((......)))))..............,0.0
CGATGATGAATGCTAGCAGATGCTAAACAG,.............((((....)))).....,0.0
GGGCTAGTGTACCAGCTAGTTACCAGGTAT,((((((((......))))))..))......,0.0
CATCCGATGCAGCAGAGTGCTTATTCGCAT,....(((...((((...))))...)))...,0.0
GACTGGCCACTTCTAATGGGTATAAAATAC,...((.(((.......))).))........,0.0
TGTCTGCAAGTCTGGTCCAAACTAGTACAT,.........(((((((....))))).))..,0.0
CGATGCTGAATCCTATTTAAGTGCCTCGAA,(((.((................)).)))..,0.0
CATCTCCAAGCTGCTCATCAAAATTTGGGG,...(((((((.............))))))),0.0
GATTGAAATCGTCCCTATACGGGTCTCTTA,..........(.(((.....))).).....,0.0
ACGGGCTAAAATACTATAGTCCTCGCCAAA,..((((((........))))))........,0.0
ATGGCATAACAGTTGGTCCTTCTTCCTAAT,..............((........))....,0.0
TGACTGTTTTTGTGAGCGAAAATTATTCTG,.....(((((((....))))))).......,0.0
GACAGGCGGGGTTTCCTATGTCATGCATGA,((((...(((....))).))))........,0.0
GCCACGGATTCCGCCAGGATTGTGTAAGCG,((.(((.(.(((....))).).)))..)).,0.0
GGGGTAACTAGGTAATTTTAGTGCATACAT,...(((.(((((....))))))))......,0.0
TGTTACGGCCATTAGCTACTAATGCACAGG,......(..((((((...))))))..)...,0.0
GTTGGGTAGGCAGTATGTCTGATCCGTCTT,...(((((((((...))))).)))).....,0.0
GGCGGGATCTAGGCCTCAGCGGATTTTGTT,.(((((((((..((....))))))))))).,0.0
AGGAATGCGTCCATTACCGTCATATAATTT,.((((((....)))).))............,0.0
CGTAGGTGTCTAGTCGAATCCGTCACCAAA,....((((.(...........).))))...,0.0
AGAGAACGTAAAATATTTTTCGTATAAATC,.....(((.(((....))).))).......,0.0
ACGGCACCATCATCCCAAGTAGTGCAACGG,...((((.((........)).)))).....,0.0
AAGGGAGGTTGTAATATGTTGTCAACCTTG,....(((((((..(.....)..))))))).,0.0
AACATAATAGTAAGGTTGCCGTTATCCTGT,...(((((.(((....))).))))).....,0.0
TCAGGAGGTATTGTTCACAGTATACAGATA,.......((((((....)))))).......,0.0
ACGAAAGGTCCCATCTGATAAGCTTACGAA,.((.((((((......)))...))).))..,0.0
GTTTTTGTAAGAGCTCTGTCCTCGTACATT,.....((((.(((.......))).))))..,0.0
GGAACAGCGAGGTCAATGCGGTCGCAGTTT,.((((.((((.((....))..)))).)))),0.0
CAAGTACAAGTAGACGCTTGGATCTATATG,......(((((....)))))..........,0.0
GGTATGTAGGATAATACTCCAGTCGTAGTA,(.((((..(((......)))...)))).).,0.0
GTAAAGTTTATGGTTGTGTTAACCAATCTG,..........((((((...)))))).....,0.0
CCAGGGGACTCAGTGGTTGTGTAGTTGTCT,..(((.((((((.......)).)))).))),0.0
TGCAACAACTAGCTTGTTACTTTGGGTCAT,...(((((.....)))))............,0.0
GGTATCACCCGCAGTTCTTGACTCGAAACT,(((...)))((.((((...)))))).....,0.0
GTGTATGGAGGATCCTTGCAACAGATAATC,.((((.(((...))).))))..........,0.0
TATAGTTGATAGATTCCAAGCTATAGCGAA,(((((((...........))))))).....,0.0
TCCTTTAAAATGTTCTTGCATTTTAGTATT,....(((((((((....)))))))))....,0.0
GTCGGTCCATAAATCGTTATCACGTCCAAT,..((((......))))..............,0.0
TATTGCCGTGACTGCGATCACACACAAGCG,.......((((......)))).........,0.0
GCAGCTATTACATTTGTAAGAATGGAATAC,.....(((..(((((....)))))..))).,0.0
GCGTAGGTCATGTGTAACGAATCTCGTATT,(((.((((..(((...))).)))))))...,0.0
GGCCAGATTATGCGAAGTCAAGCTGTATTT,(((..((((......))))..)))......,0.0
CGAACGCTGTCATCGAAGCGTGCTACCGGT,...(((((........))))).........,0.0
CAACCACTCAAGGTAGAGTATAGTGGGAAT,...(((((.............)))))....,0.0
CAACTAGGCATTATGCATTAATCGGTAGAG,.......(((...)))..............,0.0
AGTACCGTCATTAAGCAGACGCTAGTAGAT,(.((.((((........)))).)).)....,0.0
AAGTCGGGCACCTCATATGTGACCAAAACA,......(((((.......))).))......,0.0
TAAGGAGAGCGCTAAATCTAGCGGATGTTT,.........(((((....))))).......,0.0
GACAGTACTGATTTAAGGTGGGCCCCTGGT,..(((..((.(((...))).))...)))..,0.0
GTGTAGGTTGCCTACCCGTTAGGAATATAA,..(((((...)))))((....)).......,0.0
GCTTGAGAGGGCAGCAAACCTGCGAACTGT,((((....)))).(((....))).......,0.0
AGAGTTGTATCCCTGAGCCGATTAGTCTTT,..(((((..((...))..))))).......,0.0
TCAAGACGTCACCAGAATATAGTACTCTTG,.(((((.((.((.........))))))))),0.0
CCAGGATCTATCTAAAATCTAATAACTCTG,..............................,0.0
CGTGGTATGGCAGTCAAGACAGTGACGCGA,.........((.((((......))))))..,0.0
CTTCAACTCGACAAAGTTTTGGAAGTTCAA,.(((((..(......)..))))).......,0.0
CTTGATAGTGAATATGGTCTAAGTATATTG,..........((((((.......)))))).,0.0
TTTGTTCAAGAATCTGTAAGGATTGTGTAT,........(.(((((....))))).)....,0.0
AAGAGGCGCTCTTTATTGTAGCCACTGTCG,.((.(((((........)).))).))....,0.0
TCAGGGGAGTATCAAACATCTCCTGTCTCT,.(((((((((.....)).))))))).....,0.0
TTGTAGTTTGTTGGGTTTCCCCGGCAAGTA,......(((((((((....)))))))))..,0.0
ATAATGTTGGGTTGTGTGGTACACTTCATT,..........(..((((...))))..)...,0.0
GGATTAGTAGGTACATCGTCTCGCTATGAT,....((((.((........)).))))....,0.0
GGTAACGCTGCTGAGGATCTAGGCATTATG,.((((.(((...((...))..))).)))).,0.0
GCTAGTGAGCCGTCCATGATCGCGTCAAAT,.....(((((.(((...))).)).)))...,0.0
GAAGCGTGTTTGTCCTTACAATCTGAGGGA,............((((((.....)))))).,0.0
TGACTATGCATGAACTCTTGCAACCGATCG,......((((........))))........,0.0
ATGGAAGATTTAGGCTACAATGTTTAAAAT,........(((((((......)))))))..,0.0
AACAACGTCGGCCTTACGGACAGAACGCTT,......(((.(.....).))).........,0.0
GATGTCGGCGATAGGTTTCTATTAGTGGTC,.....(.(((((((....))))).)).)..,0.0
CGGTTTGCCTATCTATTGTTCTGCGCAAAT,..(((((((.............).)))))),0.0
CAAAGATCCACTTAGCTCAGCAGGTCAAGG,....((((..((......))..))))....,0.0
TTTGTTGATAACCACTATTTTATCACCGCT,..((.((((((........)))))).))..,0.0
GCAAGTAGCCATATTTTGGGTATTGATAAT,...((((.(((.....))).))))......,0.0
TAGCCGGGGCTTGTAGCTTCATCCACTAGG,.....((((((...))))))..........,0.0
GGCTACATGGGCTGCATGCACAACCTTGCG,((((.....))))....(((......))).,0.0
TGAACCAATTCGTTGATCTAAATCGGCTCT,...........((((((....))))))...,0.0
GGGGTCCGCGTTATGATATCACCGGGATTA,..(((((.((...((....)).))))))).,0.0
CAGATCGATCCACTATTTTCAACAAGATCT,.(((((...................))))),0.0
TATGTTGCCATTACCAGAAAGGGTTATGGG,.......((((.(((......))).)))).,0.0
GGATGAGATGGTGTCCGGCAAATTAGCGTC,((((........)))).((......))...,0.0
TGTAGGGAGGTGTGTATGGCAATTCCACTA,..(((((((.(((.....))).)))).))),0.0
GTAGGGAGATAACCGGCATTACACCTACCT,(((((..................)))))..,0.0
TAGAAGACACCTGGAATGGGTCCTACGTCT,.....(((.((......)))))........,0.0
CAAAGATTTGTCGATATAACACGCAATTCG,....((.(((.((........))))).)).,0.0
GCGTTAATTTGAGAATCTTGTCACCTATCC,.........(((........))).......,0.0
GAGTTGATGGGTTATGTAGCTTAAAATCTC,(((....((((((....))))))....))),0.0
CAGGTGTGCAGGTATTTCATGCAAAGTGAT,((....((((((....)).))))...))..,0.0
GGGGGATGTGCTTAAGCTCAAGGTTGCTCT,(((.(((.(((....))...).))).))).,0.0
GCAAAGGCGGATTAATTCACCCTGTCATCA,....(((..((.....))..))).......,0.0
ACAAACAGTACGGTAAGTGGCAATTGTTAG,...((((((...((.....)).))))))..,0.0
GAGATAGGTTCGAATGTATACCGGTTTAAA,.((((.(((..........))).))))...,0.0
TCACCAATGGAGGAGGCAACAACTCATTGT,....(((((.((..(....)..))))))).,0.0
CTTAGTAGGTAGAAATGAAACATATTCTTG,..........(((((((...))).))))..,0.0
CATCTCATCGCTGTTAGGGTTGTTTTGTGG,(((..((.(.((...)).).))....))).,0.0
GTCGGTGTTCCGTTAAGACTTGTCCGTTTA,..(((....)))...((((......)))).,0.0
GGTAGATACATTTTTAAACGGTATTATGTA,....(((((...........))))).....,0.0
CAAAGGTTGTCTCTCATTGTAGAGCCGAAA,......(((.((((......)))).)))..,0.0
TAGGCTACACCGAATGAGCCTTGCGTCCAA,.(((((.((.....))))))).........,0.0
TGTTCGTTAGCTGGGGATCCCCGCAGAAAC,..........(((.((....)).)))....,0.0
CATACATTATGGTTTCAATTTTAATGTGCT,..(((((((.(((....))).)))))))..,0.0
GTACTCGCACGCTGAATCGTTCGTGCACAT,......(((((..........)))))....,0.0
CAAGAGATGCTTGGTTCAAGTGTTCTCCCT,...((((((((((...)))))).))))...,0.0
CCAAGCGGCGGTTTCTCTTGCCGAGATGTT,.....((((((......)))))).......,0.0
GGCGGTAATGTACCTCACCGGTGTTATATA,((.((((...))))...))...........,0.0
CGCACATACTTGTTCGGTTGAGAACGGCTG,.........((((((......))))))...,0.0
TGGATTGCGATAGACAGAAATTCGCCCGAA,(((...((((...........)))))))..,0.0
TCGGAATATATGTTTTGTACATGTTAGCAG,...(...((((((.....))))))...)..,0.0
GTTTTGGTACATCTCGATAGACTTTGTTAC,.....(..(((..((....))...)))..),0.0
GGACAGGTCTGGTCGTCCTGAGCTGAACTT,(..(((.((.((....)).)).)))..)..,0.0
ACAATTTAGACTGTCACGTTATAAGTTGCC,.((((((((((......))).)))))))..,0.0
AGTCTTATTCTCATCTTGCGTATAGAAAAT,..............................,0.0
CTCAGGTGAATGACATGCAACCTGTCAAGT,..(((((............)))))......,0.0
TGGTCCTTACTCTATAAGTGTAGTGTTTAG,........((.((((....)))).))....,0.0
GTAGCGATCACACCACATTCACTCGAAATC,..............................,0.0
CAGGCATTAGTTTGCCCACGTTAGTGTTGT,..((((......))))(((....)))....,0.0
TTATCTATGCGTAGACCGCTGGGATAAATG,((((((..(((.....)))..))))))...,0.0
TTGGCATTCACCGTATGGTATCAATTTCAG,.(((.(((.(((....)))...))).))).,0.0
AAGTGGATGGTTACTTTACACCAGTCCGGG,...((((((((........)))).))))..,0.0
GCCTCTTAGGTTGCCTCGTCTGCCTCGGAT,...(((.((((..........)))).))).,0.0
AGAAGGAATACGTAGCACGGCTAGATCGAT,............((((...)))).......,0.0
GATAGTGGGGGCAGTCCAGACGCCAATGTG,.(((.(((.(..........).))).))).,0.0
GGGGCATATCCTGACTACTGGAATGGACAT,.(..(((.(((........))))))..)..,0.0
TCACTGGCGCTATCTTGTAACTAGCTATTT,...((((.((......))..))))......,0.0
CGAGAAGTGTTACGTGCTGTAACATCAACA,......(((((((.....))))))).....,0.0
GGTAAGGAAGGTCTACGTGCGTCTAATTGA,.....(((..((......)).)))......,0.0
CGTGGTAAAGTCATTCAAGACCAGCACGTT,((((.(...(((......))).).))))..,0.0
GGACACAGCAAGAATGGTGTGATAACTAAC,...((((.((....)).)))).........,0.0
GTTGTTATGGCTTAGTATATAATCTTTTAA,...((((((........)))))).......,0.0
GCAAGTGTACTCCAATGCAATGGTGTTATC,....(((.((.(((......))).))))).,0.0
CATCAATGCAAACAGCAGGCTCTGCCACAA,......(((.....)))(((...)))....,0.0
GTGGACGTATACACAAAACCATTACATCCT,..(((.(((.............))).))).,0.0
CAACCGATCAAATTCCTGAGCTTTGTGTTT,.(((((((((......)))...))).))).,0.0
AGATCTGGTAATCATCTCCATACGCAGAAT,...(((((((..........))).))))..,0.0
ATTGGATATTACGCTACGAGCAATAAACCA,..(((.((((..(((...)))))))..))),0.0
CGCATTTATGTTACATAGGCAATGGAATTG,.((..(((((...)))))))..........,0.0
ATCACCGCATCTCAGACGATCGGGGTGAAG,.(((((.((((......))).).)))))..,0.0
GGAGTCATGCAGGATAGGCTTGGGTCTGTC,(((.(((.((.......)).))).)))...,0.0
ACGCCATCAGATATTCATATCTTGTTGGTG,.(((((.((((((....)))).)).))))),0.0
CATTCAAATCTACAACATCATAATGAATGC,((((((.................)))))).,0.0
ACATATGTGTGATATTCTCGCTACATATTT,..((((((((((.....)))).))))))..,0.0
GTAGGCTATGACAAGATGGCCATTATTACT,...((((((......)))))).........,0.0
ATAAGGAGTTTTTCTTCCTCACTATATGAT,...(((((......)))))...........,0.0
TAAGGTTAGGGAGCAATGCCTTCACTGCAA,..((...(((.(....).)))...))....,0.0
CCCGATCATTGGCCAATGTAAGTAATTTAG,.((((...))))..................,0.0
AGTTTCTTCATGCTCGATTGAGTTAAGTAT,...........((((....)))).......,0.0
TGTTCCTCCAGTGCTAACTCAAAGAGTAAT,................((((...))))...,0.0
CCGGTAGTTTAATTTGTCCCAATTCCGGTT,((((.((((...........))))))))..,0.0
TAGAAAGCATAAGCTCCGTTAGAATGCCGA,.....(((....)))...............,0.0
TTGGTACTACCGATCTAAAGTCATGTGCTA,.((((((....(((.....)))..)))))),0.0
TTATTCGTGTTATTCTAACTATGACGTATG,....((((((((...)))).))))......,0.0
TGCATTACCCGAGTATCTCATTTTGATGTG,.((((((...(((...)))....)))))).,0.0
TGCAAACCAATGCTGAATTGGAGCTAACAT,.((...(((((.....))))).))......,0.0
TCACATCCATATTTGCCAAATATTGTAAAG,...........(((((........))))).,0.0
ATGTAGGTAGGTAGGATAGAAACTAGCTGG,.......(((.(((........))).))).,0.0
TCGTGTCCCTAGAAACACAGCCACGGTATA,(((((...((........)).)))))....,0.0
TTCCCCAAAGAGATATTAAAACACTCTTAA,.......(((((...........)))))..,0.0
TACGATGCGCGGTTTATGACAAGAATCTTC,..........(((((.......)))))...,0.0
TCGAAGGACTGTTGAAAATAAGTAATTACG,.((((..(((..(....)..)))..)).)),0.0
TGAAATGACGCGTCTCTAATCATCTTTCTG,..............................,0.0
GGCACCTTTCGTTTGCACTATGAAGGAATT,.....(((((((.......)))))))....,0.0
ACAATCCTCAAACTCATGTTAGCAGGTACT,.....((((.(((....))).).)))....,0.0
GCTAGTGAATTACAAGCCAGGTAAAAACCC,(((.(((...))).)))..(((....))).,0.0
GTAGCGCTCCCGAATTCTAAACGGAAAATA,.........(((.........)))......,0.0
GGTGAACTTGATCTATGAGAGGGTACTTAA,((((..(((.........)))..))))...,0.0
GTACCCTTTGGCGTAGGCTATATCCATCGA,........((((....))))..........,0.0
CCTGTTAGTAATTGCAAAATCTTCCTAATG,..(((........)))..............,0.0
GTATGCAATATCGAAGAGTATATCCCAGTA,((((((...........)))))).......,0.0
TTGTAATAATACCATAAGTTATGCACTCAT,.((((.((((.......)))))))).....,0.0
CTTAACGCACAGTGTTTACCCTATGGAAGG,...(((((...)))))...(((.....))),0.0
AGCTTAGTTGTAGTATTACCTTCTGTTCCT,..............................,0.0
TACGTTTCAAGTATGGTATTCTCCACGTTA,.............(((......))).....,0.0
CCATACCTACAGTGTCACACATAATGGCTG,.........((((.............)))),0.0
CTTACCCGATAGAATTATGCTATTGTTAAA,......((((((.......)))))).....,0.0
TAGTCATGGTACCCTTGTGTCTGATTTATT,.(((((.(((((....))))))))))....,0.0
CGTGGTCCTTCGTCTCAATCACTTGTTTAG,.(((((...........)))))........,0.0
CCGGATCAGTCCCCGAATACAGCTGTCATA,.(((........)))...............,0.0
TGCGAAATATTAGTTCTTGACCTGGTATTT,....(((((((((........))))))))),0.0
TCATGCGAGCTCCAGATTTCGAATGCTTTA,.(((.((((........)))).))).....,0.0
GTATGGTTATACTGTTATCTTAGACAATTC,((((....))))((((......))))....,0.0
CTACGGGAATGGGTAAGTATTCGCAGTTTT,....(.(((((......))))).)......,0.0
CACGTTCCGCCTCTATTCCGGCTCGTATAT,.(((..(((.........)))..)))....,0.0
GTCGATAGTGTCTGGGTGTCACTACTACAT,((.(.(((((.(.....).)))))).))..,0.0
CACGCCACTAGCTTAGGTTTGATATTCTTG,((.(((.........))).)).........,0.0
TAGTCATGTGAATAATCTAGTAGCACACCA,......((((.............))))...,0.0
GGCATATGCACCCTAGATGTCTATGTCTCA,((((((.(((.......))).))))))...,0.0
TGGCTGTTGTCTTAATCAAGTCTTACTTAG,.((((.............))))........,0.0
GTTGGCGTTTATGGATACTATTCGATACCC,.........(((.((......)).)))...,0.0
ACGCGAGCACATATTCCTCAAGTGTTAACT,.....(((((...........)))))....,0.0
CATCACACCTACTTATAAGTGTCGTCCTCG,....((((.((....)).))))........,0.0
CTAAACAATATATTTTGGGTTAATCCTGTT,................(((.....)))...,0.0
CAGTATATATGCATTACTTGCTAGAGGTGT,..........(((.....))).........,0.0
GTAGGGCTAGTTATCGTTGCATAAATCTTA,((((.(........).))))..........,0.0
GGCACTACATGAGAGACCCTTCATTTTCCT,........(((((......)))))......,0.0
CTATTCCCGGAGTGCAACGCGCCTGGATAA,......((((.((((...))))))))....,0.0
CTTGACCGATTAATAACCCCTCGGTAAACT,....(((((...........))))).....,0.0
TGTAGGGGTGGCTCGTGAGCCTTACACAGA,(((((((.(........).)))))))....,0.0
CAATGTCACCTCACCAAATACGGTACAAAT,...(((.(((...........))))))...,0.0
GTGTTGTTATGGGTGGCCATTGTAATGTTA,..((((..((((....))))..))))....,0.0
TACCGATGGTTTTCTAAAACTTGCAGCACA,....(..(((((....)))))..)......,0.0
TGCATTGATATCCATGTCAATGGGGTGGAA,(.((((((((....)))))))).)......,0.0
ATGTATTCTTTTTTGTACAAGGCCTACACT,.(((((........)))))...........,0.0
GCCCCCGCGGAGGTATAACCTTCGTTAATA,......((((((((...)))))))).....,0.0
GTTCACTACGATGAAACAGCGAAAAGTGTG,...((((.((.((...)).))...))))..,0.0
ATCGCGCTCTATTAACCTCGCAGCGTTGTT,...((((((..........).)))))....,0.0
GTGTCTCTAACAATGCACAAGTCCCACTTA,((((..........))))............,0.0
ACGGTTTGTATCCCACGTTGAAAAAATGTA,..((........))(((((.....))))).,0.0
TATAGGTAGACTGTCGTCTATTACGTATTT,....(((((((....)))))))........,0.0
TATGCAGGTATCTATAGTAAAGTTTTGCGA,...(((((...............)))))..,0.0
AGTTGCTTTATGCGGAGTAATAGGTACAAC,.((((((((....)))))))).........,0.0
CTAATCTCTAACTCGTATGTTAGGAAAACA,....((.(((((......))))))).....,0.0
GGTACAGTTGTGCTTAGGAGAAGCATTCTG,....(((..((((((.....)))))).))),0.0
TTAGTGTGTAGCCGCTGTGTCTCCATCCTT,.(((((......))))).............,0.0
GGGATGATGTATTCTTGGTTACATATTGTC,((.(..(((((........)))))..).)),0.0
CAAAGCATACCCGTTAACACATGGTTTCTT,..........((((......))))......,0.0
TACTGAGAAAGTGTGTCCACGGTTTCCCAC,...((.((((.(((....))).)))).)).,0.0
ATGTACGTGTCTTGGTTCTATTCAACTACG,.....((((..((((......)))).)))),0.0
CGGCATGCTTATAACGTTGGCCTTGAATAG,.(((..((.......))..)))........,0.0
AACGAGTGAATCCGTCCACACGTATCAATT,.(((.(((........))).))).......,0.0
TGCAATAAACGATATCTTTGAGCTAGTAAG,..............................,0.0
GATGGGTGTTAGTTCAGAGACCACGCATGA,.(((.(((...(((....)))))).)))..,0.0
GGTTCTGGGTCTTATTGTGTACCAGTCGAA,....((((..(.......)..)))).....,0.0
ACACTCTAAGTAGTACGTATTGCAAGTGGG,.((((...((((.....))))...))))..,0.0
GCGCGAGCCATATGCTTTGGCTGTTTTGAC,..((.(((((.......)))))))......,0.0
CCAGTAGTACGGTTTTTGTGCTGATTACTG,.(((((((.((((......))))))))))),0.0
GGTAGATATCTTGAGTATACATTCAAATTA,..........((((((....))))))....,0.0
GCGGTCTAGTTTAAGACGGTTACAGTACTC,((.((((......)))).))..........,0.0
AACTAAGGACTACAGGAGTCAACGATATTG,.......((((.....))))..........,0.0
TTGAGAGATTTGCACTAGAGGCAATTTACT,......((.((((.......)))).))...,0.0
ATCAGCGAATTGTGCTAATAAGATGGATGA,...((((.....))))..............,0.0
GCCTACAAACCTTCAAGTTGCATTAGTTTC,((..((..........)).)).........,0.0
CGTACATATGGAGCAATCAGATAACAGGAG,..............................,0.0
AAACGCTGCAAGATGAATGCAGTACAGTGT,....((((((.......)))))).......,0.0
CTTGCACAAGGTACCGTTGTGACGCGTCTG,....(((((.(...).))))).........,0.0
TGCTAAAAAGAATCCTGCTTCAAAATGTCT,..............................,0.0
ACAAAGGATGTTCATTTACACCGGGGCCTT,.....((.(((......)))))........,0.0
GTAATGATGGTCCATAGATAAATAGTCGTC,...(((((................))))).,0.0
GTTGAAATTTTGATTTTGTAATTTTTTATT,..(((((..(((......)))..)))))..,0.0
TTCCATCGTGTGTAAAGTTAGGTGGTAATA,..(((((.............))))).....,0.0
CACTAATGCATGGCTAAAGTCGGCATTGAT,...((((((.((((....))))))))))..,0.0
TGTCCGACTGCCTACTCTGCATATGGTCAT,((.(((..(((.......)))..))).)).,0.0
GCCGAAAGAATCTCCTATCCAGGCGGTATA,(((((.((......)).))..)))......,0.0
CGAGATCTATGTTTTTTAAGGTTATACGTG,...(((((..........))))).......,0.0
CCGAAGTTACGGCCCTGTCCATGTAACGAA,.....((((((..........))))))...,0.0
GGGTTTTCCCCCCGTGAGGCAAACACACAG,(((....)))...(((.(.....).)))..,0.0
GGAAGATAACTGGCTGCCTGTTAACGGCTG,...........(((((........))))).,0.0
CTGGAGCAATTGTGATCAGCTATTGTGACA,.((..(((((.((.....)).)))))..)),0.0
AACCTAATGGTCGGCCAGGATTATCGTTTT,......((((((......))))))......,0.0
CCGGACACAAAATTTCGGTGCAATGTCCCC,..(((((....((....))....)))))..,0.0
AAGGATGATTCTAGCTAGAACCGTTACTCA,...((((.((((....)))).)))).....,0.0
TGAAAGTTGGTCAATGTACCTCTTCTAAAG,...(((..(((......))).)))......,0.0
ATACCGAGTGTAGATACACTTGATAGTGGT,....(((((((....)))))))........,0.0
TATGCGGGGACACAGATTGTGGAGTAGTTT,...((.....((((...)))).....))..,0.0
CCATGATCTCGTTTTCAAAACGCACACATT,..(((....(((((...)))))....))).,0.0
TTTGGACTGTAACATGGAACTAACCACAAT,..(((...((........))...)))....,0.0
GGACAATGTTGCGCCGCATAAGTGTAAGAA,......(.((((((.......)))))).).,0.0
GCGCCATGCACCTGACCTGACGGGAAGGGA,((.....)).(((..((....))..)))..,0.0
GCAAAACTTTCTCAATTGCGGAAGTGCCTG,.....((((((........)))))).....,0.0
AGCACGGCCTCCCGTATTCGGCCCGATGTC,.((((((....(((....))).))).))).,0.0
TCTTAAGCATTTAATTGACGTTTGCTTCAA,....(((((.............)))))...,0.0
ATATTCCAGCCCCTGCGGCGGCATGGTTTG,.((..((((((((...)).))).)))..)),0.0
GGTGTTGTAGTCTCGTCACAAGTCCGTAAA,((..((((.(......)))))..)).....,0.0
GGTTTCATTTCTCCAGTAATTCAACTCTAT,((..........))................,0.0
TGGAGTTTGTCCACTAAGTATGAAGCTCAA,..((((((..............))))))..,0.0
CGCTTATTGGATTTGTAATAACCCATGGTA,.(((...(((.((......)).))).))).,0.0
CTGCTGGAATGCTGTAACGCGCCAGTCGGA,(((((((..(((......))))))).))).,0.0
GGGCCCTTTTAACGATTTAGTTATGAGCAG,.....(((.((((......)))).)))...,0.0
TGGTCTTGCGTCTACTTTTTCTCTATACCT,..............................,0.0
GGGTAGCAGATTCAGGAGGTGTATCTGTCT,.....((((((.((.....)).))))))..,0.0
GATCGGGAGTGGGACCACAACCGCATAACT,...(((..(((....)))..))).......,0.0
TAGAGCTACAGGCACTATGGTGCGTATTCT,.((((.(((..((((....))))))))))),0.0
GGGTCACGTGTAGTTAAACTCAGGCCCCAA,(((((..((........))...)))))...,0.0
GGCGTATCGATGACCTCGCTCGCACTGCCG,((((...(((((....)).)))...)))).,0.0
TTCTTATAACGTTGGAAACGATGTTATACG,....((((((((((....))))))))))..,0.0
CCGGCATATTTGAATACGTTACGCCGGATA,(((((.((...........)).)))))...,0.0
AATGGCATCTTCAAGGTGACTGAAAGCTGT,....(((.(((..((....))..))).))),0.0
TCAGTAAGGCAGTATTTATCATGTTTACGT,...(((((.((..........)))))))..,0.0
TCCGAGCACCTTTAGTAGGGGCCCGCCAAA,..((.((.((((....)))))).)).....,0.0
CGTCGATTATCCCTTTGCAAATCGATCCTT,.(((((((...........)))))))....,0.0
ATAACGAAACTTCTCTTTCCGCGGTTCCAT,.....((((......))))...........,0.0
TTATCCGTTAGTTCTTGAGCTCTAGGTTAC,....((...((((....))))...))....,0.0
GCTTACGGATCATACCAAGTATCTCGGAGA,.(((.((((((.......).))).))))).,0.0
GCACGCAGCCTGGAAATCTGGTCGGTTGTG,...(((((((.((........))))))))),0.0
GGAAGGTGCATCTGTTCGCGTAATCCGACA,(((...(((........)))...)))....,0.0
CATACACTCCCATGGACTTGTGCACAGTGT,...(((((..(((......)))...))))),0.0
TGGCGAGCCGATTATAAGCGGCAGGTATTT,..((..((((........))))..))....,0.0
GATGCAAAACCTTTGATGGTTATTTCGTAG,.......((((......)))).........,0.0
TTGTTGGACCCGGACCGAGGTCAGACAATT,(((((.((((((...)).)))).)))))..,0.0
TCAGTTTTGAACCCATGTTCTCGATACCCA,...(((..((((....))))..))).....,0.0
GATCTGGGTGGAGTAAGTTCTACACCACTT,....((((((((......))))).)))...,0.0
AGTCAGCTTAGAACGGCTTGGGCCCGGAAT,.(((((((......))))..))).......,0.0
GATAAGTGTAGGGTTCGCTGACCATTACAA,......(((((((((....)))).))))).,0.0
ATAGCCACGTATATAAGCAATCAACGTGGT,...(((((((.............))))))),0.0
TAGGGAGCAATCTTGTAAACAGCGATGCAG,......(((.(((((....))).)))))..,0.0
GCATACTTCTCGGTCATAGACCGTCTTAAA,..........(((((...))))).......,0.0
TCTTTATTTACGCCCCAGTAATAATTGTTT,.......((((......)))).........,0.0
GGAGTACAGGTCAGTCGTCCCGATGCTCTG,(((((((.((.(....).)).).)))))).,0.0
ATGATGGAATACCTCTATTCCATGCTTACG,...((((((((....)))))))).......,0.0
TGCTTTTGCGACTAAGCATACCAAAAAACT,(((((........)))))............,0.0
CCAGGTTTGCTGTACACGTCAATCACACCA,...(((.((.((.......))..)).))).,0.0
TATGTGAGTTGCCAAGTACATTACTACACA,..(((((((.............))).)))),0.0
GCCATTTACAACTAGCAGGAATTGAATTAC,..............................,0.0
TTATTTACCCACTAGCTTAGTCGTCCTAAG,...............(((((.....))))),0.0
GTCTATCTAAATCTGGTTACGGATATGTAG,..........(((((....)))))......,0.0
TGGTGACTATTGCTCCTATTTTTCACCAGG,((((((................))))))..,0.0
GGCTTAACAGGACTAGTCAGTTAACGTCGA,((((((((..((....)).))))).)))..,0.0
GTGGAGTTTTACTTCTGAAGTTTTCTATCA,..(((((...)))))...............,0.0
GAATGCCTTGTCACGTAACAATGGATACCG,.....((((((......)))).))......,0.0
TATGAATGGTTGGCAACGCCTTTATGTTGG,((((((.(((.(....))))))))))....,0.0
AGTTTATGGGGTTATTTTTTTAACCCCGTC,.....(((((((((......))))))))).,0.0
TAGGTTTATAAGCATTCTACTATTCGCCAA,..(((..(((..........)))..)))..,0.0
CTACAATAGAATTGTAAAATGGTATATTTT,.((((((...))))))..............,0.0
ACCGGTCCGCAAGGTGCCTTAGGAAGGTTG,(((..(((..(((....))).))).)))..,0.0
CAGTGTGCCTACCCAGTGTAGATTAGCCTT,.(((.(((((....)).))).)))......,0.0
GGAAAGGTTTGACGTAAGTATATCGGCCTG,....(((((..((....)).....))))).,0.0
GCAGTGTAATCTCTTGCAAGTACGCACTAT,..(((((...((......))...)))))..,0.0
TAATCTATGGTCAATTCGTTGGTATACATT,..(((.((((.....)))).))).......,0.0
CCGGACCTCGCCTATATCACTTAAGGGCCT,.........((((.((.....)).))))..,0.0
TGTAGATGTGGATACCATCCGCTGAAAGTA,.......((((((...))))))........,0.0
GCCAGCCCGTGAGATTAAGCTCACCCTACA,........(((((......)))))......,0.0
CGGAGAGGGTACATCGGTGCCCGATTCTTG,.(((..((((((....))))))..)))...,0.0
GACTGAGGTAAATCACTCCGTCTGTAGTCT,(((.(((........))).)))........,0.0
GGTGTCCGAGAAGAGCTGTTCCCGAAACTC,(((...((.(((......))).))..))).,0.0
CCATTTTAGGTCAGCAAGGTACTAAGCGCG,....(((((..(......)..)))))....,0.0
TCAAAGCACCCGAAAGGGAGTGATCGTAAT,......(((((.....)).)))........,0.0
GCGTAGTGCAAGTGAAAAAACTATGCATTC,(((((((............)))))))....,0.0
CAATTGTACCGCCGTACGGAACTTCATGCA,.....((.(((.....))).))........,0.0
ACGAGAATATTTTGGAGAAAAACGTATCGA,.(((.....((((....)))).....))).,0.0
CAAAGTTCAGGGTTGTGGCGCGGTCTTTGC,(((((....(.((....)).)...))))).,0.0
ATGAGCGGTATTAGTTTGTATGTTACTGCA,....((((((.((.......)).)))))).,0.0
ATCGTTAGGGTAATTGACCCCCAACACTTA,...(((.(((........))).))).....,0.0
GTCACTATGTAATGTTTCTACAGCTTAGAT,....(((.((..(((....))))).)))..,0.0
AGAGACTTGTGCTTATTTGAATCATCTCAT,.((((......(......).....))))..,0.0
TCGATTGATACATGCTCTTTATCAGGCATA,...........(((((........))))).,0.0
CCGTGGGGAACGAAGTTGTCCTCACATAAT,..(((((((.((....))))))))).....,0.0
TGTCGAAGCCGGGAGGTAGTCTTGGCTGCT,......((((((((.....))))))))...,0.0
TAGGATTATCTAAGTACTCTAAGGTCCTTT,.(((((...((.((....)).)))))))..,0.0
CCCGTATGGTGCTAATTCGAATACTATAAG,....(((((((..........)))))))..,0.0
GGCTGTCGCAATAGATATGGAGAAATTACG,...((((......)))).............,0.0
GGGTGGGGACTGCTGCGAATATTGAACCCG,((((.....................)))).,0.0
TACCCGGGAGTTTGAGTACTCTCAGCCCCT,.....(((.(((.(((....))))))))).,0.0
GTACAGCTGCGTGAGTACGTTTGACTGATT,...((((.((((....))))..).)))...,0.0
TAGGTCAGGTATTTATTTCTTAACTCCAAT,..(((.(((.........))).))).....,0.0
CATGTTAAAAGTCCTTTTGGTTTTTCTATA,......(((((.((....))))))).....,0.0
GCGTCGACTATCAATTAAGTGGACGTTGTA,(((((.(((........))).)))))....,0.0
CAAATCCACCGCGGCTAACAAGAGGAGTTT,....(((................)))....,0.0
GTAGCTGACACCAGTCCGCTAAAGTTTGTC,.((((.(((....))).)))).........,0.0
GTACATGCTCGATCACATGCATAAAATTTC,....((((..........))))........,0.0
CGAATAACAATGATATGTCAAGTCACATGA,.............(((((......))))).,0.0
CTTAACAAAAAACCTGAAGGTATGTGTAGT,....(((....(((....)))...)))...,0.0
GCAGGAAGTTCATTGATTTCTTCACGCACA,((((((((((....))))))))...))...,0.0
GGTGTGTGAATTACTTATATACACGAGGAA,.((((((((.....))))))))........,0.0
ATCCCGGGTGAGTGTCCTCAGGCCACATAT,.....((.((((....))))..))......,0.0
ACAATACCGATGTGTTAGGATTGGTGTTCA,..(((((((((........)))))))))..,0.0
ATTGCCTATAGCCATGGTAACACTGGTACT,..........((((((....)).))))...,0.0
CGATACTCACCATATGGGGGGGTTTCTCTT,.((.((((.((......)))))).))....,0.0
CGAAAATGAGCGTATCATGCTAGGCGCAAG,.........((((..........))))...,0.0
GGGAGATTTGCCATGCGGATTTACCGTGCC,((..(((((((...)))))))..)).....,0.0
CCAATGTGACGTTGAAGTAGTCTAGGAACT,.(((((...)))))................,0.0
CATATGCATTTCCCACGGTACTAATATGAA,(((((......((...)).....)))))..,0.0
TAGACGATTATGCGTAAGTAGTAAGTTCAA,..(((.....(((....)))....)))...,0.0
ATATGGGTGATGCTTTATATCCGAACGTGT,....(((((........)))))........,0.0
GTATGTTCGTATGAATCCCCACGCAATACA,((((...(((..........)))..)))).,0.0
AGGCTGGCAAGGCAAACGGTCAGCTATAAG,.(((((((..(.....).))))))).....,0.0
GCTGCACGTGTGTAATGCGTGTACTCATAA,..(((((((((...))))))))).......,0.0
GGCGTTTGTCCTACCGCAAGAGCTTTCTTA,(((.(((((......))))).)))......,0.0
TGGGGTCTACTCAGTATAGTACACATCAAG,(((.((.((((......)))).)).)))..,0.0
AAGGGTAGGTTCAACAAGGTAGTGTCAATT,..............................,0.0
GGGGTATTAGTCAATTTGGCCAATGGGTCT,.................((((....)))).,0.0
ACCATGTGGCAGGTCACGTACCACTGGACG,.(((.((((..(....)...)))))))...,0.0
GGGTGTTGACATTAGTTATACACTAGTATC,.(((((((((....)))).)))))......,0.0
AGTAGCCGAGTCGTAATTCAGTCGATTATG,........(((((.........)))))...,0.0
CGAGTGTCACCACTATTAATGCACACAGGG,..((((....))))................,0.0
TAAGTTTAAATGCCGTCTTCGCGTTTGTAT,......(((((((.......)))))))...,0.0
CAGTCGTCTTGGTGCAAGTGCATGATCTGG,(((((((((((...))))...)))).))).,0.0
GAAATGTATACCCGCTTGTGTCATTTTGAT,((((((.((((......))))))))))...,0.0
CGAATAGGGTTTAATATGTTAAACAGTATT,..((((..((((((....))))))..)))),0.0
ACACATTCCGATTAATTTCAATAGGATGTC,..((((((..(((......))).)))))).,0.0
GGTTATACCATACAATTGGTAGCCGATCCA,(((..(((((......))))))))......,0.0
CCTACTTTTATCTATCCCAGGGTTTACCTA,..................(((.....))).,0.0
CCAGACGCAAGCGCACTGTACTTGCGAAAT,.....((((((.((...)).))))))....,0.0
TGTATGAGAACATGTGTTCTGTAAAGGATA,......(((((....)))))..........,0.0
GGTAGTGTATCCCAGTAGTCTGCGTATCCA,.((((..(((....)))..)))).......,0.0
CTTTAAACTTTTGCTTAAAGGGTAAAGGTT,.....(((((((((((...))))))))))),0.0
ATTGCTTGTTGCCAATCTACAGACTGCGTT,...((...(((........)))...))...,0.0
ACATGGCACTATGAAATTAAAGTGCTACTA,...(((((((..........)))))))...,0.0
AGGATAGCGAAAAGTTGGAGAGTTCATCAC,..((((((.............))).)))..,0.0
AGGTTGGAAAATATTTTCCGAGTCAAGCTT,.(.(((((((....))))))).).......,0.0
TCAACAAGCGTTATGCTAACGAGATAGTAG,........(((((...))))).........,0.0
TCAGGATCAATTCTGTTTCTATTCATACGA,.(((((....)))))...............,0.0
CTAAACTCAGGTTATGGAAACTTAGAACAA,......(((((((.....))))).))....,0.0
GTGTAAATTGTTGTCGACTCAAATCACAAG,(((......(((...)))......)))...,0.0
CAAAAAAATCTGAGCACAGTTCGCTTTTCG,...........((((.......))))....,0.0
TAGAAACGGTCCCCCGGCATATTGAATCTT,......(((....)))..............,0.0
GCCATATGGATTGGTAAGATCCCACATGCG,((.....(((((.....))))).....)).,0.0
GATCACACATGACACTACATGCTGGACATT,..((.((((((......)))).))))....,0.0
TTCTCAATGCGGCCTGTTCCAAGGAACGAA,..............(((((....)))))..,0.0
CAGGAATATCTCGGTCATGATTATCACCTA,.(((...(((........))).....))).,0.0
CTCACTTAATGGTCTTGAAACCAAGAATGA,............(((((....)))))....,0.0
CAAGAATTATGTGGTGGAACCACGTCTGAT,........(((((((...))))))).....,0.0
CAGGTATGGCACCCTGTGCGCGTACTCATA,..((((((((((...)))).))))))....,0.0
TTATGTATTTCCGACTATAGGAAGTAGTCT,.....(((((((.......)))))))....,0.0
AATCATACGGGCTACTTCAATGCTCGTTTG,...((.((((((.........)))))).)),0.0
TGCTAAATCTGGGAAGTTTTTTCAGTTTAA,...((((.(((((((...))))))))))).,0.0
CTTTCCCCTCCATCTTATGAGCAGGAAGTT,(((((..(((........)))..)))))..,0.0
GATAGTTCAAAAAGGATAGCGTTAAACTCT,....((((.....)))).............,0.0
CCTCGTACTGAACCCATGCAATATCAGTAA,.....((((((............)))))).,0.0
CTTCAGCAAGCTGCCTGAATGCTTTCTGTT,...(((.((((.........)))).)))..,0.0
GCCGCGGCTGGTTCGTCGGGAACCCGGAAA,.(((.....(((((.....))))))))...,0.0
AACAATGTATGCCGACGGTGACAAAGTGTG,.(((.(((..(((...))).)))...))).,0.0
AGAGGAATATGCTTATCTATTACGTGCCTT,.((((..((((...........)))))))),0.0
TGTACGTTGCCAGCCCCTCACGTATCACTG,.((((((............)))))).....,0.0
CAACGATGCCCTTTTTAATAGTCTTCTTAT,..............................,0.0
TACGATGGTTGGAGATTGCACACGTTGGGA,..(((((..((.......))..)))))...,0.0
AACGGCTACTTAACCAAAGTACGGCCCATA,...((((((((.....))))..))))....,0.0
GCAGACAGCCCGTCTAGGGGTTTATGGTTT,.((...(((((......)))))..))....,0.0
GAGTATAACGTCACTCCGACGATTAAACCG,(.((.(((((((.....)))).))).))).,0.0
TAACTTGCCCAAAACTATTCGGGAAATGGA,.......(((..........))).......,0.0
TATCATAGCGACTGAACCTAGTGCACATAG,.......((.((((....))))))......,0.0
ACGAAGGTATGTAATTGACGCATTTCCGAG,.....((.((((.......))))..))...,0.0
GGCAAAAGAAATAAGTCTATTTAAAAATAC,(((...........))).............,0.0
CTAAGGAAGGGTTCCCCCTCATTACTTATT,.((((..((((....)))).....))))..,0.0
GTCCATTGAGGGCTGTTCGAAAAGGGATAG,((((.....))))(((((......))))).,0.0
TAATCATGGCCAGAAAAGCTGGCTCCCCAG,.......((((((.....))))))......,0.0
GATTATTCGAGGTTTTTTAAGTTGAGAAAA,............(((((((...))))))).,0.0
GTGCTAAAGTGTTTTTATTTTTGCTAGTCT,..((.((((((....)))))).))......,0.0
CGGATAGAATCGTGTCAATGTTATGGTTAT,.......(((((((.......)))))))..,0.0
GGCAAGAGAGTTAACAAACGTTTACCTTTA,....((((.((.(((....))).)))))).,0.0
ATTGGCTTACTTTATGTTGCGGATAGTCAA,(((.((..((.....)).)).)))......,0.0
TAAGGTTACAATATTTACCGTTTGACCAAG,...(((((.(((.......))))))))...,0.0
GGTGTTGCGATAATGATAAATGACTCCAGC,((.(((...............))).))...,0.0
CAGCGAAAAGGCTCTTATGTCATTTTATGT,....((((.(((......))).))))....,0.0
CAGCATATTCGCGAAGATTTTAAATGGTGC,..((......))..................,0.0
CCTAGAATGATATAGGCTTATGAATACTGT,((((........))))..............,0.0
TCACTATCAAGCGGCAACGAAAGATAATGC,.((.((((...((....))...)))).)).,0.0
GGCAGAAATCAGTTTTTGGTTACTTTCACG,((.((.(((((.....))))).)).))...,0.0
GTATAAACGAGAATTGGTTCGAGTTCTTTT,........(((((((......)))))))..,0.0
TATGTGAACGATACACTTCGGAAACTTTTG,...((...(((......)))...)).....,0.0
CCAACGAAACGCTTGTGTACGTTTTTGTCT,.....((((((........)))))).....,0.0
AAACGGAAAACCTTCAGAAACCATTTCATT,....((....))..................,0.0
GTATAAGTTACCTACGCATGTATTACTGAA,.....(((....(((....)))..)))...,0.0
TGTATAATTGCTCTCTCCCAGGGAAACCCA,.(((....)))(((((...)))))......,0.0
TATCCGTCTTGGTCCCCGAAGCTGATCCTA,.(((.((.((((...)))).)).)))....,0.0
CAGCACGGCTTGTTCCATCATGCTTAGCGT,..((..(((.((......)).)))..))..,0.0
GCCAGGGATCGAGAACCACGTTGTTGATCA,......((((((.(((...))).)))))).,0.0
TGTTTTGGAAGGTGCCTCTTCAGTTCACAG,(((....(((((....))))).....))).,0.0
TAGGATGGAGTACCACTGTAGACGTGTCAT,..(..((.(((...))).))..).......,0.0
TAGTCAATGTGTAGAAACATGTAACGCCTG,......((((((....))))))........,0.0
GCGCTAGTTGCTGTTGTGCCACCGTGGCCT,..((((((.((......)).))..))))..,0.0
TTGGAAGTGTATTGCTATATATTGATATTG,.....(((((((....))))))).......,0.0
GTCGTTCAATAAGTTCGCCTTTAATTGTCG,..............................,0.0
GGCCTATTCACCTGCTTAAATGGCAATTAT,((........))((((.....)))).....,0.0
TAAGGGCCGGCTCATAGCGGAGTCACACGT,........(((((......)))))......,0.0
ATGCTAGAAATGTCCACGTACATCCGCTTC,.........((((......)))).......,0.0
TCATTCGTCCAAAGTTAACCGGAGGTGTGT,.(((.(.(((..........))).).))).,0.0
GTGACTCGCCGCTGAAAGCATGAGATTAAA,....((((..(((...))).))))......,0.0
GGACAGCCTAGACGAAGGAATAGGGATGTG,..(((.((((..(....)..))))..))).,0.0
GCTCATGATGATTTATTATGTCAATCATCA,.....((((((((.........)))))))),0.0
CAATTGCAAACCATCGTTAGCAAGTTATAT,...((((.(((....))).)))).......,0.0
ATCATAATTGTCTGCACAATTCCCTGACAT,.(((.((((((....))))))...)))...,0.0
GTCGTCAACCTATAAGTGGTATATCCACAC,...............((((.....))))..,0.0
GAGGCTTGTAGACATGTTACTAGTTCCCTA,.(((....(((........)))....))).,0.0
GTAAAGCGCTTACCCTAATAATCTTATGTC,..............................,0.0
ACAAAGTTCGTAAGTTGAACTGAAGCCAAT,....((((((.....)))))).........,0.0
CAGAATCTGTAAAACGAATCGCCAGTTTAG,...........((((.........))))..,0.0
GTATGTCCAACGGAAGTTCAATTTGACAAT,...((((.((..((...))..)).))))..,0.0
TAAGTTATGCATAACATGCATGACAACACA,...(((((((((...)))))))))......,0.0
TGTCCCCGTGTCCCGTCGTTAATGGTGGTG,...((((((............)))).))..,0.0
TCAGCAGGTAAAAAGTTGATATGCTATTTG,(((((.........)))))...........,0.0
TGCGCTTACATAACGCAGTCTTTGGAAGGA,((((.........)))).............,0.0
GACAAATGGCTACCCTTTATCTCTCTTGTA,((.(((.((....))))).)).........,0.0
TTGTAACTTACGTCCGAGGAAGGGAATGTA,........(((((((.......)).))))),0.0
GGAGGTGCACCTTTCTTGCAACTCGAACCT,.(((.((((.......)))).)))......,0.0
GCGGTCCCAATTGCTAAAGGAGCGATTCCG,.(((....(((((((.....)))))))))),0.0
AGGCAGCTATGTAGTAAAACTATAGTAGTC,.....((((((((((...)))))).)))).,0.0
TTCGTAATAAGTCTGAAAGCAACTATTCAT,.............((((........)))).,0.0
TACAACAGGATCTACCTGTTCCCTTAAGTG,...((((((.....))))))..........,0.0
TAAGTACAACAGGGCTTCTGTCCGAGTTAT,.......(((.((((....))))..)))..,0.0
TACATTGGCCCACATATTTAGGGAGTTCAA,........(((.........))).......,0.0
GTCGCAGATGACTAATGGCAATATCATATC,(((......)))..................,0.0
GGTCTAAAACATTTCAATGGTCTGTACTTG,..............................,0.0
GGTCCGTAAAGGGGAGGAATTGAGCCTACA,..(((......)))(((.......)))...,0.0
CATGGAGTCTGGAGTTAACGCCAGCACTAC,.....(((((((........)))).)))..,0.0
GGACGGCCCATTTATTCGCGTCTATGTCGT,(((((.............))))).......,0.0
GTACCCGGGGACAACCCATTTCCACGCTAA,......(((.....))).............,0.0
AAAAGAACCACATCATGATTGTAACTCTTG,..((((...(((.......)))...)))).,0.0
ATACTATACTTTAAACGAGTAAGGGCTACT,...((.(((((.....))))).))......,0.0
TTCAATGCGGCATAGATGTGCGCAGAAGGT,.....((((.(((....)))))))......,0.0
TGTGAGGCCGCAATCAGTGGCATCTACATT,(((((.(((((.....))))).)).)))..,0.0
GGCGCGATTTTTCGAGATTAACTTGTTCCT,((.((((.((.........)).)))).)).,0.0
GAGGGGGAAGAGAGAAAGGGAAAAGGAGAA,..............................,0.0
GCTAATGTCTCACACCGGCTATACATTCTA,(((..(((...)))..)))...........,0.0
CGGGGGTCTCGTCCGATACAGACCGCAGAT,..(.(((((.((.....))))))).)....,0.0
GAAGTAGGGGATTTTTAAAGATCATAGTCG,.........(((((....))))).......,0.0
TGTGGTAGGCGTAAGGTTGCTGGAGCAATA,(((....((((......))))...)))...,0.0
GAGTTAACTTAGATTAAGTTTCCTCGTTGA,(((..((((((...))))))..))).....,0.0
TGAGCTGAAATTATCGATTACACTATTCCT,..............................,0.0
AGAACTATGGCTGAGCCTTCACCAAAGAAA,....((.(((.(((....)))))).))...,0.0
GTAATTGTTGCCTCCGCAGAATAACGTGTC,((.(((.((((....))))))).)).....,0.0
ATGCGTGCCAAGGCGCAAGACGGGTATCCT,.(((((......)))))....((....)).,0.0
TGGGCACACAAGTATTAAGTGGCATCCCGT,.(((..(((.........)))....)))..,0.0
GCAGCTTACCATTGTACAGTTGTTAGTGTG,(((((((((....))).)))))).......,0.0
TGCCAAGCAATTGCAATCAATGCTCACACT,.....((((.(((....)))))))......,0.0
TAATTGGGAAACCCCATCATTTCATTAATT,....((((....))))..............,0.0
TCCTAGTTAATTCCTAATAACTATGGTGAT,.((((((((........)))))).))....,0.0
AAGGACTATGTGGAGTGTCTTCACAAATCT,........(((((((...))))))).....,0.0
GGATTGCACTAATTGGGAATGTGCGAAATG,...((((((...........))))))....,0.0
GTGAACACCTTAGGTATGGCCCTATGCGTT,...(((.(..((((......)))).).))),0.0
CGTACCAACGAGGTTCCCTCAGGGTAGGCT,(.((((...((((...))))..)))).)..,0.0
GTTGGCTAACCACTTATTTCATGGTGCTAG,..((((..((((.........)))))))).,0.0
CTCCAAGCGTGTGCTCTTCAAGTCTCGTTG,.....((((.(.(((.....)))).)))).,0.0
ACACGTCATCCGTACAAGTGTTGGCGTGTA,((((((((.((......).).)))))))).,0.0
TATGTTAGCCCGTACCCTGTTCGCTTGTTT,..............................,0.0
TGGATGGTTGTTATTTGACTATCTTACATT,.(((((((((.....)))))))))......,0.0
TTGGTTTGGGTAACGGAGTTGAAAATTTAG,((.(((.....))).)).............,0.0
GGGCACATGAGATCAAATCGAACAAATCAT,..............................,0.0
GGAGGCCGTGGTGTGGCAGTCAATTACTCA,((..((((.....))))..)).........,0.0
GACGATTGTATGTCCTATTACAGGAGACCG,..........(.((((.....)))).)...,0.0
GTCGTGCTAAACTAGTGGTTATGTGACCAA,...............(((((....))))).,0.0
GATAGGCGTCAATGATATTCACGTTAGATT,....(((((.(((...))).))))).....,0.0
TAGTGGCCATCAAAGTCTTGAACATGCTAC,..(((((..((((....))))....))))),0.0
TGTCATCGATTTACCGGAATGTTATCGTGT,...((.((((..((......)).)))))).,0.0
CCATACCTAGTTTGCAAAATTAGTAAGTTT,......(((((((...))))))).......,0.0
GGGAAAGGAGAAGGGGGAGAAAAGGGGGGG,..............................,0.0
GGAACAACAACTTATGAGATAGTTTTACAA,........((((........))))......,0.0
TGAAGTTTGGCCGTATCGACCGACATGAGA,......((((.((...)).)))).......,0.0
GGCTCACATTCAATATTCGGTTGACAAGGC,.(((.....(((((.....)))))...))),0.0
GCTCCAACTGCTTTTCTTCCGAAACAAGTC,......(((...((((....))))..))).,0.0
CTTCAAGTTATTGTTCGACATTATTGCGGG,..............(((.((....))))).,0.0
GGGTTGCGCAGTATTGTTTCACTTGACATG,..............((((......))))..,0.0
GATCTGTGCTGCTCCTGACAGCTCTGTACT,.....(.(((((....).)))).)......,0.0
CCAAGAAACGATTATTTCAGTCCTTTACAG,....((((......))))............,0.0
AGTTAAGTGTCGCAATAGTGCTACTCATTT,.....((((.(((....))).)))).....,0.0
GTAGTAGCAGGTTCAATTGTTTTGCGAAAG,((((.(((((......))))))))).....,0.0
TGAACGTACGATTAAGAAATCGGCACGTGG,...((((.(((((....)))))..))))..,0.0
TACGGTACCGTCAGAGTAAAATCTATCGTG,((((((......(((......))))))))),0.0
GCAGCTTTTGGTCACGGGCCTAAACCGGTT,..............(((.......)))...,0.0
GAGAGTGAACTTACAGCACTAAGCGATCTA,...((((.........))))..........,0.0
GGTCCGACAGCTTAATCGTTTTTGGCAGAC,.(.((((.(((......))).)))))....,0.0
TCGAGTAGAACCCATAACCAGGATCTGCAT,....(((((.((........)).)))))..,0.0
CACGCCAGTTTCTTCAATTGGCACATTTGT,...(((((((.....)))))))........,0.0
GCTGGTGGTGGAATAAAGTGTCAGTACAAT,(((((((.(.......).))))))).....,0.0
ACTGGAATGATGTTAACAAGATCCCCTGTC,((.((...(((.((...)).))).)).)).,0.0
TGACGAATACCATGAATTCTGTCTCTGTCT,.(((((((.......)))).))).......,0.0
GGACTGGAGCCCCTCAGCCTCAAATGGCTA,......(((...)))((((......)))).,0.0
GCAAAATTTATAGGCGACACAGTTGTGCTA,............(((.(((....)))))).,0.0
TGCACATACTGTATCTTAAGAACGTATGGT,.((.(((((.((.((....))))))))))),0.0
GATGCACATGCTTTTGTGAAGTCACAACGA,(((.((((......))))..))).......,0.0
ATGCACAATTAGTGTTCCACTATGAGGCCC,..((.....(((((...)))))....))..,0.0
TGCTATGTAGCCATGGGCAGGTTGTAGTTT,.(((((..((((.......)))))))))..,0.0
AGTCCCTCTCACAGGGTCTAGCTTTGTGTA,.........((((((((...))))))))..,0.0
GGCTGTTAATATAGCTTCTGTTAAATGGTG,((((((....))))))..............,0.0
GGAGCGTTCAAATTATTTCCCTTGTTCCCA,((((((................))))))..,0.0
AACAGATGTGGGGAACCAGGAAGATCTAGT,...((((.(((....))).)....)))...,0.0
GTTCCGAAGGTTATGTCGTAGTTACGGTTA,...(((.((.(........).)).)))...,0.0
ATGTACTCATGAGGTCTCAACTCCGGATGT,......((..(((.......)))..))...,0.0
GGCTCAGTGTGCGTCTCTCGATGCATTTTA,........(((((((....)))))))....,0.0
CTAATACGGGAGAACGGAATTGAAGCGTTG,............((((.........)))).,0.0
CCGCCGAAGGTCCAGCATGGTGTTATAGTG,.(((((..(......).)))))........,0.0
AAAAGAATGTTGGTTATTAACTTATATTCA,....((((((.((((...)))).)))))).,0.0
CTTAATAATACTATAAAGAATTTAGCCTTG,..............................,0.0
GAAACAGAGAAGGCCTATATCCTACAAGTT,..........(((.......))).......,0.0
GTAAACAGCTAACATGCTAGTTCACACTAA,((.((((((......))).))).)).....,0.0
TTTGCCAGGGTAAACCGTGGTTTGCTCACA,...((((.((....)).)))).........,0.0
GGAACAGTTATCGATGAGGTAGCTACATAC,.....(((((((.....)))))))......,0.0
TGAGCACTCTGTTCACATCACAGTTCTTAT,((((((...))))))...............,0.0
GGGCCGCCAGGCTCGGTCTTTTCGCGTAAA,(((((....)))))................,0.0
TGGGGACCATGTCAGTGGACTATGTATGCG,...((.((((....)))).)).........,0.0
AATTGCACCGTATCAACTCTTAATCGGTGC,....((((((..............)))))),0.0
GGGTCATAGGAAAATTCTATCTGGCCATCA,.((((((((((...)))))..)))))....,0.0
GGCGTGCGTGCATCTTATCCCTGTCGCTTA,.....(((.(((.........))))))...,0.0
CAATTCGGTCTCTCATGGATGATGAGATGG,.....(.((((((((....))).))))).),0.0
CGACGGCCAAAATTATTTTGTCGTGCTGAT,..(((((.(((....))).)))))......,0.0
CGTAGTCTCATCCTTAAGCGCTTTTTTTCG,..............................,0.0
AAGTGCAATCTTGTAAAAGGCTGTGCTACG,.((((((.((((....)))).))))))...,0.0
TCGCATTGTCTATTCTGATAACCATGGTAT,.....(((((......))))).........,0.0
GGGTAGTAACGGAAGAGTTACCGTTCACGT,.....(((((((........))))).))..,0.0
CGTTGTTGTTGAATTAACTCTTTAACAAAT,.....((((((((.......))))))))..,0.0
CGGAAGCAGTCACTAGAGTAATTCCTGTGG,.((((..(.((....)).)..)))).....,0.0
GTTAATGCGACCCACGACTGCAAGAATCGG,.....((((.........))))........,0.0
ATCTCCAGTGATTGCCTGAAGCTGTCACGT,.......(((((.((.....)).)))))..,0.0
GTCCAGTAAATTGTATGAGCTGGTTCTCCC,..(((((...........))))).......,0.0
GTCCAGCGGGCTTTTGGTTACGTAGCGCAA,.......(.(((..((....)).))).)..,0.0
TAAGAAAGTTTTTTCTGCAGGTTTACCGAG,..(((((....)))))...((....))...,0.0
ATTTTCGGTAAAGCGACACAAACCAGGAAA,.((((((((............))).))))),0.0
GCAAAGATGACTTATTAAGAGGTCTGCTCC,(((.....(((((......))))))))...,0.0
CACTAATGAGCTAACTGAAATTGACTTTTG,..............................,0.0
AGGGCGAAGTACTCCAGTATTTCAACATGA,.....(((((((....))))))).......,0.0
CAGGAATAACACTTCCAAGTGCTGTCTGGA,((((.....((((....))))...))))..,0.0
GCCCTGTAACAACGCAAGGATAGTTTGTAA,.((.(((......))).))...........,0.0
CTGGATCTGCCTCCTTAGAAGCACGATACA,.((..(((((.((....)).))).))..)),0.0
CCAAATCTAAACGAGAACAAGGGGGTTGAG,((...(((.....)))....))........,0.0
ATAGCGAATACATGAATATTGTGCGGCCTA,...((...((((.......))))..))...,0.0
GTACACCGTATGCTCTGTAAACGAAAGGGA,......(((.(((...))).))).......,0.0
GCTGTGCCCGCCCGACGGAGATAGTAGTTA,(((((..(((.....)))..))))).....,0.0
GGGATGGCAATCTATTTGCGATACATCTTT,.(((((((((.....))))....)))))..,0.0
GGGCTAAAATAGGGGATTTTCTAGGGCCAA,.((((....(((((....))))).))))..,0.0
TGCTCCCTTATTTTGGTATAGGGGTTTTTG,....(((((((......)))))))......,0.0
GCCGCATTTAGTTGCACACTCATATGGAAT,...(((......)))...............,0.0
CGAAACGTTCTGCCATATTCAACTACGATG,..............................,0.0
AGCGTTGACATGATTCAATCACGAAATATT,...(((((......)))))...........,0.0
TACATGGATAGGCTACATCGCTACATAATG,..(((.....(((......))).....))),0.0
CATCACGGAGGCTTACTTCCGGAACTGAAG,..((.((((((....)))))))).......,0.0
CATAGATTTGTTCATGAACGTATCTGGGTA,..(((((.((((....)))).)))))....,0.0
TCATTCTCGAGTTTGGAAAACTTAGGCCCA,....(((.((((((...)))))))))....,0.0
TCGTTCTAGGCCTATGTCTACCGGCCAGTG,........((((..........))))....,0.0
CATAGGTCATCATTAATGAAGTCCCGTGAA,(((.((.(.(((....))).).)).)))..,0.0
CAACATGGGCCGTTTGGAAATAACCCGTTT,....(((((..(((....)))..)))))..,0.0
CACACGCCTCACGAATCGTGATAGTACGGT,.....((((((((...)))))......))),0.0
GTCTAATGAACAGATGCTAAATTGTTTATT,....(((((((((........))))))))),0.0
GTTCGGTGATCTTAAATTTAGGAATCTTCG,...(((.(((((((....)))).))).))),0.0
GCGGCAGTATATCTAATGTTATCTTCGCTT,((((.((.(((........)))))))))..,0.0
ATCCTAGTCCCAGTCTAATATGGTTGTATT,.........(((........))).......,0.0
TGAGCCGATGTATCATGAATGATGCTGGAA,....(((..((((((....)))))))))..,0.0
TGGCATCGTTAGAGTCTATAACGCGGCGTA,..((..(((((.......)))))..))...,0.0
GTTGGAAGGTATACTCCATAAGCCCTTGAA,..((((.(.....)))))............,0.0
TGAGGATAGTACGTATGAGACATAACAGAA,..............................,0.0
AGAGTAAAGTCCTATTCGTTGGTATCTTAT,.(((((......))))).............,0.0
ACGTATGCACTTTTACCATACCCCAGAAGT,..(((((.........))))).........,0.0
GGTGTCAGTGGTCCAATCTGATATATTAAA,.(((((((.........)))))))......,0.0
GGATATCCCGTCTCTGGATTGGAGATGGCT,.......((((((((.....))))))))..,0.0
TAGGTATATAACGCCTGGCGAATTAGGTCC,............(((((......)))))..,0.0
TGCTGCAATACCTACGGGTTTACGCATTAT,...(((...(((....)))....)))....,0.0
GATACTTCTTTACGAACGTAAGAGGCTTCA,((..((((((.((....))))))))..)).,0.0
TCATGACACATTTAGATTAAAGTTGACAAG,..............................,0.0
GACAGAGTTGTTTCCAAATACCCTCGTCAT,(((.(((..((........)).))))))..,0.0
GCAAAGTGTCCGAATGGTAGTCCACGATGG,.((..(((..(........)..)))..)).,0.0
AATTTATCTTAGCCGTCATAGATAATAACA,...((((((..........)))))).....,0.0
TAAAGATACAACAGTTATTACGGTCCACTA,..............................,0.0
GACCGTTAATTAATGCGAATTTGCGTCCAG,............(((((....)))))....,0.0
GCGCCGCTAAATAGCTTTTTTCAAGTGTGG,...((((......((((.....)))))))),0.0
GATGGTAGAATCGCGGGTAGATTTATTTTC,.......(((((.......)))))......,0.0
AGGTACCGATACTTCTACGTAGACGGTTTA,....((((.(((......)))..))))...,0.0
CTTAGGTTTCCAGATACACTTTACCCCACG,....(((...............))).....,0.0
CGGAAGCCCAAGGGTTGGGGTTTTATTTGT,..(((((((........)))))))......,0.0
GCCAAATCCCCGTTTTAGTCCTTTTGTTGT,..............................,0.0
TAAGGACCGTTTCTTAGGTTCCTTTCTTGA,.(((((((........)).)))))......,0.0
ATGTGGTGGTTATGTTTTATTGGCGCTAGT,..(((.((((........)))).)))....,0.0
GTCAGTAATTTTTAGGTAATGATATTGCCA,..............((((((...)))))).,0.0
TACAGCGAGCAGTTGCATTACGAGCTCCGT,......((((.((......))..))))...,0.0
GGCCGATAGGTAAGTCCGACACCTGTTTAG,....(((((((.........)))))))...,0.0
TGCTGACTATCAGTAGGAAGTAGGCCTAAA,((((..(((....)))..))))........,0.0
GTCTAGGCAAGTATTTGACAATGCTGTATA,......(((.(((((....))))))))...,0.0
CATATTGCCGCACCCCACTGCCACAATCAT,...((((..(((......)))..))))...,0.0
CGTAAAGGGGAGCTATTACTGCCGTCCGGG,......(((..((.......))..)))...,0.0
ACTCTACTTCACAGCTTACGGAGTAGAATA,..((((((((.........))))))))...,0.0
GGTTATCAGAATGAATTTTTTAGTCTGGAG,......((((.((((...)))).))))...,0.0
AGCCTAAGTATTACTTTTAACCAGTATGAT,.......((..((((.......))))..)),0.0
GCTGTTTTTACATTTCGCTTAAACAATGTT,..(((((.............))))).....,0.0
GGGATACATTATGATCCATAGTGGTTTCAT,.(((..(((((((...)))))))..)))..,0.0
CCAATGCGCCTAACATGCAAAGTAGCAGAT,...............(((......)))...,0.0
GTAGAAGACGGAATGTCAAAGCAAACCTAT,......(((.....))).............,0.0
TTGGCAACAGTGGCGTATCTCGCCCCTCCG,..((....((.((((.....)))).)))).,0.0
TACTATGTGGCTCGGTTAGTAGCAAACATT,....((((.((((.....).)))..)))).,0.0
AGAGTAGCTTTGATAGAACTACCTCACGAT,.((((((.(((....)))))).))).....,0.0
CACGGCAAGTGTACCCTTAGCACTGAACGT,.(((...(((((.......)))))...))),0.0
GCTAGCAGGATCTGAAAGTGATAGTGCAAT,....(((..(((.......)))..)))...,0.0
GTGTACACTCTAATGTAACCGTGTCAATAT,.((.((((............))))))....,0.0
GCTGCTGTCTCAAATGATGAACTTGGTAGG,.((((((..(((.....)))...)))))).,0.0
GGCTAAATTAGCTTTTGTCTTCGTTTTAAA,(((((...))))).................,0.0
AGGATGACCGAGCTGAAGGCGAATGGAATT,.......(((.(((...)))...)))....,0.0
GCTGAACGGGTTCTTTGTCTGACTGTCCGT,.....(((((.((.......))...))))),0.0
CGTCGCTATAACGACGTTAGACTGCAAAAG,(((((......)))))..............,0.0
ACAGTCGAGATTGACAATCTTGATCAATAG,...(((((((((...)))))))))......,0.0
TATATTTGCGTCATAGGACTATGCCAAGTT,...(((((.(.((((....)))))))))).,0.0
GTAGGGAATGAATATATGTATTCTGAGCGC,((..((((((........))))))..))..,0.0
ATGCAGATGGTGTCGCACTTTCTGTCCTAC,..(((((.((((...)))).))))).....,0.0
TATATTTAGTTGGTCCGTCACAGTTGAGAT,.....(((((((........)))))))...,0.0
ATAACTGCTATGCTTGACCCAACTTCTATG,..............................,0.0
GGCAGCAGTGAGTGTGCATAACCACCCTGA,..(((..(((.((.......))))).))).,0.0
TAGCTGTAGTTCGGATTGATACTACTTGTC,.....(((((((.....)).))))).....,0.0
CTGTACACCTTCGACAAGAGGTTTACAGGT,(((((.(((((......))))).)))))..,0.0
TCATGTGTTTACCCTGGGGTATCACGTTCC,..(((((..((((....)))).)))))...,0.0
TCTATAGATGCAATTAATACAGTAGTAGTA,........(((.((((......)))).))),0.0
AGTCTGGACGTTGGCTATTGTCATTGTTCT,.....(((((.((((....)))).))))).,0.0
GGTACGTATAGTGGGTCCTCCAACAAGCCA,(((..((....(((.....)))))..))).,0.0
CACACTCACCCTATTAACCATACGTTGTGT,.((((.....................)))),0.0
AACAGGCTTAGGTGTGGGGCCTAAAATGCA,.....((((((((.....))))))...)).,0.0
TGCAACTTACTTAGCAAGCAGTGGCTACCA,...........((((........))))...,0.0
CAGGGAGAGTCTGTGGCCTGGCCACGTCCC,..((((.....((((((...)))))))))),0.0
GTACACGGCTTACCACAGTAGTACAGCCTA,......(((((((.......))).))))..,0.0
GTAGCCAGCGCTGTACCCAGTGGGGTCCCT,...(((..(((((....))))).)))....,0.0
CCAAGATTATGCCCCGTTTACAAATAATAA,..............................,0.0
ATAAACAGAGTGTTCCAATGATGTTGCCAC,...((((..((......))..)))).....,0.0
GAGTTACTTGCTTGTCTTACGCTAAACACG,((((.....)))).................,0.0
CGGTTGGCGCTCCTGAGTCTATGCACCGTC,(((((((.(((....))))))...))))..,0.0
TCGTTTTATTGCCTATAAGGAATATGGGTT,..........(((((((.....))))))).,0.0
AACCCTGAGCCACCAATCTGTACGCTAGGT,...(((.(((.((......))..)))))).,0.0
CACAATGTCGGGATAATGTTTGTACTTGTT,.((((.((..((((...))))..)))))).,0.0
TATTTCCCGGTTCCGTTAATGCAACCAGAT,........((((.(......).))))....,0.0
GCTAGCAGAGTCCCCGCTACAATTCGCGAA,..............(((........)))..,0.0
GTTCTAGGCCTGTAAGCATACTAGCATTCC,.......((..(((....)))..)).....,0.0
GGAATATTCCAATTACACCGTTTGGATAAT,.......(((((.........)))))....,0.0
GCTGAATACTGTTTTATTACTGAATGGCAA,........((((((.......))))))...,0.0
TTATGCGCCCGACACGTTTACTAGGGAATG,.......(((.............)))....,0.0
GCGATCTGGCGTTTTGTTACTGACGGAGAT,...((((..((((........)))).)))),0.0
CACTCTCAGACAGGCCAACACGTCGAGATC,...((((.(((.(.......))))))))..,0.0
CTCGGTTTTCGAATGTTCATCGCAAATGAA,.(((.....)))...(((((.....))))),0.0
GGGTTGGCACAAGTCTGTCTTTCAAAGCAC,(((..((((......)))).))).......,0.0
GTAGCGACCCAAGGACTGGACGCACACATC,((.(((..(((.....))).))))).....,0.0
TACATATAGCCTTATAGGTGTTCCTCATTA,........((((...))))...........,0.0
GGGCTAATAGGCTGATACACTCTTTTGTCG,.((((....))))((((........)))).,0.0
TGCCATATCTCCGTCAGGTGAATAACGTAG,.......((.((....)).)).........,0.0
TAACTTCAGTCCCACTTTTGTGACTAACAT,.......((((.((....)).)))).....,0.0
CAATTGTACACACTGAGCCGCGTATAAATT,...((((((.(........).))))))...,0.0
TCGAGAGCGTGCCCACCGTCTCTTAACAAA,..(((((((.......)).)))))......,0.0
AGTATGTAGCCCTTTTGCGAGATAACGTCC,..(((.(.((......)).).)))......,0.0
TACAGTTCGAAAGTGGCAACTGGAGACCAC,..((((((.......).)))))........,0.0
CAGCCTATGACTTGTCATATAGGTCGCCAA,..(((((((........)))))))......,0.0
GTAAGGTCATAACGATAAGTAAGTAACACA,.....(((.....)))..............,0.0
TAACGGGTAGGCAACTAGCAGGCCGGCAAG,...(.(((..((.....))..))).)....,0.0
CTGCACCGAGATCTATAGGTACTCTGTGGA,...(((.((((((....))).))).)))..,0.0
TAGATATCATGCCAATAATTGAATGCTACA,(((...(((..........)))...)))..,0.0
ATTGCACGCATTGCTCTTGTCAAGCCCAGT,((((...((.((((....).))))).)))),0.0
CAATAGAGTACTCTGCATAAGAGTTCACGT,.......(.(((((.....))))).)....,0.0
TGAAGCGAATCGCAATATGTGGCTGCGTTT,..((((((.(((((...))))).).))))),0.0
CCACAAGTTCCGTCTTCAGCGCTGAATCTG,...((.(((((((.....)))..)))).)),0.0
GGTATAGGTCGCTTAATGCGTAGTCTCCAA,((.......(((.....)))......))..,0.0
CAACAGTGGCGAGTTCTTACTGACCTAAGG,.......((..(((....)))..)).....,0.0
TATGTAATATTGACTTATAGTCAAATAGTT,.........((((((...))))))......,0.0
CGGCAAATCGCAACAAGTAAGGGATGTCCT,.((...(((.(.........).)))..)).,0.0
GGATACACTCGTGGGCCCGTTGTTGTTATC,((.(((....)))..)).............,0.0
CATTCAATGAACTTTATCCCGTTTGAAACT,..(((((...............)))))...,0.0
GTTGTCTGGAATAGTATTTTGCCTGAACAG,..((((.((((.......)).)).).))).,0.0
AATCGAACGGTGCTCCACGTTCATACTGAT,....(((((........)))))........,0.0
GAAGAATGTACCAGAGTGCGGAAAGCGCTA,..............(((((.....))))).,0.0
GACCAAATATATGGCAATATCTAGGGTTTT,((((....((((....))))....))))..,0.0
ACTCACGATTTTTAAGTCCGTGTCCCAAAT,...(((((((....))).))))........,0.0
ATTATGCGAAGAACGGAACTTATCTTCGAA,......((((((..........))))))..,0.0
CAATGTTGGCCGCAAAGCGAATAGCCTACC,....((.((((((...)))....))).)).,0.0
AGTGGTGCCAGCAAACGCTCTGAACTTGCT,...(((...(((....)))....)))....,0.0
GGCATGGCACTTCTGAAGGGTCTTGTCATT,((((.(((.(((....)))))).))))...,0.0
CGTTAGACTCCCAGAGGTTGAATCTGTCGT,...........((((.......))))....,0.0
CAACCAGGAGTTTACAGGGACCCTCGGATC,...(((((.((((....))))))).))...,0.0
CCTGAGTATGTAGCACAGCTGCTATCTGAT,..(.((...(((((...)))))...)).).,0.0
TTAGGACCGGAATACCTCGTAATCAGGAAC,......((.((.(((...))).)).))...,0.0
CATGATCAAAAACTGGGTTTAGCACATTTG,...((((........))))...........,0.0
CCAATGGTTTTCCTTATTATAATGCTTGCG,.....((....)).................,0.0
CAGTGCCTGATCTTATAGTTTCATCCACGT,..(((..(((..........)))..)))..,0.0
GCCTTCATTACTTACCTTTATGGGGGATAC,.(((((((...........)))))))....,0.0
GGTCTAAAACCGGGGGATTTTTGTTTTTAA,(((.....))).((((((....))))))..,0.0
CTTACACGAAAAAGGCTGCCAGACTTGTAA,.....((((....((...))....))))..,0.0
ACGATACTTCCCATCACAGAAGATTGAATG,.((((.((((........))))))))....,0.0
GAAGTTAAGTAATCGTAGTTACGATCGCAT,........((.(((((....))))).))..,0.0
TACGGAAAAGTCCAAACAAAATCCTGTAAA,...(((....))).................,0.0
TGAAGAGGAAGGTTTTAATACTACCTACCT,.....(((.((((.........)))).))),0.0
TTGGACTATCAAAGGTAGATAGGCTTGTTG,.....(((((.......)))))........,0.0
ACATCACGAACATGCACGTGAGTTCAATAT,...(((((........))))).........,0.0
GCGGACCTTTTTCAGGATATTCTTAGGTCT,..((((((.....((((...)))))))))),0.0
TGGGAGATGGATAAAAAACCAGGTCTTAGA,(((((..(((........)))..)))))..,0.0
GGCAACCATAATAGCCACGCTAGGGAATTA,(((..........)))..............,0.0
ATGCGTGCGTGTTTCGGTTTACACCGTGCT,..(((((.((((........))))))))).,0.0
CAAAACATTAATGGTTTATCCTGAGGTGGG,.....((((...((.....))...))))..,0.0
GCAGATTGCCGTCATATAATAGGGCGGACC,........(((((.........)))))...,0.0
TTATGGGCATCATAACGGTAATACCCTTGA,....(((.((.((....)).)).)))....,0.0
CGTACGTCCAGATAAACGGACCGGACAGCT,.....((((........)))).........,0.0
TGTTGTCTCATTATTTTATTGTGCGCATAC,..............................,0.0
GAGTGTAGATCGTCTCGTCTACCGCTTCTA,((((((((((......))))).)))))...,0.0
GTCTATGATGGCAATTGCTGGAAGTGGTGC,..((((..((((....))))...))))...,0.0
GCGTATCCAGGCGTTCCAATTGCCATGGTA,......(((((((.......)))).)))..,0.0
CAGTCAAGACGTGCGTTCGAGACATTTATG,..(((..(((....).))..))).......,0.0
CATAGTGCCCCGCCGTCTGTATTGTTCTTG,.(((((((..........))))))).....,0.0
GTTCCGGGCCGATGTCAGTTCACCGTGAAG,.((((((...(((....)))..))).))).,0.0
GCCGGTTTGCTATTAAACTATCTTCTACCC,...((((((....))))))...........,0.0
AGGTATCGGTTTATAGAAAGTGGATCCTAT,(((.(((.((((.....)))).))))))..,0.0
CGCAATTCTCGTCCTTGTATAATTGTTTCC,.((((((..((....))...))))))....,0.0
GCCTATGTGTTACTACTGCGCAGTAATTCC,.....(((((.......)))))........,0.0
CACCTCTTACTCTAAATATTTTAACTTTTG,..............................,0.0
CGGAATAGGCACCTCATTGCCGTAAAGTCA,.......((((......)))).........,0.0
ACCAACCTATTTATAAAAAAGGTTCCCCTT,...(((((.(((...))).)))))......,0.0
CCATAAGTGCTCCGTCCCTTACTACTAGGT,................(((.......))).,0.0
GTGATTGTTATTCTGTCAATTGATCACTTA,(((((((.............)))))))...,0.0
CACTACTCGAATGCCAAGCACGAGTGTATC,...((((((..(((...)))))))))....,0.0
TGTACAAACGTATGTGAAAGTCCTGTTTAT,.((((....)))).................,0.0
GAGTCCCATTATCAACCGCAATGGATGGAT,.....(((((.............)))))..,0.0
CACATTGCTAATCGAGGAGAATTCTGGTTG,........(((((.((((...))))))))),0.0
GTACAGGAGAAAGTTATTGATACGATGCAA,((((((..........))).))).......,0.0
CGTTCTGTATGCTCCAGTGTAGAATGTCTG,((((((((((......))))))))))....,0.0
ATCCGCTTCCTAGACTTAGGCGATTAACAT,...(((((.........)))))........,0.0
TGTTCGTCAATATAAATGATATACTAGTAA,.((..((((.......))))..))......,0.0
ATGTAGGACCAAGGGTCTTTCTATTAAGAT,....((((((...))))))...........,0.0
CGCGAGTATCCTCATTATGCGAAGCCTTTA,((((((....))).....))).........,0.0
CAGCCTAGGGTATTCTGTAATCTAGCATGA,((..(((((.(((...))).)))))..)).,0.0
GATACGACAAACATTAAGTGCCATTGGTGA,...........((((((......)))))).,0.0
GATGAGTTTTTATATTTACTCTTTCGTATT,((.((((..........))))..)).....,0.0
AGGACCACATGGGGTTCAAATGTTGTCTGA,.((((.((((.........)))).))))..,0.0
GTAGGATTACAAGTTACGACCTTACACGAC,(((((...............))))).....,0.0
GGGAGGCTATAGTTTAATACTATTAAGTCT,...((((((((((.....)))))..))))),0.0
GCCAGGGTGAGTATGTAAATACCCGACAGA,....(((((..........)))))......,0.0
CTAAAATGAGTCGCTGTACTCGTTCAATAA,....(((((((......)))))))......,0.0
GCTGCTAGGCATTCAGTCTAAGGCCATGCG,(((..(((((.....))))).)))......,0.0
GCTAGCACAGTTCCATTATGTAGTGTTACG,..((((((..............))))))..,0.0
GCGTAAGAGTTAATTCAACCCGAACCATGA,..............................,0.0
AGGACTGCTAGCTGTTCCGTAGAAGTGCAC,.(.(((.(((.........))).))).)..,0.0
TTTTAACGGGTATCAACTCGAGTAATATAG,......(((((....)))))..........,0.0
GCTTATTGGACCTAGTTGGTAAATTTATGA,.........(((.....)))..........,0.0
CGCTACAAGATAAAAGCACCACTTTTACCC,..........((((((.....))))))...,0.0
GTGATAGGCAAGTAGATTCACCCCTAACGC,(((.((((...((......)).)))).))),0.0
TGAGGCGCCATTATTCTCAATGAGACTGTC,(((((.........)))))...........,0.0
TTGACAGTGGGATATCGTACCGCTGAAACC,....((((((.........)))))).....,0.0
TAGGCTAGACTCCATCAACAGAACGCCTTG,.((((...................))))..,0.0
CTTAGCTCAATCAAAGGTTAGCGTACTTGA,....(((.((((...)))))))........,0.0
AAATGCGAGCTTTCTTCGAAGCTTTTGTAT,..(((((((((((....)))))))..)))),0.0
GGGAGCCGCCGTTCCATCTTTAAAGCTGCA,.(((((....)))))...............,0.0
TACTAGAGCCTGCGTGCTCAAACCTGTTAA,.....((((......))))...........,0.0
CTGGGCTACATGTTGTATTATGTTTCCTTT,..(((..(((((......)))))..)))..,0.0
CCGATATTGATAGTCTGCTTTAAAATTCCA,..............................,0.0
GAATCGCTGGAGCCTTTTAGCGTTTGATAT,.((.(((((((....))))))).)).....,0.0
TACAGATTGTTGTGCTCCAGCTAAACTGCT,..(((.((((((.....)))).)).)))..,0.0
TGTATTGGTCCTCTTTGCCAATGCGTGTTG,.((((((((.......))))))))......,0.0
GATTAGGTGAATTAAAATTCCTTGCCTGGC,..((((((((((....))))...)))))).,0.0
GGATTGATAGTCCCTTACTTTCTTGAAATT,(((((...))))).................,0.0
TGAGGGGATGAAGTCTTAACCGTACTCAAT,((((.((.(((....))).))...))))..,0.0
GCGGACCACTGATGAATAGGGGTACTTTCG,..(((((.((........))))).))....,0.0
CCACCGAAGCATAAAGGCGCGCGAAGTGTA,................((((.....)))).,0.0
GAGAATGACTAACGATACTCGTTGTATGCA,.........((((((...))))))......,0.0
TGATAACAACACGTATGGGTGTCCGATTAT,........((((......))))........,0.0
GTCAAGCGACTTCTAAGTCAATTTTGTCAT,(.((((.((((....))))...)))).)..,0.0
TATGCATAGATTTCTCCTGTATCAATCATC,.(((((.((....))..)))))........,0.0
ACGAGAGGGGTTAGGTTGTTGGGCTCGTAG,......(((.((((....)))).)))....,0.0
TATCGATCCACTGTAGTGGGTTGAAAGTGA,..(((((((((....)))))))))......,0.0
GATCTCAACGCCTGATAGCTTTGTCTTATT,.....(((.((......)).))).......,0.0
GGGGAAGGATGGACCAGTTAGCTTCACAAA,...((((..............)))).....,0.0
GGTTATCGATTGAAGTAATCATATCAGTCA,.......((((((.((....)).)))))).,0.0
AACATATAGATGATCATTCATCCCATTTCT,........(((((....)))))........,0.0
GGCTACATCTTAGGACAAACCCTAATGTCT,....((((..((((......))))))))..,0.0
