Sequences,Secondary structure,Scores
TAGGAGCGGTCAACGTTTCAGTTGTCTTCT,..((((((.....))))))...........,97.77166666666668
CTAGTGGTGTTGCTCATCTATGAGGTGCTG,.....(((....((((....))))..))).,94.77166666666668
TGCAGGAGTTTTAGTCGTCACGTTGTCGAA,..............(((.((...)).))).,91.715
GCGATGTCCTTCTAGTGACTGCGTAGCCGT,(((..(((((...)).)))..)))......,91.015
CTTGTTATGTAGCCCTATCAAGGGGAGCTG,........((..((((....))))..))..,90.53833333333333
GCCAGCGGGGGAGTCTACGGAGGAGTCGGT,.((....)).((.(((.....))).))...,89.74222222222222
AGGAGCGGTCAACGTTTCAGTTGTCTTCTG,.((((((.....))))))............,89.43833333333333
CTAGTATGTTGTCATACTCACAGGGGGATG,..((((((....))))))............,88.13833333333334
TAGTGCGGTAGGTAGCCTTTTAGGGTTATG,...........(((((((....))))))).,84.44333333333333
CGAGGAGTTTTAGTCGTCACGTTGGTTAGG,.((.((.......)).))............,84.28166666666667
GCTGCGGTAGGAAGTCTTATATAGAGTTGT,(((...(((((....)))))....)))...,83.21000000000001
TGGGGAGTTTTAGCCGTCACGTTACACTAG,(((.(.((....))).)))...........,81.68166666666667
AAATGCAATGTCCTGAGAATTCTGAAGGCT,.........(((.(.((....)).).))).,79.98166666666667
GGAGGAGAATCTTTTCCGCGATTCGGGGGA,(((((((...))))))).............,79.0829906542056
GCTTCGGCGTAGTCTTACAGGGGAGTATGT,......(((((.((((....)))).))))),78.77555555555556
GGGGGAGATTATCTAACTAGATTCGGAGGA,.((..(((...)))..))............,78.54095486626242
TATAGGTGTCCAGCTCCAGATAGGTCTATT,.(((((((((........))))..))))).,77.98614035087719
GCGAATGACCCTCTCGTGAGCGTTTTCGTA,(((((.(((.(((....))).)))))))).,76.88166666666666
GCATAAGGTGTTAGTCGTCACGGTAATATC,......(((((((.(((...)))))))))),76.6426923076923
GGGTCACATTCTTTAAGTGACGCGTAGCCA,(.(((((.........))))).).......,76.58166666666668
CTCTGCGGTAGGGAGTCTTTTAGAGTCATG,............((.(((...))).))...,74.44333333333333
CAGGGAGTTTTAGCCGTCACGTTGAATTGG,........((((((......))))))....,74.24833333333333
TTAGGTGTCCGGGTCCTCGACTTGGTCTAG,......(.(((((((...))))))).)...,73.7159649122807
TAACCGGGGGAGTTCTAAGCGGAGGAGCTT,.........(((((((.......))))))),73.42
ATGCCTATATCTGAGTTGATCCGTAGCCGT,(((.(((((((......)))..)))).))),72.68166666666667
CATGAGGTATGAAGTCTTCGTAAGAGTTTG,.((((((........)))))).........,72.64333333333333
TCTATGATATGAACAAAAAAGTAACAGGGA,(((.((.(((..........))).)).))),72.38853341787609
TAGATAGGTGTCCGATCCTGGTCTATGATA,((((((((........))).))))).....,72.36333333333333
GCGGGGGAGTTTCTTGAACCGGAGGAGTGG,.(((..(((...)))...))).........,72.16444444444446
CGAAGAGGTTTTAGTCACGTTAACGAAAAG,((..((.((.......)).))..)).....,71.60826475975765
TGCCATAGGTGTCCAGATTGGTCTATGCCT,...((((((...(((...)))))))))...,71.5422807017544
CAAGCGGTTTTAGTCGTCACGGTAAGAGGG,...((((......)))).............,71.28371794871795
GCGAATGATCTTTCTATGTCCGTAGGCCGT,((..(((..(.......)..)))..))...,71.08166666666668
CTAGGTGTCCATTGCTAGACAAAGGTCTAT,...............(((((....))))).,71.0422807017544
GAGCGGAGGAGCTCTTTGCGGGGTAGTCTT,((((......))))................,71.02000000000001
AAACGGAGTGTCCGTGTGTTTTATACGGCT,.........(.(((((((...)))))))).,70.94833333333334
GGGGGAGAGCTGTCTACCTAGCCCGGAGGA,((((((((....))).))...)))......,70.94355049363837
CACCGGAGGAGTTGTTACGGGGGAGGTCTG,..(((............)))..........,70.89777777777778
AAACGGGGGAGTATCTTTACGGAGGAGTTA,.(((......(((....)))......))).,70.79777777777778
GCGTATGGAGGAGTTTTGCGGGGGAGTCGT,..........((.((((....)))).))..,70.63111111111111
TTTAGGTGTCCAAGGTCTAGCTGGTCTATA,.......(.(((.(......)))).)....,70.61070175438596
ACCGAAAAGGGATATAACTACCGAAAAGAT,.((.....))....................,70.53143435079035
GCTAGCATACGAAGTTGAAAAGGATGTTGT,..(((((..(...........)..))))).,70.50379080362595
AACGAAAAGTGATTCATTAACCGAAAAGGA,....................((.....)).,70.45913690164011
CTAGGTGTCCGATCATCATGCTTGGTCTAT,..........(((((.......)))))...,70.25807017543859
ACCGAAAAGGCATAAAATTTACGAAAAGGT,.((.....))....................,70.04884135732199
CCGAAAAGGAATGCTCAATTTACGAAAAGG,((.....)).....................,69.97581904494876
TCAGCTATGCGAACAAAAAAGTATGACTGG,.(((.(((((..........))))).))).,69.91075564009832
CATCGGAGGAGTTATTTACGGGGGAGTCTG,..................((((....)))),69.9088888888889
ATGCATAGGTGTCCACTGGTGGTCTATCCT,......(((.(.(((....))).)...))),69.76859649122807
AAAAGGTGTCCGGCACTCGCATGGTCTATT,.......(.(((((....)).))).)....,69.75130279905767
CGAAGCCTCATATGCATTACTGCGAGCCGT,....(.(((....(((....)))))).)..,69.68166666666667
AGAATGCAATGACCGGTATTTATACGGCCT,.((((((........)))))).........,69.54833333333333
GTTAGGTGTCCACGCATTCGTAGGTCTATA,.......(.(((((....))).)).)....,69.4738596491228
GCGATAACCTACACTGGACTAGCTTAGAGT,((.....((......))....)).......,69.28166666666667
GGAAGCGGTATTAGTCGTCACGGTAATTTC,....((((......))))............,69.12987179487179
GACTAGGTGTCCGCATGAGCAGGTCTATTT,........(.((((....)).)).).....,69.1001754385965
TCTGAAAAGTCAATATTAAACCGAAAAGGA,....................((.....)).,68.94819164322305
GGTACCGGGGGAGCGTGCGGAGGGGTTATC,....(((.(......).)))..........,68.69777777777777
CGGAGGAATAGACTTCTTCGTATGGGGGAG,(((((((......)))))))..........,68.69159420289856
CTAGGTGTCCAACGTGTAGAATTGGTCTAT,......(.((((.........)))).)...,68.53175438596492
TTAGGTGTCCAAGTGTAATCCTAGGTCTAG,(((((..............)))))......,68.40017543859649
ATTAGGTGTCCTGTGCGCACAAGGTCTATT,.......(.(((((....)).))).)....,68.39491228070176
AAAAGCTTTAATGTCCTAGAAGTGAAAAGT,....(((((.........))))).......,68.26500704523038
AAAGTGCAACGTTCGAGCAATTCTCGACTT,............(((((.....)))))...,68.24833333333333
TTCTAGGTGTCCCGGCTATGTGGTCTATAT,.....((....))((((....)))).....,68.13701754385966
GTAATGAAATGTCCGAGATATGTGAGGCAC,((......(((((...))))).....))..,67.84833333333333
CAGTGCTAACGTCCTGGTTTTCTGAAGGCG,(((.((((......))))...)))......,67.74833333333333
CAAATGTAATGTCCGATTCTTATGCGGCTG,..........(.(((((....)).))))..,67.64833333333333
CTAGGCGTCCATATCGAGTTTATGGTCTAT,......(.(((((.......))))).)...,67.57385964912281
TAGGTGTCCATTGAATAGTAAAGGTCTATG,..............((((.......)))).,67.48438596491228
GAAGAGCATTATGCCGAGATTTAGCGAAAA,.....(((...)))................,67.16504423946621
CGGAGGAATAGACTTCTTCGTATGGGGCAG,(((((((......)))))))..........,66.80028985507246
AATTGGTGAAAAGCTCCCGAAAAGACTGTT,..((((.((.....))))))..........,66.79083544072242
GAAGAGATTATTGGTCGTCAAGTTCGAAAA,(((..(((........)))...))).....,66.67115518294115
CGAGGTGTCCAATGCTAAAAATAGGTCTCT,.((((...((.((.......)).)))))).,66.60543859649123
CAAAGGTGTCCAGTACGTATCAGGTCTATG,...........((..(......)..))...,66.58438596491229
GAATGGATGTCATCAGAATTCTCAAAAAGG,((((...((....))..)))).........,66.55362664975812
TACGAGGCGTCCATACCCAATGGTCTCTTA,...(((((..............)))))...,66.39491228070176
CGTAGATAGCGAACAAAAAAGTTATACATG,(((..(((((..........)))))..))),65.97742230676499
GCATGTGGAAAAGTTCACGAAGGAATCTGT,....(((((....)))))............,65.78205752039203
TAATCGTCGAATCAAAAAGACCCTATTTGG,.....(((..........))).........,65.46800321594046
TAACTAATGTGAACAAAAAAGCAGTGGGTA,...(((.(((..........))).)))...,65.36509393640506
GGGGGAGAGTTATCTGCCTAACTTGGAGGA,.(((.(((....))).)))...........,64.82194275164397
GGGGGAGCCTAATAAGTTATTTGCGGAGGA,(((....)))....................,64.59789085545722
CTCTTCATGTGAACAAAAAAGCAGAACTAG,...(((.(((..........))))))....,64.42064949196062
GCGAAAAGCGTATAAATCATGTCGAAGGGT,((.....)).....................,64.37708031743645
TTAAGAGTGTCCACGTCCATTAGGCCTTTA,...((((.(((...........))))))).,64.23701754385965
CAAGACGATCGAATCAAAAAGATTGTTTAG,..((((((((..........))))))))..,64.22486596103849
CGAAGGAGAGTATCTCTCGTTTGCGATGAG,((((.(((((...))))).)))).......,64.16970609940734
CGGGATAGTTTTAGTCGTCACGTTAAGGAG,((.(((..........))).))........,63.91705128205128
GCGTCGAAAAGATATTACTCGAAAAGAGGT,..(((.....)))....(((.....)))..,63.736391093240314
CGAGGGAGTGTTCTACTCGTTCGCGGTGAG,((((.(((((...))))).)))).......,63.11770098676953
GAAGAGCATTGTCTTTTGTCGGTGTGAAAA,.....((((((.(....).)))))).....,62.807472483178074
GAAAAGATGTTAGTCGTTAACTGTCGAAAA,.....(((((((.....)))).))).....,62.67514498722826
ATGGGAGTCTTAGCCGTCACGTTAATCTAT,...(((...(((((......))))))))..,62.024743589743586
CATCTACCGCGAACAGAAAAGCTTTACATG,........((..........))........,61.93362737598914
GAAAAATAAGGACTTCTGTACTTCTGAAAA,.......(((.((....)).))).......,61.817940425069935
GAATCGAAAAGATAGTATCGAAAAGATGGA,..(((.....)))..((((.....))))..,61.616227558097656
GAAAAGGTTTCCTATGTCAATGTCCGAAAA,....(((...))).................,61.54537835182832
GAAAAGCTCACATAAGCATTATTGCGAAAA,...............(((....))).....,61.47675010374171
GCATCCGAAAAGGGTTTACCGAAAAGGCTA,..((((.....))))...((.....))...,61.29375487723817
TTAGCGAAAAGATTCAAATCGAAAAGATGA,.................(((.....)))..,60.973432620093234
CGAAAAGATCTTTCTTTACGATCGAAAAGG,((.(((((....))))).))..........,60.95515252980016
GGGGGAGTGCAATCTTGTTTGTCCGGAGGA,(((.((..(((....))))).)))......,60.79876571387995
GAAAAGCTTAAATCACTCGTTCAGCGAAAA,................((((...))))...,60.43940247893826
GGGGGAGCTCAATTACAATTTCGCGGAGGA,(((....)))....................,59.630601267508126
GAAAAGTTTTGGGCTTTGTCCTCACGAAAA,..........((((...)))).........,59.3375778974425
GAAAAGGATAAGCTTTTGCTGCTACGAAAA,..........(((....)))..........,59.064466243848145
GAAAAGTACTATATCCCGTTATACGAAAAG,................(((...))).....,59.038096416179144
CAATCGGTTTTAGTCGTCACGGTAAGAGGG,..((((.............)))).......,58.82987179487179
TGCCAGGTTTTAGTCGTCACGGTAAGGTTG,((((................))))......,58.62217948717949
TGAAAAGTCATCCGTATCGTATTCGAAAAA,................(((....)))....,58.60261869725464
GCAAAAGATGTTACTGCTAACGTTCGAATA,......(((((((....)))))))......,58.437294035399574
GAAGGAATTCATTAGTCTGATAAGGAAAAG,(((....)))....................,58.25362895760044
TAGATGATGCGAACTAAAAAGGGTCATGTA,((.(((((.(..........).))))).)),58.09807109420255
CATTAATCGCGAATCGAAAAGCCGTACTTG,........((..........))........,57.973352923810076
GAAAAGATCTGTTACACTCGTCATCGAAAA,.................(((....)))...,57.93843369254271
GAAAAGAAGCATGGTAATCGTATTCGAAAA,.................(((....)))...,57.63651745829138
GAAAAGAAGTGCCATTGGTTTATTCGAAAA,.....(((..(((...)))...))).....,57.63344122376715
GAAAAGATTGTTACAGTCTTCAATCGAAAA,((.(((((((...)))))))...)).....,57.441252448195954
CAAGAATCGCGAATCAAAAAGCTTAATTTG,........((..........))........,57.38940766189525
GCTGCTAGTTTTAGTCGTCACGTTAACCAC,((.((((....)))).))............,57.33756410256411
CGGAGGAGTCCAGATTTATGCGCGGGGGAG,.(((....)))...................,57.2836231884058
GAAAAGCTAATGCAGGTAATTATCGAAAAG,.....((....)).................,57.051948819791406
GAAAAGTATGATATATTGTCTAAACGAAAA,.........((((...))))..........,57.003670513911494
TGCTTAGTCTTAGTCGTCACGGTAAATGTA,((((..(.(......).)..))))......,56.983717948717945
CATAACGTGCGAATCAAAAAGCTATCTTTG,........((..........))........,56.94676060307172
TGCAGGGGTTTTAGTCGTTACGGTAACTCA,.....(((((...((....))...))))).,56.77602564102564
GAAGGAATTCAATGACCACTTGTAGGAAAA,(((....)))....................,56.520431401592305
AGCTCGAAAAGTTCCAATGCGAAAAGTACT,.................(((.....)))..,56.41316550339471
GAAGGAATTCTACACTCAATTAAAGGAAAA,(((....)))....................,56.38703017959638
GAAAAGGGACGATGTTTCATCGCCCGAAAA,.....(((.(((((...)))))))).....,56.36206233728791
TCGAGGGAAATTAGTCTGTCTAGGAAAAGA,..((.(((......))).))..........,56.03167772400013
CATAGAGTGTTAGTCAACTGTCGGTCTATC,.(((((.((.(((....))).)).))))).,55.91448717948718
CGAACGAAAAGTTCTTATCGAAAAGTAAAG,.((((.....))))................,55.84719319149329
GGGCGAAAAGCATTTATGTGAAAAGATATC,..((.....))...................,55.83151587226178
CCGAAAAGGAAGGTTAATCGCCGAAAAGCG,((.....))..(((.....)))........,55.79016220160619
GAAAAGTATTCTGGTTCACCTTCGCGAAAA,(((.((....))..))).............,55.77155147968645
GAGACGAAAAGTCCTCAAGCGAAAAGCCTT,(((((.....)).)))..((.....))...,55.75456698356966
GAAAAGCAAGTTGCAATATACCTGTGAAAA,.....(((...)))................,55.72395622951327
GAAAAGAATGCTTAGCAGTTCATTCGAAAA,(((..((((((...))).))).))).....,55.71389741478359
CGTCCATTTTGGCACGTAAGCACTACGTAG,.(((......)))(((((.....)))))..,55.50194444444445
GAAACACTGTCGGTTATCTGGCAGTAAAAA,.....((((((((....)))))))).....,55.489262295081964
ATGCGAAAAGTAACTCCTTATGAAAAGATT,.(((.....)))..................,55.45614236964289
GAAAAGTCTCACGATCGTGATAACGAAAAG,..............((((....))))....,55.42274297438779
GAAAAGTGTGCATTTTGCCTGATACGAAGA,.....(((((((...)))...)))).....,55.39509544854852
GAAAAGGCTATTGTCAGATTTACCCGAAGA,.....(((....)))...............,55.28015042526506
GGGGGAGGAGTTCCTATTAGTTCCGGAGGA,.(((((....)))))...............,55.244491361011576
GAAGAGGAGATATTAGGTTTAGCCCGAAAA,...............(((...)))......,55.17061604207616
GCGAAAAGCGGTCCATTTTAAGTGAAAAGG,((.....)).....................,55.163142820497
GAAGGAATTCGTGTATAGGTAGAAAGAAAA,(((....)))....................,55.13550268468802
CGAAAAACACACGTTCTCGTCTGCGAAAAG,.......((.(((....))).)).......,55.044566134402686
GAAAAGTCAGGTGTTTAACACGTTCGAAAA,..........((((...)))).........,54.91453435651498
GAAAAGCAATTATCCGTCGTATCGCGAAAA,................((((...))))...,54.911211152966516
GAAGGGGACCCAGGTTTTTGTGGGTGAAAA,.......(((((.(....).))))).....,54.80480507425982
GGGGGAGTATCTCCTTAGATGTACGGAGGA,.((((((...))))))..............,54.778040764156756
AAATTTGCGAATAGAAAAGCTAAGCCTTTG,......((..........))..........,54.634887880190824
ATGAAAAGATCGTCCTAATGTTCGAAAAGT,.........(((..(....)..))).....,54.63163087331317
CGAAAAGTTCAGGATTGTTCCAGCGAAAAG,...........(((....))).........,54.60654888447441
TGCGAAAAGTAAGGATATATCGAAAAGTCA,(((.....)))...................,54.384628441028184
GAAAAGTGTACTGTTGTACTAACACGAAAA,.......((((....))))...........,54.37686485613007
GAAAAGCGTTATATGCACTCAACGTGAAAA,.....((((...))))..............,54.33756164734092
GAAAAGACCCTATTATGACTATGTCGAAAA,................(((...))).....,54.328166508983415
GTTACGAAAAGTAGCCTTGCGAAAAGTAAA,(((((.....))))).((((.....)))).,54.298065616049755
GAGTTAATGCGAACTAAAAAGCAATTGGGA,.......(((..........))).......,54.248427269738386
GAAAAGAGGTGTTTGTCGTACGCTCGAAAA,.......(((((.......)))))......,54.18668344876673
GCAGTGAGTCTTAGCCGTCACGTTACCCTA,...((((..........)))).........,54.106794871794875
CGAAAAGATTATCTATCGGTAACCGAAAAG,...............((((...))))....,54.10315662190314
TGCGAAAAGCAATCCTATTCGAAAAGTTTG,(((.....)))...................,54.04125698921663
ATGCGAAAAGTAGGATTTCACGAAAAGGAT,.(((.....)))..................,54.01218621930073
GGAGGAGTTTATCCCCTGTAATACGGGGGA,...........((((((((...)))))))),53.85545950155763
GAAAAGTATCAGTGGTTGTTAGTACGAAAA,...........(((.(....).))).....,53.76772348134955
GAAGGTATCCCTGTTCTCAGGGTTTGAAAA,........(((((....)))))........,53.74023750126083
GAAAAGACCTAAAATATTAGGTTCGAAAAA,.....(((((((....))))))).......,53.63325008598211
TGCGAAAAGTATAATGTAGATCGAAAAGCT,(((.....)))...................,53.63005305692022
CATTATAGTCGAATCGAAAAGACATTCTGG,.......(((..........))).......,53.627508701944926
CGAAAAGAGACTACTTTAAGGATTGAAAAG,...((((......)))).............,53.43630091316184
TACTTTGTGTGAACTAAAAAGCTACAGGTG,(((((.((((..........)).))))))),53.38731615862728
GAAAAGACCTAGTGATAACTGAGTTGAAAA,.....(((.((((....)))).))).....,53.3357069017501
GGGGGAGTATCTTTCTACAGATTCGGAGGA,.((((((...))))))..............,53.32196151827084
ACGTACGTCGAATTAAAAAGACCTCTTAGT,......(((..........)))........,53.210300134707964
CGAAAAGCGGTTTTACTGTTAGTCGAAAAG,(((..((((((...))))))..))).....,53.16336384423755
GAAAATCAAGCTCTTTTGGGTTGTGAAAAA,.....((((((((....))))).)))....,53.092617287686394
CGGAGGAGTCTAGGGTCATATACGGGGGAG,........(((...((.....))...))).,53.07420289855072
GAAAAGTTTGTGCTTAACATCAACCGAAAA,...((((....))))...............,53.04772101823915
TGCGAAAAGCATTTATACACGCGAAAAGTA,(((.....)))...................,53.02455751999507
GAGATCGAAAAGACTAGTTGAAAAGTATGA,.((.((.....))))...............,53.000068135761445
TGAAAAGAGTTCTCTCATAAGTCGAAAAGG,......(((....)))..............,52.99717009476353
TACGAAGGAAATATCTGTCATGGAAAAGTT,...((.(((....))).))...........,52.98711106791546
GGGGGAGTTGTACCTTGTTGCAATGGAGGA,((((........))))..............,52.97134218289085
GAAAAGGGCTGTGTTACACAGTCACGAAAA,......(((((((...))))))).......,52.9335989446642
CAGTTTGGCGAACAGAAAAGCTTTAACTCG,.((((.(((..........)))..))))..,52.90421561128326
GAAGAAGGATGTTCGTTCAACTGCTGAAAA,...(((.((...)).)))............,52.86911532029148
GTTCCGTTACGAATAAAAAAGTAGCTGATA,..((.(((((..........))))).))..,52.77742230676499
CGAAAAGTTAAGCTTTATGCCATCGAAAAG,...(((((...)))))..............,52.72270499405828
GAAAAGGATGTTTCCTCTCAATTCCGAAAA,((..((((....)))).))...........,52.612608215614436
GAAAAGATGCATCATTTGCTACATCGAAAA,........(((.....)))...........,52.55967604363307
GACGAAAAGTCTATTAATTAGCGAAAAGAA,(((.....)))...................,52.529514103941494
GAAAAGTAGTAGGTATCCTACTGTCGAAAA,......(((((((...))))))).......,52.513015743866
ATGAAAAGAGTCGTCTTTGACTCGAAAAGT,.......((((((....)))))).......,52.48106715745355
ATACGAAAAGTCCAATATACGAAAAGTAAT,.................(((.....)))..,52.469271453069695
CGAAAAGTATGCCATTTTGGCCCGAAAAGG,..........((((...))))((.....)),52.455539880684725
GAAAAGAATGCATTATGCTTAGTCGAAAAG,.....((..(((...)))....))......,52.45196075918989
GAAAAGCATTAATAATCGTTCTGCGAAAAG,...............((((...))))....,52.44904356872019
GAGGGAATCATCATGTCTGTCTGAGGAAAA,((.(((.........))).)).........,52.43736947791165
GAAAAGTAGATCATTATTATGAGCCGAAAA,..........((((....))))........,52.36444790648782
GAAGAGTGATTCTTTTGGGAGCGCGAAAAG,.....(((.((((....)))))))......,52.297114993559205
GTTGACTAAGCCTTTAGCCGTCGGTAATTC,.(((((...((.....)).)))))......,52.25294871794872
GAAAAGGCTTCGTATTTGATCGTCCGAAAA,.....(((.(((....)))..)))......,52.106667618988446
GAAAAGGCTAATGTTATATCTGCCGAAAAG,.....(((..(((...)))..)))......,52.09176581530171
CGGAGGAGAACTTTCATCCGTTCGGGGGAG,(((((((((....)).))).))))......,52.03332014597393
GATCCGAAAAGAATCTTGCGAAAAGTGATT,(((.(.....).)))((((.....))))..,51.95057599048242
GAAAAGGCTCTGGTGTTTCAAGAGCGAAAA,......(((((((....)).))))).....,51.8743538701635
GAAAAGCGTACCTTTTTTAAAGGCGAAAAG,..........(((((...))))).......,51.863136535227
GAAAAGGATCCTGCTTGTACTTCCGAAAAG,.....(((.............)))......,51.797919992877794
GAAGAGCAATCGATTACTTCTGTGAAAAGG,.............((((....)))).....,51.776517588821875
CGAAAAGGCTATTGCGTTTTTGCCGAAAAG,((((((.((....)).))))))........,51.74786519803055
GAAAAGTTAACGTAGATGTTTAAGCGAAAA,..........(((..(....)..)))....,51.73543071619763
GAAAAGTTTCCGCTTTTAGCGTACGAAAAG,......((((((((...))))...))))..,51.71931675031198
GAAAAGACTGTTGTTTTGCTCAGACGAAAA,((.(((((....)))))..)).........,51.71094504692243
GGGGAGTACACATATTGTTGTTCGGAGGAG,..(((..(((.....)))..))).......,51.70028985507247
GAAAAGTTAGGTTATCCATGTGAACGAAAA,.........((....)).............,51.69820789868445
GAAAAGAGTTCAACTCAAGGTGTTCGAAAA,.....((((...))))..............,51.59371142137232
GTCCGAAAAGGTCAAAGAACGAAAAGTGAT,(.((.....)).).................,51.5503914662404
GAAAAGGGGTAGTTACTATTCCTCCGAAAA,....((((((((...)))))))).......,51.51337100946566
GAAAAGTCGTATCTTTGGTGCGTGCGAAAA,.....((((((((...)))))).)).....,51.48837669343237
CGAAAAAGCTTAAACACTTTTAGTGAAGAG,..............((((...)))).....,51.48427405748523
GAAAAGAAAACCACATTCGTTTGTCGAAAA,...............((((.....))))..,51.45830707587659
GAAAAACTACTAATAAGTGGTATGTGAAAA,.....((((((....)))))).........,51.441168318886824
GAAAAGGATACTTCCAGTTTGCTCCGAAAA,.....(((....)))...............,51.44024851529725
GAAAAGCAGATGTTTTGCATTTGGCGAAAA,......(((((((...))))))).......,51.43574629437851
TTATCGAAAAGTTTGCTACGAAAAGTGGAA,...............((((.....))))..,51.38470189017109
GGGGGAGATGTAACTTGTTTCCACGGAGGA,...(((((((.....)))))))........,51.37374193859256
GAAGAGTCAATCCTTATGGTATTGTGAAAA,.......((((((....)).))))......,51.36266374000867
GAAAAGAGGTTATACCCATAGAATCGAAAA,.......(((...)))..............,51.35343931852243
GAAAAGATATAAGGTCATCCCAATCGAAAA,............((....))..........,51.347681270526316
GAAAAGTGCCTTTTTAGAGGGCCTCGAAAA,....((.((((((...))))))))......,51.34599698384956
GAAAAGTCAAGAGTTTAACTCCACGAAAAG,..........((((...)))).........,51.323100259573316
GAAAAGTGAGGTTTCCTCTTAGCACGAAAA,.......((((...))))............,51.302876978256776
GAAAAGAATCTCATATATGTGAACCGAAAA,..........((((....))))........,51.284584295970305
GAGGGAACTTAATTTATAGAGAAGGGAAAA,(((....)))....................,51.28240140714683
GCAAAAGGTGTTAATCTTAAGTCCCGAATA,....(((((....)))))............,51.27411656423986
TAGCTGCAATCTACGATAGTGTTGCATTCT,....(((((((((...))).))))))....,51.23833333333334
GAAAAGCTCTGGTTTTTGATCAGACGAAAA,.......(((((((...)))))))......,51.21279542648986
GAAGAGCGGTTATCCATTGTTGCGAAAAGT,.((.((.((....)).)).)).........,51.18904500939749
ACTGCAAGTCGAATCAAAAAGACTCTCTTT,......((((..........))))......,51.145944392411046
TGAAAAAGGCCTGTTTTACAGTACGAAAAA,.......(..((((...))))..)......,51.129305977446364
GAAAAGGAATGTTTTCCATGAACCCGAAAA,.....((((....)))).............,51.120188319637734
GAAAAGCAGGGATTTTAAATCCCCCGAAAA,........((((((...)))))).......,51.11978001100472
GAAAAGTTCAACCCTTTGGGTCCTCGAAAA,..........((((...)))).........,51.07453025005009
GAAGAGTAGGGTTTTACCCAATTCCGAAAA,...((((.((((...)))).))))......,51.07237242775976
GAAAAGATTGTGTTTTTGACCGATCGAAAA,.....(((((.(((...)))))))).....,51.05620087165664
GAAGAGAAAACTGATTGTAGTTTGTGAAAA,.......((((((....)))))).......,51.00528669082835
AGCTCGAAAAGATGCTACTCGAAAAGATCT,(((((.....)).)))..............,50.990879610985615
GAAAAGAGTCATCTCATAATATCTCGAAAA,.....(((....)))...............,50.97184021867919
TCGAAAAGCCCTCGTTTCATTGCGAAAAGA,...........((((......)))).....,50.953568320328216
GAAAAGTGTGTACATCGTTTCATGCGAAGA,..............((((.....))))...,50.9527941624667
GAAAAGAATAAAGTATCGATCATTCGAAAA,...............((((....))))...,50.89253115874094
GAAAAGGCTTAGTCTCCTATATTCCGAAAA,....((((...))))...............,50.83671393261996
GGAGGAGTATCACTTCTGTTATGCGGGGGA,............(((((((...))))))).,50.82243769470405
CGAAAAGCTCAAAGTATTTAGTACGAAAAG,.............((((...))))......,50.80568690594568
CGAAAAGTATATCTCCTAAGGATCGAAAAG,.............(((...)))........,50.79780112051798
TGAAAAGAGTTTCTACTCAAACCCGAAAAA,......((((....))))............,50.79123638657759
GAAGAAGCGTCAATCTTTTGACCTAGAAAA,.....((.(((((....)))))))......,50.753196721311475
ACGAAAAATAGGCTGATGCTTATGAAAAGT,.......((((((....)))))).......,50.72140399557933
GAAAAATCAGGGGTGTTTTACCTGTGAAAA,......(((.(((((...))))).)))...,50.71032944297514
GAAAAGCATTGTTTTGCAACAAACCGAAAA,.....(((......))).............,50.6969756029049
CGAAGAGATTCTCTTTGTGAACCGAAAAGG,(((((((...)))))))....((.....)),50.67194830724699
GAAAAGCGAGAGATTTTCAATTCGCGAAAA,.....(((((.((...))..))))).....,50.66852468936859
GAAAAGAATTAGTCTATGACTCCTCGAAAA,..........((((...)))).........,50.614295807397134
TAAGATAAGCGAACAGAAAAGCTATACTTT,.......(((..........))).......,50.60421561128326
GAAAAGCGTTTAAAAATCATAAAGTGAAAA,................((((...))))...,50.58994580538966
GAAAAGAGTGCTTGCTTACATCCTCGAAAA,.....((((....)))).............,50.57614887328775
GAAAAGGGTTACCTGCAAGTTTCTCGAAAA,....(((....)))................,50.550367903380504
GAAAAGCGTCGTCAGCTTAGCTAGCGAAAA,........((((.(((...))).))))...,50.549970226071
GAAAAGAGCTTGATGTTTTAGGCACGAAAA,.......((((((....)))))).......,50.53200714032232
TTGAAAAGTCCATATTTGGGTACGAAAAGA,........((((....))))..........,50.52289469023124
GAAAAGTTATAGGGTTTCCCTTTCCGAAAA,..........((((...)))).........,50.467686112644785
GAGGAGGAGTGCATGTCGCCTACGGGGGAG,...............((.((....)).)).,50.45898550724638
GAAAAGCTGGCTCTGTTGATTTAGCGAAAA,.....(((((.((....)).))))).....,50.45312373638937
GAAAAGCATATATCAGCAATACTGCGAAAA,...............(((....))).....,50.42464196351142
AAAAGCAAGAGTACCTCGTTCCGCGAAAAG,...............((((...))))....,50.42269221736884
GAAGAGCCTTAGTACTTGTTAGTGCGAAAA,...........(((((....))))).....,50.41595524246554
AAAAGTTATGTCTTCGTAATAGCGAAAAGT,............(((((....)))))....,50.395205153219685
GAAAAGAGAAGTTTATGACTGGTACGAAAA,.........((((...))))..........,50.370459467041265
GTCACGAAAAGTGTCTTACCCGAAAAGTTA,(.(((.....))).)...............,50.3586802802874
GAAAAGGCATTTTGCTGCAATATCCGAAAA,......(((......)))............,50.35586321097431
AAAAATCACCCTATTTTGGGGTGTGAAAAG,......(((((((...))))))).......,50.34513507147388
GAAGAGCCTCGTTCAATTGTGGAGAGAAAA,.......(((.((((....)))))))....,50.31269473132264
GGAGGAGTCTTCTCTTTGAAGTACGGGGGA,.((((((....)))))).............,50.255070093457945
AAGGAGGTTTGTCCGGTTCACTGGTCGTCT,..........(.((((....)))).)....,50.23833333333334
GAAAAGTATTGTTGCGTAGTAAATCGAAAA,.....(((....)))...............,50.19524554081677
GAAAAGCATTCTGTTGCACAAATCCGAAAA,.....(((......))).............,50.18024936378961
GCGAAAAGCACTCTTGTATATGCGAAAAGT,((.....))....((((....)))).....,50.16092811178896
GAAAAGACCGTTATACGGGGGTGTCGAAAA,((.....((((...)))).....)).....,50.15820616617494
GAAAAGCCTAAGATAATTCGATGGCGAAAA,.....(((...((....))...))).....,50.1577982870672
GAAAAGCTACATTCTATGCTTACGCGAAAA,...((((..........)))).........,50.15481296568981
CTTGGCTATTCGAATCAAAAAGAATTGCTG,...(((.((((..........)))).))).,50.12094439241105
GAAAAGTGTGTTCATTTGACTCAGCGAAAA,...(((((....))))).............,50.11085512641068
GAAAAGTCATCAGTGTTCTGATCTCGAAAA,.....(..(((((....)))))..).....,50.103771479754656
TTAAAACATCATGCTCTTGTGTAGTGAAAA,......(((.((((....)))).)))....,50.08513294311227
GAAAAGTCAGTGTTACGCTGTGTTCGAAAA,(((....(((((...)))))..))).....,50.07339513000176
CTGAAAAGAGGATAAAAACTCCCGAAAAGG,.......(((........)))((.....)),50.07047966839677
GAAAAGTGTCTAATGACTATAAGCCGAAAA,.......(((....))).............,50.05613508289075
CGCGAAAAGTGTGTATATTCCGAAAAGTAG,(((.....)))...................,50.04616472234504
GATTCGAAAAGTAGTCTTATGAAAAGTGTC,(((((.....).))))..............,50.02292692257571
TGCGAAAAGATGATATATCACGAAAAGTGA,.................((((.....)))),50.01518009447564
GAAAAGTCTGCATACATGCTATATCGAAAA,.........(((....)))...........,50.01371013814977
GAAAAGTAGTGGGTATCCCAATTTCGAAAA,.........((((...))))..........,50.01146006410447
GCCCCGAAAAGTATTATACGAAAAGTGTGT,..............(((((.....))))).,50.00043393373208
GGGGGAGTGTGTAGTTTGTTACCCGGAGGA,(((..................)))......,49.98842910653104
GAAAAGGTACATTGGTTTCCAACTCGAAAA,...........((((...))))........,49.956298761934605
GGGGGAGCAATTCACTCATATTGTGGAGGA,..........(((((.......)))))...,49.9480383480826
GAAAAACAATCATGCAGTATTTTGTGAAAA,.............((((....)))).....,49.926407348238754
GATGAAAAGTCAATTGTTATTCGAAAAGTC,(((.....)))...................,49.873489107711805
GAAAAGTTGGTTCTGTTGGATCTACGAAAA,.....((.(((((....))))).)).....,49.840143211508014
GAAAAGCATATTCTTGCAGAGTTGTGAAAA,.....(((......))).............,49.75731893174567
GAAAAGAACTCTGGTTTTCGTGTTCGAAAA,..............((((((....)))))),49.746967113198785
GAAGAGGGATTACTATTAGTGGCCTGAAAA,.....(((.(((((...)))))))).....,49.69930817255383
GAAAAACTAGATTAATAAATCGGTGAAAAG,.....(((.((((....)))))))......,49.69815756619865
GAAAAGGATATCTTGATGCCATTCCGAAAA,.....(((..............))).....,49.69641104698428
GAAAAGCATCCATATTTTATGTGGCGAAAA,.........((((((...))))))......,49.68767558948522
GAAAAGTCAGAGGTGTTTCTTAGACGAAAA,.....(((.((((....)))).))).....,49.675293866582145
GCCTAAGTGTTGTACTACCTCACGAATCCC,......(((..((...))..))).......,49.66833333333334
CGTCCATTTCGGCCGAGGTGTTCCCTCGAG,.(((......)))(((((.....)))))..,49.64638888888889
GAAAAGCATAACATATTCGTATGGCGAAAA,...............(((((...)))))..,49.64247139750014
GAAAAGGTAGTTCTTTGTGTAATTCGAAAA,..(((((....)))))..............,49.642180252288284
CGAAAAGGTGTTGTTATCAGCATCGAAAAG,......(((((((....)))))))......,49.639618694942484
TGAAAAGGCCTACTGGAGTATGTTGAAAAA,........((....))..............,49.62992633773011
GAAGAGATTCTCTTTTGTACGGATCGAAAA,((((((...))))))...............,49.62068652599286
GAAAAGCATGACTATTTTAGCGTGCGAAAA,.....(((((.(((...)))))))).....,49.60725145974993
CGAAAAGTGTTTCTCGTGCTAAGCGAAAAG,.((((....))))((((.....))))....,49.60570111021468
CGAAAAGCTTAATTTATACTGGTCGAAAAG,(((..((..((...))..))..))).....,49.60229813516735
GAAAAGTCTTTCACCCCTGAATGCCGAAAA,((((....))))..................,49.5333350697832
GGCGAAAAGCCGTGTATTACGCGAAAAGTC,(((.....)))((((...))))........,49.52819618054096
GAAAAGTCGCTTTTAGCAGATTGACGAAAA,....(((((((...))).))))........,49.527917741905
GAAAAGTTAGCACTTTGTGCTTTACGAAGA,.....((.(((((...)))))..)).....,49.493811508781064
CGAAAAGCCTAGGTTTCCTTGTTCGAAAAG,((((......(((...)))..)))).....,49.48847599177387
GAAAAACAGGTCTTTTGGACCTGCGAAAAG,......(((((((...))))))).......,49.476642202167085
GAAAAGCTATTAGTTTGTCTTTGCGAAAAG,((.(((((...))))).))...........,49.44374752850199
GAAAAGATAGATCCTTTGGATTTCGAAAAA,........((((((...)))))).......,49.438013835396404
GAACCCGCCTCTGTGTTCAGTAGCCGAAAA,......((..(((....)))..))......,49.409338236348134
GAAAAATAGGATTCTCCAAATCAGTGAAAA,........(((...))).............,49.37428909481314
CGAAAAGGAGATTTCGTTATTGACGAAAAG,...........(((((((...)))))))..,49.35867478401914
CGAAAAGCATGTATTCGTCATTGCGAAAAG,.............(((((....)))))...,49.3495330431242
CGAAGGATGTCTTACATCGTTTGCGATGAG,((((.(((((...))))).)))).......,49.347555646852655
CGAAAAGGCTAAGTCTTATACTACGAAAAG,....(((((...))))).............,49.34667451214633
GGAGGAGCTAAATCTCAATTCCGCGGGGGA,(((((((......)))..))))........,49.341713395638635
GAAGAGCAAACATTGAAGGTCTTGTGAAAA,.((((.(..........).)))).......,49.33342876733108
GAAAAGGTCAAAGGTTTTCCTTCACGAAAA,..........((((....))))........,49.32846950125516
CGAAAAGGTGTTCCATTGGAGCTCGAAAAG,.......(.(((((...))))).)......,49.32120384291897
GAAAAGAATATGCTGTTGCGATTTCGAAAA,.....(((..(((....)))..))).....,49.29265178588281
GAAAAGCGAGCATGTTTCATGTCCCGAAAA,......((.(((((...)))))..))....,49.27553795906455
CGAAAATTCCCCTACTGGCAAGATGAAAAG,..........((....))............,49.26664491462808
GAAAAGGTGCAGTTATTACTGGGCTGAAAA,.....(((.((((....)))).))).....,49.253820151155296
CAACATAGCGAACTAAAAAGCATAGACTTG,.......((..........)).........,49.236046317357435
GAAAAGAGCTTGGCATTTTGTCCTCGAAAA,.....(((...((((...))))))).....,49.20360332908281
GCGAAAAGTTCTTATTATTACGAAAAGTGG,..................(((.....))).,49.196721114531634
GAAAAGTAAGTGTTATGCACCATATGAAAA,.........((((...))))..........,49.19562932241723
GAAAAGATGTACTTTGTGCTCAATCGAAAA,.....((.((((...)))))).........,49.176498128470385
GAAAAGCACTATGATTTTCCTAGGCGAAAA,.....((.(((.((...)).))))).....,49.176466277133414
GAAAAGTAAATTGGTCCCGATGTTCGAAAA,.................(((...)))....,49.15574501401214
GAAAAGAACATTTCCCTTCGAGTTCGAAAA,................((((....))))..,49.14843361912046
ACGAGGGAATCACCCCGTGTTAGGAAAAGT,(((.(((.....))))))............,49.14032391932108
GAAAAGCCGCGTTTTTTGAACTAGCGAAAA,.......(((((((...))))..)))....,49.13637142910582
GAAAAGATATGTATCAAGTCAGTTCGAAAA,(((..(((.((...)).)))..))).....,49.115321837419486
GAAAAGCGACCTGCATTTTGTAGCGAAAAA,......((..(((((...))))))).....,49.11411363733768
CGTCGGAAAAGATCATATCGAAAAGGTAAG,.(((......)))..((((.....))))..,49.10170586081222
CGTCCAGTATGGCGGAGGCTACGTCTCCAG,.(((......)))((((((...))))))..,49.090833333333336
GAAAAGTCCCTGATTTAATCAGATCGAAAA,.........(((((...)))))........,49.07173243376049
GAAGAGCGTTGCTTAGATCTCAACCGAAAA,...((((...))))................,49.0668683851156
CGAAAAGTATTTCCTTTGGCATGCGAAAAG,......((((..((...)).))))......,49.058104043825786
GGGGGAGAGCAATTTATACTTCGGAGGAGG,..................((((....)))),49.02511887643698
GAAAAGTGGCTATTTTATAGCCGATGAAAA,......(((((((...))))))).......,49.02001842050497
GAAAAGACTAAGTCTTACTAGTTCGAAAAG,...(((((...)))))..............,48.990859925593796
GAAAAGAAGAGATTCTCTTTGATTCGAAAA,(((..((((((...))))))..))).....,48.942934841407435
GAAAAGGTATTCCTGGGTAAAGTCCGAAAA,....(((....))).((......)).....,48.93472662416305
GGAGGAGGCAATGCTTTCGTTTCCGGGGGA,(((((((((...))))))...)))......,48.93116043613708
ATGCGAAAAGTATAATTCACCGAAAAGCCT,((((.....)))).................,48.92783004141491
GAAAAGTACTAAACTCGTTGTATGCGAAAA,..............((((.....))))...,48.90653746678086
GAAAAGCTTGGATCATTTGATCGTCGAAAA,..........((((....))))........,48.90571015887693
CCGAAAAGGTACTTGAATTAACGAAAAGAG,((.....)).....................,48.89703862380718
GAAAAGTCGGTATGTTTAGTGAGGCGAAAA,......(((.((....)).)))........,48.896044879285384
GAAAAGTAGTGTTAGTATACAAATCGAAAA,........((((....))))..........,48.863437738859815
GAAAAGATGACATTATGTCGTTTCGAAAAG,....((((((((...)))))))).......,48.86205451532477
GAAAAGAAGGAATATTTCCGTAATCGAAAA,........((((...))))...........,48.85339274128407
GAAAAATGTTTCTGGATAGAGTAGTGAAAA,((((....))))..................,48.845074061240815
GAAAAAGTGCCTGTGTTTAGCGTACGAAAA,......(((((((....))).)))).....,48.82583565316799
GAAAACAATCGTGTTTTACATGATCGAAAA,.......(((((((...)))))))......,48.7620217040723
GAAAAGCCGATTGTGTTCATTCTGCGAAAA,.....((.((.((....)).)).)).....,48.75336085645836
GTCGAAAAGATGCTAGTTAACCGAAAAGAT,(((.....)))...................,48.75078241117984
GAAAAGAATTGTGTTTTGCGCGATCGAAGA,.......(((((((...)))))))......,48.7350179683132
GGGGGAGCCTGTTTACCTTAGTGCGGAGGA,(((....))).....((((......)))).,48.73155963349285
GAAAAGCCATGTTATGTTTGACTGCGAAAA,.....((...((((....)))).)).....,48.71768114910911
GAAAAGGCGCGCGTTTTATGCATCCGAAAA,.....((...((((...))))..)).....,48.69872972250023
GAAAAGACCTTTTCTTTGATAGGGCGAAAA,.......((((.((...)).))))......,48.69377802254847
TCCGAAAAGGAAGTTCTGATCCGAAAAGTA,(((.....)))...................,48.67382729782403
GAAAAAGGGGCTTGTTTCAACTCCTGAAAA,.....(((((.(((...)))))))).....,48.64251073610604
CGAAAAGCAACTTGGTTTTCCTGCGAAAAG,.(((((.((...)).)))))..........,48.61395519007887
GCATAAACTGTTAGATAAACACTTAAATCC,........((((.....)))).........,48.606794871794875
GAAAAGGTCTCTTCATTATGAAGGCGAAAA,.......((((((((...)))))).))...,48.60373670627994
GAAAAGCACTGGTGTTCCTTGATGCGAAAA,.....((((.((....))..).))).....,48.5956251136019
GAAAAGCATTCTGTGCAGTATATGTGAAAA,.....((((...))))..............,48.59218630787214
GAAAAGATGTACTATTGTTGTCGAAAAGTG,.....((((.((....))))))........,48.575912056329834
GAAAAGATAGTTGCTTTGCACATTCGAAAA,.....((..((.((...))))..)).....,48.5703517072884
TGCGAAAAGCATATATTTAAGCGAAGAGAA,(((.....)))...................,48.54479943386643
GGAGGAGCCGTTCTCCCAAACTGCGGGGGA,((.....))..((((((.......)))))),48.53186137071651
GGGGGAGCCTATAGTCCTTAGAGCGGAGGA,(((....)))....(((((......))))),48.510837473403384
GAAAAGCACGTTCATGTTTGATCGCGAAAA,......(.((.(((....))).)).)....,48.5089547344493
GAAAAGGTTCACAGTTATGTTTAACGAAAA,.............((((....)))).....,48.50810998119566
CGAAAAGTATTTGACTACAAACCGAAAAGG,.....................((.....)),48.48724549673341
AGGAAAAGCTTTCACTTCTGCGAAAAGTAG,.......((((((.(....).).)))))..,48.471836824847955
TCCATTATGCGAATCAAAAAAGCATACGGG,.((..(((((...........)))))..)),48.470649491960614
GAAAAGCAGAGATTTTTGATTATGCGAAAA,.....(((..((((...)))).))).....,48.43145657676696
TGAAAAGCAATATATTCCTCATGCGAAAAG,......(((............)))......,48.43087655273757
GAAAAGTTCCGTATATTGCGATAACGAAAA,.........((((...))))..........,48.39904070494909
GAAAAAATAAATGCTCTTGCTGTTTGAAAA,.......(((((((....)).)))))....,48.39854151796611
GACGAAAAGGTATTATTTCCCGAAAAGGCG,...((((........))))((.....))..,48.39557101107096
GAAAAGGATTCAAGGTCTTGTGACCGAAAA,.............((((....)))).....,48.38401719689536
GAAAAGTCATCAATTTGGTGATAACGAAAA,.....(((((((...)))))))........,48.373384462872124
GAAGAGAGGGTATTCCTATAAGATCGAAAA,.......(((....))).............,48.37155484676826
GAGGGAATCTGAGTCTCGCTCTTAGGAAAA,(((.((.........)).))).........,48.36929718875501
CGAAAAGTGCTTTGCGTTCAGGCCGAAAAG,.............((......)).......,48.36033914229705
GAAAAGATACGAAGTGTTCTTCATCGAAAA,.....(((..((((....))))))).....,48.358747531171275
GAAAAGGTAAATGGCATTATTGTACGAAAA,.............(((....))).......,48.31391526457581
ATGAAAAGTATACCTATGGTCACGAAAAGT,...........(((...)))..........,48.294975212540734
GAAAAGCCATGTAATTTACGTGCGCGAAAA,.....((((((((...)))))).)).....,48.28175961922298
CGAAAAGTCTTGCTATTGTACAACGAAAAG,......((..(((....)))..))......,48.27374847098498
TGCGAAAAGCTTGATTTCAATCGAAAAGTG,.((.....))(((((....)))))......,48.26137578564874
GAAAAGATAAGTTGTTGCGTTAGTCGAAAA,.....(((..((....))....))).....,48.25707594523045
CGAAAAGATCGTATCTATTCGAGTGAAAAG,((((.((((...)))).)))).........,48.241145163265195
GGGGGAGCTGCCCGTACTGGTCGCGGAGGA,.(((......)))...(((....)))....,48.23911763885402
TGAGGGAAACTTCGTATATGAGTGGAACAA,.((((....)))).................,48.23794976238968
CGAAAAGAAACTAGTTGTCGATTCGAAAAG,((((..((.........))..)))).....,48.18777628851468
ACGAGGGAGTTTACCTTTAAACGGAAAAGT,..((((.......)))).............,48.18650865827691
GAAAAGCCGTTAACTTTTAGTACGCGAAAA,.......(((..(((...)))..)))....,48.170430493559365
ATCGAAAAGCTGAATTTTTGGCGAAAAGCT,..((((((......))))))((.....)).,48.15915796888714
GAAAAGAATAGCATACTTGTAAATCGAAAA,..........(((....)))..........,48.14142514054594
GAAAAGTCATCGTTAATCGTCATGCGAAAA,.........((((..........))))...,48.13907968667423
GAAAAGCAATCAGTTCCGTTTTAGCGAAAA,................(((....)))....,48.133670193365816
GGAAAAGAAGGAGATTTCTCCTTCGAAAAG,......(((((((....)))))))......,48.12793981779372
GAAAAGCTTTGATATTCGTATTAGCGAAAA,..............(((((....)))))..,48.110032318582185
GAAAAGGGTTTACTGTTGATATGCCGAAAA,......(((.(((....).)).))).....,48.0463683927083
GAAAAGCGTTAATGTTTTAAGGTGCGAAAA,.....((.((((....)))).)).......,48.04585039609168
GAAAAGACTCTTCAGTGTTCTGGTCGAAAA,.....(((....(((....)))))).....,48.03500618365864
GAAAAGATAAGTGTGTTTACTGGCCGAAAA,.........((((....)))).........,48.028529517875384
CGAAAAGATATGGGTATTCGATTCGAAAAG,((((..((.........))..)))).....,48.02546562851105
GAAAAGATCTATCTATGACAGATTCGAAAA,.....(((((.((...)).)))))......,48.00793468741416
CGAAAAGAAGAGTTAATCTAGGTCGAAAAG,(((.....(((.....)))...))).....,48.00693643765764
GAAAAGGCTTGTGCTTCATCATTCCGAAAA,((..((((....))))..))..........,48.00099652304692
GAAAAGCATAGTGTTCTGCAATCGCGAAAA,.....(((........)))...........,47.99187264919807
GAAGAGCCACAGTTGTTATTGGAGCGAAAA,.....((..((((....))))..)).....,47.97193791814536
GAAAAGATCGTGCTTAGCAGTTATCGAAAA,.....(((..(((...)))...))).....,47.96756660372977
GAAAAGGCTTAACTTAGTTGCACCCGAAAA,.....((..((((...))))..))......,47.960989306954616
GAAAAGCCGTTTAGTTACTAAGCACGAAAA,........((((((...)))))).......,47.93176954380664
CGAAAAGGAGCATTTCAGCGATACGAAAAG,.........((......))...........,47.92392247957338
GAAAAGTCATTAGCAATTAACTGCCGAAAA,............(((......)))......,47.91854778472068
AAAAGCAGCCGTTTCTATTGCTGTGAAAAG,....(((((.((....)).)))))......,47.91833991522874
GAAAAGTGGGCGTTTTAGCGTCTACGAAAA,.....((((((((....)))))))).....,47.91175146709638
CGAAAAGTCTTACACTCATGACGAAAAGTG,......(((..........)))........,47.90844112651214
GAGACGTTCGAATCAAAAAGACCCGTTTTC,((((((.((..........))..)))))).,47.89888556888163
CGAGGGAATTCGATGTTATCTAAGGAAAAG,((((....))))..................,47.888659507498616
GAAAAATAAGTGGGTATCCCATGATGAAAA,.........(((((...)))))........,47.880812222693905
GAAAAGGTCTCCTAATCGAACTACCGAAAA,....(((...)))..(((......)))...,47.87631019640102
GAAAAGCCATTGGTAATATTCTAGCGAAAA,.....(((...)))................,47.86206765660714
GAAAAGCTCATGCACATATATCTGCGAAAA,...........(((........))).....,47.861262603929696
GAAAAGAGTGTACTCGTGTATTCGCGAAAA,.............(((((....)))))...,47.83944790334658
GGGGGAGATTATGTCTCTAATAACGGAGGA,...((((((...))))))............,47.83411240195072
GGAGGAGATTAATCCTTTTGATCGGGGGAG,.(((((......))))).............,47.82123052959502
GGGGGAGAGTTATTTGCCTAACTTGGAGGA,.(((.(((....))).)))...........,47.81921601148315
GGGGGAGCTCAAACTTTAATTGACGGAGGA,(((....)))...((((........)))).,47.80467551622419
GCGAAAAGCGCGTTTATCACGTCGAAAAGG,((.....))((((.....))))........,47.79796113524898
GAGGGAATGTACTTCAAGTATACAGGAAAA,((((.......))))...............,47.777427019687714
GAAAAGCCAGCATGTACTTGATTGCGAAAA,.........(((..........))).....,47.755873511452876
GGGGGAGCCTTAACCCTTGGTAGCGGAGGA,(((....)))....((((.(...).)))).,47.75230740749194
GAAAAGGGAAGATTTTGTCATTACCGAAAA,.....((..((((...))).)..)).....,47.75155554150412
GAAAAGATAATATGTGTTCATATGCGAAAA,.........(((((....))))).......,47.744430715451514
GAAAAGTGTCTTACCTTCGGTTAGCGAAAA,...............((((.....))))..,47.74046379500835
GAAAAGGCACCGTGCTTTAGCATCCGAAAA,(..((((((...))))))..).........,47.73810105245971
GAAAAGCATTACTCAGATATTCTGCGAAAA,...........(.((((...)))).)....,47.70635372061594
GAAAAGTTAGTGTATCACCCCGTTCGAAAA,(((......(((...)))....))).....,47.69038053679691
GAAAGGTCAGTTTGCTGTTATCTGTGAAGA,...(((((((....)))..)))).......,47.68270491803279
GAAAAGCAATTTCATTCGACGTTGCGAAAA,.....(((((.((....)).))))).....,47.674266729936896
GAAGAGCAGTTCTGTGAATAATGTCGAAAA,.....(((((((...))))..)))......,47.67278283486096
GGGGGAGTATCTTTCCTAGATTACGGAGGA,(((((((...))))))).............,47.66506059845251
GAAAAGAAATGTTATACAGTCGTTCGAAAA,(((..((..(((...))).)).))).....,47.65999473212831
CGAAAAGTTTCTATTGGGAATAGCGAAAAG,......((((((...)))))).........,47.65661003797405
GAAAAGTAAGCCGTGTTCACCTTACGAAAA,.....(((((..(....)..))))).....,47.65437041564684
GAAAAGAAACTGTTGTTAGTCTTTCGAAAA,((((.(((((....)))..)))))).....,47.63178051241723
GAAAAGGTAGTTCTTTAGCACTTGCGAAAA,..(((((....))))).((....)).....,47.63031122160761
GAAAAGTCGTTAGTTATACTATCGTGAAAA,.......((.((((...)))).))......,47.6243834347845
GCAACGAAAAGGGATCTTTCCGAAAAGTCA,...........(((....))).........,47.6174729039176
GGGGGAGGGATTATTCTCGGTCCCGGAGGA,((((..((((....))))..))))......,47.60156853496045
GAAAAGCTTAAGTTTCACCTAATCGAAAAG,((((........))))..............,47.59653770103047
GAAAAGCTTATCTCTCTCGTCATGCGAAAA,................((((...))))...,47.594159783901475
GAAAAGGAATCTGTTTTAGATGCACGAAAA,........(((((...))))).........,47.57996218453646
CGAAAAGTAACTGTCTTTAAGGCCGAAAAG,............((((...)))).......,47.57980733965081
GAAAAGCAGTGTTCTCTCTTCTTGCGAAAA,(((.((.((....)))).))).........,47.57782342115049
CGGAGGAGACCTGTTTCTAGTTCGGGGGAG,((((..(((......)))..))))......,47.57311706063903
CACGAAAAGTCCTTATTTTGACGAAAAGCG,........(((........)))........,47.566029532036296
GAAAAGTGTTATCACTATGTGATGCGAAGA,......(((.(((((...))))))))....,47.56156628578469
GAAGAGGCTGGTTACTAGTTATCCGAAAAG,.....((((((...))))))..........,47.55340733403968
GCGAAAAGCATTACATTAGTAGCGAAAAGA,((.....)).((((....))))........,47.553353984173484
ATGTGAAATCGAATCAAAAAGGTTGTTACT,..((((((((..........)))).)))).,47.55115468563077
GAAAAGTTGGGGTGATTCATCCTTCGAAAA,........((((((...)))))).......,47.54234378972128
GAAGAGCAGTGTTGTACATAAGTGTGAAAA,........((((...))))...........,47.51235637055749
AGGTTTTTGCGAACAAAAAAGCGGTAAGCT,.(((((((((..........)))).))))),47.50313315209132
GAAAAGAAGCTGCGTATCACGCTTTGAAAA,...........((((...))))........,47.50257061537396
GCGAAAAGATGCCTGTAATATCGAAAAGTC,((........))..................,47.49583190347013
CGAAAAGAAACTTTCCATCGGTTCGAAAAG,((((..((.........))..)))).....,47.4944488241818
GAAAAGTATGCACTGTTTTGCTAATGAAAA,.........(((......))).........,47.486678617177745
GAAAAGTCTGCAGTTTATGCTTAGTGAAAA,.........(((.....)))..........,47.48609455862214
GAAAAGAAAACCTTGTTAGTTGTTCGAAAA,.....(((...((....))...))).....,47.47635337386873
GAAAAGCGTTATATGTTTGGATCGTGAAAA,...((((((...))))))............,47.468946721332195
GAAAAGCATGCTGGTATTACCGCGAAAAAG,.........((.(((...))))).......,47.45957067377935
ACGAAAAGCCTAGAACTCGAGGTAAAAAGT,.......((((........)))).......,47.45732428210618
GAAAAAAGTGGGTATCCTATAACTTGAAAA,.......(((((...)))))..........,47.454537272636436
GCGAAAAGAAGTCTTAATCTATCGAAAAGT,.(((..(((........))).)))......,47.43304708433028
GAAAAGCAGAATCTAATTTACATGCGAAAA,.....(((..............))).....,47.41709360198962
GAAAAGCATCATTCATGGCAATTGCGAAAA,.....(((..............))).....,47.41536909239704
TGAAAAGGGACGATTTATTGTGCCGAAAAG,......((.((((....)))).))......,47.41045040089466
GAAAAGCAGTCACATTAATACATGCGAAAA,.....(((..............))).....,47.40351308894802
GAAAAGTATTTAGTAATAACTGTGCGACGA,.....((((..(((....))))))).....,47.402720602829305
GAAAAAGTTGCTTTTAGCTTCTCTGAAAAG,.....((..(((...)))..))........,47.39625046419727
GAGGGAAGGTTGTTTTAGCTATCCGGAAAA,...(((.(((((...))))).)))......,47.39513929652537
GAAAAGAGGTTTCCTTGTACACGTCGAAAA,.....((((...))))..............,47.39259664220808
GAAAAGCGCATCTTGTAGTTTGCCCGAAAA,.......(((..........))).......,47.357510401402976
GCGAAAAGAGCATATATATACTTGAAAAGT,((.......))...................,47.35216763908455
GAAAATTGAACGTCTTTGACTGAATGAAAA,...........(((...)))..........,47.3389233775919
ACGAGGGAGTTTATCATTGAACGGAAAAGT,........(((((....)))))........,47.33470142936123
GGAGGAGATATACGTTCCGTTATCGGGGGA,..............(((((....)))))..,47.322281931464175
CGGGGGAGAGTTATCTGCCTAACTTGGAGG,..(((.(((....))).)))..........,47.3222356631847
GCGAAAAGGCATAATAATGATCCGAAAAGT,((......))....................,47.319848395848354
GAAAAATGGCCATATTGGTACTCATGAAAA,........((((...))))...........,47.316337347787055
CGAAGAGAGGGCTATAGCGAATACGAAAAG,..........((....))............,47.29866311816369
GGGGGAGAGTATGCTTTCCATATCGGAGGA,...((((((....))))))...........,47.294665713119144
GAAGAGATAACATGCATATGTTTGCGAAAA,.............(((......))).....,47.29206840766605
CGAAGAGTTTACTTGGTCGAAAATGAAAAG,(((.(((....)))..)))...........,47.2822653556145
TGAAAAGAGTTGTCTTTGACTCGCGAAAAG,......((((((....))))))........,47.26471065265649
CGAAAAGTATGTCCTTTGGTCAATGAAAAG,.........((.((...)).))........,47.23330864738586
ATGAAAAGATCTGTATTCAGAACGAAAAAG,.........((((....)))).........,47.23211142486717
CATTGGGTTCGAATCAAAAAGAAGTTATGG,(((.((.(((..........))).))))).,47.21065027476399
GAAAATATAGGCATTGTGTGCCTGTGAAAA,.....(((((((((...)))))))))....,47.21009661610113
GAGAGGAGTCCTTTGTTATCAGAGGAAAAA,........(((((((....)))))))....,47.18834378873697
CGAGGGAACTTGTTGTTATAGAGGGAAAAG,((((....))))..................,47.17877244954638
GAAAAGCAGTTTTAATATGATGCGAAAAAG,.....(((............))).......,47.17280864487728
CGAGGGAATTCATGTACCATTCAGGAAAAG,.(((((.((....)).)).)))........,47.17170682730924
GAAAAGCTGGGTTTAATAACTTAGTGAAAA,.....((((((((....)))))))).....,47.131456216236074
TCTGAAAAGGAAGTTTTCTGCCGAAAAGGG,...(((((.....)))))..((.....)).,47.1312201798985
CGAGGGAATTCGTTTTTCACGGAGGAAAAG,((((....)))).(((((......))))).,47.12931247299883
GAAAAGCAATCATGTTTGATAAAGTGAAAA,........((((....))))..........,47.12806394413027
CGGTGAAATTCGAATCAAAAAGATGCACAG,..(((....((..........))..)))..,47.118178310636644
CCGAAAAGTGATCCGTTTTTCCCGAAAAGG,..((((((((...))))))))((.....)),47.11393085285767
GAAAAGGTATTACCACTTCAGTTCCGAAAA,(((..(((...)))..)))...........,47.09054531279021
GAAAAGTGCCATCCTATTGGATTATGAAAA,..........((((....))))........,47.068688699235054
GAAAAGAAGTTCGTAAAGATCTCGAAAAGG,.........((((.........))))....,47.06782094766615
GGCGAAAAGTACATTAGTTACGAAAAGTAA,.................((((.....)))),47.06359062095488
AAAAGTATGTTTGCTGAGAACTTCGAAAAG,...((((....))))...............,47.04555217047862
TAGCAGTCCGAATCAAAAAGTGATTGATTA,...((((((..........).)))))....,47.03686675120943
GCTACAATATGAATAAAAAAATATGGAAGT,(((.(.((((..........)))).).))),47.015
GAAAAGTACTTCCGCTTATGGCGTCGAAAA,............((((...)))).......,46.99897353890857
GAAAAGTACATAGTTTTAGACTGTCGAAAA,.........((((((...))))))......,46.995792198335444
GAAAAGTGTCATGTGTTCACGCCGCGAAAA,.....(((.(.((....)).).))).....,46.98506002033221
GAAAAGCAGTCTCCTCGTATGTTGCGAAAA,..............(((((...)))))...,46.95910641245909
ATAGCAAATCGAATCAAAAAGAAACTGCAT,...(((..((..........))...)))..,46.95476792182281
GGAGGAGATTTACCCTGGTTGATCGGGGGA,............(((((......)))))..,46.95094236760124
GAAGAGTTATTGATAATCGTCATGCGAAAA,................((((...))))...,46.94497475687498
GAAAAGCTGTGTCCTCACTTGTGTCGAAAA,((......(((....))).....)).....,46.93916431769659
GAAAAGCAATCTCTTCGTGAATGTCGAAAA,.............((((.......))))..,46.93337791035731
GAAAAGGCTTGTGCCTTAACAATACGAAAA,...(((((....))))).............,46.91803526701466
GGGGGAGTATTACCTATGGAATATGGAGGA,.(((........)))...............,46.91337758112094
GGGGGAGCATACCTTGTTATTCGGAGGAGT,((((.......))))...((((....)))),46.893834808259584
GAAAAATAACATACATAGTGAGTTTGAAAA,.......(((.(((...))).)))......,46.87801093450057
GAAAAGGTCGTATGTTACATATAACGAAAA,......((.(((((...))))).)).....,46.864208989932564
GAAAAGTACTCACTGTTGATGATACGAAAA,.....(((.((((....).)))))).....,46.849843577966304
GAAAAGTGTAAGACTATTGCGACACGAAAA,.....((((..(.(....)).)))).....,46.84725634677551
CGAAAAGTAGTTTTTTAGAGGTGCGAAAAG,......(((.(((....))).)))......,46.84502566677703
GAAAAGCATTGAATAATTTCTGAGCGAAAA,.....((...(((....)))...)).....,46.84112359778317
CGAAAAGTCCGCGTCTATTAGTACGAAAAG,...........(((((...)).))).....,46.77233579697911
CGAGGAAAATCTCTTTTTGTTCGCGGTGAG,((((.((((.....)))).)))).......,46.766887808539835
GAAAAGATTCCGCTACTGCATGTTCGAAAA,...........((....))...........,46.764433543255265
GAAAAGCAGCAATGTTTCAATGCGTGAAAA,......(((((.((...)).))).))....,46.75858162393132
GTGAGGGAAGGACCTTGTTTCCGGAAAATC,..((((......))))..............,46.74399598393575
GAAAAGCAAGAATTCTTTAACCTGCGAAAA,.....(((..............))).....,46.73024298763308
GAAAAGGTATTAGCTTGTTGTTCCGAAAAG,....((((....))))..............,46.719643865976884
GGAGGAGCTTTGCTTGTCATTCGCGGGGGA,.((.((((...)))).))............,46.71760903426791
GAAAAGCAACTTCCTATTCCTCTGCGAAAA,.....(((..............))).....,46.70415978004524
GAAAATGGCGTGGTATTCTATGCCTGAAAA,......(((((((....)))))))......,46.704002650703046
TGAAAAGCTAGTCGTTTCCGGTGCGAAAAA,...........((((.......))))....,46.702082250835964
GAAAAGGTTTTTAACCTATCAAGCCGAAAA,....(((((...))))).............,46.69621888856595
GAAAAGATATTCTTTGGCCCATATCGAAAA,..(((((...)))))...............,46.69263507551854
GGGGGAACCAGTTTCCTTCTGTGTGGAGGA,((.....))....((((((.....)))))),46.69176991150442
GAAAAGAAGGTATCCTGATGTCTTTGAAAA,..((((((((...)))....))))).....,46.68962870522077
ACCTTATGGCGAACAAAAAAGCCTTTAGCT,..((...(((..........)))...))..,46.685486093267805
ATGAAAAGGTCTCATGTATAACCGAAAAGT,.......(((..........))).......,46.664842296224734
GAAGAATACTCTTGTGAATGGTTATGAAAA,.((((....)))).................,46.65855761407592
GAAAAGCATATGCTCAGGTCTTGGCGAAAA,....(((....)))................,46.655405472287214
GAAAAGATCCGTTACCTCGTAAATCGAAAA,................(((.....)))...,46.64047997058542
GAAAAGATCCTTTACCTCGTAAATCGAAAA,................(((.....)))...,46.63984119703064
GAAAAGCACCGAGTATTGCTCCTGCGAAAA,.....(((..((((...)))).))).....,46.634378718166715
CTACATTAGCGAATCAAAAAGACTTGTGTG,.(((((.(((..........).)).))))),46.6327090982934
CGAAAAGAAATAATCTGTCGTTTTGAAAAG,(((..(((.....))).)))..........,46.616484567564015
GAAAAGAGGGATATTCTTGTCCTTCGAAAA,.....((((((((....)))))))).....,46.6139215374896
GAAAAGCATTCTATTAGTCTTCTGCGAAAA,.....(((..............))).....,46.60957042889197
ACGAAAAGAAGTTCTCAGGGTTCGAAAAGT,.((((..((.....))....))))......,46.60453927161593
GAAAAGGCATTTGTTTTGCGAACCCGAAGA,......(((.......)))...........,46.59075143751038
GAAAAGTTACAAGTTGTTCGCTAACGAAAA,................((((....))))..,46.558884916052484
CGAAAAGGATCGGTTTTCCAGTCCGAAAAG,......((((.((....)).))))......,46.55727580677241
GAAAAGCATTTCTGCCGTGAATCGCGAAAA,.....(((....)))((((...))))....,46.55676677361548
GAAAAGTGTACGGGTATTTCCGTCCGAAAA,......((.(((((....))))).))....,46.554890235828616
TGTGAACTTCGAATCAAAAAGACTTCATCG,.(((((..((..........)).)))))..,46.54741498064634
GAAAAGAAGCTAACTCGGTTGTGCCGAAAA,..............(((((...)))))...,46.52907491994928
CGAAAAGATCCTGAATTCCCGTTCGAAAAG,((((..((........))...)))).....,46.52805748268365
GAAAAGAATTGATCGTTTAGCAATCGAAAA,........(((((.((...)).)))))...,46.510290315552425
GAAAAGATCCGTGTTTTACGTGTTCGAAGA,.....((.(((((...)))).).)).....,46.505938425308244
GAAAAGCATGATGTTATATGTCTGTGAAAA,.....(((.(((((...)))))))).....,46.49567007915185
GAAAAGCATCAATAAATTAATCTGCGAAAA,.....(((..............))).....,46.48734581151754
GAAAAGCATTAGTATCATGATTTGCGAAAA,.....(((..............))).....,46.47218213465868
GAAAAGAGTTCTCTTTGAGAATAACAAAAA,.......((((((...))))))........,46.46651420607196
GAAAAGCGGTTTGGTATAATACCACGAAAA,...........(((((...)))))......,46.45920661178947
GAAGTATCTCGTAGTTTTGGCTGTAGAAAA,......(((..((((....)))).)))...,46.45811475409836
GAGGGAAGCGTCACTATTTAATGCGGAAAA,((.(....).))..................,46.452921245421244
GAAAAGCATGAACAGTTGAATTTGCGAAAA,.....(((..............))).....,46.43641081559129
GAAAAGTACGCATACAATTTGCAATGAAAA,.........(((.......)))........,46.4285994979766
GAAAAGCACATGTTACTAATCTTGCGAAAA,.....(((..............))).....,46.4285184780405
CATTTAGAGCGAACAAAAAAGCATCATGTG,......((((..........)).)).....,46.4276429560129
CTCGAAAAGACTATTTATGGTCAAAAAGCG,........(((((....)))))........,46.425084041607526
AAAAGCATTCTGTGAGTAAATTGCGAAAAG,....(((..............)))......,46.41980270316714
GAAAAGCTCACCACGTTATTATAGCGAAAA,.............(((((...)))))....,46.41481957099687
GAAAAGCATTCTTCCGTCAATTTGCGAAAA,.....(((..............))).....,46.4108598734003
GAAAAGCAGTCAGTATTATGCATGTGAAAA,.....(((..........))).........,46.41018114107035
GGGGGAGTTACATTCCTTCTGTACGGAGGA,((((((((...))))))))...........,46.40423303834808
GAAAAGCATTTATAGCCCTTGTTGCGAAAA,.....(((..............))).....,46.40159765685606
CGAAAAGCTTGTTAATTGCATACCGAAAAG,......((.........))...........,46.398423615841835
GAAAAGTGGCATTTATGTCTAGAACGAAAA,.......((((....))))...........,46.39219398989178
GAAAAGCATTATCTACTCCAGTTGCGAAAA,.....(((..............))).....,46.39105789320227
GAAAAGCACTACTCTTCTACACTGCGAAAA,.....(((..............))).....,46.38368122863329
GAAAAGCATAATCCATTCCTCTTGCGAAAA,.....(((..............))).....,46.380837516325876
GAAAAGGCGCTTGTGTTTAAGTTCTGAAAA,.....((.(((((....))))).)).....,46.378118995780056
GAAAAGATTCGTTTCCAACACGTCGAAAAG,.......((((............))))...,46.372083659319145
GAAAAGCACACCCATATTTCTCTGCGAAAA,.....(((..............))).....,46.37160966148521
GAAAAGTACTTACCTATGGAAGATCGAAAA,........(((.((...)))))........,46.36702404792221
GAAAAGACTGCATTATGTGTAGTACGAAAA,......(((((((...))))))).......,46.3668327091849
GAAAAGCATACTCTAGGTTAATTGCGAAAA,.....(((..............))).....,46.359757989018306
GAAAAGAAGTGTTTAATACGTGTTCGAAAA,(((.....((((...))))...))).....,46.35580958455197
GAAGAGTTACTCCTTTCAAGAATACGAAAA,((((((...)))..))).............,46.34983006749178
ATCGAAAAGGTATTGTTGATCCGAAAAGGT,(((((.((....)).)))))((.....)).,46.3470347946331
GAAAAGCATTAAGAACGTCCGTTGCGAAAA,.....(((..............))).....,46.34123355592984
GAAAAGCACACTAAACTTCCACTGCGAAAA,.....(((..............))).....,46.33647277853629
CGGAGGAGTCTGATTTTCTTGCCGGGGGAG,((((((((.......))))).)))......,46.27855072463768
GAAAAGATACCCTTTAAGGGGATTGAAAAG,.........((((...))))..........,46.27364516406936
GAAAAGTTAGTTGGTTCCCAATTCGAAAAG,........((((((...)))))).......,46.27346405093252
GAAAAGGTTTTAATATGCCCTGCCCGAAAA,.....(((........)))...........,46.26557963980608
GAAAAGTTACATACCGTGTAGTTACGAAAA,..............((((....))))....,46.25505287335065
CGAAAAGGGTGATTCGTTCTAATCGAAAAG,(((..((((((...))))))..))).....,46.25307510466776
GAAGAGAGCGAGTTGTTACATGCTTGAAAA,.....(((((.((....)).))))).....,46.247859998086355
GAAAAGCAGCATCTATTGATTATGCGAAAA,.....(((..(((....)))..))).....,46.24633622315337
GAAAAGCGTTTAAGATATTCTGCGTGAAAA,.....((((...(((...))))))).....,46.24332258633805
GAAAAGTTGTTACTTGGCAATCAACGAAAA,(..((((....))))..)............,46.22026288644129
CGAAAAGCTAAGACGCGTTATTGCGAAAAG,.............((((....)))).....,46.21698403664766
GAAAAGCAACCTCATCGTCTTGTGCGAAAA,..............((((.....))))...,46.2165095659045
CGAAAAGGCTTTCTTAAGTAGGTCGAAAAG,(((....((((....))))...))).....,46.20971268525862
CGAAAAGAGCCGACGTCATCTCTCGAAAAG,(((..(((..........))).))).....,46.202167422871625
GAAAAGCTCTGATGCTCGTTCATGCGAAAA,.....((......))((((....))))...,46.192445503515536
GAAAAGCTCTTATGTATCAAGTTGCGAAAA,.............(((......))).....,46.184634501975495
GAAGAGTGTTACTACATCTGTCACCGAAAA,(((((.(((....)))))).))........,46.17945391636529
GCCGAAAAGCTCTCATTGTACCGAAAAGGT,((......)).........(((.....))),46.1754474227727
GAAAAGAGTGGGGTTCCTTTATTCGAAAAG,.....((((((((...))))))))......,46.171886933584275
GGCGGAGATTATATTCCTGTAATCGGGGGA,..............(((((....)))))..,46.15499221183801
GTCCATTTGTGGCACGTCCAATCTGGCGTA,(.(((....))))(((((......))))).,46.151944444444446
GCGAAAAAGCACTTACAGTTGATGAAAAGT,((......))....................,46.12505365961778
GAAAAAGGTTAAGTTCTACATGCCGAAAAG,......(((............)))......,46.1192089771891
CATTGATTCTGAACAAAAAAGGATTCAGGG,.......(((((((.......).)))))).,46.11473776086923
GAAGAGCATATTTGTATACCAATGAGAAAA,.....(((....)))...............,46.10801958294199
TGCGTCCTTTATGGCAGGTTAGACCTAGTA,.............((((((...)))).)).,46.10611111111111
GAAAAGTTGTAATTCGGAATTCTGCGAAAA,............((((........))))..,46.10415722775541
CGAAAAGAACTAGTCTTCTAGCCCGAAAAG,.........((((....)))).........,46.09724247113888
GAAAAAGCACTTGCATATACTTGCTGAAAA,............(((......)))......,46.06440696216458
GAAAAGTTCTAGTCAATCGTCCAACGAAAA,................((((...))))...,46.05846843828226
CGAAAAGATGCATTGCGATATATCGAAAAG,(((.....(((...))).....))).....,46.05621379660613
GAAAAGGATATATTGCTATGCACCCGAAAA,.............(((...)))........,46.04605624953082
GGGGGATAAACCTAGTTGTGTTTTGGAGGA,.(((......))).................,46.01337758112094
GAAAAAAGAGCAGATATTCTGTTCTGAAAA,......((((((((...)))))))).....,46.010600149671234
GAGGAGGTAGATTTATCTATCCCGGGGGAG,..((.((((((....)))))))).......,46.00898550724638
GAAAAGGATGGGCATAGCTTTATACGAAAA,.........((((...))))..........,45.99916689631074
CGAAAAGCATATTGTTGATTCGCGAAAAGG,((((.((((...))))..))))........,45.998384643401906
ATCGTATGCGAATCAAAAAGCAATGTCTAT,..(((.(((..........)))))).....,45.99823119130702
CGAAGGGTACCACTCATGATTGGGAAAAGG,............((((....))))......,45.98573843634365
CGAAAAGGATCTGTATCAGATGACGAAAAG,........(((((...))))).........,45.98445641836315
GGGGGAGATTATCTTTTCTATTCGGAGGAG,((((((((...))))))))...........,45.97916498654636
CGAAAAGATCTTGTCTTTACGATCGAAAAG,((.((((((...)))))).)).........,45.93609650290581
GAAAAGATCTTAGATCAATCTAGTCGAAAA,.....((((...))))..............,45.92585953607255
CGAAAAGAGGTTTTAATTTGGAGCGAAAAG,.........((((((...))))))......,45.925049642417235
TCTTGCTATGAACTAAAAAAGCAGTCAACA,..(((((.(........).)))))......,45.91509393640506
GAAGAGGGTCATTGTATAATACAACGAAAA,........((.(((((...))))).))...,45.913264759757645
GAAAAGGTGTTCTATTGATACACACGAAAA,......((((((....)).)))).......,45.90999982805974
GAAAAGTAGTTGGTTCGGTTTCTACGAAAA,.............((((.......))))..,45.897346793385935
GAAAAGTCCCTAAACTTGTTAGTACGAAAA,...............((((....))))...,45.89520492866762
CGAAAAGGATCAGTCTTTTGTGCCGAAAAG,......((..(((....)))..))......,45.89392772954191
GGAAAAGATTACGTTTCGTATCGAAAACAG,......(((.(((...))))))........,45.89150886011129
GAAAAGACGTCTTCTTAGACCAGCGAAAAG,........((((....))))..........,45.88029531569428
GAAAAGCATTAATCCTGCGTTAGGTGAAAA,.....(((.......)))............,45.877631022510315
GAAAAGGCTGTATGCCATTTGCTCCGAAAA,.....(((.....)))..............,45.87613112931581
GAAAAGATAGTCTTCGTACGTTATCGAAAA,............((((........))))..,45.85544360821726
GAAGAGATATATACTTACGTCTGTCGAAAA,((..((((.((....)).)))).)).....,45.85393296071892
GAAAAGATATCTCATGTTTGGATCCGAAAA,........(((.((....))))).......,45.85316743534581
TGGCATGCTCGAATCAAAAAGATCTATCCG,.((...(.((..........)).)...)).,45.84594439241105
GAAAAGTCCAGGCATATTATGTCACGAAAA,..........(((((...))))).......,45.84307114262052
GAAAAGCTGCTTATTTCGTGTCTGCGAAGA,..............(((((....)))))..,45.82879069099505
GAAAAGCCTTTGGTCATATTGTGGCGAAGA,........(((.(((((...))))).))).,45.82494833863527
GGAGGAGTAACGCTTTAGTTTTACGGGGGA,......((((.((....)).))))......,45.82010124610592
AAAAGCTCCTTGCTTATGCAGTGTGAAAAG,..((((.....))))...............,45.82005201430129
GAAAAGACCTTCGTATTTGAAGCTCGAAAA,.....((.(((((....))))).)).....,45.817800955876876
GAAAAAGCATGTTGTTACTGGTCTGAAAAG,......((..((....))..))........,45.81484655675385
GAAAAGCTGGTGCTATTGATCTCGCGAAAA,.....((.((..(....)..)).)).....,45.810629293978025
GAAAAGAGAATTTCATGAACCCCTCGAAAA,((((......))))................,45.80281798275148
GAAAAGATAAAGTCTAACCGTTTTCGAAAA,(((((...............))))).....,45.79940187501168
GAAAAGTTACGTTCTTTGAAGGTGCGAAAA,.......(((.(((...))).)))......,45.7963180180272
GAAAAATCTGATAATCTGTCTCAATGAAAA,.........((((...))))..........,45.78450123175054
GAAAAGATCATACATTGTATGTGCCGAAAA,.....(..(((((...)))))..)......,45.78337513681849
GAAAAGTCGTCTGAATTTCAGGAGCGAAAA,......((((((((...))))..))))...,45.76662691733069
CGAAAAGTATTATAATGGTACATCGAAAAG,(((...((((((...)))))).))).....,45.75966739793182
GAAAAGCTGTTTCTTCGGAAATAACGAAAA,.............((((.......))))..,45.75315249449767
CGGAGGAGTGGCTTTAGATTCCCGGGGGAG,(.(.(((((........)))))).).....,45.74811594202899
GAAAAGTGATAAGTTTGTTTCTACGAAGAG,.............(((((....)))))...,45.74787051901326
GAAAAGTTCGAAGTTCAGATTCACGAAAAG,......((((.............))))...,45.746532357103604
CTTGGCCTTCGAATCAAAAAGTTAGCTACG,..((((...(..........)...))))..,45.742749104150604
CGAAAAGAGCAGGTTTAGTCATTCGAAAAG,((((..((..........)).)))).....,45.73973506741734
CGAAAAGATTTCGCACTGCGATACTCGAAA,..........((((...)))).........,45.736521042990766
GAAAAGCGTTTGTACTATTAGTCGAAAAGG,........((((.(((...)))))))....,45.73199375802116
GGGGGAGATTATCTCCTTATTGTCGGCGGA,.(((((((...)))))))............,45.72346994930475
GAAAAGTACAGTTTTTAACTCGTAGGAAAA,......(((((((...)))).)))......,45.714678074851335
GAAAAGAAAGAATTTCATATGAAGCGAAAA,((((........))))..............,45.706143934531504
CGAAAAGAAGTTCGTTATACAATCGAAAAG,((((......))))................,45.67913558785959
GAAAAGTCGTATGTGATTCTGTCGCGAAAA,............(((((...))))).....,45.666735026756065
CGAAGAGATCAATTTGAATACTTCGAAAAG,(((((...(((...)))...))))).....,45.652048673529166
GAAGAGATGATTGTGTTACGTCTTCGAAAA,(((((..((((...))))..))))).....,45.65091548683583
TCTGGTTTTCGAACCAAAAAGAATCTGGGA,..(((((....)))))..............,45.64842805254176
GTACACCGTTCGAATCAAAAAGACCGTTTC,......((.((..........)).))....,45.64741498064634
GAAAAGTTCCAGTTCTACTGCATCGAAAAG,.........((((...))))..........,45.637090619990126
CGAGGGAATCAAACCTGGTTAGTGGAAAAG,(.(((........))).)............,45.63636546184739
GAAAAGTTTGGCCTTCATAGGCTTCGAAAA,.........(((((....))))).......,45.62955887760095
GAAAAGGTAATGCTTGTGATTTGCCGAAAA,.....(((((..(....)..))))).....,45.62593664424162
GAAAAGTCAATAGTTCGGTTATGACGAAAA,.............((((.......))))..,45.62331293838753
GAAAAGATAGCTTTATGCCCCATTCGAAAA,.........((.....))............,45.6227019150475
GAAGAGAGTTCTATAATAGAAGTGCGAAAA,......(.(((((...))))).).......,45.622691799873714
GAAAAGAGGTTTTGTGAACTAAGTCGAAAA,.......(((((...)))))..........,45.60331220625615
CGAAAAGAATTCCCTATCCCGTTCGAAAAG,((((..((........))...)))).....,45.59103099450364
GCTTTGTTTCGAACAAAAAAGTAAATGAAC,..((((((...)))))).............,45.58297786232055
CGGAGGAGATAAACCCTTTCTCGGGGGAGG,.(((((........)))))(((....))).,45.57855072463768
GAAAAGTTGGTCTTCCTTAAACCTCGAAAA,........((....))..............,45.57672734861935
CACGGTTACGAATCAAAAAGTGTTCCTATG,...((.(((..........)))..))....,45.57657263356238
GAAAAAGCAGGCAAATGTGCATTCTGAAAA,......(((........)))..........,45.55865291533212
GGCCGAAAAGATTTCAACTTCGAAAAGGCA,.(((.....((........)).....))).,45.55506173468042
GAAAAGAGCAGTTGTGTCAATTGTTGAAAA,......((((((((...)))))))).....,45.53361156846816
GAAAAGCCTCTAAGTATTATGCTGCGAAAA,........((..((((...))))..))...,45.529715022602815
CTCCGCTGTCGAATCAAAAAGAATGTTTAG,....((..((..........))..))....,45.52829733358751
GAAAAACCTATATCATAGAGGTGGTGAAAA,.....((((.........))))........,45.52477046942446
GAAAAGGAATAGGTTTTCCTGTCCGAAAAG,.....(((.((((....)))))))......,45.52255352173523
GAAAAGACTTTGGTTTTATGATCGAAAAGG,........(((((((....)))))))....,45.503696538179874
GAAAAGTACTGATTATGTCAGTTTCGAAAA,(((....((((((...))))))))).....,45.502549869645925
GAAAAGACTTATGCTTGCTTATGGCGAAAA,..............(((((...)))))...,45.50160346899691
GAAAAGCATTTATTCTCCATCCTGCGAAAA,.....(((..............))).....,45.4955293080857
GAAAAGCCTAATCCATTCTGCAGGTGAAAA,.....((((............)))).....,45.49465203379893
GAAAAGGATTTGTAGTTCTACCCGAAAAGG,....((((((...))))))..((.....)),45.493234506208125
GAAAAGTTGCTTCTAGTAGCGTAACGAAAA,.....((((((...))))))..........,45.49157642731607
AAAAGGTATTGCTATGCATTCTCCGAAAAG,....((...(((...)))....))......,45.485039792992694
AAGAGCATCCATTGTTGGATTAGTGAAAAG,......(((((....)))))..........,45.46983239666419
GAAAAGCAACTCATTTATATGAATCGAAAA,..........((((....))))........,45.46940118526012
CGAAAAGTGGATTATCCTGAAACCGAAAAG,((......(((...)))......)).....,45.469381179012814
GAAAAGATACAGTCGGATATTGTTCGAAAA,............((((((...))))))...,45.45894277785245
GAAAAGCGAGAGCGAAAAGTCGTCCCGATG,......((.(.((((....)))).)))...,45.453638626649756
GAAAAGATGGTTGGGTTATTAGCTCGAAAA,..........(((((((...)))))))...,45.452656102084205
GAAAAGAATGCTTTAATGCTAAATCGAAAA,.........((......))...........,45.44102159282147
GAAAAGCATAGTTTGAGGCATTTGCGAAGA,.....(((..............))).....,45.43934238586603
CGAAAATCGATTTTTAGTTGAAGTGAAAAG,......((((((...)))))).........,45.43845947665155
GAAGAGCCTTGTACTAAGTATAAACGAAAA,........((((((...)))))).......,45.43178327827616
CGAAAAGCATCTTCTTAGGTCGCGAAAAGG,......((((((....)))).)).......,45.424393064500045
GAAAAGCTGTTTTGTCGTTTACTGCGAAGA,..............((((.....))))...,45.42346378003433
GAAAAGTCTGTCCATTGGTTAGATCGAAAA,.....(((((.((...)).)))))......,45.37329486781614
GAAAAGTATGATTCTTCGATCTAACGAAAA,..............((((......))))..,45.37048636540766
GAAAAGTGTCTCATATTCGGAGCTCGAAAA,...............((((.....))))..,45.36307975888819
GAAGAGGCACCTATTTTAGGTGATGGAAAA,.......((((((...))))))........,45.33085506037434
GAAAAGTCTCCTTGTTATAAGGCGTGAAAA,.......(.(((((...))))).)......,45.32951789283484
GAAAAGCAGTGACGTTCCGTTACTCGAAAA,.......(((((((...)))))))......,45.32667340369974
GAAAAGGGTACAAATTTTGAACCTCGAAAA,.....((((.(((...))).))))......,45.314086885355984
CGAAAAGGCTAATGTTTATACATCGAAAAG,...........((((....)))).......,45.30330603473171
GAAAAATGTTTCGCATGTTCAACATGAAAA,((((....)))).(((((...)))))....,45.2834351866032
GAAAAGAGAAATTTCAAACCTTATCGAAAA,((((.......))))...............,45.26350147045509
GAAAAGTCTTAACTCGATTCTGACGAAAAG,.....(((.............)))......,45.25243311445228
GAAAAGAGGCAATTCTCGATGATTCGAAAA,...............((((....))))...,45.24843125984201
GAAAAGGCTATTATTGTGGTACTCCGAAAA,......(((((....)))))..........,45.23766024376205
GAAAAGTGGTATTTCCTATTGGAACGAAAA,............((((....))))......,45.22954612010392
CGAAAAGTACTCATGTTCTTGTGGACGAAA,..............((((....))))....,45.22432432384348
GAAGATACACCAGTTCTCTGGTCTTGAAAA,........(((((....)))))........,45.19567909039094
GAAAAGTATTCCTTCGCGTACCTACGAAAA,............((((........))))..,45.190000897506025
GTAATCGAAAAGTTACTCGAAAAGAATGGA,....((((........))))..........,45.17441043279343
CGGAAAAGTTATCTTTAGGATACGAAAAGG,.........(((((...)))))........,45.17293841443967
GAAAAGACAGTCTCTATTGAGTCTCGAAAA,........((.(((....))).))......,45.168256633585194
GAAGTGACATTTCACTGGAATGTCTGAAAA,.....((((((((...))))))))......,45.157723840058644
GAAAAGGTTTCGATATTTGGTCACCGAAGA,.....(((..(.(....).)..))).....,45.148737451278265
GAAAAGGAGCTTGTTTTAGGTGATCGAAAA,.....((.(((((...)))))..)).....,45.14616887224584
GAAAAGCTTAGTGGTTTTAAATGCGAAAAG,..((((((....))))))............,45.14380201178894
CGAAAAACTGTATCCACTTAATGTGAAAAG,..............(((.....))).....,45.12586118989442
GAAAAGGGTGGAGTAGTTTTAGCCCGAAAA,.....((((.(((....))).)))).....,45.11377255951904
CGAAAAGAGTCGTTATCGGTCCTCGAAAAG,(((...((.(((....))))).))).....,45.08892656944992
GAGGGAAACTATACTTCAGAAGGGGAAAAG,((((.........)))).............,45.08602564102564
GAAAAGGAATTCCATAACTATTACCGAAAA,.....((....)).................,45.0829092483278
GAAAAAACATAGGATTCTTCTGTTGAAAAG,.......((..(((....)))..)).....,45.08195164940903
GAAAAGTGGTTATTACTATAAATCCGAAAA,.....(((((....)))))...........,45.07593805043646
GAAAAGCTGTTTCAACATAAGTCGCGAAAA,((((.....)))).................,45.07568607376227
GAAAAGGAAAACGTATTCGTTTAGCGAAAA,.....(..(((((....)))))..).....,45.07296922152955
GAAAAGCTTGGATCGTATAATTCGCGAAAA,............((((.......))))...,45.06035038861856
GAAAAGCACGATATATATTTAAGTCGAAAA,........((((.((....)).))))....,45.049620201400884
CGAAAAAGTACCTTAGGTTTTAATGAAAAG,.........(((...)))............,45.04450353512675
GAAAAGATCATGCTATTGTTCGATCGAAAA,.....((((..((....))..)))).....,45.04002557325131
GAAAAGATGTAGAGTAATCTCTCATGAAAA,......(((.((((....))))))).....,45.03137231609482
GGAGGAGCCGTTCTTCCAAACTGCGGGGGA,((((((.....)))))).............,44.99728193146417
TGAAAAGAATTGCGAGTCATTTCGAAAAAG,............((((....))))......,44.99662479011519
GAAAAGGATTATCCGCTCGTCATCTGAAAA,((...(((...)))..))............,44.99179995096504
CGAAAAGCGTTAGCTTAGAAGTGGGAACAG,....((((....))))..............,44.98488792352983
GAAAAGAGCGCTAATTTAGCCATCCGAAAA,.....((..((((...))))..))......,44.98435503678017
CGAAAAGGTTTATAGTGTAACACGGAAAAG,..............(((...))).......,44.979594846941325
GAAAAACGTGCGGTTTTACCTTCGTGAAAA,.....(((...(((...)))..))).....,44.978426015512326
GAAAAGTAGGTATTGCTTATAGCACGAAAA,.....((((((...))))))..........,44.96973250310383
GAAAAGAAAATGTCTCTGACTATGCGAAAA,...........(((...)))..........,44.969599705437254
GAAAAGGCGAGATTATTAGTCTACCGAAAA,.....((..(((((...))))).)).....,44.96371265286314
GAAAAGTTTATTGAACTATGTTCGCGAAAA,(((.(((((...)))))...))).......,44.94978370658011
GAAAAGGATGTAGTCGTCACTTTCCGAAAA,((((..((((....))))..))))......,44.94939639533688
GAGAAGAAATGTTTAACGATCATTCGAAAA,................(((....)))....,44.94267347119451
CGGAGGAAGTCTATCTTGGTAATGGGGGAG,.(((.....))).((((........)))).,44.9372463768116
AAGCCGAAAAGGTTTATTCGAAAAGGAGTT,(((((.....)))))((((......)))).,44.93046031864164
CGAAAAGGACAATCTCAAATATTCGAAAAG,((((...((.....)).....)))).....,44.92662770558435
GAAAAGGTTGGCTTTAAGTACATCCAAAAA,.....((.(((((...))).)).)).....,44.91841920431888
GAAAAGGGTTTCCTTTCCAACAGCCGAAAA,(.(((((....))))).)............,44.915697410311566
GAGGGAATTTATGTTCGTGGTAAAGGAAAA,....((((....))))..............,44.91055977288157
GAAAAGCGATGGTTTTGTCATTGGCGAAAA,............(((((((...))))))).,44.90439380762565
GAAAAGCTCATTTAATGATGCCGCGAAAAG,.....((((((...)))).)).........,44.90233962422003
GGGGAGATTTTTCCCAAATCGGCGGAGTTC,.(((((....)))))...............,44.89693146417446
GGGGGAGCCTGATCTTGTCTTAGCGGAGGA,(((....)))....((.(((....))).)),44.88587507005784
GAAAAGGACTGATTATATCAGGTGCGAAAA,........(((((...))))).........,44.877596501353466
GAAAAGCATTTTAGTTGGCCTTGCGAAGAG,.....(((.............)))......,44.85866094321624
GAAAAGCATGGTCTTTAGGAGCGCGAAGAG,......(.((.(((...))).)).).....,44.85513325500701
GAAAAGTATCATGATCTTCGTGTGCGAAAA,.....(((.(((((...)))))))).....,44.8479965994867
GAAGAGCGTAATTGCTATTCAATGCGAAAA,(((.((((....)))).)))..........,44.845453279258614
CGAAAAGCAATAGATTTATCTATCGAAAAG,.........(((((....))))).......,44.8434213259185
GAAAAGATAAATTCGTATATGTATCGAAAA,...........((((.........))))..,44.834651529009335
GAAAAGTCACTTCTTGTGTTGTGACGAAAA,.....(((((..(....)..))))).....,44.83405497024429
GAAAAGCCTATTTCTAATAACTTGCGAAAA,((((......))))................,44.83001376459587
GAAAAGTGTCGTTGTTATAACGTATGAAAA,.....(((.(((((...)))))))).....,44.82853348325081
GAAAAGTAGTCTATAATTAGTGTGCGAAAA,.....(((..(((....)))..))).....,44.82065336899907
GAACCCGTGATAGATTTAATCATCCGAAAA,.....((.(((.(((...))))))))....,44.8204685386699
GAAAAGGGAAAACTGCGTTTATAACGAAAA,...............((((...))))....,44.820257143460886
GAAAAGTGATCTAGTGCTTACATCCGAAGA,.....((((.(....).)))).........,44.81941503250843
GAAGAGAACAGTGTTTAACACTTCGGAAAA,.........(((((...)))))........,44.815118335679664
GAAAAGCTATGTCTACTCGTTACGCGAAAA,................((((...))))...,44.8149303569225
GAAAAGCGTGTTTCTATTGGTATGCGAAAA,......(((((.((....)).)))))....,44.8042875297089
GAAGGAGGTCATTAAATGTTTTCCGGAAAA,...(((((.(((...))).)))))......,44.797777777777775
GAAAAGTTTAGATCCCATCGACATCGAAAA,.................(((....)))...,44.7891330928089
TTTGGTAAGTGAACTAAAAAGCGACATGAA,((((((......))))))............,44.78731615862728
CGGAGGAGTTCTTCGAAGATCACGGGGGAG,........(((((((.......))))))).,44.787246376811595
TCACCGGAACGAACTAAAAAGAAACGGAGT,...(((..................)))...,44.77620583031954
GAAAAAAGTGCACTTGATGCTAATTGAAAA,.........(((.....)))..........,44.77433553583317
GAAAAGATAAGAGCTATTGTTCATCGAAAA,.....(((..((((....))))))).....,44.77430020140393
GAAAAGGCTCACAAGGTTTCTACCGAAAAG,..............(((....)))......,44.773283610404285
GAAGAATCAGCTTTGTGGAGCTGTTGAAAA,.......((((((....)))))).......,44.76428121710782
GTCCATTATTGGCAAGTGGCTCTTCACTTA,(.(((....))))(((((......))))).,44.76305555555555
GAAAAGGGTCCTATTGGTAATACACGAAAA,.........((....)).............,44.76169900431162
TGAAAAGTGATTTCCGATCTATACGAAAAA,........((((...))))...........,44.760248539826435
GAAAAGTCTGTTCTTCGATAATGGCGAAAA,.............((((.......))))..,44.75755869693458
GAAAAGATGAGATTTTGTTGACATCGAAAA,.....((((.(((...)))..)))).....,44.7436519493517
GAAAAGTAGATGGATTTTTCCGTCCGAAAA,........((((((....))))))......,44.7417146973939
GGAGGAGGAAGAATTTTTCTGCTCGGGGGA,.(((.(((((.....))))).)))......,44.73536604361371
GAAGGTATCCTAAGGTTATCTAGAGGAAAA,.......((((..((....))..))))...,44.727556625316296
GAAAAGGTGTAGGTTATCCTACTGCGAAAA,......(((((((....))))).)).....,44.716289569833194
CGAAAAGATTGTTCTTGAATGATTGAAAAG,....((((....))))..............,44.711056173685044
GAAAAAGTTGTTGCTGTTGTAACCTGAAAA,.........(((((....))))).......,44.69210137943644
GAAAAGTGGTAATCCATTCATCCATGAAAA,((..(((((....)))))..))........,44.68403077778507
CGAAAAAGACGTTCTTGAATCGATGAAAAG,(((..((((...))))...)))........,44.674329432001514
GAAGGAAGTTTGTTTATGCGAACAGGAAAA,.......((((((....)))))).......,44.673474048015805
GAAAAAAGCTGTTCTATGAATAACTGAAAA,......((.(((((...))))).)).....,44.66988997683557
GAAAAAGCATTTGTATACCTCTGCCGAAAA,......(((............)))......,44.65743004720177
GAAAAAGACCATGGTTTAATCTGTCGAAAA,......(((...(((...))).))).....,44.65398915226881
GAAAAGAAGTCTATTTTAGTAGACCGAAAA,........((((((....))))))......,44.638182941288086
GAAAAGATTAGCATCATTGCGTATCGAAAA,.....(((..(((....)))..))).....,44.63057810859721
TCAATTAGTGAACAGAAAAGATAATCTGGA,............((((........))))..,44.620285488391026
TGAAAAAGCTCACATTTTGTGTCTGAAAAG,......((..((((...)))).))......,44.60548773618896
CGTCCTTTAAGGCACGATACATGATCGTAG,.(((......)))(((((.....)))))..,44.590833333333336
GGGGGAGAATACCTTTTGTAGTTCGGAGGA,............((((((.....)))))).,44.587314521057934
GAAAAGCATTTCTCCCAGTTCCTGCGAAAA,((((....))))((.(((...))).))...,44.57885897030665
GGGGGAGATTATCCCTTGGTAATTGGAGGA,((((((.....)))))).............,44.5739970501475
GAAAAAATCGAGACTATTGTTCGATGAAAA,......((((((.(....))))))).....,44.57178034173772
GAAAAGGGGTCGATATTATCAACCTGAAAA,......((((.(((...))).)))).....,44.567125427085095
GAAAAGTGGTACCTTATTAGAAGCCGAAAA,......((((..((....))..))))....,44.56586242811143
GAAAAACCAACTGCTTTGCATTTGAGAAAA,.......(((.(((...))).)))......,44.560788381239234
GGGGGAGCAACCTATTAAGTGTTCGGAGGA,.(((......))).................,44.550302675258735
GAAAAGAAGCATCTTCGATGGTTTCGAAAA,.....((((((((...))).))))).....,44.54850782147952
GAAAAGATTGAGTGTTTAACAGTTCGAAGA,.......((((((((...))).)))))...,44.54623179246335
GAAGAACAATTATCTCGCATCTGTGAAAAG,..............((((....))))....,44.54484383248017
TCGTGATGATGAATCAAAAAAGCATAAGTA,...((((.....))))..............,44.54287171418282
GAAAAGTTTTATCGTGATAAAGAGCGAAGA,...........((((........))))...,44.53967097892098
AAAAGTTTCCATTGATAAATGGTCGAAAAG,........(((((....)))))........,44.5381315215728
GAAAAGAGTCTTCTTATGCGGATTCGAAAA,.....((((((.(....).)))))).....,44.53318939013381
GAAAAGCATGCTCGATATCCTTTGCGAAGA,.....(((..............))).....,44.522804361335204
GGGGGAGGTCCCTTTTGGGTTTCCGGAGGA,...(((((.(((....))))))))......,44.51293613707165
GAAAAGTGATTTGGATCCCATGAAAGAAAA,...........(((...)))..........,44.505776161444125
GAAAAGATAATTGGTGTCCGGTTTCGAAAA,.....((.((((((...)))))))).....,44.4963123127184
GGAGGAGGCCCGTACGTTTTGGCCGGGGGA,........((((..(.....)..))))...,44.4872463768116
GAAAAGACACTCTTTTAGAGCCGTTGAAAA,.....(((.((((...))))..))).....,44.48658889934292
CGGAGGAGTCTGTTGTATTACACGGGGGAG,........(((.((((.....)))).))).,44.48289855072464
GAAAAGGTAGGATTATTCCTTAAACGAAAA,........((((....))))..........,44.46363382512625
CGAAAAGATATTGCTTATAGCAACGAAAAG,..........(((((...))))).......,44.454716300845526
GAAAAGCATACTATCTGTCAATTGCGAATA,.....(((..............))).....,44.452219883532585
CGAAAAGCACTTGCTTAACTGGTCGAAGAG,....((((....))))..............,44.45158438711314
GAAAAGCAGAATACCGAGAAGATGCGAAGA,.....(((..............))).....,44.451261723200425
GATAGATTGCGAACAAAAAAGCTAACTTTC,((.((...((..........))...)).)),44.45019197562074
GAAAAGCGTAAGCTCTCTCTCAAGCGAAAA,....(((....)))................,44.43468116862021
GGGGAGAGTTATCTTCCTAACTTGGAGGAG,(((((((....)))))))............,44.430753682950524
GAAAAAAAGAATCTTTAAGGTTCTTGAAAA,......((((((((...)))))))).....,44.430621653788435
GAAAAGCTTGTGTTTATTCTCAACCGAAAA,(((((((....)))).)))...........,44.418758361828026
GAAAAGCAAGGGTGTTTTAACGCGCGAAAA,.........(.((((....)))).).....,44.399161116660146
AAAAGAGTTATGCATGTTGCGTTCGAAAAG,.........(((((...)))))........,44.39822863338273
GAAAAGTTAAGCATCTTGCTGTACCGAAAA,.....((..((((...))))..))......,44.39556232946458
GGAGGAGCCTAGTCTTTGTCGTGCGGGGGA,((.....))...(((((((...))))))).,44.39120716510904
GAAAAGCACCCATGTCTTAACTTGCGAAGA,.....(((..............))).....,44.38997829877829
GGAGGAGGTGATTAACTTTTCCCCGGGGGA,(((((((........)))))))........,44.37193146417445
GGAGGAGGTGATTTATAGTCTTCCGGGGGA,((((((............))))))......,44.368309968847356
GAGGAGGATAGTTTATCTACTCCGGGGGAG,..((((((((...))))..)))).......,44.36550724637681
CGAAAAGGTCGTGATTTACGCTCGAAAAAG,......((.((((...))))))........,44.361945641666814
GAAAAGCACACTCCCATTCATCTGCGAAGA,.....(((..............))).....,44.35936825350991
CGCGAAAAGTCACTTCAAGTTCGAAAAGGG,..((((.............)))).......,44.359148637336375
GAAAAGGGTTATCATAGTTGCTACCGAAAA,......(((...((....))..))).....,44.35636891372889
GAAAAGTGGTTCTCTTTAAGTGAGCGAAAA,......(.((((.((...)).)))).)...,44.35634494638224
GAAAAGATATGGATTATTCCGGTCGAAAAA,.....(((.((((....)))))))......,44.354043725412794
GAAAAGTTAGTACTACTGTACATTCGAAAA,.........((((....)))).........,44.35132978750311
GAAAAGTTATGTCCCTTTGTTCAACGAAAA,...............(((((...)))))..,44.35056989239217
GAAAAGCGTCCTGCTTATTGTTAGCGAAAA,...((((.....))))..............,44.346845464006236
CGAAGGAATCGATCTCGTTCAGAGGAAAAG,.(((.((.......)).)))..........,44.3418875502008
GAAAAGTGGTCTTATTAAGAGGTACGAAAA,.....(((.((((...))))..))).....,44.333813704991506
GAAAAGACCCCACTTATGTGCTGTTGAAAA,.....(((..(((....)))..))).....,44.31742733185762
CGAAAAACGTTAGCACTGATCTGTGAAAAG,.............(((......))).....,44.31228590433466
TCCTTGGCTCGAACCAAAAAGATACATGAA,...((((......)))).............,44.29842805254176
GAAAAGATAAAACATGTTTGTTACCGAAAA,..........((((....))))........,44.275527982941895
ATGAAAAACCCACTTTGTGATGTGAAAAGT,..........(((........)))......,44.269767082144845
GAAAAGCACTGTACTATGTATTTGCGAAAA,.....(((..((((...)))).))).....,44.26386305582079
GGAGGAGCTTTTCTTCCAGAGAGTGGGGGA,((((((.....)))))).............,44.25896417445483
GAAAAGCATACAACTTCATTGGAGTGAAAA,............(((((...))))).....,44.25374257712136
AAAAGATATCGATTTTATTGAAGCGAAAAG,........(((.(((....))).)))....,44.24557520055441
GAAAAGGTAGGTCTTCTTGCCTTACGAAAA,...((((((((....)))))))).......,44.23366612032856
GTCCATCTTTGGCAACGAAAGTGATCGTTA,(.(((....))))(((((......))))).,44.228263076730386
GAAAAGCTAGTTTTGGCATACTACGAAAAG,.....((((....)))).............,44.22466102554421
GAAAAGCATATTGGTATTCCAAGTCGAAAA,..........((((....))))........,44.219164739874515
GAAAAGGGATTGTTCCATAATTCACGAAAA,(((...(((....)))....))).......,44.217853972416464
GAAAAGTTATTTCGCAGTCCATAATGAAAA,((((.....)))).................,44.214153900191015
CGAAAAGTTGCTTTAGCTATTGCCGAAAAG,...........(((.((....)).)))...,44.19879846494534
GAAAAGATTATATTCGCATGTAACCGAAAA,............((((........))))..,44.19480820629238
GAAAAGAGGCAGATTCTGAAATCTCGAAAA,.....(((((((...)))...)))).....,44.19167313161643
GAAAAGGTGAAGATTCTTGTACCCCGAAAA,.....(((((((...))).)))).......,44.19152037004356
GAAGTACAGAAGCATACTTGCTCTAGAAAA,.......(((.(((....))))))......,44.190370370370374
GAAAAGTACATTTGTACCCATGAACGAAGC,.....((((....)))).............,44.188937273717755
GAAAAGGCGCTTTCTAAGCGATACCGAAAA,.....(((((((...)))))...)).....,44.18632979669426
GAAAAGCATAATACTCGCTTTAGGTGAAAA,..............(((((...)))))...,44.1733470345409
GAAAAGAGTTAGTTCATCGAACCCGAAAAG,...........((((...))))........,44.1618647450942
GAAAAGTGTGTTATTAACGTCCACGAAAAA,.....(((((((...))))..)))......,44.146821903069174
GAAAAGGATTCTGTAATCAGACACCGCAAA,.....((..((((....))))..)).....,44.14058813895457
TGAAAAGTGCTACGTTTACGTACCGAAAAG,.......((.((((....)))).)).....,44.136765124960625
CGGAGGAGCCTTTAGTTCATGCGGGGGAGG,((.(.((((.....)))).).)).......,44.13507246376811
CGAAAAGGTGCTTTATTGGGTACTGAAAAG,......(((((((....)))))))......,44.13063245546563
CGAGAGCGAACATAAAAGCCATATAACCCG,.....((..........))...........,44.13026603145133
CGAAAAGTATATGGTCTTCGCATCGAAAAG,................((((...))))...,44.128921495443535
CGAAAAGGTATTCCTTTTACATCCGAAAAG,..((((((....))))))............,44.12011262154017
TGGGCAATACGAATCAAAAAGGACTGTTTA,((((((...(..........)...)))))),44.11568547328753
CATGAAAAGATGTTATGCATCGAAAATTTG,........(((((...))))).........,44.1014780707732
GAAAAGTATGAGCATGGAGTCATCCGAAAA,...............(((....))).....,44.08333032782303
GAAAAGTGGTTGTACCGGTAATCATGAAAA,((..(.((((...)))).)..)).......,44.0802860987835
GAAAAGTTATCGTGTATCACGGAATGAAAA,..........((((...)))).........,44.07929046917927
GAAAAGTATCCTTTCAGGGTAATGCGAAAA,......((((((...)))))).........,44.07904833338432
GAAAAATACTACCTATTGCTAGTGTGAAAA,.....((((((.(....).)))))).....,44.07503928662876
GAAAAGATATTTACGCTCGTACATCGAAAA,................(((.....)))...,44.07151996001261
CGAAAAGTATAATCTCGGTCACGAAAAGGT,..............(((....)))......,44.06982837968818
GAAAAGAAATGTTTACAGTCGTTCGAAAAG,(((..((..((....)).)).)))......,44.06654462433283
GGGGGAGGAAATTCGTTATTTGACGGAGGA,...........((((((....))))))...,44.06617994100295
TGAAAAACTGTTTTATGTTAAAGCGAAAAG,........(((((((...))))))).....,44.0621772242174
GAAAAGCAAGTTTCTTTAGGAAAGCGAAGA,.....((...(((((...))))))).....,44.03924554823391
GAAAAACGACCTTAAAGGTATTAGTGAAGA,........((((...))))...........,44.03762536343541
GAAAAGACTGCCATTATTGGTGTTGAAAAG,.....(((.((((....)))))))......,44.0314505031336
GAAAAGCATACCACCGTATTATTGCGAAAA,..............((((....))))....,44.02934603419386
GAGGGAATATTACCCTGCTATATAGGAAAA,.((((.......))))..............,44.00142570281125
GAAGGGTGTTTGGTATTGCCAACATGAAAA,.....(((((.(((...)))))))).....,43.994139588714305
GAAGAGACAATGTTCTAACTATTGCGAAAA,(((.(.....).)))...............,43.9861504721221
GAAAAGCGATCGAGTATTCTTTAGCGAAAA,.....((....(((....)))..)).....,43.984155952943354
GGGGGAGAATCGCTTTTGTTTTCGGAGGAG,............((((((....))))))..,43.9708800623053
GAAAAATGAGCTATGCCAATTTCATGAAAA,((((..((.((...)))).)))).......,43.96916791310166
AAAAGGTATCCTTAAGGGAAATTCGAAAAG,........((((...))))...........,43.96615864464945
GAAGAGTCTAATGTTCGATGTATACGAAAA,(((.(......).)))..............,43.96134644751485
CGAGGGAATGTGATTAAACTTCAGGAAAAG,.((((.............))))........,43.959029192124916
CAGACATTGCGAACAAAAAAGTAATTAATG,.....(((((..........))))).....,43.955004006111395
GAAAAGGAAATGTGTATCACATTACGAAAA,........((((((...)))))).......,43.950272546132034
GGGGGAATTTAGCCTTAGCTTTTTGGAGGA,((((........))))..............,43.94862831858407
GCGAAAAGGGAATAAATTTTACCGAAAAGT,((.....((..(......)..)).....)),43.94606454473985
GAGGTTAGTCGAACAAAAAAGATTCTCTGA,((((...(((..........)))))))...,43.93614047084241
TCTGTACAGACGAATAAAAAAGTATACATA,..(((((..............)))))....,43.93297786232054
GAAAAGGTTGTCCGTTTTGTATACCGAAAA,((((.((....)).))))............,43.92139064534339
GAAGAAAAGTCTTCCTGAATACTTCGAAAA,(((((....)))))................,43.919873014687624
CGAAGAGTAAAGGAATTTCCAGTTGAAAAG,...........(((...)))..........,43.919428271291125
GCTAGTTACGAATAGAAAAGTCAACTGTGT,..(((((((..........)).)))))...,43.91594640928091
GTTATTATCTGAACGGAAAAAGTTAAGAAA,.......(((.(((.......))).)))..,43.9103164874047
GCTGAGGAGCGTGATTATCCGCGGGGGAGA,(((....))).......(((.....)))..,43.90898550724638
GAAAAGTTAGGTATTATCTCTCTACGAAAA,....((..((((...))))..)).......,43.903498480310084
CGTCCATTTATAAGGCTAGCGTAGGCTAAG,.(.((........)))((((....))))..,43.89916666666667
GAAAAACGTTATATGTAATTCCAGTGAAAA,(((..((((...))))..))).........,43.89841706795528
CGAAAAGAGACTCCTCGATGTACCGAAAAG,......(((....)))..............,43.897579722893106
TTCGAAAAAGATTCGTGAAGTTGAAAAGAG,..((((.....))))...............,43.87805441756181
GAAAATGCGTATATATTGTAGAAGCGAAAA,......((...(((...)))...)).....,43.87182337966259
GAAAAGGGAGATATTTCTAATCCACGAAAA,.....((((((....)))..))).......,43.86830593956698
CGAAAAGTATTCTCTTGGAACATCGAAAAG,(((...((.(((....))))).))).....,43.86337004674982
GAAAAGGGATTCTCTTAGAGTCCTCGAAAA,.....((((((((...))))))))......,43.86292860645666
AGCTCGAAAAGGTTAAATCGAAAAGATGAT,...((((..........)))).........,43.86212022695798
GGGGGAGTTTCATGATCCATGTTCGGAGGA,...............(((......)))...,43.853888369002604
GGGGGAGCTTGGCTTGTATTAAGTGGAGGA,.......(((.(((((...))))).)))..,43.85187315634218
GAAAAGCAGATTGATTTAATCCGCAAAAAG,.....((.(((((...))))).))......,43.82016276982324
GAAAAGAATATCGTGAAACACATTTGAAAA,............(((...))).........,43.81588168170238
CTCACGAAAAGTGTTGTCGAAAAGTTGAAG,..(((.....)))...((((....))))..,43.80914766012833
GAAAAGGGTTAATGCCTATTATTCTGAAAA,.....((((....)))).............,43.808759342192815
GAAAAGCATTCCTCCGTTGTATAGCGAAAA,..............((((....))))....,43.808218187652926
CGGAGGAGTCAATAACTTAATTCGGGGGAG,((((.((((.....))))..))))......,43.80463768115942
GAAAAGTACGGTTTATTAAAGCGTCGAAAA,.......(((.(((...))).)))......,43.801318148695636
TATCGAAAAGATTCTTGCAATCGAAAAGTT,..((((..............))))......,43.79779247872244
GAAAAGGGACATATCCATATAGCTCGAAAA,......(((....)))..............,43.79546791790996
CGGAGGAGAAATTGGTCCTCTTCGGGGGAG,.((((((........)))))).........,43.78139408099688
GAAAAGGTTTAGTCTCTAATCCACCGAAAA,.....((.((((...)))).))........,43.774383652612954
AGGGGTATCGAATCGAAAAGATTCCTTGAG,.........(((((.....)))))......,43.76112214732307
CGTCCATTCTGGGGCTGTATTAGATACAAG,.((((......))))(((((...)))))..,43.75611111111111
GAAAAGACTGTGTATCACTTTGGTCGAAAA,.....(((((((...)))...)))).....,43.74847717418776
GAAAAGCGGTTATTCGTTGTTTCGCGAAAA,(((((((((....))))).)))).......,43.739249457353125
GAAAAGAGTTTGTGGTTTTCCGCTCGAAAA,...........((((....)))).......,43.7331472584667
GAAAAGCATGTTAGCTTGTAATTGCGAAAA,...((((......)))).............,43.730853645400586
GAAAAGTCGCCCTATTAGAGTGTACGAAAA,.....(((((.((...)).))).)).....,43.73021474857745
GAAAAGCTTTGTGATATTCGCAAATGAAAA,.......(((((((...)))))))......,43.72492395325672
GAAAAGAATGTCCTTTAGGTGATTTGAAAA,.....((((..((....))..)))).....,43.71362551802187
GGGGGAGAAAGTTATTTGACCTTCGGAGGA,(((((..(((....)))..)))))......,43.70089496521834
GAAAAGTTCCTTAACGCTTAAGGCGAAAAG,.........(((..((((...))))..))),43.69902638912065
TATATGCTGAATCAAAAAAGGGTACATGTA,..(((.((..........)).)))......,43.69807109420256
GAAACGGTTTCCTTACTAGGTTCACGAAGA,....((....(((....)))....))....,43.69777777777778
GAAAAGTAGACGTTCAACGTATTTCGAAAA,.........((((...))))..........,43.690034626232546
GAAAAGAAAGCGTTTTAAGCTTAACGAAAA,.......((((.......))))........,43.688374686755395
TGCATATTGTGAATAAAAAAGCCATAGCTA,...................(((....))).,43.687316158627276
GAAAAACCATGCGTTATTACGGGGTGAAAA,.....(((...(((....))).))).....,43.68686724361801
GGAAAAGTGTACACTTGGTGTTTCGAAAAC,..........((((...)))).........,43.68678135909361
GGGGGAGTAAATCTCTCATTGTACGGAGGA,((((((.....)))))).............,43.6840399982755
GCGAAAATATGCTGTTAACAAATGAAAAGG,((........))..................,43.682474449001695
GAAAAGATGTCTCGTCGTTAAAATCGAAAA,.....((((...))))..............,43.68184185873529
ATCTTTGGGCGAACAGAAAAGTCCTTAAGT,..(((.((((..........))))..))).,43.681576661381754
GAAAAATGTACCAATTTGGTATCACGAAAA,.......((((((...))))))........,43.678480691956075
GAAAAGGTTGTTCTCTGAACATCACGAAAA,......(.(((((...))))).).......,43.676956920857414
CGAAGAGGACTCTTAAAGTTTCCAGAAAAG,......(((..((...))..))).......,43.663188182251034
GAAAAGTGATCTCCATTTATGGACCGAAAA,...........((((....)))).......,43.658065752111206
GAAAAGGGTCTGTTTTAGCTGATTCGAAAA,.....(((((.((....)).))))).....,43.653312654126154
GAAGAGGCTTATGGTCTATTAACCCGAAAA,....(((((...))))).............,43.65302906388031
GAAAAGAGTGTTCGTTTCGGTCCTCGAAAA,..............(((((.....))))).,43.65112359779061
GAAAAGTGCTCGTTGTTATACGTACGAAAA,.........(((((((...))).))))...,43.6500192167489
CGAAAAGGCAACTTAGTTGGACCGAAAATG,......((((((...))))..)).......,43.64534500806563
GAAGAGGGAGCTTTTAAAGATTCCCAAAAA,.....((((((((...))).))))).....,43.64499762530016
GAGGGAGAATCTCGAAGTGCATTTGGAAAA,((((.....)))).................,43.6365750915751
GAAAAGCTAGTGTTGATTCTGTTGCGAAAA,(((.(((....)))..)))...........,43.63105356128966
CGAAAAGTGTTCTTTAAGAGAAGCGAAAAG,......((.(((((...)))))))......,43.63103813408756
CGAAAAGAGGCTTCCTAATCTGTATCGAAA,(((..(((..........)))...)))...,43.625353627206906
CGAAAAGCTTGGATTTTAGGTGCGAAAAGG,......(((((.....))))).........,43.62194500331473
GAAAAGAAAGCTACTTATATGCATCGAAAA,.........((.........))........,43.61718999861107
CGAAAAAGCGCATTTATAGCCACTGAAAAG,.......((.........))..........,43.61038020721637
CGAAAAGAATTTAAGCTATCCTTCGAAAAG,((((.................)))).....,43.596317949787036
GAAAAGTATACGGGTAACCCGTACGAAAAG,........((((((...)))))).......,43.58713362450861
TACAAGAAACGAACTAAAAAGTATATTGGG,.............((((........)))).,43.57742230676499
GAAAAGAGTTAGACTCGTCCCTCTCGAAAA,.....((((...))))..............,43.56294125870533
GAAAAGGATTGGACTAGTTTCATCCGAAAA,.....((((.(((.....))))))).....,43.558084267969974
GTTGAAAAGAATTCCGTTATGCGAAGAAAT,..............(((...))).......,43.55612564894304
GAAAAGCGTTTTTGTAAAACTCGTGAAAAG,.......(((((...)))))..........,43.5522873510014
TCCCGATTACGAACAGAAAAGTACTCATGA,....((.(((..........))).))....,43.549279742614246
GAAAAGCGTTTTTCCTGAGAGCGCGAAAAG,.....((((((((...))))))))......,43.54873854864268
GAAAAGGATTATCTCCGTAGTATCTGAAAA,.....(((.....)))..............,43.54814583712401
GAAGAATATTGTGCTTATGCATATGAAAAG,.........(((((....))))).......,43.546608781422464
GAAGAGGCATTGTCTCTACTATGCAGAAAA,..((((((...)))))).............,43.540101949882086
GAAAAGATTAGGTATTTGCCTCTGCGAAAA,.........((((....)))).........,43.5400728599602
GAAAAGTCCACATGTTTGTTTGTACGAAAA,..............(((((....)))))..,43.52287909790222
CGAAGAGGATTGTTCTTACGGTTCGAAAAG,......(((((((....)))))))......,43.52064865799358
TTTGGATACGAATCAAAAAAGAAGACATGG,((((....))))..................,43.509539163652875
GAAAAGTACTTAGTAATCTATGCGCGAAAA,.....((.(.(((....))).).)).....,43.50879626144144
GAAAAGCCCTGTGTCTTACGTCGGCGAAAA,.....(((.((((...))))..))).....,43.50567014524854
GAAAAGGTTTCTGCTGGCATTCACCGAAAA,(((..(((....)))....)))........,43.50389149082355
GAAAAGAATTCCCTAGTGGTTTATCGAAAA,...........((....))...........,43.499162293766915
AAAAGGTAACGAAAAGTCGTCCCGATGCTG,....((..((((....)))).)).......,43.49755911470157
AAAAGGTGGTTTTCTTAAAGCATCGAAAAG,....((((.(((....))).))))......,43.48989119947713
GAAAAGACCTAGCAAATTTTGTGTCGAAAA,.....(((...((((...))))))).....,43.47850218960306
GGCATAATATGAAGCAAAAAGTATGTTGGT,((((((...............))))))...,43.47186675120943
GAAAAGCTTTGTAATCGCTTCATGCGAAGA,..............((((.....))))...,43.47090092817571
GAAAAGTACTTGCTTCTAATGTCACGAAAA,...((((....))))...............,43.46945890195306
GGGGGAGCATACACCTAGGGTATCGGAGGA,.(((.........)))..............,43.46770162077719
GAAAAGCTTCGTTAGGTTAGTGCGAAAAGT,.......(((((.........)))))....,43.46542764357963
GAATAGGGTCTTTTAAGAAGTGCCAAAAAA,......(((((((...)))).)))......,43.46074074074074
GAAAAGTGGTTCATACCATATCCTCGGAAA,.....(((((....)))))...........,43.45994163499926
GAGGGAATGTTATCTTATGGTACTGGAAAA,..........((((....))))........,43.442738998950816
GAAAAGTTGGCTCCAGCCTTTTAACGAAAA,........(((....)))............,43.442097323648014
GGGGGAGTGAATATTTCGTTCTACGGAGGA,...((((((((...))))))))........,43.43716705087532
GGGGGAGAATCATCATTTGTCTTCGGAGGA,.(((((.((.......)).)))))......,43.43353582554517
GAAAAGTAGTCATTTATGGTGATGCGAAAA,.....(((.(((((...)))))))).....,43.43090089421742
CGAAAAGTTTATTAGCTTTGCTGCGAAAAG,...((((((....))))))...........,43.42791175854058
GAAGGTGTTGCACTCTTTCAGTGCGGAAAA,.......(((((((.....)))))))....,43.38871584699454
GAAGAGTGTTGGATATTGTCCCTATGAAAA,..........((((...)))).........,43.38661242364696
GAAAAGTACTGGCTTTCCTTGTAACGAAAA,..(((((....)))))..............,43.38407086008682
GAAAAGCTTTTAAGTCTTGTGTAGCGAAAA,.....(((..............))).....,43.383300048299134
GGGGGAGCATTGTTTCCTACAAGTGGAGGA,.(((((((...)))))))............,43.381369557995214
GAGGACGTTGTTACAACGTGTTCGCGGTGA,(((.((((((...)))))).))).......,43.38065465095342
GAAAAGCATTGCGATATTTCGCTGTGAAAA,......(((.((((....)))).)))....,43.369263400664195
GAAAAGGCATGACTCTTGTAATAACGAAAA,......(((.......)))...........,43.367738679472424
GAAGAGGGTACTTAACTACTTGCCCGAAAA,.....(((((..........))))).....,43.367416879328246
GAAAAGGTTCACTTTAGTGAGTATCGAAAA,.......(((((....))))).........,43.361905291551395
GAAAAGCTATGGATTAGTTCCTACCGAAAA,..........(((.....))).........,43.35633045258896
GAAAAGAGTTACTCTGTGGTTAACCGAAAA,....((((...)))).(((....)))....,43.35453772913415
GAAAAGGTCTCCTTAGTAGGCTTCCGAAAA,.....((...(((....)))...)).....,43.346128670749906
CGTCCTTTTATGGCACGCAGTGAGGCGTAG,.(.((......)))((((......))))..,43.343611111111116
GAAAATTCGCCATTCATATGGTCATGAAAA,........(((((....)))))........,43.340815678592044
GAAAAGAATGCGTAGCTATTAGTTCGAAAA,..........((.((((...))))))....,43.339959400208805
GAAGAGTCTGATATCCGCATCATGCGAAAA,...............((((...))))....,43.339602327318744
GAAAAGTTGCCTTATAGGTATATACGAAAA,.......(((((...)))))..........,43.3389571384763
GAAAAGGCATCAAATTTTGATAGCGGACAA,......(((((((...))))).))......,43.327372617494326
TGAAAAAGGCAATTGCAAATTACTGAAAAG,........((....))..............,43.321722632210786
TGACGAAGAGATCTTATGATTGAAAAGTCC,.(((.....((((....)))).....))).,43.32100969779066
GAAAAGGATCTTTCGGTAAAGTGACAAAAA,((((......))))................,43.31775275657903
GAAAAGAGGTGATTCGTCACGAGTCGAAAA,.........(((((((...)))))))....,43.3155228767114
GAAAAGGATCGAGTTATTTCGATTCGAAAA,.....((((((((....)))))))).....,43.31065591336423
GAAAAGCAGTTGAATGATTCCACTCGAAAA,.........((((.((....)).))))...,43.30153803143059
GAAAGAATGTTTCGCTATCTAACAGTAAAA,((((.....)))).................,43.30003394861177
GAAAGAATATTTCCGCTCAGAATAGTAAAA,((((.....)))).................,43.299183718983684
GAAAAGACCGCATTAGCCTTAGGTTGAAAA,............((((((...))))))...,43.296487659085024
GAGGGAAAATAGTGTCATCTTCTTGGAAAA,((((..............))))........,43.294816849816854
CAGTATTCCGAACAAAAAAGGAGCTTCTTG,.(((..(((..........)))))).....,43.272058022307135
CGAAAAGTATATTGCGATCAATTCGAAAAG,..............(((.....))).....,43.26966228413363
GAAAAGTGACTGGTTTATTAGCTACGAAAA,..........(((((....)))))......,43.26760877005472
CGAAAAGCTAATATTTAGGAAATCGAAAAG,(((....((((...))))....))).....,43.26727622351307
CGAAAAGCGAAGGTATTTTTTCGTGAAAAG,......(((((((....)))))))......,43.26467851488495
GAAAAGGCCTTTGTCAATCTGTTCCGAAAA,.....(((....)))...............,43.253794510724866
CGTCCATTTATGGCTTGAGCTCGATCAAAG,.(.(((....))))((((......))))..,43.25194444444445
GAAAAGTCCGATAGACATTGTAGGCGAAAA,.....(((.....)))..............,43.24962064232883
GGGGGAGATTTGATAGACCTAATCGGAGGA,.(((.............)))..........,43.248720952938875
GAAAAGGTTACTATCTTTAGTATACGAAAA,.....(..(((((....)))))..).....,43.24813435647022
GAAAAGTCTTTTGGTTTCCAAAGATGAAAA,.....((((((.((...)))))))).....,43.24717619852763
GAAAAGTGGTCTTTCTAAGTCCTACGAAAA,.....((((.(((...))).)).)).....,43.24038502333312
GAAGAGGCAGATTATTTGGCTTCCGAAAAG,...(((((.((....)).))))).......,43.23972004245098
GAAAATGCATGCCTCTACCATTGCTGAAAA,......(((............)))......,43.23944291138645
GAAGAAGATAGTGGATTCCGCTTTTGAAAA,.........(((((...)))))........,43.237572915950444
CGAAAAAGATGTATATTGTGCAATGAAAAG,.........(((((...)))))........,43.21484074708916
GAAAAGACTTGGCTTTTTAGCCATCGAAAA,.........(((((....))))).......,43.214312011775235
CTGAAAAGTATTATGCTTGATCGAAGAAAG,.(((.(((((...)))))..))).......,43.212733880780235
GAAGAGCTAATTCATAATTGCTGGCGAAAA,.....((((...((....)).)))).....,43.21183835205584
ATCGACGAAAAGATAAATCGAAAAGACGTT,.((((............)))).........,43.20571063128556
CGAAAAAGCGCGCTTTAGTACGTTGAAAAG,......((((.((....)).))))......,43.1969215318843
GAGGGAATTAGCTTCTGTACCTAAGGAAAA,((((.......))))...............,43.19568906992532
CGAAAAGAAACTAGTTGTCAATTCGAACAG,((((..((.........))..)))).....,43.19493771536399
GAAAAGGGGCGTGTTTTTACCTCCCGAAAA,.....((((.(((....))).)))).....,43.18804177351364
GAAAAGCTAGATGCTTACTGATCGCGAAAA,...((((.....))))..............,43.182827557179884
GAAAAGCCATCGCTTTAGTGGTGACGAAAA,.......((((((....)))))).......,43.182164827473436
GAAAAGGTATGCATATTTGGCTACTGAAAA,.....((((..((....))..)))).....,43.16401502950654
GAAAAGTGAGTTCTTTAGAGCGCATGAAAA,.....(((.((((....)))).))).....,43.16333423314576
TGAAAAATCATCCACTCAGAATGTGAAAAG,............(((.......))).....,43.16206391610717
GAAAAGTAGCTAATTTAGCAACAACGAAGA,.....((.((((...)))).))........,43.15706992955138
GAAGAGATTGTTGTTGCTTCATATCGAAAA,((((.(((....))).))))..........,43.15289127952077
GAAAAGATGTGTTATCACCTGTTTCGAAGA,((((....(((....)))...)))).....,43.15065398853359
GAAAAGTTGACTTCAAGTCTGTATCGAAAA,........((((...))))...........,43.13478071374452
GGAGGAGAAGATTCAAATTCCTTCGGGGGA,(((((((..........)))))))......,43.12800623052959
GAAAAGGGATATATTCGCAAATCACGAAAA,.....(.((.....)).)............,43.12315886500974
GAAAAGTGTTGGTGTGATCCATATCGAAAA,........((((((((...))))))))...,43.119549956797854
GAAAAGCAACGGATTATATTCGGTCGAAAA,.........(((((...)))))........,43.11396837407296
GAAAAGATAGGTCTATTGGTTAATCGAAAA,.....(((.((((....)))).))).....,43.112178996762275
GGGGGAGGGCTTAGTCTGATGCCTGGAGGA,(((.(.((((...))))..).)))......,43.105259220373455
CAGAGGAGTTCTTATTGGAACGGGGGAGGT,.......(((((....))))).........,43.10463768115942
GAAAAGTCGCAAATCTGTTTTCAGCGAAAA,......((((.............))))...,43.096932561685975
GAAAAGCTTCCATTTTGGCTAGTGCGAAAA,............((((.((....)).)))),43.08961215360038
TCCGTCAGATGAAAAGAAAAATAAGACCGA,((.(((..((..........))..))).)),43.080930831493745
CGAAAAGTGTACTTCGACATACAGGAAAAG,((((........))))..............,43.0796887326033
CGGAGGAGATGTGCTCATTTATCGGGGGAG,(.((..(((((....))))).)).).....,43.07855072463768
CGAAAAGTACTTACTTTGAAACACGAAAAG,...(((((....))))).............,43.06774662209044
ATGAAAAGCGGTGTGTTAATGCGAAAATAG,..........((((....))))........,43.065514359902835
GAAAAGTAGCTATTAAATGGCTTTCGAAAA,(((....((((((...))))))))).....,43.06522329751061
GAAAAGAGTAGTCATTGAGTATACCGAAGA,.......(((.((...)).)))........,43.06324226737662
GAAAAGATGTTCTTGTTCACTAGTCGAAGA,(((((((...)))).)))............,43.061617352667554
GGAAAAGAACACGTTTCTGTGCGAAAATCG,.........(((......))).........,43.055951258430476
TGAAAAGAAAGGTTTGTGCTCTTCGAAAAG,......(((.(((....))).)))......,43.05134080385978
GAAAAGGGTTCACGTATTCGTGTCTGAAAA,......((..((((....)))).)).....,43.040448988711574
GAAAAGGGTCTTTTATAAAGCTCGCGAAAA,.....(((.((((...))))))).......,43.03849610210001
GAAAAGCCGTGTTCATCTTGAGCGTGAAAA,.......((((((((...))))))))....,43.03822739762955
GAAAAGAAGAAACTTTGTCTCTTTCGAAAA,.....(((((.((...)).)))))......,43.03556214843613
GAAGAAAATGCTACTGCAACTATTTGAAAA,........(((....)))............,43.02738079209264
GAAAAAAAGTCGTTTCGCCATCTTTGAAAA,((((........))))..............,43.02049743372484
CGAAAAGATTCAAATCTAGGTATCGAAAAG,(((..((((....)))).....))).....,43.01915666879138
CGAAAAACGTATTATACGACTAGTGAAAAG,.......((((...))))............,43.01185623360984
GAAAAGTAGTCATATCATGACCATCGAAAA,........(((((...))))).........,43.00883719197299
GAAAAGAGATGGATCATTCTAGTTCGAAAA,.....(((.((((....)))).))).....,43.002120746732
GAAAAGATGTACTCTATTGGGCTTCGAAAA,...........(((....))).........,42.99849137692621
GAAAAGCGTACCTTATAGGTATTCCGAAGA,.......((((((...))))))........,42.97874734543358
CGGGGGAGGTGAATTATGTCTACGGAGGAG,((..(((.(((...))).))).))......,42.978550724637685
GAAAAGTGATAGTTCATGCCTCAACGAAAA,((...((((....))))...))........,42.97276525426092
GAAAAGTATAAGTTTATGCCCGTACGAAAA,.....((((..((....))..)))).....,42.97203015994283
GAAGAGACGGTCTATGTTTAGACTCGAAAA,.......(((((((....))))).))....,42.954232703985795
GAAAAGACCGCTGATTTATTAGCTCGAAAA,.........(((((....))))).......,42.94809981131547
GAAAAGGTATTTCTTGTGTAACCCCGAAGA,...((((....))))...............,42.94759506021835
GAAAAGATGGATATAATCCTTGATCGAAAA,........((((...))))...........,42.94374799482944
CGAAAAGAGGTATCCTAGTTAATCGAAAAG,(((((..(((...)))..))..))).....,42.93829349417999
GAAAAAGGTTCTCTCTTGAGATCTGAAAAG,.....((((.(((....)))))))......,42.936555746086626
GAAAAGTAATGATGTAAGTCTTGTCGAAAA,..........(((....)))..........,42.9361599047782
GAAAATGCGTGTGTTATACATCCCTGAAAA,........(((((...))))).........,42.929644601841176
GAAAAGGTTCGTGTCTTCGTGAACCGAAAA,.....((((((((....)))))))).....,42.92527263220913
GAAAAAAGGCATGGTCTCCTGTCTCGAAAA,......(((((.((...)))))))......,42.92282759824523
GGGGGAGATATTGTCTTCAAGTCGGAGGAG,...((((((...))))))............,42.91386600121223
GAAAAGCTTTATTCCCAGTGTCTGCGAAAA,...........(((.(((...))).)))..,42.909455076357744
GGGGGAAGTACAAATTTTGTCCTGGAGGAG,(((.(((((....))))).)))........,42.90898550724638
GAAGAGCTACTATGTCGTTATGCGCGAAAA,..............((((.....))))...,42.90728193326666
GAAAAGGGTTCTTTATAGTCACTCGAAAAG,.....((((.((....))..))))......,42.90017317042558
TCTTTGATTCGAATCTAAAAGTGTCAGTGA,((.(((((.(..........).))))).)),42.89927974261425
GGAGGAGTGGTATCTTAGACTACGGGGGAG,......(((((.......))))).......,42.878550724637684
GAAAAGGAGTATGCATTGCATCTATGAAAA,.......((.((((...)))))).......,42.87167382113553
GAAAAGCATTTAGATTATTCTGAGCGAAAA,.....((..(((((....))))))).....,42.86995184210774
GAAGGAATATTGGCTTATGGCATTGGAAAA,..........((.(....).))........,42.85882861198543
GCGAAAAGCTGATACTCCCTGCGAAAAGTC,((.....)).....................,42.849995087379895
GAAAAGCGCGTCGTGTATTACTGTGCGAAA,.....(((((..(((...))))))))....,42.846113418145364
CGGGGGAGAATTCCCTTAAATTCGGCGGAG,.((((((....)))))).............,42.843908554572266
GAAAAGTTATTGAGTATCGAATCCGAAAAG,................(((....)))....,42.84373011086251
GAAGAGCTGTTGTCCTTCAAATGTCGAAAA,((((.((....)).))))............,42.84245664734787
GAAAAGAGTATTAGCACATTCACTCGAAAA,.....((((............)))).....,42.84073983945328
GAAAAGTGAGGGTTATTTGATCCACGAAAA,.........(((((....))))).......,42.83340181245033
GAAGAGCGTAAGTCGTCATTAGAGCGAAAA,............((((.......))))...,42.833371805835405
CGAAAAGTTATATTTAACATAAGCGAAAAG,......((((....))))............,42.83194728972828
GAAAAGAGTCTTATGATTAAATACCGAAAA,......((((....))))............,42.83155773914332
GAAAAGAATCCTCTAGTGATTATTCGAAAA,.....((((..((....))..)))).....,42.83149090680796
GAAAAGATATCTTGCGAATAGTTTCGAAAA,..............((((....))))....,42.830636436256356
GCGGAAAAGGCATTTTAATACCGAAAAGTC,((.......))...................,42.827929538088966
GAAAAAAGCTTTCGTTCCAAACCTTGAAAA,((((.....)))).................,42.820027184660916
AGGGAATAGGTCCTTATTACTAGGAAAAGT,(((((.....)))))...............,42.81241227273473
TGAAAAGCTATACATCTATGCAGTGAAAAA,......((...........)).........,42.80998492919157
GAGGATAAGTACTCTTTAAGAGTCTGGAAA,.......((.(((((...))))))).....,42.802921245421246
CGAAAAGTTTAAGACTCATTGTACGAAAAG,(((..((((...))))..))).........,42.77945997104567
GAGGGAAAGAGCTATATTATCTCGGGAAAA,((((...............)))).......,42.77723443223443
GAAAAGCTTTCTTTAGTGATAGAGCGAAAA,.....(((((.((....)).))))).....,42.770426984382865
CGAAAAGCATCCTAATTTGGATACGAAAAG,........((((......))))........,42.76888627718586
GAAAAGTAGATGTATGTTCTCGTACGAAAA,...........(((((....))))).....,42.76833669966244
TCATCTATATCGAACGAAAAAGATCTGAGA,..((((...((....))...))))......,42.76782122336512
GGAGGAGTCTAGTTTCTTCTATGCGGGGGA,(((((((......)))))))..........,42.76445482866043
GAGGGAATTCGCGATTATTTGGAAGGAAAA,.......(((.(((....))))))......,42.72500154292415
GAAAAGTGTTCATAGTTGCATGCACGAAAA,.....((((.((....))...)))).....,42.718916382838216
GAAAAGTGTGTATATTGTTGTGCACGAAGA,......((((((((....))))))))....,42.717118262952766
GAAGGAATGTAGGTTACTCTGCCAGGAAAA,...........(((......))).......,42.71351851851851
GACAGAGGAGCCAACTTTCGCGGGGGAGGA,..............(((((....)))))..,42.71333333333334
GAAAAGGATTATGGTTTCCAATGACGAAAA,.....(((........)))...........,42.71130737335908
GAAAAGCCAATGTCTATTGTATTGCGAAAA,.....((.((((.(....))))))).....,42.706025811426706
CGAAGAGTTCTTCATTCACAGTGCGAAAAG,.((((....)))).................,42.70218126341612
GAAAAAGATCTTGTTCTGCTTGATCGAAAA,......((((..((...))..)))).....,42.69524031572793
CGAAAAGACAAGCGTATCGTTTATGAAAAG,.........(((((...)))))........,42.68620926397271
GAAAAGCTAGATTCTCTGGATACGCGAAAA,......(((((...)))))...........,42.68566847077838
GAAAAGATAGTTCCTGTCCATAATCGAAGA,.....(((((...)))))............,42.68197931517081
GAAAAGTGCATAGTTGTCATTTGCCGAAAA,(..(((((((....)).)))))..).....,42.67987858034954
GAAGAGCATTACGTGATATTATGGCGAAAA,...........(((.((...)).)))....,42.66794377780545
GAAAAGATATATTCCCTCTGGGATCGAAAA,............((((...)))).......,42.667832832401075
GGGGGAGCCTGATTTCATTCGGTCGGAGGA,........((((((......))))))....,42.650234456034106
GAAAAGCGGCTAAATTTAATCATGCGAAAA,........((.............)).....,42.646936799332025
GGAGGAGCCGTACTTTGTTTCCGCGGGGGA,((.....))...((((((....))))))..,42.64260903426791
TCATGTTCGAATAGAAAAGAAATCTAGAGA,......((...((((.......))))..)),42.63695215505769
GAAAAGATGTATGGTCACCATATACGAAAA,.......(((((((...)))))))......,42.63410802043943
GAAAAGTTCACTGTTGTCAGTGTCGAAAAG,........(((((....)))))........,42.61165669806153
CATCGAAAAGCATTTCTATCGAAAAGATGT,....((((....))))((((.....)))).,42.59589589415964
GAAAAGCGTTGTTTTTATAGCTGCGAAAAG,.....(((((((....))))).))......,42.5884556292893
GAGGGAAAGTGTGGTTTCCACATTGGAAAA,.......(((((((...)))))))......,42.58790266596181
GAAAAGGTTCACAGTTTCAAACACCGAAAA,((((..(....)..))))............,42.586315042299546
GAAAAGTTGGTACTTAGTAGCTATCGAAAA,......((((((((....)).))))))...,42.58328148281436
GAGGGAACATCTAATTTTAGGTTGGGAAAA,..........((((((...)))))).....,42.58094322344323
GAAAAGTGTTAATATCGTTCCCACGAAAAA,..............((((....))))....,42.57261681073955
GAAAAGGTTAGTTAGGAGATCATCCGAAAA,..............(((.....))).....,42.56846680612777
GAAAAGCTAATTCGTCTCGAATTCCGAAAA,........((((((...)))))).......,42.56472542038702
TGAAAAAGATCTCTTAGACATCTGAAAAGG,......((((.((...)).)))).......,42.5474068559713
GGGGGAGCGCATGTTTATCATCCCGGAGGA,((((((((....))))....))))......,42.54535817628964
GAGGGAAAAAACGTCATAAATTTTGGAAAA,((.(.......).))...............,42.5330681733137
GAAAAGATGGGTTCCCTACTTAGTCGAAAA,...(((.((((...))))))).........,42.527811558304805
ATGAAAAGTCTTGTTGGCATGATGAAAATT,.......(((.....)))............,42.51856994632816
GAAAAGTCTATAGTACCTCGTTAGCGAAAA,.................(((....)))...,42.516676271650894
GAAAAGGTATCCTTGCCTTTGTACCGAAAA,..(((((((....)))))))..........,42.513883084653386
GAAAAGAGGATAGTTTACTGTCATTGAAAA,........(((((....)))))........,42.50766033716172
GAAAAGATGTTGTCTTAACATAGCCGAAAA,......((((((...)))))).........,42.50727189071884
GAAAAGCAATGTAGCTTGGATTTGCGAAAA,...((((......)))).............,42.499944818819074
GAAAAGGGATCCTTTTTAGGTCTCCGAAAA,.....((((.(((....)))))))......,42.49194347646686
GAAAATCGTTAAGTCTCATGATAGTGAAAA,...............((((....))))...,42.4820428012647
AAAAGTGTTGTCGAGATGTTTCACGAAAAG,..........(((.((....)).)))....,42.46684677870149
GAAAAGGGTATAAGCCCAGCGTCACGAAAA,.....((((....)))).............,42.46513122393917
TTAGGAAAAGCATATTTTGCGAGGGAATAT,.........(((.....)))..........,42.465029450332395
GGGGGAGGAGCATTGCTAAATTCCGGAGGA,..((((..(((...)))...))))......,42.46402082588374
GAAAAGCTGGTTTCCCGTTCCTCGCGAAAA,((..(((.((...)).)))..)).......,42.45668026606248
GAAAAGTAACCGATTGTTTGGCTACGAAAA,.....(((.((((....)))).))).....,42.44652339568965
GAAGAGCCTTCACTTGTGTGTTTGCAAAAA,.....((...(((....)))...)).....,42.42854172585815
GAAAAGAACCCGTTATTGCGAGGTTGAAAA,......(((((((....))).)))).....,42.42777009444312
GAAAAGTATTGGTGGTTCCCATGATGAAAA,.........(.((((...)))).)......,42.421663711238864
GAAAAGTCATTTGCGCTAGCTTCACGAAGA,............((....))..........,42.41912284107742
GAAAAGTTTGCTTCCTGGCATACACGAAAA,.....((.((((....)))).)).......,42.415672911845334
GAAAAGGTTTAGTAACTTGGTGTCCGAAAA,....(((((....)))))............,42.40231336830667
GAAAAGCAAGTATTGTTACACATGCGAAAA,.....(((.(((....)))...))).....,42.39917464241461
GAAAAGGATCCTTCTTGAACTGTCTGAAAA,....((((....))))..............,42.39094176878445
GAGGGAATAGGATCCTCGATATTAGGAAAA,(((((.......))))).............,42.37471887550201
GAGGAAGACCATTGTCTTGTTTCGCGGTGA,(((((((((....))))).)))).......,42.37396174863388
GAACAGAATACTTTTGGTATTAAAAAGCGT,......((((((...)))))).........,42.37333885713039
GAAAAGAGTCGATTTCTATTGACCGAAGAA,.......((((((....)))))).......,42.370058215663754
GAAAAACATTTTTTGTTCGTATTCCGAAAG,...............((((.....))))..,42.36982846223819
GGAGGAGGAGAATTTGTTCCTAACGGGGGA,..(((((.(.....).))))).........,42.36901090342679
TCTGAAAAGTAGCTTATGCACGAAAAATGG,........((.((....)))).........,42.364051021027564
GAAGAACAAGACACTGTCTTTTTGTGAAAA,..(.((.(((((...))))).)).).....,42.35343895404123
CGAAAAGTGGTGTTGTTTATTGACGAAAAG,............(((((....)))))....,42.351525848418085
GAAAAGAGTACTGGTATCTAGTCCCGAAAA,.........(((((...)))))........,42.35132561899606
GGAGGAGCTGGAGCTAGTGACCGCGGGGGA,.(.((.((((....))))..)).)......,42.34376811594203
GAAAAGTTTAGGCCTTGGGCCGATCGAAAA,..........((((...)))).........,42.343219477581385
GAAAATGAAGTAGCTATGCAATTTCGAAAA,......(((((.((...)).))))).....,42.34274872081939
TGAGGAAAACTATGTTTTGTTCGCGGTGAG,.(((.(((((...))))).)))........,42.34066601237076
GAAAAGAACAATGTTGTTCTTGTTCGAAAA,((((((((((....))))))).))).....,42.338693836744
GAAAAGCATTCTTGTGTATCTTGGCGAAAA,.....((((....)))).............,42.33268544517237
GAGGAAACTAATCGCTTAGTGATGTGGAAA,.......(..(((((...)))))..)....,42.317206959706965
GAAAGGCTTCAATATTCGTATCAGCGAAAA,..............(((((....)))))..,42.30183010796435
TGAAAAGAATTGTGTTTACGCAACGAAAAA,.........(((((....))))).......,42.29839773803508
GAAAAGATAAGTCATCTTGCCTTTCGAAAA,((((.(.((((....))))).)))).....,42.296691171516414
GAAAAGAGTGTCAATAGTTTGCATCGAAAA,.......(((.(((....))))))......,42.29288450769822
GAAAAGCGTATTTACAATCGGTAGCGAAAA,.................(((....)))...,42.29034362515919
GAAGAGAATGTTTGTGGCAATTTTCGAAAA,...(((((((((...))).)))))).....,42.28668680590322
GAAAAGTTATCTGCCTTCTGGCAACGAAAA,...........((((....)))).......,42.28178152197193
TTATGGTACGAAGCTGAAAAGTGTAATAGG,......(((...(((....)))))).....,42.27703090507727
AAAAGATGGCTGTTTATACAGATCGAAAAG,.......((((((....)))).))......,42.2665417114098
GAAAAGTTATGATATCTTGTCATCCGAAAA,........((((((...)))))).......,42.26603788693626
TGGAGGAGTTGTTCATATTCAACGGGGGAG,.......((((........)))).......,42.265507246376814
GCGAAAAGGTCTTTCTTAGCTCCGAAAAGA,((...((((....)))).))..........,42.26305381083124
GAAAAGTAGAGATTCTTAATCGTTCGAAAA,(((..((.(((...))).))..))).....,42.25887365634815
TGAGGGAAAGATCGTTATCTTGGAAAAGAG,.................((((....)))).,42.25220169732353
GAAAAGTAAGACATTTGTCGGTACGAAAAG,.....(((.(((....)))..)))......,42.24739284691201
GAAAAGCACATATCTACTCTGCGAAAATAG,.....(((...........)))........,42.24679131646794
GAAAAGCCACCATCTTTTGATGTGTGAAAA,.......(((((((....)))).)))....,42.23756817375913
GAAGAATGAGCTATGTATGGGTTATGAAAA,.....((((.(((....))).)))).....,42.23113825923721
GAAAAGATATGGTAGTCTATTATCGAAAAA,.....(((((((....))).))))......,42.22723553967083
AAGAAAAGAGTCGACTTTGACTCGAAAAGT,.......((((((....)))))).......,42.21990714143074
GAAAAGGATTTTCCAGGATTAAGCCGAAGA,.....(((...))).((......)).....,42.214514491289776
TGAAGAAATTGCCTTTTAGGAGTTGAAAAA,......((((.(((...)))))))......,42.21014584153622
GAAAAGTGATGTCAATTTGACGAGTGAAAA,..........((((...)))).........,42.19706540141971
GAAAAGACTGTTTCCTAACAGTTTCGAAAA,....((((((((....))))))))......,42.18188152656924
CGAAGGAATCCATTGATTATTGAGGGAAAG,........(((.((.(....).)))))...,42.17664012837129
CGAGGGAATAATGATACTTCATAGGGAAAG,.((((...........))))..........,42.16921249151392
GAAAAGGCAGGTTTTTGCCCTGATCGAAAA,.....(((((....)))))...........,42.167118140078536
CGGTGGTAGCGAATCGAAAAGCTTCATTCG,.(((((.(((..........))))))))..,42.16649017871204
GAAAAGCAACCCTCGGTTTACCGCGAAAAG,...........(.(((....))).).....,42.1505780794966
GAGGGAATTCAACTTCTCATTGAAAGAAAA,((((........))))..............,42.14232858112695
GAAGAGCACATTATCGTTTCTGGCGAAAAG,.............(((((...)))))....,42.1384613008063
GAAAAACCGGTGCTTGTGCATAAGTGAAAA,.........((((....)))).........,42.136740483272874
GAAAAGTATGGCGTTTTACCCTTGCGACAA,.....(((.((.((...)))).))).....,42.13240677778718
GGAGGAGGTTGACGTTCTCGTCCCGGGGGA,(((.((((.......)))).))).......,42.131699368781966
GAAAAGGTTCGATTATATCAGCTCCGAAAA,.....((((.(((...))))))).......,42.13051000743252
CGAAAAGTATGTTCCCATGCAATCGAAAAG,(((...(((((....)))))..))).....,42.130132852168444
GAAAAGAGACTTTCTAAGAAAGATCGAAAA,.......(((((((...))))).)).....,42.12945825940183
GAAAAGTAGGATTCTCGTAGCCGTCGAAAA,((....((.((...)).))....)).....,42.129101227553406
AAAAGATGTCTCTTGACGCATTCGAAAAGT,....(.((((....)))))...........,42.124551635358905
CGGGGGTGTCTAATCATATCTACGGAGGAG,((.((((((......)))))).))......,42.12202898550725
GAAAAGTTTGATCAATGGATCTACCGAAAA,.........((((....)))).........,42.11198846904972
GAATTCAAGTGCGAACAGAAAAGCCTTTTC,......(((.((..........)))))...,42.109117572067575
GAAAAATAGGGTACTTTGTGCCGATGAAAA,.........(((((...)))))........,42.10668704877496
TGAAAAGGATTTCGTTATGCGTCCGAAAAG,......(((...(((...))))))......,42.10607972173048
CGAAAAACTAAATGTCATCTACGTGAAAAG,..............((((....))))....,42.103638028355945
GAAAAGCATTAATGCTCGCATATCCGAAAA,....((((....))))..............,42.10166300040663
GAAAAGTATCTAATGCAATTGTAACGAAAA,.....((((...))))..............,42.100700813437555
GGGGGAGAATTTCGCCTTTATTCGGAGGAG,((.(((....))).))..............,42.08793613707165
GAAAAGACGCTTCTGCTCAATAGTCGAAAA,.....((.((....))))............,42.08774805129207
GAAAACGTAGACAGTATTCTTCTAGGAAAA,.....(.((((.((....)))))).)....,42.08443557193557
GAAGAGGTGAGTGTTCTCATTCTGCGAAAA,..((((.((((....)))))))).......,42.083492862089685
GAAGAGTTAGTACCTTTGTAGTGATGAAAA,.....((((.(((....))).)))).....,42.08115627629931
TGAAAAGGTACCCTTTCTATGCCGAAAAAA,...(((((...)))))..............,42.079648107385
GAAAAGGCTTCGATTTTAGTGAACCGAAAA,........((((.(((....))).))))..,42.079553756837214
GAAAAGCATTGTGATTCATACATGTGAAAA,.....((((((((...)))).)))).....,42.07769259913147
GAAAAGTATTGTTGTTACAAAACACGAAAA,.....((.((((....)))).)).......,42.0750776421104
CGAAAAGAGTATCCTTTCTGCCTCGAAAAG,(((..((((......))))...))).....,42.06751264740406
GAAAAGTCATAGTGTCTCGCTTGATGAAAA,.....((((.((((...)))))))).....,42.06465243430783
GAAAAAGGTCAGTTGTAACTGTTATGAAAA,.........((((....)))).........,42.06448704662427
CGAAAAAGGTGTTTTACGGTAACCGAAAAG,...........((((.(((...))))))).,42.060383174074815
GAAAAGGGTTCTCGAAGGTTTACCCAAAAA,.....((((...(....)...)))).....,42.0564100115333
GAAAAGTAGTGTATTAACACGATCCGAAAA,........((((....))))..........,42.05003217944707
GAGGGAATTACCCTCAGGAGGTATGGAAAA,(((((.....)))))...............,42.0473092369478
GAAAAGGACTAGTCCCTCGAATTCCGAAAA,.....(((....))).(((.....)))...,42.047285586040665
GAAAAAGTTGCTATTATTGGCCAACGAAAA,......(((((((....))).)))).....,42.04532115435179
GAAAAGTTGATGTTTCTGCATCCCCGAAAA,........(((((....)))))........,42.0431327474752
GAAGAGTTAATACTGTTATAGTAGCGAAAA,.((.(((....))).)).............,42.04285170490018
GAAAAGTGCAGGTCCTCCTGTGTTCGAAAA,(((...((((((....))))))))).....,42.03075913687974
GAAAAGGAATGATATCGGATCTTCTGAAAA,..............(((((...)))))...,42.029045821137764
TGAAAAGAATGCTCTTAGATCTTCGAAAAG,....((((....))))..............,42.02080198376986
CGAAAAAAGTTAAGCTCTTGCCTTGAAAAG,.........((((((....).)))))....,42.01777277336501
GAAAAGCTATCTTTGTAAGACTAGTGAAAG,.....((((((((...)))).)))).....,42.006605282544555
GAAAAGTAGTTCCTATGTATGTCACGAAAA,((...((((...)))).....)).......,41.98867301026792
GAAAAGTGTTTAAGTCTTTGACAACGAAAA,.............(((...)))........,41.9848933888362
GAAAAGGCCTTGGTTCAGCCCCCGAAAAGT,.....(((.........)))..........,41.98147478740236
GAAGGTACTTATGTATAAAGTGGGAAAAGG,....((((....))))..............,41.978176282525645
GAAAAGCACCTTTAGGTTCTAATGCGAAAA,....((.(((....))).))..........,41.976419514892896
GAAAAGCAGCGATATAATCGGTTGGGAAAA,......(((((((...))).))))......,41.972829508455035
CGGAGGAGCAATTTCTGGATTTCGGGGGAG,...........(((((.(....).))))).,41.97181464174455
GAAAAATTAAGTCGAGAGACTTGATGAAAA,.....((((((((....)))))))).....,41.96940878396293
GGGGGAGTGTTAAGTATCTTGACCGGCGGA,...(..(.((((((...)))))))..)...,41.95860817565563
GAAAAGCTAGAATCCGTCTTATTGCGAAAA,..............(((......)))....,41.94160460852814
GAAGTGATCGTGTTGTCGTATCTGAAAAGG,.....(((((......)).)))........,41.94043014788824
CGAAAATGGCTAATTAGATTATCTGAAAAG,.............(((((...)))))....,41.93755614168072
GAAAAGGAATCTGTTATACGGATTTGAAAA,......((((((((...)))))))).....,41.93207919163592
GGGGGAAGTAACCTCATTTGTTCTGGAGGA,((((.......))))...............,41.9315191740413
GAAAAGACTTCTTATTAGGCTGTCGAAAAG,.....(((.(((....)))..)))......,41.93123077306021
GAAGAGAATATCATATAGTGATGTAGAAAA,.......(((((((...)))))))......,41.92950770505787
GAAAAGGCTGTATCTTGATCAAAACGAAAA,((.((((.....))))..))..........,41.92921514555945
GAAGAGTTATCATTGATACTAGAACGAAAA,....(((.(((...))))))..........,41.92918440843118
GAAAAGCATTATGGCTTCACTAAGCGAAAA,...((((......)))).............,41.926653161134226
CGGAGGAGAACGAGTTAATTTTCGGGGGAG,..........((((......))))......,41.9263768115942
GAAAAGGTTGTTCCTGTTATCAAACGAAAA,....(((.....)))...............,41.92459554393368
GAAAAGCTTGTTGGTCACAATCTGTGAAAA,..............(((((...)))))...,41.911603578786575
ACGAAAAGATAACTTTCAAGATCGAAAAGT,.............((((......))))...,41.904478747548715
CGGAGGAGATAGGCTATATTGTCGGGGGAG,.......(((((......))))).......,41.900289855072465
GAAAAGTAGTACATTGTTGTCGTACGAAAA,.....(((..(((....)))..))).....,41.89981567058679
GAAGAGATTGTATTTCTACGCAAGCGAAAA,..((((((...)))))).............,41.896035859993475
GAAGAGCGCTGTTATTAATGGAGCCGAAAA,.....((.(((((...))))).))......,41.89424261830804
GAAAAGACAGCTGATTTTTCGCTGTGAAAA,......(((((.((....))))))).....,41.888723419928645
CGGAGGAGTCTCATTAACAATACGGGGGAG,..(((....)))..................,41.887246376811596
GAAAAGCTATTTTGGCGTTCATAGCGAAGA,(((..((((...)))).)))..........,41.88299715897982
TCCGAAAAGAGCGTTCTTGATCGAAAAGAA,..(((.((((....))))..))).......,41.88261086313608
GAGGGAAAGTCTTAGAATATGCCTGGAAGA,.(((.(...((...))...).)))......,41.87654761904762
GAAAAGATTACACGTCTCGTGAGTCGAAAA,.....((((.((((...)))))))).....,41.873467347465485
GGAGGTGCCTTTGTTCATCATGCGGGGGAG,.......(((((((.......)))))))..,41.8620015576324
GAAGAACCAATTTCCTAGTTCCGGTGAAAA,...((((..........)))).........,41.854805074259815
CGAAAAGCATATCCTATGGAACGTGAAAAG,.......(((.(((...)))..))).....,41.85267096070457
GAAAAGCGTATATTTCCAAAGCAGTGAAAA,.....((.............))........,41.846899635457504
GAAAAGGAAGGGTTCATCCATTAACGAAAA,.....(((........)))...........,41.83695945354877
GAAAAGGGATTGCATAGGTAATCTCGAAAA,.....((((((((....)))))))).....,41.83200791551652
TGAAAAGCAAAAGCTCTCTCTTGTGAAAAG,.....(((....)))...............,41.83057998748361
GAAAAGGCGTGATTCTTGTTACACCGAAAA,.....((.(((((....))))).)).....,41.83026486638869
GAAAAGATGTCGCTTTAGCGTTATTGAAAA,.....((((.(((....))).)))).....,41.82560394297203
CGAAAAGAGTGTCTTATCGATATCGAAAAG,(((.((((...)))).)))...........,41.81913843605099
GAAAAGTTAGGTTATCGTACGAAACGAAAA,..............((((.....))))...,41.81450985169944
GGCGGAGTCCGACTTTGTAAGTACGGGGGA,.......((((((((...)))).))))...,41.81333333333333
GAAAAGCTTCTGTTATCAGTATGTGAAAAG,.........(((....)))...........,41.808309878589476
GAAAAGCTTGTCTTTAGACGTATGCGAAAA,.....((.((((....))))...)).....,41.80696562802146
GAAAAGCAATAACTCGCAGTATAGCGAAAA,.............((((......))))...,41.80024586149855
GAAAAGCTTGGCTATTCATTCGCGCGAAAA,(((.(((...))).))).............,41.799654474698045
TGTTTACTATGAAGGAAAAAATAACGAACA,(((((..(((..........)))..))))),41.797894180639716
GAAAAGTGTTTCAACGTTAAACCGCGAAAA,((((....))))..(((......)))....,41.795406970777535
GAAAAACAGGTTTCTTAATCCGCATGAAAA,((((......))))................,41.78957021195223
GAAAAGCATGTTCTTGTGATCGCGCGAAAA,.....((.((.((....)).)).)).....,41.78482874005944
GAAAAGAGAATCCTCATGGTTTAACGAAAA,.....(((....)))...............,41.78183252382352
GGGGGAGCGCATTAATTAATCCGTGGAGGA,(.(....).).........(((.....))),41.7758369535171
GAAAAGCTAGTGGACTTTCCACTTCGAAAA,........((((((...)))))).......,41.76716925827404
GAAAAGTCGCATAGTATCTATACACGAAAA,......(((.((((...))))...)))...,41.76440615911601
GAAAAGTGAGGGAGTTATCTCTTGCGAAAA,.....((((((((....)))))))).....,41.75573182710693
GAAAAGATTCCTGTCTACATGGTTCGAAAA,....((((....))))..............,41.751911677850735
GAAAAGTAGGGTTCATATCCGCTATGAAAA,....(((.((((....))))))).......,41.75085685580359
TTGAAAAGCTTCTGCTGTCAGCGAAAAATA,((((..(((....))).)))).........,41.74718345181745
GAAAAGAAGGGTATCATATCCATTTGAAAA,........(((((...))))).........,41.74712374004127
GAAAAAAGTCTGCTTATGCGTACCTGAAAA,.......((.(((....))).)).......,41.747099782502545
GAAGAGATATCTCCTGAGCATATACGAAAA,...(((....))).................,41.74286771977556
ACGAAAAGGCTATGCTGTAAGGTGAAAAGT,((.....(((...))).....)).......,41.74198468923125
GAAGAGCATGCTTCCCGTATTATGCGAAAA,((((......)))).((((...))))....,41.73924792955168
CAAAAAGTATGATTCTCGAATATCGAAAAG,...............((((...))))....,41.739097332593985
GAAAAAGATAGTGTATTCACTGTTTGAAAA,.....((((((((....)))))))).....,41.70913758198525
GAAAAGTAGTGCTATTTAGCGAATCGAAAA,.........((((....)))).........,41.7042850428075
CGAAAAAGAATTCGTAGTATCCCTGAAAAG,((((......))))................,41.70139890197899
GAAAAGGTTTTAGTTCCTAAAATACGAAAA,......(((((((...))))))).......,41.691988854733765
CAGGCGTCGAAATGAAAAGACTGGTTATTG,.....(((..........))).........,41.68352488466149
GAAAAGCGTTATGATGTTTCTAGGCGAAAA,......((((..((....))..))))....,41.68172789874565
GAAAGGACTCTACTCATGTACAGTTAAAAA,.....((((.(((....))).)))).....,41.67059139784946
GAAAAGCCTAAAGTATTCTTAAGTCGAAAA,.......((.(((....))).)).......,41.669288299567015
GGGGGAGCTTGATATTTACCCAGCGGAGGA,(((...............))).........,41.66528909481458
GAAAATTGGTGTTCCCACGTTCCATGAAAA,........(((....)))............,41.6543091733809
GAAAAGGATTAGCATTTATGTCGCCGAAAA,.....((....(((....)))..)).....,41.638636770670516
GAAAAGTGTGCTTCTAGTAACTAACGAAAA,....(((.((((...)))))))........,41.63560835285263
GAAAAGGTGTTCATCGAATATCGCCGAAAA,.....(((((((...)))))))........,41.63519697018947
GAAGGTACCGGTGTTATCACCTATGGAAAA,.........((((....)))).........,41.600411626403044
GAAAAAACCAAACTTCATAGTTGTTGAAAA,..........((((....))))........,41.60005394525326
GAAAAGAGGTTACTGAGTCATACCCGAAAA,((....((....))...))...........,41.59522841197919
GAAAAGCTATTATTAGTAAGAATGCGAAAA,.....((((....)))).............,41.59503469572753
GAAAAGTCGTCGCTTTTTAGCACACGAAAA,......((((.(((....)))..))))...,41.587956242584276
CGGAGGAGTTTCGGTTTAGACACGGGGGAG,........(((((((....)).)))))...,41.58724637681159
GAAAAGTACTGATCTTGTGATCTGCGAAAA,.....(((..((((....))))))).....,41.58608644053214
GAAGAATAATCGCTTGTTGCGAAATGAAAA,.........((((.....))))........,41.574040247129744
GAAAAGTGTTCAGCTCTGCTTACTCGAAAA,....((((...(((...)))))))......,41.5732993796145
GAAAAGTAGATTCTCGGTATGCTACGAAAA,.............(((........)))...,41.56706360377665
GAAAAGTATGGTATTCTCTACAGTCGAAAA,.....(((.((....)).))).........,41.55749562984125
CAGAATTGCGAATAAAAAAGCACTATTTAG,......(((..........)))........,41.53765696161514
GAAAAGCTCTTATTTTGGGAGCGGCGAAAA,.....(((((((...)))))))........,41.53342001317077
GAAAAGTTTACGCTTTAGCCATACGAAAAG,..(((((....)))))..............,41.53100141682603
GAAAAGCCCCATGTTTACGTGCGGTAAAAA,.....(((.((((....)))).))).....,41.52020776442926
GAAAAGCGGTGGGCTTGTTATCCGTGAAAA,...((((.....))))..............,41.51198040704833
GAAAAGTCGTATGTATCATGCTAGCGAAAA,......((((..(((...)))..))))...,41.51022819219334
GAAGAGATGTTTCTCTGAATCATCGGAAAA,..(((((....)))))..............,41.50740104639423
GAAGGGTCCTGATATATTTGGTAGGGAAAA,......(((((.((....)).)))))....,41.503272590772596
GAAAAGTATGGTGTAGTTATCATAGGAAAA,......(((((((....)))))))......,41.49915397934158
GAAAAGACGGGACCCTGCTCCAGACGAAAA,.........(((......))).........,41.49702037107458
GAAAAGCTCTTTGTCATTATAGAGTGAAAA,.....(((((.((....)).))))).....,41.49662713815029
GAAAAGCAGTGCTTTATAGATATGCGAAAA,.....(((...((....))...))).....,41.48725712982859
GAAAAGTGGGATCTTATCCCTAGGCGAAAA,.......(((((...)))))..........,41.47458953794971
GAAAAGACACCCTCTTGGTGTGTACGAAAA,......((((((....)).)))).......,41.471761096918826
CGGAAAAGGTAGATTTACGTTCCGAGGGAG,(((((...(((....))).)))))......,41.46560485855424
GGGGGAACCGATATTCATCTCTGTGGAGGA,.((....)).........(((....)))..,41.46256637168142
GAAAAGTAGCGATATCTCATGGTACGAAAA,.........((.((((....))))))....,41.45491502100958
GGGGGAGGTTATTTCTCAAAACTGGAGGAG,((((((.....)))))).............,41.453643067846606
GAAAAGAATAGAGGCTTCCTCTCTCGAAAA,.....((..(((((...))))).)).....,41.452426275060134
GAAAAGTGCTCTTATGTGTTCTCACGAAAA,...............(((....))).....,41.44882268584185
GAAAAGAGTTGCTTTAGCATAACTTGAAAA,.....(((((((....)))..)))).....,41.443547548782334
GAAAAGGTGCTGATAGTTTATGCCTGAAAA,....(((((.(((....)))))))).....,41.436573353926605
GAAAAGGATCTTTGCATTTGCTTCCGAAAA,.....(((..............))).....,41.42494449528492
TGGAGGAGGTTATATTACGCCCGGGGGAAG,....((..((......))..))........,41.42202898550725
GAAAAGTAAGCATGTTATCAGCAACGAAAA,.........((.((....))))........,41.40789459290884
GAAAAGGTATCGAAAAGTCGTCCCGATGCT,.....(((((((...........))))))),41.40489398232952
GAAAAGGATTGATCATTAGTGTTCCGAAAA,.....(((..............))).....,41.403603689076675
GAAGAGGTTGCGATATTTGCACTACGAAAA,.....(((.((((...))))))).......,41.39028731433616
CGAAAAGATCCTCTTGTAATATCGAAAATG,....((((...))))...............,41.39015970686221
GAGGAGTTCTGATCATTCTGACGGGGGAGT,......(((((.(((...))))))))....,41.387246376811596
GAAGGAATGGATATTATTGGTTCAGGAAAA,....((((.(((...))).)))).......,41.38426233637872
GAAAAGGTAGCTTTAGTTCTCGGCCGAAAA,.....((((((....)))....))).....,41.38361998618079
GAAAAAACTGTAGGTTTCCTTAGTTGAAAA,.....(((((.(((...)))))))).....,41.37723958789984
GAAAAGGATTCATCGATTACCTTCCGAAAA,.....(((..............))).....,41.369975752021276
GAAGAGATTTGTGTCCACTCCAATTGAAAA,.....(((....)))...............,41.36706105880786
GAAGAGCGCGGAATTTCTGTTTGGCGAAAA,......(((.((((....)))).)))....,41.36661595129786
GAAAAGCAAATGTTATAGCTTATGCGAAAA,...((((..........)))).........,41.36461392854099
GAAAAGATGTTACCCTCTATGGATCGAAAA,.............((.....))........,41.36317922726906
GAAAAGGATTGACCTTCTTAGGTCCGAAAA,..........(((((....)))))......,41.36299627954691
GAAAAGAGACTAATATCTAGACCGAAAAGG,....(((........)))...((.....)),41.36255877476436
GAAAAGAGATCATTCTCAGGATACCGAAAA,.....((((....)))).............,41.35662627522559
GTGAAAAGGACTTGCTTGTGTCCGAAAAGC,.......((((........)))).......,41.348122563704905
GAAAAGGGATAGATTTATCTTCCACGAAAA,......(((.(((....)))))).......,41.3472239897554
GAAGAGGGTAATTCCTATTACAACGGAAAA,....((((....))))..............,41.34713727559043
CGAAAAGTAAACTCAAATCATTATGAAGAG,...........(((...(((...))).))),41.3458993853583
GAAAAGATGGCAAGTTTCTTCCAGTGAAAA,.......(((.(((...)))))).......,41.34457968498435
CGGAGGAGGTAATATAATTGTGCGGGGGAG,((.(.((..........)).).))......,41.34376811594203
CGAAAAGGTGCACTTTTAGACATCGAAAAG,..(((((.....))))).............,41.341643014613126
GAAACGGGGATTAGATTCTACCCCCAAAAA,.....((((..(((...))).)))).....,41.33851851851852
GAAGAAAAACTCTTGTGTAGGATTTGAAAA,.((((.....))))................,41.33016147213498
GAAAAGCATCTGGTTTACCTGTGTGAAAAG,.....((((..((....)).))))......,41.328256683185636
GAAGAGTATCTTTGTTACATAGGTCGAAAA,(((((...))))).................,41.32614685869382
GAAAAGTGTTACCTTTTGGCATCACGAAAA,.....(((...((....))...))).....,41.3203808920169
GAAAAGGATTGAGATATGGGATTCCGAAAA,.....(((..............))).....,41.31737820944745
GAAAAACCTCTATTCCTAATAAGGCGAAAA,......(((.((((...)))))))......,41.31672560984045
ACGAAAAGAGCCACATTGGTTTCGAAAAGT,.((((....((((...))))))))......,41.30908035677686
GGAGGAGTTCAGTTTCACTTCAACGGGGGA,(((((((......))).)))).........,41.30090342679128
AAAAGAGTCTGTATTGTTTGACCGAAAAAG,......(((..........)))........,41.29738875835114
AGGAAAAGCATATTGTGTCTGCGAAAGAAT,.......(((.........)))........,41.286610958570236
GAAAAGCTTTGGCTTCTGCATTCGCGAAAA,.....((....((....))....)).....,41.28519521013081
GAAAAGGGCCAGATTCTATTTGTTCGAAAA,.....((((.((((...)))))))).....,41.278113815779044
GAAAAGCATTTTGAGCATGTTGAGCGAAGA,.........((((..((...))..))))..,41.2584484304696
CGAAAAGAGCTTCGTTATCTTCTCGAAAAG,(((.((((.........)))).))).....,41.255460644176104
CGAAAAGCAAGAATATTTTACGGCGAAAAG,......((...((....))...))......,41.25512795446439
CGAAAAGGGTCAATACTGTTCACCGAAAAG,.(((.((........)).))).........,41.24990432596695
GAAAAGGCGTTATGGTGATACACCCGAAAA,.............((((...))))......,41.23925423684028
GAAAAGTCATAGTTGAAACCTATTCGAAAA,(((.(((((....)))...)).))).....,41.237387971281706
GAAAAGTGTGTAATCAACTAATCATGAAAA,((..(((.((....)))))..)).......,41.21421186430418
AAAAGTATGACTATTTTAGAATGCGAAGAG,....((((..(((...))).))))......,41.21418540585577
GAGGGAGAACTCGCTTTACTGTTCGGAAAA,(((......)))..................,41.20511904761905
CGAAGAGGTTTGCTTAGCATCACTGAAAAG,.....((...(((...)))...))......,41.19331747664573
CGAAAAAAGTGTTGTTCGATTCTTGAAAAG,((((..........))))............,41.1900833362712
GAAAAGAATTTTGCTAATGTAAATCGAAAA,.........(((((....))))).......,41.1820387524369
TGGAAAAGCAATATAGATGCGAGGGAATTG,.......(((.......)))..........,41.17719161249455
GAAAAGACATAGGATTTCCTTGGTGAAAAG,......((..(((....)))..))......,41.17439243158385
GAGACGCATCGAATAAAAAAGATTGGTTGA,..(((..(((..........)))..)))..,41.170664280366225
CGAAAAGTATCACTGATTGGTTCGAAAAGG,((((....(((...)))...))))......,41.17024002201424
GAAGAGATGCGTATCTTATAGAGTCGAAAA,.........((..(((...)))..))....,41.16608898037495
GAAAAGTGTTCTCGTGTAAAGAGGCGAAAA,...........((((........))))...,41.148190845688376
GAAAAGCTGTCTGCTTATCTGCTGCGAAAA,((.((((.....)))).))...........,41.1476055124303
GAAAAGGGTGAGTCTTACTCATATCGAAAA,.......((((((...))))))........,41.14451449200892
GGGGGAGCATACACCAAGGGTATCGGAGGA,(((........).))...............,41.140516224188794
TGAAAAGGTTGTCCTAGATTACTGAAAAAG,.....(((....)))...............,41.13537013867083
GAAGAGATGTTTTCCTGATGCGTAGAAAAG,(((((....)))))................,41.133220071567045
CGAAAAGCGTTCACTTTCAGATGAAAAAAG,..............((((....))))....,41.130137593094524
GAAAAGCCGCTAATTTTTGATGGGTGAAAA,.......((((.(((...))).))))....,41.129133002752326
GAAAAGTTGACAGGCTTCCTGTTTCGAAAA,........((((((...)))))).......,41.12887164536271
GCGAAAAGATATCAATTATAGCGAAAAAAC,((..................))........,41.11914500752853
GAAAAGCTATGCTGGATAATTTAGCGAAAA,..........((((((...)))))).....,41.116450412472474
AAAGAAGTTTCCATCCTGGATTCGAAAAGT,......(..((((...))))..).......,41.116175883294844
CTGAAAAGATTGTTCTAACCTTCGAAAATG,......(((....)))..............,41.11430125313051
GAAAAGAGGATTAGTATCATTTCCCGAAAA,.......(((...........)))......,41.11259756629208
CGAGGAATTCAAGTTTATGCGGGAGGAAAG,.......(((..((....))..))).....,41.1122816762328
GAAAAGTTAGCTCGTCTCGAATTACGAAAA,...........((((........))))...,41.10961979084207
GAAAAGTGCTCACTGTGTTATCGCCGAAAA,..............(((....)))......,41.096517482103266
GGGGGAGAGCTACTTGCTAGTTTCGGAGGA,.((((..(((.....)))..))))......,41.092457591227365
TGAAAAGAAGATGCTAGTTCCTTCGAAAAG,......((((..........))))......,41.090032309272836
CGAAAAGTTTGTCTCAGATTCTACGAAAAG,((...((((((...))))))...)).....,41.081970564757356
GAAAAAGATGTAACTGTTGTTATTCGAAAA,......((.(((((....))))))).....,41.07997497972288
GAAAAGGTAATGATTTTTGATGGCCGAAAA,.....(((.((.(....).)).))).....,41.07486511998346
GAAAAGAATACTACCTTTGGTTAGCGAAAA,..........(((((...)).)))......,41.07410714631431
TGAAAAGAATATTTTCCATTATCCGAAAAA,.(((((.....)))))..............,41.066668430616254
TGAAAAGTTGACATACTTGTTAGCGAAAAG,......(((((((....)))))))......,41.06106416594717
GAAAAGTAAGAACATTTGTTTCCGCGAAAA,.....((..((((....))))..)).....,41.060670328378514
GAAAAGCCTCAATGTCGCTTGTGTCGAAAA,...((((.........))))..........,41.05863841593328
GAAAAGTGTTCGTTTTTGCGCCACCGAAAA,.....(((..(((....))).)))......,41.04158816887224
GAAGAGACAATACTTCTGTATTAACGAAAA,........(((((....)))))........,41.036453402946286
CGAAAAGAATTACTGTTGGTGCTCGAAAAG,(((....(((....))).....))).....,41.0283868048141
GAAAAGCATAACTCTGTTATTAGCCGAAAA,.....(((((((...)))))..))......,41.0245952438643
GAAAAGCTGAATGCTATGATTCTTCGAAAA,....(((.....)))...............,41.020874331022725
CGAAAAGTCCAAATCGTAATTCACGAAAAG,.............((((.....))))....,41.020283415019925
GAAAAGGCTCAACTTTTACAGTCCGAAAAG,.(((((......))))).............,41.01726734153641
AAAAGAAGTTTCCATCCTGGATTCGAAAAG,.......(..((((...))))..)......,41.00441964319562
GAAAAGAAGTTTCCATCCTGGATTCGAAAA,........(..((((...))))..).....,41.00441964319562
GGGGGAGCGAATTTAAATCTCCCGCGGAGG,((((((...........)))))).......,40.9984808259587
GGAGGAGGTTAGCTCAGTTATTCCGGGGGA,(((((((.....))).....))))......,40.99809968847352
CAGAGGAGATATTTCCATATGTCGGGGGAG,.......(((((......))))).......,40.99594202898551
GAAGAAACCTAATGATAGTTAGCTTGAAAA,........(((((....)))))........,40.995654388269465
GAAAAAGCTTATGTTTACAGAACCTGAAAA,....((((....))))..............,40.974023603490785
GAAAAGACATCGTTTTCGTAGTGTCGAAAA,.....(((((((....))..))))).....,40.96728485627642
CGAAAAGACTTCTGTTAATCGATCGAAAAG,(((...(((....)))..))).........,40.96659771986032
GAAAAGGTTCCTGATGTAGTTATCCGAAAA,.......(((..((((....)))).)))..,40.96340909517088
GAAAAGCCAAGTCCTTTTATGAAGCGAAAA,...........((((((...)))).))...,40.959279333275234
GAAAAGCTGCTGCTATATTCAGCCCGAAAA,(((.(((....)))...)))..........,40.95706435679118
GAACAAGTATGATGTTCCATCATCGAAAAA,........((((((...)))))).......,40.95139420278743
GGAGGAGCTGATCATTAGTCTTGCGGGGGA,(.((((.((((...)))))))).)......,40.950319314641746
GAACCCACTGTACTTATAAGGTCGTGAAAA,.....(((.(..((....))..))))....,40.945242232729754
GAAAAGGATAATATTGATCATTCCCGAAAA,.....(((.............)))......,40.94279316956817
GGGGGAGGGTATTATCGTATTCCCGGAGGA,((((((.(((...))).).)))))......,40.93960798038127
GAGGGAAATAAATACTCTGTAGTTGGAAAA,(((...........))).............,40.93918498168498
GGGGGAGAATCTTTAAGATAGTTCGGAGGA,...(((..((((...))))..)))......,40.93197275288664
GAAAAGTATCCGATACATTGGGTATGAAAA,.....((((((((....)))))))).....,40.9267083244321
GAAAAGTTGTATTCATCGAAATACCGAAAA,...............(((......)))...,40.92555099573947
CGAAAAGGGTCGTTGTTACTTGCCGAAAAG,.......(((.((....))..)))......,40.923908145851925
AAGAGCCTTGTGTTATAACGTGAGAAAAGT,......(((((((....)))))))......,40.92162946939021
GAAAAGTAAAATCGTTAATTGACACGAAAA,...........((((........))))...,40.904321333430936
CGAAAAGTGCATCTTGCTCTCATCGAAAAG,(((..((.(((...))).))..))).....,40.89933234705276
GAAAAGTACAAATGATAAATGTGTCGAAAA,.............((((....)))).....,40.896372939429824
GAACGGTAATCAGTGTACTGAGTATAAAAA,.....(((.((((....)))).))).....,40.88672043010753
GAAAAGCCGATGATTTATTGATCCCGACAA,.......((..((((....)))).))....,40.88468761535053
GAAAAGCCCTTGGTTTCCCAATCGTGAAAA,(..(((((...)))))..)...........,40.87931053194887
GGAGGAGAATAATTCTTCGTATTCGGGGGA,((((((......))))))............,40.87859034267913
GAAAAGGTTGCTTATCCCATATACCGAAAA,((.(((....))).))..............,40.87424798694981
GAAAAGAATTGGATTCTTCCGATGCGAAAA,.......((((((....)))))).......,40.870042123571764
CGAAAAGTAAGGGCTTATGTTCACGAAAAG,..........((((....))))........,40.86327549801201
GAAAGATAATCGGATATCCGGTTGTTAAAA,....(((((((((....)))))))))....,40.86037634408602
GAAAAGACTCCTTCTTAGTTGAGTTGAAAA,.....(((((((....))..))))).....,40.860265299487914
GAAAAGGTGTCCTTGCCTTTACACCGAAAA,..(((((((....)))))))..........,40.86020772358418
GAAGAGTCTCCATATTATGGTCCGTGAAAA,.........((((...))))..........,40.85996611992732
GAAAAAGGATTAATCTTTTAGCCTGAAAAG,.....(((.((((....)))))))......,40.85563862845632
CGAAAAGGAGTTCGTGTGTCATCCGAAAAG,......(((...(....)...)))......,40.854618110100745
GGGGGAGTTCTTGTTTCGGGAACGGAGGAG,......(((((((...))))))).......,40.84564641744548
GAAAAGAGAAGTTCTTACTTCTGCCGAAAA,......((((((....))))))........,40.84528181444716
GAGGAATTGTCGTCTATCCGTGCATGGAAA,((.((....)).))..(((......)))..,40.84445355191257
GAAAAGCATCTTTCCATTAGTGTGTGAAAA,..........(((((((....))).)))).,40.83594392635216
CGAAAAGTTTGCTTTCTAAGGTTCGAAAAG,............((((........))))..,40.833257866847696
GAAAAGGTTGTGTTGTCATTGCTCCGAAAA,.....(((.(((....))).))).......,40.832521977066435
GAAAAGTCTAAATCTCTGGTTTACCGAAAA,........((((((...)))))).......,40.82592148253876
GAAAAGATAAGACTCGTTTGCTATCGAAAA,.............(((........)))...,40.82324409794364
GAAAAGTGTATCTCTTCTAGCTAGCGAAAA,(((.((.....)).))).............,40.79924740452992
GAAAAGGAATCTATATGCTAATCCGAAAAA,.....(((.............)))......,40.7959826724756
GGAGGAGGTTGTTTTTAATGCCGGGGGAGT,......(((..........)))........,40.79594202898551
ATGCGAAAAGGCTAGGTTATCCGAAAAGCT,..((......))..((....))........,40.79320618137848
GAAAAGTCATCTTGTTCAGAGTTGCGAAAA,((((((....))).))).............,40.78871833790103
TTGAAAAGTATCTCTTCAGAGACGAAAAGA,..........((((....))))........,40.77737378349276
GAAAAGAAGTGTATCGTCGTAGTTCGAAAA,.............(((........)))...,40.776549751089604
TGAAAAGAGTTCTGAAAGTCTCGAAAAGGG,......(((..........)))........,40.76825318427442
GCGAAGAGAGTACTACTAAGTTCGAAAAGT,.((((...(((...)))...))))......,40.7679141035501
GAAAAGATTGTACTCCTCGTCCATCGAAAA,................(((.....)))...,40.76546816438781
GAAAAGTCTTGTGATTGATACATGCGAAAA,....((((....))))..............,40.74875182118632
GAAAAGCTATCTCGTTTCGACGTGCGAAAA,...........((((........))))...,40.74557122481947
GGGGGAGAACTTCTTCAGACTTTCGGAGGA,((((((....))))))..............,40.74432119335459
GAAAAAGTTAGATCATTTGATCTACGAAAA,........((((((....))))))......,40.73788632115918
GAAAAGGGATCTTTCTCTGAATCACGAAAA,((..(((((....)))))...)).......,40.73716318073983
CGAAAAAGTTCTCTTCTGCGATATGAAAAG,((...(((....)))...))..........,40.735567820101245
GAAAAGCCTGATGTCATTATAGGTGAAAAA,.....(((((.((....)))))))......,40.729952490939475
GAGGAAAGTAAATCTCAAGAATTCTGGAAA,((((........))))..............,40.71899267399267
GAAAAGCATGATCGTTTCGATATGAGAAAA,......((((.(((...)))))))......,40.7165327706055
GAAAAGTCTAGATGTCTCGCTGTACGAAAA,................(((.....)))...,40.71319516910226
GAAAAGCGTTCTCGTTCCCAGATGCGAAAA,...........((((........))))...,40.701596230208565
GAAAAGAATAAAACCTGTTGTGTTTGAAAA,..........(((((....).)))).....,40.684494792218786
CGAAAAGCTATACTCGGTTCTGCGAAAAAG,.............(((......))).....,40.68228433891014
GAAAAGGAACCCTGCGTTTATATCCGAAAA,....(((...))).................,40.679362219642655
GGGGAGCTATCTTCATCGATATCGGAGGAG,..........((((.(((....))).)))),40.67570872274143
GAAAAGCCGGCCTGTTTTCAGAAGCGAAAA,.........(((((....)))..)).....,40.675666990417454
GAAAAATAATCGCTTCTTAGCTTGTGAAAA,...........(((....))).........,40.67439932117672
GAAAAGCCGTTTGTCATTAAAGGTGAAAAA,.....(((.((((....)))))))......,40.673142898689925
GAAAAGACCTGCTTCTTAGTATGTTGAAAA,.....(((.((((....)))).))).....,40.67246445927145
GAAAAGAATAGAGGTTATCGTCATCGAAAA,..........((.(....).))........,40.67182914878938
GAAAAGCAGTCTAGCTTATGCTGTGAAATG,.........((((((....)))).))....,40.666159921860825
GAAAAGCATTACCATTTGGTCATCGAAGAG,..........(((....)))..........,40.65323597884715
GAAAAGTGTTGTATACGAACTAAACGAAAA,.....((((...))))..............,40.65137612362879
GGGGGAGTGCATATTCTTCGTGCCGGAGGA,.(((((((....)))))))...........,40.64748311637591
GAAAAGTCGTTATACTTGGTAAAGCGAAAA,......(((((.(((...))).)))))...,40.63142913470441
GAAAAGCGTATCCGTTGGCTTAAGTGAAAA,...((((..........)))).........,40.62987219407139
GAAAAGCGATAAGTCATTCTTCCGTGAAAA,.............((((......))))...,40.62761582378192
GAAAAGGAGTTTTAACACCTCTGCCGAAAA,....(((.((....)).)))..........,40.62643167378661
CGAAAAGGGCTGATGTTTATAGTCGAAAAG,(((...((((....))))....))).....,40.62418020293036
GAAAAGGAATCTCATCTTGCAGTCCGAAAA,.....(((..((((...)).))))).....,40.62127267231401
GAAAAACAGACTGTTGTCTAATTGTGAAAA,.......((((....))))...........,40.61496020169023
GAAAAAGACTACCTTATGGTAACGAATAGG,.........((((....)))).........,40.59665442148432
GAAAAGTGTGTTATCAGTACTAAATGAAAA,....((((((....)).)))).........,40.593727876776654
GAAAAGTCAGATTCCTATCTCTACGAAAAG,........((((....))))..........,40.592372803217174
GAAAAGTCGGGAATAGTTTCTCGATGAAAA,.....((((((((....)))))))).....,40.58606429200884
GAAAAGGCTTCTGATATCTTATCCCGAAAA,........(((.((((...))))..)))..,40.58507174299494
GAAAAGCTCACTGTATTTATGCGGCGAAAG,.......((.(((((....))))).))...,40.58201229370495
GAAAAGACTTATGCTAATGCGTGTCGAAAA,.....(((..((((....))))))).....,40.5753396147812
GAAAAGATGACAATGTTTGTGGCTCGGAAA,.....(((.((((...)))).).)).....,40.572425933525636
GGGGGAGCATCCTTTAGTCTTGCGGAGGAG,.........((((((........)))))).,40.5720796460177
TTCATCGAAGAGATTATCGAAAAGATAGAG,....((((........))))..........,40.55961560588498
GAAAAGTGCGCTGTTTTTACGCGACGAAAA,.....((.(((.((....))))))).....,40.556483942519606
GAAAAGGTCACATTCTTATCGGACTGAAAA,((.((((......)))).))..........,40.55330577373432
GAAAAATCTATGGCCATGCCTTAATGAAAA,...........(((...)))..........,40.55253139544544
GAAAAGTAAGTTTTGTCGAAACGACGAAAA,..........((((((((...)))))))).,40.55064672540689
GAGGGAATTAGATCCCTGTGCTATGGAAAA,.(((((......))))).............,40.5473092369478
CGAAAAGGATTATCGATACAATTCGAAAAG,............((((......))))....,40.542439860888464
GAAAAGAGAGTCCTATTGTACTAACGAAAA,........(((.(....).)))........,40.54230946906037
GAAAAGAACTTGGCATTCTGCTATCGAAGA,..........(((((...))))).......,40.54154894148828
GAAAAGCCTGTATGTTCACTTCTGCGAAAA,..............(((.(....).)))..,40.53442483556948
GGAGGAGGTTATTCCATGATTACCGGGGGA,...((((....))))...............,40.5281230529595
GAAAAGTAAAGAATTGTTTCGCTGCGAAAA,.....(((..(((....)))..))).....,40.52424121526808
GGAGGAGTAGTCCATTTTAGACTCGGGGGA,...(((....))).................,40.51352024922119
TGAAAAGGTAATCACCGATATTCCGAAAAG,......(((....)))..............,40.50056184189203
GAAAAGTCTGGACTTATAGTTCTGTGAAGA,.........(((((...)))))........,40.499182145016654
GAAGAGATGTTCGTTGTTCGTAATCGAAAA,(((......)))....((((....))))..,40.48791727061873
GAAAAGGCCTGTGTTATAGGTAACCGAAAA,......((((((...)))))).........,40.48650543547686
GAAAAGAAAGGACTATTGTTGTTACGAAAA,.......((.(((....))).)).......,40.485845879153
GAAAAGCTAGCATATAGTGACTGGCGAAAA,.....((((((((...))).))))).....,40.48269343145827
GAAAAGTGCGTATTTCTGATGCGACGAAAA,.....((.((((((...)))))))).....,40.48154747290884
AAAAGCAGGGTTTTTTAACACCTCGAAAAG,......((((((....))).))).......,40.46769737541146
CGAAAAGTCTATAATTTCAACAGCGAAAAG,..............((((......))))..,40.46107975652095
GAAAAGTTAGAAGTTTATCTTCCACGAAAA,.........((((.....))))........,40.4606122251582
GAAAAGAGTGGATCATATTCACTTCGAAAA,.....((((((((...))))))))......,40.45760153396533
GAAAAGGCTACTGTTTCCTTTTGCCGAAAA,.....(((..............))).....,40.456568472969465
GAAGAGGCATATGTCGAAGATTTCCGAAAA,.....(((....)))...............,40.45247262924882
GAAAAGTATCCTCGTTCACGTGTGCGAAAA,...........((((........))))...,40.44923467904892
GAAAAGGAATCTGTATTAACCATCCGAAAA,.....(((..............))).....,40.44777269101675
GAAAAGGCGTTTCTCGTATATCGGCGAAAA,.............((((......))))...,40.44543899601547
GAAAAGAGATGCGTATTTGTAGATCGAAAA,.....((..((((....))))..)).....,40.43910068191808
GAAAAGGTGTTGCCTTCTATAATCCGAAAA,...(((((...)))))..............,40.431281147896456
GAAAAAACGAATTCAATACTGAGTTGAAAA,.........((((((....)))))).....,40.42881738611347
GAAAAGTTAATTTAATGAAAAGTCGTCCCG,..............((((....))))....,40.42556990695077
GAAAAGGAACTGTACGTATTAATCCGAAAA,.....(((..............))).....,40.42147391972984
GAAAAGGCTGTCTTAGTTCGTTGCCGAAAA,.....(((..............))).....,40.41970708042797
GTAAAGCTGTTTTACAGAGTAACGCGAAAA,((.(..((((...))))..).)).......,40.41882919899997
CGAAAAATCAGCAGTATTTCAGATGAAAAG,................((((....))))..,40.407305595358416
GAAAAGTTTCGAAGTCTCTTCGTGCGAAAA,.....((..(((((...))))).)).....,40.406435198878434
GAAAAATGAAGGGATCCCCATTCACGAAAA,......(((((((...))).))))......,40.40601388434075
GAAAAGGAAATAACATTACTCGTCCGAAAA,.....(((..............))).....,40.40422882380399
GAAAAGGTGATATCCTTGTCTACCCGAAAA,.....(((((((....)))).)))......,40.40220731640831
GTGAAAAGCATATTACTAGATGCGAAAAGG,.......((((........)))).......,40.39368851507432
GAAAAGGCTCTAAGTTTCGTCTGCCGAAAA,.....(((..............))).....,40.389097035159594
GAAAAGGATCATTTACGCCAACTCCGAAAA,.....(((..............))).....,40.38288801759576
GAAAAACTACTGCCTTTTGGCATATGAAAA,..........((((....))))........,40.381655050367556
GAAAAGGCTTCACTTAGACATTGCCGAAAA,.....(((..............))).....,40.380690050895744
GAAAAACCAGTTGTTCCAATTCGGTGAAAA,.....((((((((...))))).))).....,40.37801926621737
GAAAAGCATTTGCTATACCTCATGCGAAAA,........(((((..........)))))..,40.373264803784885
ATGTTTGATCGAACAGAAAAGATTCAAGAT,...(((((((..........)).)))))..,40.36859547905396
GAAGAGAGCATCGATTTCGGTGCTTAAAAA,.....((((((((....)))))))).....,40.35449526916467
GAAAAGTAGTACTTTAGTACTTGTCGAAAA,((.(((((.((...)).))))).)).....,40.35296219788427
GAATAGGATGTCCATTTTGAGACTCGAAAA,......((.(((((...)).))))).....,40.35053066125167
TGAAAAGTGTCATGCTTGTTTGCCGAAAAA,.............((......)).......,40.3492887716838
GAAAAGTTGATTGTTCTACATAAGCGAAAA,.....((.((....)).))...........,40.34707303629955
GAGGGAATATACCCATATTGTATAGGTAAA,..(((......)))................,40.34317109144543
GAAAAGTATCAATTGGTAATTGCCCGAAAA,..............(((....)))......,40.33967400461166
GAAAAACTGATCCCATCATTATAGTGAAAA,...............((((....))))...,40.33655120673067
GAAAAGAAAGGTATTCCGTTTAGTCGAAAA,((..(((..((....)).)))..)).....,40.33181811858264
GAAAAGTATTATGTCGCGCAAATGCGAAAA,.............((((......))))...,40.316757036123335
GAAGAGATGATAATCTATGGTCTTCGAAAA,...(((((.(((...))).)))))......,40.31254061486588
GAAAAGACGTAGTCCCTACTCTGTCGAAAA,((..(((.((((...))))))).)).....,40.31022316709639
GAAGAAGAGCTAGTTTACTGAGCTTGAAAA,......(((((((....)).))))).....,40.30964538115364
GAAAAGTTCATGATTGATAGTACGAAAAGG,.......(((....))).............,40.30740600704847
CGAAAAGCATCATGCATTGTCTGCGAAAAG,......(((.((.....))..)))......,40.300310766307064
GAAAAGTGGTTATCTGTTGGTTAACGAAAA,......(.((((((....)).)))).)...,40.29646724074769
TCGAAAAGGTATTGCATTACCGAAAAGGTG,.......((((......)))).........,40.29398508109978
GAAAAGCAGAGAAAGCATTACATGCGAAAA,..............((((...)))).....,40.28341481079681
GAAAAGCTAGCTCGTATACTTTAGCGAAAA,...........((((........))))...,40.28262662469014
GAAAAATCAACAATAGTATTCTGATGAAAA,..........((.(((....))).))....,40.276398031274766
GAAAAGTAGAGGGGTTCTCTCGTTCGAAAA,........(((((...))))).........,40.27581962019356
GAAAAATCGCATACTTGTAAAAAATGAAAA,........(((....)))............,40.273220316395374
GAAAAACTATTACACTGTGTGTTGTGAAAA,.......(((.((((...)))).)))....,40.27306106183187
GAAAAGAGGCTCGCTTATTGCCACGAAAAT,.......(((.........)))........,40.27011781190801
CGGAGGAGTCAAGCATTTTTGAGGGGGGAG,((((((.((...)).)))))).........,40.26985507246377
GAAAAATGTGTTACTTTGTGGCAATGAAAA,........((((((...)))))).......,40.26861614491038
GGAGGAGTATTAGTCCATATATACGGGGGA,...(((.......)))..............,40.26772585669782
GAAAAGTAAAAACTCTTGTGGATACGAAAA,.....(((...((....))...))).....,40.26258270488576
GAAAAGGTATTTCTCGTGGAACAACGAAGA,.............((((......))))...,40.258133549643055
GAAAAGTCGAGGAAGTTTCTCGATCGAAAA,.....((((((((...))))))))......,40.25795126077698
GAAGAGTTTAGTCGTGGTGATTAACGAAAA,...........((((........))))...,40.25454042544769
CGAAAAACGTCTTATTGAGAAACTAAAAAG,.........((((...))))..........,40.25291671055836
AGCGGAGGAGTATACTATATCGGGGGAGAT,..(.((..((....))...)).).......,40.24811594202899
GAAAAGGTGATAATCACGTATCGTCGAAAA,....(.((((...)))).)...........,40.24301722547176
GGGGGAGAACCATAGGTATTATTCGGAGGA,.((......))...................,40.24144080996885
GAAAAGCATATATCGTTTTCGATGCGAAAA,.....(((....(((....)))))).....,40.232069094098065
CATATTGTTGCGAATCGAAAAGCGAATTTG,.......((((..........)))).....,40.23119606106498
GGGGGAGAGATTTTTAGAATCGTCGGAGGA,......(((((((...))))).))......,40.22527763195602
GGGGGAGTGTTATTAGACTATCACGGAGGA,....((..(((....)))..))........,40.22299292193844
GAAGAGTATTTTCATTTGGGCCTACGAAAA,(((((...))))).((((......))))..,40.216647763241525
GAAAAGCCACAGCTTGTATTTTGGTGAAAA,...((((....))))...............,40.215644989932564
GAAAAGTTAGTTCGCTAGTTCTCCCGAAAA,..........((((..........))))..,40.21405116280651
CGAGGGAATAAAATCCTATGTTAGGAAAAG,.............(((((...)))))....,40.20273092369478
GAAAAGCAAGTCGTATCATGATTTCGAAAA,.......(((((((...)))))))......,40.20151343497761
CGAAAAGGCTCCAATTTCATTGACGAAAAG,..............((((......))))..,40.20138681244927
CGAAGAGTGGTTCGTTATGTATCTGAAAAG,((((......))))................,40.19408810661388
CGAAAAGCTGGAACACTTTCACACGAAAAG,................((((....))))..,40.18936126704457
GAAAAGCACCAATTTTAATTGCAGCGAAAA,.....((..((((....))))..)).....,40.187237680464236
GAAAAGTTAGCTAGTATTTACAGCCGAAAA,.........(((.((....)))))......,40.185080998776286
CGAAAAACAATGCTTCGTACCCGTGAAAAG,((((.........)))).............,40.18270127257828
GAGGGAAATGAATCTTTGGTTCTTGGAAAA,.........(((((...)))))........,40.18173450882352
GAAAAGTATTGGTTTCTGCCCAAGCGAAAA,.....((...(((....)))...)).....,40.16640924411388
GAAAAGGCATGCGCTAGTTAATTCCGAAAA,.....(((....)))...............,40.164081146388234
GAAGAGTAAATGCCTCGTGTCTTACGAAAA,..............(((((...)))))...,40.15644753159434
GAAAAGATGGTTCTTAACGATTCGAAAAGG,...((((....))))...............,40.15249819401478
GAAAAGGGGTTGCCCCTACAGCACCGAAAA,....(((((...))))).............,40.15012429880445
GAAAAGTAGGAGATTATTCGCCTCGAAAAG,.......(((.((....)).))).......,40.14880360861585
AAAAGCCTGTATCTTTAGAGAAGTGAAAAG,......((.((....)).))..........,40.147614919888255
ATAACGGATCGAATAAAAAAGAACTGATTT,....(((.((..........)).)))....,40.14713486860152
CGAAAAGGGGCCTTTTGATTAACCGAAAAG,..(((((....)))))..............,40.14160303478685
TCAAGTTATGCGAATCGAAAAGCAACTTCA,..((((..(((..........)))))))..,40.14001959047674
GAAAAGGTGTTGGTCTTACCTATACGAAAA,......((((.(((...))).)))).....,40.139520609304405
GGAGGAGAATGTATCCTTGCATTTGGGGGA,.(((((.......)))))............,40.13665109034268
GGGGTGGGCGTAGTCCCTAGATGGTGAGGA,..((.((((...))))))............,40.12989675516224
GAAAAGTGACCAGAGTTTTTGGTGCGAAAA,.....((.((((((...)))))))).....,40.12785342508564
AAAAGAGAAAATCTCATTTATCTTGAAAAG,....((((...))))...............,40.124842699089164
GAAAAGTGTTGTCTGTTAGTAGCACGAAAA,.....((((((.((...)))))))).....,40.12216920949274
GAAAATCGCACTTCCTTATGTGAGTGAAAA,........(((((.(....).)))))....,40.12080520559779
GAAAAGTACCTTCTTGGTAAGATACGAAAA,......((((.....))))...........,40.11971561171062
TGAAAAGCGGTTCTCTGAATTGTGAAAAGA,......(((((((...))))))).......,40.11925477185202
AAAAGAGCGGCATTTGTCCTTCTCGAAAAG,...((((.(((....))).)))).......,40.11774820233148
GAAAAGAGCTCTATTCTCGTACCTCGAAAA,(((.((....)).)))(((.....)))...,40.1150341421333
GAAAAGTATACCCATCTTGAGTAACGAAAA,.....((.(((.((...)).))))).....,40.11060296376015
GAAAAGTTGTTTGTTGGCTACCAACGAAAA,.........((((((((...))))))))..,40.101661635326195
GAAAAGTTATCAGTCACTGATGTATGAAAA,.......((((((...))))))........,40.10092458782708
TGAAAAGGATTCTTCTGGATGCACGAAAAA,......(.((((....)))).)........,40.099009800357805
GAAAAGTTTAATAGCTATGGTAATCGAAAA,....((((....))))..............,40.09254938410432
TCCGAAAAGGATTACTTAAGCTGAAAAGGG,(((.....)))...................,40.091045486850156
CTGTACGGTCGAATTAAAAAGGCTGGCCTG,.....(((((..........))))).....,40.087394156760915
GGAGGAGTATACCGCCGGCTATACGGGGGA,...........((.(((......))).)).,40.086767912772586
GAAAAGGTGTCTGCTCTGTAGTTCTGAAAA,....(((...((((...)))).))).....,40.08674729489334
GAAAAGCGGATCCTTTGGATTTTGCGAAAA,.....((((((((...))).))))).....,40.08378889311712
GAAAAGCGGTCACGATAGTTTCCTCGAAAA,.......((..((....))..)).......,40.061450377117765
GAAGAGCCTGACTAATTGCATGTGCGAAAA,...............((((....))))...,40.049205358887264
GAAAAGGATTACGCTTCGTGTTCCCGAAAA,.....(((.((((...)))).)))......,40.03464960733305
GAAAAGCTTTAAACATTCGTTGCGCGAAAA,...............(((((...)))))..,40.03292523161595
GAAAAGCATTATCGCTATCGAAATCGAAAA,....(((......))).(((....)))...,40.031703847171514
GAAAAGATGATTCCATCTCGCCATCGAAAA,....(((((....)))))............,40.027125243844665
GAAAAGAGTGTATTCTTACGCTACCGAAAA,......((((((....))))))........,40.02542256198916
GAAGAAGTAGTTTCTACAAATCTGCGAAAA,..(((.((((...))))...))).......,40.02511180306683
GAAAAGTATGTAGCCTTAGCAAGTCGAAAA,............((....))..........,40.02347924311995
GAAAAGATGGAATATTTCCGGAATCGAAAA,((.....(((((...)))))...)).....,40.02020940515155
GAAAAGGACATAGTGTAACTGTGTTAAAAA,......((((((((...)))))))).....,40.01835146911992
GAAAAGCTCCCTTGTTGTTTATAGCGAAAA,...........((((((....))))))...,40.017451926829594
GAAAAAGCCTGTGCTTGCAACATATGAAAA,....((((....))))..............,40.01735648606703
CGAAAAGTTACTGATTTCCGATCCGAAAAG,..............((((......))))..,40.015274281211106
CTCGAAAAGTTCAATATTGGACGAAAAGCG,........(((((....)))))........,40.01389811519796
GGGGAGATTCGTTCATATTGATCGGAGGAG,.......((((.(((...))).))))....,40.00762536873157
GAAGGAATGACTCATTATTGACCAGGAAAA,...........(((....))).........,40.005856940072825
GAAAAGGACGTTTGTCTTACAATCCGAAAA,....(((((....)))))............,40.000683721095456
TGGAGGAGCGTAATGTATTACTCGGGGGAA,(.(((...............))).).....,39.99594202898551
GAAAAGCGGGTTTCTTTGGTTAAGCGAAAA,((((......))))((((......))))..,39.990380527078564
GAAAAACGAAAGTACTCTTGTGAGTGAAAA,............(((((....)))))....,39.98929095458967
TTGAAAAGATTGGTTGTCCATCGAAAAAAA,.......(((.((....)))))........,39.9886310556717
GAAAAGTGATTACCGTAGGGAGAATGAAAA,............((....))..........,39.9763281354269
GAAAAGCATGTTACATCGTTTGAGCGAAAA,...............((((....))))...,39.975094015112575
GAAAAGCCATTTGGTTTATGTGCGCGAAAA,...(((((....))))).............,39.964448417738794
GAAAAGATACGAACTAGTGTTCGTCGAAAA,........((((((....))))))......,39.961889026118335
GAAAAGATGCCATGTTGTCATCATCGAAAA,.....((((..(((....))))))).....,39.96185114712699
CATGACAATTGAATCGAAAAGATTTCGCTG,..........(((((.....))))).....,39.94347508849954
GAAAAGACTATGTCTCGACATCGTTGAAAA,.....(((...)))(((((...)))))...,39.935738486239046
GAGGAGTGATTTCATTAATATCCGGGGGAG,..((((((....))).....))).......,39.935072463768115
GAAAAGTCACATCGTTCATGTTCGCGAAAA,...........((((........))))...,39.92771229427643
GAAAAGAAGTCTCGTTAATCAATTCGAAAA,...........(((..........)))...,39.92672541381717
GAAAAGTGTAATCGGTTGTTGACACGAAAA,.....((((...(....)...)))).....,39.92493280381326
GAAAAGTTTGTGGTCTTCTACCAACGAAAA,.....(((.((((....)))).))).....,39.922147653122835
GGAGGAGGCGAAAATTTAATGTCCGGGGGA,(((..................)))......,39.91372111510414
GAAAAGAGTGTATTTCATACAACTGGAAAA,......(((((((...)))).)))......,39.90875723489827
GAAAAAGAACTCCTATTAGGTATCTGAAAA,.....(((...(((...)))..))).....,39.90473159397642
GAAAAGCTCGGTCATTTTGACGAGTGAAAA,.....(((((.(((...)))))))).....,39.89780989385736
TGAAAAGCTAATGTTTAAGTAATCGAAGAA,....((((....))))..............,39.896262731277524
GAAAAGCATATGCCCTTATTTCTGCGAAAA,.....((....)).................,39.87484148846948
GAAAAGTTTTAGTGTAAATCACAGCGAAAA,...........(((.....)))........,39.8722514523614
TGAAAAGTATAGTACTCGCGTAACGAAAAG,...............(((.....)))....,39.861434312727965
GAAAAGTTATGTTATTTGTAAATACGAAAA,..............(((((....)))))..,39.857348427414294
GAAAAGGCCTTTGTTTGTACAATCCGAAAA,.....((...((((....)))).)).....,39.85575269655175
TGAAAAGAGATTTAATCATAGCTCGAAAAG,......(((............)))......,39.85427373488971
GAAAAGAGATAAATGGCGAATTCTCGAAAA,.....((((............)))).....,39.85111857894014
GAAAAGGCGAGGCCACTTTGATCCCGAAAA,.....(((...)))................,39.847277677539424
GAAAAGTAGAGGTATTATCGTAAACGAAAA,.................(((....)))...,39.842681585319724
TGAAAAGCATATGCATGCATAATCGAAAAA,......((((....))))............,39.837152658890716
GGAGGAGCCTTCGTTTATGTATGCGGGGGA,.......(((((((........))))))).,39.836300623052956
GAAAAGTGGTTATTCAATCACCTGCGAAAA,.....((((((....)))))).........,39.83591551620938
CGAAAAGGAATATCGTGTCATTTCGAAAAG,(((((..((........)).))))).....,39.83520432193298
GAAAAGAGCCGTTATTTATGACCCCGAAAA,..........((((....))))........,39.83422332277348
GAAAAGTAATTATCGTGATACTGGCGAAAA,............((((.......))))...,39.83265850530252
GAAAAGCTATCTCGTCTGTCACTGCGAAAA,...........((((........))))...,39.82875725629178
AGAAAAGCTAATTTATTAATTTGCGAAAAG,......((.((((....)))).))......,39.82524167232858
CTGAAAAGGGTTGCTCTTTACTCGAAAAAG,....((((((...))))))...........,39.82299255555913
AAGAACATGCGAATCGAAAAGCAACTGATT,.......(((..........))).......,39.81803079495854
GAAAAGTTCAATTGACCATAGGCGAAAAGG,...........(((.((...))))).....,39.81091457559928
GAAAAGGCATCGTCTATTGTTCGCCGAAAA,.....(((..............))).....,39.8106534050669
GAAAAGATGGATTCTGTCTGCTGTCGAAAA,((..((((((...))))))....)).....,39.81051621364242
GCGAAAAGTTACGCTGTTATCGAAAAGATG,(((........)))...((((.....)))),39.80201450541758
GAAAAGCTACCTCTTATGAGAGCGCGAAAA,.....(((..(((....)))))).......,39.79754030130491
GAAAAGGCATCAAACGTTTATCGCCGAAAA,.....(((..............))).....,39.79621063722901
GGGGGAATGTTACGCCTAGTACGTGGAGGA,((.(........).))..............,39.79569331274077
GAAAAGATATCAATGTTGATGTTTCGAAAA,....((((((((....))))))))......,39.7894763343486
GAAAAGGAGATTCTTAGTCCCTTCCGAAAA,...((((.((((...)))))))).......,39.78584603164866
GAAAAATCTGGATTAAGTCCTTAGTGAAAA,.........((((...))))..........,39.77170655902897
TGAAAAGGAATGATTATCATGTGCGAAAAG,.........((((...))))..........,39.77075248022295
CGAACAGAAGATCTAAGATCTTTAAAAAAG,......(((((((...))))))).......,39.770570467507866
CGAAGGAATACTGTCCTTAGTTAGGAAAAG,..(((((......)))))............,39.77020080321285
CGAAAAGTCATTCGTTTAACAGACGAAAAG,..........(((((((...)))))))...,39.770000523249564
GAAAAATTGCGGGATTTCTCGCTGTGAAAA,........(((((....)))))........,39.76398583581724
GAAAAAGGTTACATTCATATGGTCTGAAAA,...........(((....))).........,39.76379793294093
GAAAAAAGGGATATTTCCTGGCCTTGAAAA,.......((((....))))...........,39.76278759692403
AAAAGCTCGTAGTCGTCTCGTTGCGAAAAG,......((((((.((...))))))))....,39.76219264898566
GGAGGAGCCGTGATTTTATCATGCGGGGGA,.......(((((((...)))..))))....,39.75966510903427
GAAAAGTTGATTCATATGAGTTAGCGAAAA,.....((((((((....)))))))).....,39.75726505383278
GAAGAGTGTTATTGCAAGATTCAACGAAAA,(((...(((....)))...)))........,39.749497014518155
GAAGAGTAAATAGCTAGGAATTTCCGAAAA,................(((...))).....,39.73500947192084
GAGGGAAAATCAAGTGAATCATTTGGAAAA,..........((((((...)))))).....,39.734239926739924
GAAAAGGTGTTTCCTTGTGTTAGCCGAAAA,...((((.....))))..............,39.732259372620774
GAAAAGGATTTGCATCTTGTGATACGAAAA,........((((.(((....))).))))..,39.7289407635205
GAAAAGCATGGCTATTTGGCTATTCGAAAA,.....(.((((((....)))))).).....,39.721794603551935
GGAGGAGCTTGATATTTATGGGGCGGGGGA,......((((.((....)).))))......,39.71760903426791
CGAAGAGCATTCATTATTGGATCGGAAAAG,........(((((....)))))........,39.695750130413956
GAAAAGGAAAGTATCCATTAGTTCAGAAAA,.....(((.....)))..............,39.69399355239294
GAAGAGTATGATATCGTTTAGATACGAAAA,.............((((......))))...,39.692836870786394
GAAAAGCATTGTCGTTATTACCCGCGAAAA,...........((((........))))...,39.69232699114843
GAAAAGTTGGAATTTCTAGCCCTACGAAAA,.....((((((...))))))..........,39.68886143011101
CGAAAAAGATGTTTTAAAGCTCCTGAAAAG,......((..(((....)))..))......,39.688003609694135
GAAAAGTATGTTACTCGCTAAACACGAAAA,..............(((.......)))...,39.68718497075206
GCGAAAAAATTAGCTCAATTAATGAAAAGA,((..........))................,39.68657227326557
CGAAGGAGGTGAGATATTTACCCGGAAAAG,.....(.(((((.....)))))).......,39.67855072463768
GGGGGAAAACCGATTTATCGCTTTGGAGGA,.((......))...................,39.67508566978193
GAAAAGTAAGGCGTTAGTATCTCACGAAGA,...........(((.((...)).)))....,39.66760515866269
GAAAAGTGTTTTGTCCGTCGCCCACGAAGA,.................(((....)))...,39.66556169505866
GAAAAGATCAGAATGCTATTTTGGCGAAAA,..............((((...)))).....,39.66516979514901
GAAGGAATATCTGCTTTAGCAATGGGAAAA,...........(((....))).........,39.663081232851255
TGAAAAGAATTCCTCTTAGTAATCGAAAAG,....((((.....)))).............,39.66231566803489
CGAAAAGTCCATTTTGGTCCACACGAAAAG,((....(.(((...))).)....)).....,39.65114404838056
GAAAAGCTTTAAACTTTTGCTAAGCGAAAA,..............((((((...)))))).,39.65079170745128
GGGGGAGCGAAGTGGAATTTCCGCGGAGGA,...........(((((...)))))......,39.64980130199814
GAAAAACGGTCTTTAGGCTTATAGTGAAAA,.......((((....))))...........,39.649774595253476
GAAGGAATCTTCATCCGATTAAGAGGAAAA,((((....)))).(((........)))...,39.63974418317595
GAAAAAGTGTTCTTTTGTAGCACACGAAAA,......((((((....).))))).......,39.63773964107072
GAAAAGCAAATATCGTACCATATTCGAAAA,............(((.........)))...,39.63005867409552
GAAAAGAGGTTCTTCTGCAACCAGCGAAAA,.......(((((....).))))........,39.629159149965886
GAGGAGTACTTAGCTATTAAGACGGGGGAG,.....((.((((.....)))))).......,39.6263768115942
GAAGAGCATATAGTTGCCTTGTGGCGAAAA,.............(((((....)))))...,39.62394490952934
GAAAAGTTGCCATCTTATGGTACCCGAAAA,.......((((((...))))))........,39.62043663967467
GCGAAAAGAGCGTTCTTTTGCTCGAAAAGT,((.....(((((......))))).....)),39.61780386604663
GAGGGAAACCTATGAGTAATAAGTGGTAAA,.(((....)))...................,39.616194531876815
GAGGGAAATGTTCGTCTAGAATCTGGACAA,.............((((((...))))))..,39.6100641025641
GAAGATGCTGATTGCTTCAATCAGTGAAAA,......((((((((...)))))))).....,39.60502937967782
GAAAAGGGCTCCCTTTGGTTTCTCCGAAAA,..(((((....)))))((.....)).....,39.60494326632332
GAAAAGAGTGTTCGCTTTAGTCCTCGAAAA,((..(((((....)))))..))........,39.59289795632793
GAAGGGATATGCGTTTTCGCTATCTGAAAA,....(((((.(((....)))))))).....,39.58927012514873
GAAAAGTAACCTTGGGCTCATGTGCGAAAA,...........(((.((....)).)))...,39.584456993631065
GGGGGAGTATACATCTAATGTATTGGAGGA,........((((((...)))))).......,39.5810766961652
GAAGAGCTGCTTTAATTGTTAGAGCGAAAA,.......((((((((...))))))))....,39.55897887729125
GAAAAAGCGCTACGAAAATTAAGCTGAAAA,.....(((..............))).....,39.553582355712926
GAAAATGGTATTTCTATGAAACGCCGCAAA,......(((.((((...)))).))).....,39.54692533442534
GAAAAAGCTAGTTGCTTACTCTGCTGAAAA,((..((((.....))))..)).........,39.54190724720484
GAAAAACGTTATGATTTCGTAGCGTGAAAA,.....((((((((....)))))))).....,39.54105740540393
GAAAAGTATTATCCTCTTGGAAACCGAAAA,...........(((....))).........,39.540873091680425
GAAAAGCAATATCCGTATCTTATGCGAAAA,.............(((((...)))))....,39.540086097022254
TGAAAACCACTGCCTTTCATGTGAGAAAAA,.......(((..........))).......,39.53825795571533
GAAGAGGTCTGATCCAGATTATTCCGAAAA,(((..((((((...)))))).)))......,39.53823545886882
GCGAAAAGTAGGTGCTTTAACACGAAAAGA,....(((((....)))))............,39.53797293309562
GAAAAGAAATAGCGTTTCGTAGTTCGAAAA,..............(((((.....))))).,39.53498172011382
GAAGAGCAACGTATCTTATGTAGTCGAAAA,.....((.(((((...))))).))......,39.53408029771457
GAAAAGCTTCAATTGGTGTAACAGCGAAAA,............(((.((...)).)))...,39.53096557361477
GAAAAGCTCCTTGCGTTTGCAAGACGAAAA,.........(((((....))))).......,39.52385653076472
CGAAAAGTGCTTCCCTTTTAACACGAAAAG,..(((((.......)))))...........,39.5111339631743
GAAAAGTAGTCTATTGATATGCCACGAAAA,.....((((((....))).)))........,39.510409529025466
GAAAAGTATAGGGGTTCTTCCTTACGAAAA,........((((((....))))))......,39.50919425315972
GAAAAGCTATGTGCTAAACTTCTGCGAAAA,....(((.....)))...............,39.50356555627829
CGGAAAAGGTCGTATTCATATCCGAGGGAG,((((...((......))...))))......,39.50038746724989
GAAAAGCCTGATGGTTCATCATTCGAAAAG,((..((((....))))..))..........,39.500185117180976
GAAAAGTGGGTTCCATTTGTACACCGAAAA,...((((((...))))))............,39.495952472552005
CGAAGAGTAATCTTAGAAGTATCCGAAAAG,..((((....))))................,39.490348586507324
CGAAAAGTATAGCTCTATCGTATCGATAAG,...............(((((...)))))..,39.48717267916088
GAAGAGATATCTGGTCCCCAGATATGAAAA,......((((((((...)))))))).....,39.47633245313306
GAAGAGTAACTTCTGGCAGAATTTCGAAAA,((((.....)))).................,39.468167741816615
CGAAGAGAGTCATTCGTTCACTTAGAAAAG,((((........))))..............,39.46544925783168
GAAAAGCATGGAATTTCCGTTACGCGAAAA,.....(((((((...)))))...)).....,39.464540484787356
GAAAAGGAATCTACGCTATTATGCCGAAAA,..............((......))......,39.45994444215452
GAAAAGATAAATATCATTGTTTGGCGAAAA,.......((((((....)))))).......,39.45827327149189
GAAAAAGCTGCTATGCTTCAGTGCTGAAAA,....((((......))))............,39.45594689999946
CGAAAAGGTCTCCATGTTAACCGAAAAGTG,......(((..........)))........,39.44639251938085
TGAAAAGGATCTTGTTAACGTCCGAAAAGG,......((((.........)))).......,39.4453954318251
GAAAAGGTACTGGCATTTGCTTCCCGAAAA,.....((....(((....)))..)).....,39.441046628003
GAAAAGGCTCTTTAGATTATCGCCCGAAAA,.....(((.............)))......,39.42358722701128
CGAAGGAGCCATACCTTGTTATCGGAAAAG,..((((.......)))).............,39.42170682730924
AGTGATTCCGAATCGAAAAGGATTCCTCAG,.........(((((......))))).....,39.419028494306
GAAAAGGTACATTTATGGTCATTCCGAAAA,................((.....)).....,39.40734765476062
GAAGGAGTTACTTCAATGTGTAATGGAAAA,((((......))))................,39.4051317657224
CGAAAAATCTTGCATTTGCATGACGAAAAG,.......((.(((....))).)).......,39.4017883638911
CGAAAAGCAAATACTGTTTGTATCGAAAAG,(((...((((((...)))))).))).....,39.38973032879258
GGAGGAAGAAGTTATATATCCTCTGGGGGA,((((((............))))))......,39.38606697819314
GAAAAGTCGCTTATTCCTAAAGTGCGAAAA,......((((.............))))...,39.38389213673017
CGAAAAGACTCAGCTCTCTTCGTTGAAAAG,((((.(((......))).))))........,39.37533952989021
GAAAAGAATTATCAGTTCCCCGTTCGAAAA,(((..(((((...)))))....))).....,39.36656088373791
GAAAAACAACCTTGTGGTAATATGTGAAAA,........(((....)))............,39.366093580296805
GAAGGGAAATCATCTTTATGGTTGGGAAAA,.......((((((....)))))).......,39.36576502732241
GAAAAGTTGTGTTATCGCATGTAACGAAAA,.......((((....))))...........,39.3636489921586
AGGGAAATATCTATGGTAGATCTGGAAAAG,..(((..((((...))))..))).......,39.36011124761125
GAAAAGAAAGTACTCGTGTTATCTCGAAAA,.............(((........)))...,39.35363822910705
TGCAGGCCGCGAATTAAAAAGTTGTTTGCT,.((((((.((..........)).)))))).,39.35122249350635
GAAAAGAGTACTTCGAAATGATCTCGAAAA,...........(((((.......)))))..,39.35069080381943
GAAAAGATGTTGACTGTCGTACTTCGAAGA,................(((.....)))...,39.346926524574734
GAAGAGCCTTATCAATTTGGTCGGTTAAAA,....((((..((((...)))).))))....,39.33972873253696
TGAATAAAGGTTCTGTAACTACTTAAAAAA,.((((....)))).................,39.33388888888889
GAAAAGGCCTCGTCTCTCTCTCGCCGAAAA,.....(((..............))).....,39.326583562428404
GAAAAGAAGCAAATTTGCTTTGTTCGAAAA,(((..((((((....)))))).))).....,39.32372367991134
CGAAAAAGCCATCTATTGATTACTGAAAAG,......((..(((....)))..))......,39.32070943224939
