Sequences,Secondary structure,Scores
GGTTTGGTCTATTCATAGGCGTCCGGGTGA,((....(((((....)))))..))......,139.0931773327136
GATTGTGGTCTATTCATAGGCGTCCGCTGA,....((((((((....))))...))))...,132.35417646312823
CTGATTGGTCTATTCATAGGCGTCCAGAGG,(((....(((((....)))))...)))...,121.5562560802628
AACGGTGGTCTATTCATAGGTGTCCGACTT,..(((...((((....))))...)))....,112.21521439458728
GGTTTGGTCTATTCATAGGCGTCCGGGTTA,((....(((((....)))))..))......,106.30862110084244
TGCTGGTCTATTCATAGGCGTCCGAGTTCA,.....(((((....)))))...........,105.7507054559949
GTTTGGTCTATTCATAGGCGTCCGGGTGAG,.....(((((....)))))...........,102.87171018443095
TGATTGGTCTATTCATAGGCGTCCAGAGGG,......(((((....)))))..........,102.05464280426122
TGATTGGTCTATTCATAGGCGTCCATAGGG,......(((((....)))))..........,101.43437840615746
GTTTGGTCTATTCATAGGCGTCCGGGTTAG,.....(((((....)))))...........,101.39474500126536
CCGATTGGTCTATTCATAGGCGTCCATAGG,.......(((((....))))).........,101.3496353135655
TGTTTGGTCTATTCATAGGCGTCCGGGTGA,......(((((....)))))..........,101.20062908582037
GATTTGGTCTATTCATAGGCGTCCGGGTGA,......(((((....)))))..........,101.12995834197494
GTTTGGTCTATTCATAGGCGTCCGGGTAGT,.....(((((....)))))...........,101.0878856734681
GATTTGGTCTATTCATAGGCGTCCGCTGAG,......(((((....)))))..........,101.03895001030583
GATTGGTCTATTCATAGGCGTCCGGGTGAG,.....(((((....)))))...........,101.00474655086552
GTTTTGGTCTATTCATAGGCGTCCGGGTGA,......(((((....)))))..........,101.00187109940566
ATTTGGTCTATTCATAGGCGTCCGGGTGAG,.....(((((....)))))...........,101.00109750932344
GATTGGTCTATTCATAGGCGTCCAGAGGGT,.....(((((....)))))...........,100.94631374585734
TTTGGTCTATTCATAGGCGTCCGGGTTAGT,....(((((....)))))............,100.93458223250795
CTGATTGGTCTATTCATAGGCGTCCGCTGA,.......(((((....))))).........,100.9276715190141
GTTTTGGTCTATTCATAGGCGTCCGGGTTA,......(((((....)))))..........,100.91806080873678
GATTTTGGTCTATTCATAGGCGTCCGCTGA,.......(((((....))))).........,100.86060453389706
CGATTGGTCTATTCATAGGCGTCCAGAGGG,......(((((....)))))..........,100.83444094307745
GTTTTTGGTCTATTCATAGGCGTCCGCTGA,.......(((((....))))).........,100.81707262090819
CTATTGGTCTATTCATAGGCGTCCAGAGGG,......(((((....)))))..........,100.80157692699046
GTTGGTCTATTCATAGGCGTCCGGGTTAGT,....(((((....)))))............,100.74479742307375
GATTGTGGTCTATTCATAGGCGTCCGGGTG,.......(((((....))))).........,100.73142111709008
TTATTGGTCTATTCATAGGCGTCCAGAGGG,......(((((....)))))..........,100.70069684416691
TTGTGGTCTATTCATAGGCGTCCGGGTGAG,.....(((((....)))))...........,100.69910078324443
TAATTGGTCTATTCATAGGCGTCCAGAGGG,......(((((....)))))..........,100.68070560776565
ATGTTTGGTCTATTCATAGGCGTCCGAAGT,.......(((((....))))).........,100.66261739062622
GTTGTGGTCTATTCATAGGCGTCCGGGTTA,......(((((....)))))..........,100.65124286707538
GTTTGGTCTATTCATAGGCGTCCGAGTGAG,.....(((((....)))))...........,100.64981395430573
GTTTGGTCTATTCATAGGCGTCCGTGATAG,.....(((((....)))))...........,100.6301218040378
CTAATTGGTCTATTCATAGGCGTCCAGAGG,.......(((((....))))).........,100.61119967155015
GTTTGGTCTATTCATAGGCGTCCGTGTTAG,.....(((((....)))))...........,100.6037512280489
GATTGGTCTATTCATAGGCGTCCAGATGGT,.....(((((....)))))...........,100.43603640460967
GATTGTGGTCTATTCATAGGCGTCCAGAGG,.......(((((....))))).........,100.42678109911222
GTTTTGGTCTATTCATAGGCGTCCGTGTGA,......(((((....)))))..........,100.40261842209034
GTTTGGTCTATTCATAGGCGTCCAGGTGAG,.....(((((....)))))...........,100.38479874621979
TGATTGGTCTATTCATAGGCGTCCAGATGG,......(((((....)))))..........,100.38322135133627
CTAGTTGGTCTATTCATAGGCGTCCGATGG,.......(((((....))))).........,100.34252271452766
GATTATGGTCTATTCATAGGCGTCCGCTGA,.......(((((....))))).........,100.30589846198859
TGATTGGTCTATTCATAGGCGTCCAGGGGG,......(((((....)))))..........,100.19550885526218
TGATTGGTCTATTCATAGGCGTCCAGCGGG,......(((((....)))))..........,100.190304136317
GATTGTGGTCTATTCATAGGCGTCCGTTGA,.......(((((....))))).........,100.18649004609071
CTGATTGGTCTATTCATAGGCGTCCAAAGG,.......(((((....))))).........,100.18090836995799
CTTATTGGTCTATTCATAGGCGTCCAGATG,.......(((((....))))).........,100.1797084403014
CTATATGGTCTATTCATAGGCGTCCGATTG,.......(((((....))))).........,100.06535924055713
TTAGTTGGTCTATTCATAGGCGTCCAGTGA,.......(((((....))))).........,99.99681623604349
CTATATGGTCTATTCATAGGCGTCCGACTG,.......(((((....))))).........,99.9909304254368
CTGTTTGGTCTATTCATAGGCGTCCTGAGG,.......(((((....))))).........,99.91953194967346
CGTATGGTCTATTCATAGGCGTCCGTTCTG,......(((((....)))))..........,99.89929587836968
TGGTCTATTCATAGGCGTCCGGGTTAGTCG,..(((((....)))))..............,99.88837544423995
CTGATTGGTCTATTCATAGGCGTCCCGAGG,.......(((((....))))).........,99.84813526567038
CTGATTGGTCTATTCATAGGCGTCCCACTG,.......(((((....))))).........,99.77881943553751
GCTGGTCTATTCATAGGCGTCCGAGTTCAG,....(((((....)))))............,99.76860262469478
CTGATTGGTCTATTCATAGGCGTCCCAAGG,.......(((((....))))).........,99.763552259965
GTTTTGGTCTATTCATAGGCGTCCTGGTTA,......(((((....)))))..........,99.68821177383288
TGCTGGTCTATTCATAGGCGTCCGAGTCCA,.....(((((....)))))...........,99.6672329393774
TGCTGGTCTATTCATAGGCGTCCGTGTTCA,.....(((((....)))))...........,99.65336051613657
TGCTGGTCTATTCATAGGCGTCCGAGTGCA,.....(((((....)))))...........,99.61294460723518
CTGCTGGTCTATTCATAGGCGTCCGAGTTC,......(((((....)))))..........,99.59599657464483
CTAATTGGTCTATTCATAGGCGTCCTGAGG,.......(((((....))))).........,99.59428239537382
TGCTGGTCTATTCATAGGCGTCCGAGTTCC,.....(((((....)))))...........,99.57843420708463
TGCTGGTCTATTCATAGGCGTCCGAGTTTA,.....(((((....)))))...........,99.57565835698054
GATTGTGGTCTATTCATAGGCGTCCTCTGA,.......(((((....))))).........,99.55767351062454
TGCTGGTCTATTCATAGGCGTCCGAATTCA,.....(((((....)))))...........,99.55688649836696
TACTGGTCTATTCATAGGCGTCCGAGTTCA,.....(((((....)))))...........,99.55206363109573
CTGGTCTATTCATAGGCGTCCGAGTTCAGT,...(((((....))))).............,99.54755287467657
GATTGTGGTCTATTCATAGGCGTCCTCTGT,.......(((((....))))).........,99.5470507683246
GGTTTGGTCTATTCATAGGCGTCTGGGTGA,......(((((....)))))..........,99.40700596053566
GGTTTGGTCTATTCATAGGCGTCAGGGTGA,......(((((....)))))..........,99.38917623926865
GGTTTGGTCTATTCATAGGCGTCTGGGTTA,......(((((....)))))..........,99.35776011931458
AGTCTGGTCTATTCATAGGCGTCCAATAGG,......(((((....)))))..........,99.23229329565466
CAGTCTGGTCTATTCATAGGCGTCCAATAG,.......(((((....))))).........,99.19223418102878
CACATGGTCTATTCATAGGCGTCCTATCTG,......(((((....)))))..........,99.15039241720973
GTTAGGTCTATTCATAGGCGTCCGAGTTCA,.....(((((....)))))...........,98.96909575942436
GATTGTGGTCTATTCATAGGCGTCTGCTGA,.......(((((....))))).........,98.92457330591994
GGTTTGGTCTATTCATAGGCGTTTTGGTGT,......(((((....)))))..........,98.91307093114045
ATTGTGGTCTATTCATAGGCGTCTGCTGAG,......(((((....)))))..........,98.89187743964064
TTGGTCTATTCATAGGCGTCTGGGTGAGTC,...(((((....))))).............,98.75644724145128
GGTTTGGTCTATTCATAGGCGTTCGGGTGA,......(((((....)))))..........,98.72401817276003
GGTTTGGTCTATTCATAGGCGTACGGGTGA,......(((((....)))))..........,98.70375958265191
CGTAAGGTCTATTCATAGGCGTCCATGTGG,......(((((....)))))..........,98.68556024432431
GGTTTGGTCTATTCATAGGCGTCCGGGGGA,((....(((((....)))))..))......,98.57932070837484
GGTTTGGTCTATTCATAGGCGTCCGTGTGA,((....(((((....)))))..))......,98.53122171551237
GATCGGTCTATTCATAGGCGTCCAGAGGGT,.....(((((....)))))...........,98.52871217112124
GGTTTGGTCTATTCATAGGCGTCCTGGTGA,((....(((((....)))))..))......,98.25167043894811
GGTTTGGTCTATTCATAGGCGTCCGGGGTA,((....(((((....)))))..))......,98.25020664775425
GGTTTGGTCTATTCATAGGCGTCCGGGTTG,((....(((((....)))))..))......,98.17901499689545
GGTTTGGTCTATTCATAGGCGTCCGGGTGG,((....(((((....)))))..))......,98.16414885188317
GGTTTGGTCTATTCATAGGCGTCCGGGTGC,((....(((((....)))))..))......,98.11944231825186
GGTTTGGTCTATTCATAGGCGTCCGCTGAG,((....(((((....)))))..))......,98.1180092818694
GGTTTGGTCTATTCATAGGCGTCCGGGTCG,((....(((((....)))))..))......,98.11389061804368
GGTTTGGTCTATTCATAGGCGTCCGGGTAA,((....(((((....)))))..))......,98.10945948918072
GGTTTGGTCTATTCATAGGCGTCCGGGTAG,((....(((((....)))))..))......,98.1002246719328
GGTTTGGTCTATTCATAGGCGTCCAGAGGG,((....(((((....)))))..))......,98.03580247879295
GGTTTGGTCTATTCATAGGCGTCCGGGAGA,((....(((((....)))))..))......,98.02299086255805
GGTTTGGTCTATTCATAGGCGTCCGGTTTA,((....(((((....)))))..))......,98.02101052195019
GGTTTGGTCTATTCATAGGCGTCCGTGTTA,((....(((((....)))))..))......,97.8793635920248
GGTTTGGTCTATTCATAGGCGTCCGGTGAG,((....(((((....)))))..))......,97.85371480693841
GGTTTGGTCTATTCATAGGCGTCCGGCTGA,((....(((((....)))))..))......,97.82800327979311
GGTTTGGTCTATTCATAGGCGTCCGGATGA,((....(((((....)))))..))......,97.81012884465234
GGTTTGGTCTATTCATAGGCGTCCGAGTGA,((....(((((....)))))..))......,97.79712577130272
GGTTTGGTCTATTCATAGGCGTCCGGTTGA,((....(((((....)))))..))......,97.7967843015455
GGTTTGGTCTATTCATAGGCGTCCGGAGGA,((....(((((....)))))..))......,97.79478204152363
GGTTTGGTCTATTCATAGGCGTCCGGTTAG,((....(((((....)))))..))......,97.76894617294838
GGTTTGGTCTATTCATAGGCGTCCGGATTA,((....(((((....)))))..))......,97.75458626431148
GTTTTGGTCTATTCATAGGCGCCCGGGTTA,......(((((....)))))..........,97.68440986533255
GGTTTGGTCTATTCATAGGCGTCCGAGTTC,((....(((((....)))))..))......,97.64229539322255
GGTTTGGTCTATTCATAGGCGTCCGAGTTA,((....(((((....)))))..))......,97.63535576796232
GGTTGGTCTATTCATAGGCGTCCGGGTTAG,((...(((((....)))))..)).......,97.62803036293838
GGTTTGGTCTATTCATAGGCGTCCGTGTTG,((....(((((....)))))..))......,97.60963125936979
GGTTTGGTCTATTCATAGGCGTCCGTGCTA,((....(((((....)))))..))......,97.59054728990415
GGTTTGGTCTATTCATAGGCGTCCGTGAGA,((....(((((....)))))..))......,97.58430162716994
GGTTTGGTCTATTCATAGGCGTCCAGGTGA,((....(((((....)))))..))......,97.44435277471305
GGTGTGGTCTATTCATAGGCGTCCGGGTGA,((....(((((....)))))..))......,97.4407078247308
CATTCCGGTCTATTCATAGGCGTCCTTGTG,.......(((((....))))).........,97.43396140841716
GGTTTGGTCTATTCATAGGCGTCCAGGTTA,((....(((((....)))))..))......,97.37541160196814
GGTGTGGTCTATTCATAGGCGTCCGGGCGA,((....(((((....)))))..))......,97.36959747779778
ATGGTGGTCTATTCATAGGCGTCCGCTGAG,..((..(((((....)))))..))......,97.22558019971589
GGTCTGGTCTATTCATAGGCGTCCGGGTGA,((....(((((....)))))..))......,97.12630778258757
TGCTGGTCTATTCATAGGCGCCCGAGTTCA,.....(((((....)))))...........,96.79273904874294
GGTTTGGTCTATTCATAGGCGTCCCGATGC,((....(((((....)))))...)).....,96.78724404206307
GGCTTGGTCTATTCATAGGCGTCCGTGTGA,((....(((((....)))))..))......,96.63846095738239
GGCTTGGTCTATTCATAGGCGTCCGTGTTA,((....(((((....)))))..))......,96.62284680054687
CGGTTTGGTCTATTCATAGGCGTCCTGGTG,.((....(((((....)))))..)).....,96.62228914962725
GGTTTGGTCTATTCATAGGCGTCCTGGTTA,((....(((((....)))))..))......,96.60378303566209
GTTTTGTCTATTCATAGGCGTCCGGGTGAG,.....(((((....)))))...........,96.60049470380191
GTTTTGTCTATTCATAGGCGTCCGGGTTAG,.....(((((....)))))...........,96.52765413669601
GGTCTGGTCTATTCATAGGCGTCCGTGTGA,((....(((((....)))))..))......,96.47220648745744
GGTTAGGTCTATTCATAGGCGTCCGGGTGA,((....(((((....)))))..))......,96.45620349300617
GGTTTGGTCTATTCATAGGCGTCCTTGTGA,((....(((((....)))))..))......,96.45614521752668
GGTTTGGTCTATTCATAGGCGTCCTGGTGG,((....(((((....)))))..))......,96.41847235573411
GGTTTGGTCTATTCATAGGCGTCCTGGCGA,((....(((((....)))))..))......,96.4004293300575
GGTTTGGTCTATTCATAGGCGTCCTGGCTG,((....(((((....)))))..))......,96.39800046121641
GGTTAGGTCTATTCATAGGCGTCCGGGCTA,((....(((((....)))))..))......,96.38395898747983
GGTTTGGTCTATTCATAGGCGTCCTAGTGA,((....(((((....)))))..))......,96.37544667912064
GGTTAGGTCTATTCATAGGCGTCCGGGTTA,((....(((((....)))))..))......,96.31754458452247
GATTGTAGTCTATTCATAGGCGTCCGCTGA,.......(((((....))))).........,96.29413438443845
TGCTGGTCTATTCATAGGCATCCGAGTTCA,.....(((((....)))))...........,95.99503204029517
GGTTGGGTCTATTCATAGGCGTCCGGGTGA,((....(((((....)))))..))......,95.8371260270853
GGTTGGGTCTATTCATAGGCGTCCGGGTTA,((....(((((....)))))..))......,95.76428545997942
GGTTCGGTCTATTCATAGGCGTCCGGGTGA,((....(((((....)))))..))......,95.55175636491018
GGCTTGGTCTATTCATAGGCGTCCTGGTGA,((....(((((....)))))..))......,95.42648317796599
GGCTTGGTCTATTCATAGGCGTCCTGGTTA,((....(((((....)))))..))......,95.42405430912493
CAGAGGGTCTATTCATAGGCGTCCAGAGGG,....(((((((....)))))..))......,94.75448460034798
GGTTTGGTCTATTCATAGGCATCCGGGTGA,((....(((((....)))))..))......,94.4291418056017
GGTTTGGTCTATTCATAGGCATCCGGGTTA,((....(((((....)))))..))......,94.3563012384958
GATTAGGGTCTATTCATAGGCGTCCGCTGA,.....(((((((....)))))..)).....,94.2443768673175
ATGTAGGGTCTATTCATAGGCGTCCGTAGT,.....(((((((....)))))..)).....,93.76156735968632
GGTTTAGTCTATTCATAGGCGTCCGGGTGA,((....(((((....)))))..))......,93.73066171671371
GGTTTGGTCTATTCATAGGCATCCTGGTGA,((....(((((....)))))..))......,93.48776206751569
CAGTCGGGTCTATTCATAGGCGTCCAAGAG,.....(((((((....)))))..)).....,93.26479101202419
AAGTTTTGTCTATTCATAGGCTTCCGCAGG,.......(((((....))))).........,92.40440515162483
CTGTTTGGTCTATTCATAGGCGTCCAGAGG,(((....(((((....)))))...)))...,92.08669554343925
TTGCGGGTCTATTCATAGGGCGTCCCTTAA,....(((((((....))))....)))....,90.9795197636428
CTGATTGGTCTATTCATAGGCGTCCAGATG,(((....(((((....)))))...)))...,90.9088077608065
CCTGTTTGGTCTATTCATAGGCGTCCAGAG,.(((....(((((....)))))...)))..,90.06872600397243
CCTGATTGGTCTATTCATAGGCGTCCAGAG,.(((....(((((....)))))...)))..,89.96321785251305
CTGCTTGGTCTATTCATAGGCGTCCAGAGG,(((....(((((....)))))...)))...,89.78748159891609
CTGTTTGGTCTATTCATAGGCGTCCAGGGG,(((....(((((....)))))...)))...,89.67871534299897
ACGGTGGTCTATTCATAGGTGTCCGACTTG,.(((...((((....))))...))).....,89.66709407689314
CTGTTTGGTCTATTCATAGGCGTCCAGATG,(((....(((((....)))))...)))...,89.58755788655424
CTGATTGGTCTATTCATAGGCGTCCAGGGG,(((....(((((....)))))...)))...,89.58487087762857
CTGATTGGTCTATTCATAGGCGTCCAGAGA,(((....(((((....)))))...)))...,89.52683886919402
CTGATTGGTCTATTCATAGGCGTCCAGAGC,(((....(((((....)))))...)))...,89.51586914563106
AACGGTGGTCTATTCATAGGTGTCCGGGTT,..(((...((((....))))...)))....,89.4990755068207
CTGATTGGTCTATTCATAGGCGTCCAGACG,(((....(((((....)))))...)))...,89.4204747964294
CTGAGTGGTCTATTCATAGGCGTCCAGAGG,(((....(((((....)))))...)))...,89.3566219487302
AACGGTGGTCTATTCATAGGTGTCCGGCTT,..(((...((((....))))...)))....,89.23838412391657
CTGAATGGTCTATTCATAGGCGTCCAGAGG,(((....(((((....)))))...)))...,89.18020098309034
CTGTTTGGTCTATTCATAGGCGTCCAGTGG,(((....(((((....)))))...)))...,88.979409305525
CTGACTGGTCTATTCATAGGCGTCCAGAGG,(((....(((((....)))))...)))...,88.89228604535344
CTGAGTGGTCTATTCATAGGCGTCCAGATG,(((....(((((....)))))...)))...,88.88688315099394
CTGATTGGTCTATTCATAGGCGTCCAGTTG,(((....(((((....)))))...)))...,88.85465792948759
CTGATTGGTCTATTCATAGGCGTCCAGTGG,(((....(((((....)))))...)))...,88.85265566946569
AGCGGTGGTCTATTCATAGGTGTCCGACTT,..(((...((((....))))...)))....,88.81832364511689
CTGATTGGTCTATTCATAGGCGTCCAGCGG,(((....(((((....)))))...)))...,88.76304686762138
CAACGGTGGTCTATTCATAGGTGTCCGACT,...(((...((((....))))...)))...,88.68809245724123
GACGGTGGTCTATTCATAGGTGTCCGACTT,..(((...((((....))))...)))....,88.6627372467824
TACGGTGGTCTATTCATAGGTGTCCGACTT,..(((...((((....))))...)))....,88.65593129837558
AACGGTGGTCTATTCATAGGTGTCCGACTA,..(((...((((....))))...)))....,88.65518328655233
CGGTGGTCTATTCATAGGTGTCCGACTTGT,(((...((((....))))...)))......,88.65470262843591
AACGGTGGTCTATTCATAGGTGTCCGACTC,..(((...((((....))))...)))....,88.63012100805929
AACGGTGGTCTATTCATAGGTGTCCGACGT,..(((...((((....))))...)))....,88.57404372030479
ACAACGGTGGTCTATTCATAGGTGTCCGAC,....(((...((((....))))...)))..,88.57265579525274
GGGACAGGTCTATTCATAGGTGTCCGGCAA,.(((((..((((....))))))))).....,88.20003992798578
CTGCTTGGTCTATTCATAGGCGTTCAGAGG,(((....(((((....)))))...)))...,88.12899192875847
TGCTGGTCTATTCATAGGCGTCCAGAGGGT,..((((((((....))))...)))).....,88.12848782390466
CTGATTGGTCTATTCATAGGCGTACAGAGG,(((....(((((....)))))...)))...,87.75951304844324
GGACAGGTCTATTCATAGGTGTCCGGCAAG,(((((..((((....)))))))))......,87.64900944387765
GGGACAGGTCTATTCATAGGTGTCCGCAAC,.(((((..((((....))))))))).....,87.62275600541682
GGGACAGGTCTATTCATAGGTGTCCGGCAT,.(((((..((((....))))))))).....,87.59115343181446
GGGACAGGTCTATTCATAGGTGTCCGGCTA,.(((((..((((....))))))))).....,87.53894698725031
CGGTTGGTCTATTCATAGGTGTCCGTATAG,(((....((((....))))...))).....,87.48069480325157
CTGACCGGTCTATTCATAGGCGTCCAGAGG,(((....(((((....)))))...)))...,87.39550255148475
CTGATTGGTCTATTCATAGGCGCCCAGAGG,(((....(((((....)))))...)))...,87.21027361140277
CAGAGGGTCTATTCATAGGTGTCCGACTTG,....(((((((....))))..)))......,86.95826876537637
TAGAGGGTCTATTCATAGGTGTCCGACTTG,....(((((((....))))..)))......,86.76989916607312
TAGAGGGTCTATTCATAGGTGTCCGGAATA,....(((((((....))))..)))......,86.7345754237642
CTGTTTGGTCTATTCATAGGCATCCAGAGG,(((....(((((....)))))...)))...,86.6313740050916
GGTACAGGTCTATTCATAGGTGTCCGCAAC,((.(((..((((....))))))))).....,86.62178866002293
GAACGGGTCTATTCATAGGTGTCCATTGAG,....(((((((....))))..)))......,86.2815015556915
GGTTTGGCCTATTCATAGGCGTCCGGGTGA,((....(((((....)))))..))......,85.81377363045704
GGTTTGGCCTATTCATAGGCGTCCGGGTTA,((....(((((....)))))..))......,85.64220555128443
ACGTTTGGTCTATTCATAGGCGTCCGGTGT,.((....(((((....)))))...))....,85.17103294286692
AACGGGGGTCTATTCATAGGTGTCCGACTT,..((((.(((((....))))).))))....,85.05155873930254
AACGGAGGTCTATTCATAGGTGTCCGACTT,..((((.(((((....))))).))))....,85.0372824270564
AACGGTTGTCTATTCATAGGTGTCCGACTT,..(((...((((....))))...)))....,84.9654309515706
ACGGTTGTCTATTCATAGGTGTCCGACTTG,.(((...((((....))))...))).....,84.93815310864608
ACGTTTGGTCTATTCATAGGCGTCCGAAGT,.((....(((((....)))))...))....,84.84963096932475
GGGATAGGTCTATTCATAGGTGTCCGGCAA,.(((((..((((....))))))))).....,84.84290776081318
GGGATAGGTCTATTCATAGGTGTCCGGCAT,.(((((..((((....))))))))).....,84.82638633704201
AACGGGGGTCTATTCATAGGTGTCCGCTGA,..((((.(((((....))))).))))....,84.80125182022803
ACGTTTGGTCTATTCATAGGCGTCCGAGGT,.((....(((((....)))))...))....,84.68440174845887
GGGGCAGGTCTATTCATAGGTGTCCGGCAA,.(((((..((((....))))))))).....,84.67385642826662
GGGACGGGTCTATTCATAGGTGTCCGGCAA,.(((((..((((....))))))))).....,84.63665340014836
CTGATTGGTCTATTCATAGGCGTCCGGGTG,(((....(((((....)))))...)))...,84.592194678445
CGGAGGTCTATTCATAGGTGTCCGCGGAAG,((((.(((((....))))).))))......,84.41882265685781
AACGGGGGTCTATTCATAGGTGTCCGAGTT,..((((.(((((....))))).))))....,84.39309117927404
CTGATCGGTCTATTCATAGGCGCCCAGATG,(((....(((((....)))))...)))...,84.3503162876701
TGGACAGGTCTATTCATAGGTGTCCGGCAA,((((((..((((....))))))))))....,84.1779550252408
CTGTTTGGTCTATTCATAGGCGTCCGGAGG,(((....(((((....)))))...)))...,84.17477745949122
GGTTTGGTCTATTCATGGGCGTCCGGGTGA,((....(((((....)))))..))......,84.1557841268529
ATTGTGGTCTATTCATAGGCGTCCGCTGAG,...((((((((....))))...))))....,84.1534244318643
CGCTGGTCTATTCATAGGCGTCCGAGTTCA,((...(((((....)))))...))......,84.10032960116513
CTGATTGGTCTATTCATAGGCGTCCGGAGG,(((....(((((....)))))...)))...,84.05899354699488
GTGACAGGTCTATTCATAGGTGTCCGGCAA,(.((((..((((....))))))))).....,84.04472956169597
AACGGGGGTCTATTCATAGGCGTCCAGAGG,...(((.(((((....))))).))).....,84.00741298215834
GGTACAGGTCTATTCATAGGTGTCCGCTAC,((.(((..((((....))))))))).....,83.98172772799444
AAGGGGGGTCTATTCATAGGTGTCCGACTT,...(((.(((((....))))).))).....,83.95214561928782
GGTACAGGTCTATTCATAGGTGTCCGCAAT,((.(((..((((....))))))))).....,83.93143053699211
GGTACAGGTCTATTCATAGGTGTCCGCATC,((.(((..((((....))))))))).....,83.93108355572909
GGTACAGGTCTATTCATAGGTGTCCGCAAA,((.(((..((((....))))))))).....,83.92726676183597
GGTACAGGTCTATTCATAGGTGTCCGCGAC,((.(((..((((....))))))))).....,83.90470595052693
AATGGGGGTCTATTCATAGGTGTCCGACTT,...(((.(((((....))))).))).....,83.84936976918372
GTGACAGGTCTATTCATAGGTGTCCGGCGA,(.((((..((((....))))))))).....,83.81930273211205
AAAGGGGGTCTATTCATAGGTGTCCGACTT,...(((.(((((....))))).))).....,83.81588207308754
TGGACAGGTCTATTCATAGGTGTCCGGCAT,((((((..((((....))))))))))....,83.60197769975838
TGGACAGGTCTATTCATAGGTGTCCGGCTA,((((((..((((....))))))))))....,83.59365014944609
AACGGTGTTCTATTCATAGGTGTCCGACTT,..(((...((((....))))...)))....,83.50986045631029
CTGATTGGTCTATTCATAGGCGTCCGGCAA,(((....(((((....)))))...)))...,83.4081759233629
CTGAGGGGTCTATTCATAGGTGTCCCTCTG,..((((((((((....))))..))))))..,83.30312161197858
CGGATGGTCTATTCATAGGTGTCCGGCTTG,((((((..(((....))).)))))).....,83.26952267333192
TGTGTGGTCTATTCATAGGCGTCCGCTTGG,.(((..(((((....)))))...)))....,83.23090061767982
GATTGGGGTCTATTCATAGGCGTCCGCTGA,...(((((((((....))))).))))....,83.18557993367867
CTGATTGGTCTATTCATAGGCGTCCATAGG,(((....(((((....))))).....))).,83.14067430101971
CTGTGTGGTCTATTCATAGGCGTCCGGTGG,(((....(((((....)))))...)))...,83.14048025797551
TGTGTGGTCTATTCATAGGCGTCCGCTTAG,.(((..(((((....)))))...)))....,83.13018232856277
CTGAGAGGTCTATTCATAGGCGTCCAGAGG,(((.((.(((((....))))).)))))...,82.88881164123521
AACGGTGGTCTATTCATAGGGGTCCGACTT,..(((...((((....))))...)))....,82.76454504793023
TGCTGGTCTATTCATAGGCGTCCGGGTTCA,..((((((((....))))...)))).....,82.56494320869277
CGATTGTGGTCTATTCATAGGCGTCCGCTG,.....((((((((....))))...))))..,82.53462940537405
TGCTGGTCTATTCATAGGCGTCCGGGCTCA,..((((((((....))))...)))).....,82.52370180154941
GGGGTGGTCTATTCATAGGCGTCCGGGGGA,.(((..(((((....))))).)))......,82.49531563720245
TTGTGGTCTATTCATAGGCGTCCGCTGAGT,..((((((((....))))...)))).....,82.45445115535935
CTGAATGGTCTATTCATAGGCGTCCATAGG,(((....(((((....))))).....))).,82.41227168300478
GATTGGGGTCTATTCATAGGCGTCCGCCGA,...(((((((((....))))).))))....,82.39519149496196
GATTGGGGTCTATTCATAGGCGTCCGCGGA,...(((((((((....))))).))))....,82.39018772881975
GGGACTGGTCTATTCATAGGTGTCCGGCAA,.((((...((((....)))).)))).....,82.39005894322128
GTTGTGGTCTATTCATAGGCGTCCGCTGAG,...((((((((....))))...))))....,82.38764591948974
GTTTGGGGTCTATTCATAGGCGTCCGCTGA,...(((((((((....))))).))))....,82.36039093382368
TATTGTGGTCTATTCATAGGCGTCCGCTGA,....((((((((....))))...))))...,82.34536825469952
AATTGTGGTCTATTCATAGGCGTCCGCTGA,....((((((((....))))...))))...,82.34155146080639
GATTGTGGTCTATTCATAGGCGTCCGCTGT,....((((((((....))))...))))...,82.32871315407496
GATTGTGGTCTATTCATAGGCGTCCGCTGG,....((((((((....))))...))))...,82.32524334144483
GATTGTGGTCTATTCATAGGCGTCCGCTAA,....((((((((....))))...))))...,82.3153941892271
GATTGTGGTCTATTCATAGGCGTCCGCTTA,....((((((((....))))...))))...,82.31005579342852
GAGGGAGGTCTATTCATAGGCGTCCGCTGA,.(((((.(((((....))))).))).))..,82.3041352658808
GGACTGGTCTATTCATAGGTGTCCGGCAAG,((((...((((....)))).))))......,82.26927654690991
GATCGTGGTCTATTCATAGGCGTCCGCTGA,....((((((((....))))...))))...,82.25283184322252
CGGTTTGGTCTATTCATAGGCGTCCGGGTG,(((....(((((....)))))..)))....,82.24069105344913
TGTGGTCTATTCATAGGCGTCCGCTGAGTC,.((((((((....))))...))))......,82.19493414789257
GAATGTGGTCTATTCATAGGCGTCCGCTGA,....((((((((....))))...))))...,82.19181131652546
AATGTGGTCTATTCATAGGCGTCCGCTGAG,...((((((((....))))...))))....,82.19055706832683
GATTGGGGTCTATTCATAGGCGTCCGCGTA,...(((((((((....))))).))))....,82.1317976792497
CGGTTTGGTCTATTCATAGGCGTCCGGGTT,(((....(((((....)))))..)))....,82.09170530754295
GGATTGGTCTATTCATAGGCGTCCGGGTTA,((((..(((((....)))))))))......,82.06654089873805
GGTTTGGTCTGTTCATAGGCGTCCGGGTGA,((....(((((....)))))..))......,82.04548389677967
TGGATAGGTCTATTCATAGGTGTCCGGCAA,((((((..((((....))))))))))....,82.03137063692135
GGGTTGGTCTATTCATAGGCGTCCGGGTGA,(((...(((((....))))).)))......,81.95593077573992
CTGGTTGGTCTATTCATAGGCGTCCAGAGG,((((...(((((....)))))..))))...,81.9482259760309
AACGGTGGTCTATTCATAGGCGTCCGGGTG,..(((..(((((....)))))..)))....,81.87824901821526
CTGAGGGGTCTATTCATAGGCGTCCAGAGG,(((.((.(((((....))))).)))))...,81.84298303013071
GGGTTGGTCTATTCATAGGCGTCCGGGTTA,(((...(((((....))))).)))......,81.83921131438214
GGGTTGGTCTATTCATAGGCGTCCGGGGGA,(((...(((((....))))).)))......,81.83259631024274
GAAGGTCTATGCCTGTTCATAGGTGTCCGC,...((...(((((((....)))))))))..,81.71282910153491
GGGACAGGTCTATTCATAGGTGTCCTGCAA,((((((..((((....))))))))))....,81.66559348530927
ATCGGTGGTCTATTCATAGGTGTCCGACTT,.((((...((((....))))...))))...,81.6257190485979
CGGATTGGTCTATTCATAGGCGTCCAGAGG,.((((..(((((....))))))))).....,81.59827986407922
AACGGATGTCTATTCATAGGTGTCCGACTT,..((((((((((....))))))))))....,81.54446626674796
TTGTTGGTCTATTCATAGGCGTCCAGTGAG,(((...(((((....)))))...)))....,81.23511506079487
AACGGTGGTCTATTCATAGGTATCCGACTT,..(((...((((....))))...)))....,81.2236457083317
CGGCTTGGTCTATTCATAGGCGTCCGGGTG,(((....(((((....)))))..)))....,81.10227867546934
AACGGTGGTCTATTCATAGGCGTCCGACTT,..(((..(((((....)))))..)))....,81.06892124739468
GAGTGGGGTCTATTCATAGGCGTCCGCCGA,(.((((((((((....))))).))))))..,80.88913678361402
CGGGATGGTCTATTCATAGGTGTCCGCCAG,..(((((..(((....))).))))).....,80.80423901445981
AACGGTGGTCTATTCATAGGTGTCCCACTT,...(((((((((....))))....))))).,80.69160499911717
GGCTTGGTCTATTCATAGGCGTCCGGGTGA,.((((((((((....))))...))))))..,80.66000146584358
GGTTTGGTTTATTCATAGGCGTCCGGGTGA,((....(((((....)))))..))......,80.35089524174222
GGTTTGGTTTATTCATAGGCGTCCGGGGGA,((....(((((....)))))..))......,80.20562132911913
GGTTTGGTTTATTCATAGGCGTCCGGGTTA,((....(((((....)))))..))......,80.20126660969555
GATTGAGGTCTATTCATAGGCGTCCGCTGA,....((.(((((....))))).))......,80.17823189393314
TTGTGGGCCTATTCATAGGGCGTCCCTTAA,....(((((((....))))....)))....,80.17305180653997
AACGGCGGTCTATTCATAGGTGTCCGACTT,..(((..(((((....)))))..)))....,80.15147128837816
GGTTTGGTTTATTCATAGGCGTCCGGGGTA,((....(((((....)))))..))......,80.13978063400975
GTGGTGGTCTATTCATAGGTGTCTGCGTAG,((((...((((....))))...))))....,80.1134057143517
GATTGAGGTCTATTCATAGGCGTCCGCCGA,....((.(((((....))))).))......,80.04602686899443
GATTGAGGTCTATTCATAGGCGTCCGCCGG,....((.(((((....))))).))......,79.97681834254269
CTGATGGGTCTATTCATAGGTGTCCAGAGG,((..((((((((....))))..))))..)),79.94842984280852
AACGGTGGTCTATTCATAGGCGTCCGCTGA,..((((((((((....))))...)))))).,79.9417081306099
GGTTTGGTCTATTCATAGGCGTCCGGGCTA,(((((((((((....))))...))))))).,79.8876227921632
GATTGCGGTCTATTCATAGGCGTCCGCTGA,....((((((((....))))...))))...,79.88400397294168
TGCGTGGTCTATTCATAGGCGTCCGGGCTA,.((.(((((((....))))...))).))..,79.86716214948446
ATTTGGGGTCTATTCATAGGCGTCCAGAGG,.(((((((((((....))))).))))))..,79.84319570815614
GGTTTGGTCTATTCATAGGCGTCCGGGCTG,(((((((((((....))))...))))))).,79.79905095152813
AACGGTGGCCTATTCATAGGTGTCCGACTT,..(((..(((((....)))))..)))....,79.78522719110742
TGCGTGGTCTATTCATAGGCGTCCGGGCTG,.((.(((((((....))))...))).))..,79.77859030884937
GGTGTGGTTTATTCATAGGCGTCCGGGGGA,((....(((((....)))))..))......,79.76914929126062
TGCGTGGTCTATTCATAGGCGTCCGGGCTT,.((.(((((((....))))...))).))..,79.72625018743183
ATTGCGGTCTATTCATAGGCGTCCGCTGAG,...((((((((....))))...))))....,79.7170292506561
GCGTGGTCTATTCATAGGCGTCCGGGCTGT,((.(((((((....))))...))).))...,79.7152548856099
GGTTTGGTCTATTCATAGGCCTCCGGGTGA,((...((((((....)))))).))......,79.64531711085144
CAGTGAGGTCTATTCATAGGCGTCCAGAGG,..(.((.(((((....))))).))).....,79.63915589421464
CTTTTGGTCTATTCATAGGCGTCCAGAGGG,(((((((((((....))))...))))))).,79.60824632012009
TGCTTGGTCTATTCATAGGCGTCCGGGTGG,.((((((((((....))))...))))))..,79.59885249333556
GGCTTGGTCTATTCATAGGCGTCCGGGTTA,(((((((((((....))))...))))))).,79.59240978440013
GATTGTGGTCTATTCATAGGCGTTCGCTGA,....((((((((....)))))...)))...,79.56388721548947
GCTTGGTCTATTCATAGGCGTCCGGGTGAG,((((((((((....))))...))))))...,79.53912321196171
GGCTTGGTCTATTCATAGGCGTCCGGGTTG,(((((((((((....))))...))))))).,79.50361105210737
CTGATTGGCCTATTCATAGGCGTCCAGAGG,(((....(((((....)))))...)))...,79.49747462180908
CTGCTGGGTCTATTCATAGGCGTCCAGAGG,((.(((((((((....)))))..)))))).,79.48498449858408
GGTTTGGTCTATTCATAGGCTTCCGGGTGA,((...((((((....)))))).))......,79.44878398421116
ATTTGGGGTCTATTCATAGGTGTCCGGGAT,((((.(((((((....))))..))).)))),79.38441724902361
GATTGCGGTCTATTCATAGGCGTCCGCCGA,....((((((((....))))...))))...,79.31888977731406
GATTGTGGTCTATTCATAGGCGCCCGCTGA,....((((((((....))))...))))...,79.23153145030616
CTGATAGGTCTATTCATAGGCGTCCAGAGG,(((..(.(((((....))))).).)))...,79.19831439883703
CTGATGGGTCTATTCATAGGCGTCCAGAGG,((..((((((((....)))))..)))..)),79.14146040839928
GTTTGGTCTATTTATAGGCGTCCGGGTGAG,.....(((((....)))))...........,79.09810571622054
GGTTTGGTCTATTCATAGGCGTCCGGGCGA,.((((((((((....))))...))))))..,79.06517461458094
GTGACAGGTCTATTCATAGGTGTCCGCGGA,((((((..((((....))))))).)))...,79.0501977004557
GGCTAGGTCTATTCATAGGCGTCCGGGTTG,((..(.(((((....))))).)))......,78.95888682695679
GATTGTGGTCTATTCATAGGCGTCCGCAGA,...(((((((((....))))...)))))..,78.88316671051288
CTCATTGGTCTATTCATAGGCGTCCAGAGG,(((....(((((....))))).....))).,78.87106181200741
GAGTGTGGTCTATTCATAGGCGTCCGCTGA,.((((..(((((....)))))...))))..,78.85860477735736
GGCTCGGTCTATTCATAGGCGTCCGGGTGA,.((((((((((....))))...))))))..,78.82822261877062
GCTTGGTCTATTCATAGGCGTCCGGGTTAG,((((((((((....))))...))))))...,78.81143402704097
ATTGTGGTCTATTCATAGGCGTCCGCAGAG,..(((((((((....))))...)))))...,78.80749921691734
GATTGTGGTCTATTCATAGGCATCCGCTGA,....((((((((....))))...))))...,78.72676013540689
TTGTTGGTCTATTCATAGGCGCCCAGTGAG,(((...(((((....)))))...)))....,78.67090319755027
GTAGTGGTCTATTCATAGGTGTCTGCATCG,((((...((((....))))...))))....,78.61653245320517
TAATGTGGTCTATTCATAGGCGTCCGCAGA,...(((((((((....))))...)))))..,78.60717142736178
GCAGAAGGTGTCCATGGTTTATGGTCTATC,......((((.(((((...))))).).))),78.54063911254408
GACAAGGTCTATTCATAGGTGTCCGCGGAA,((((...((((....)))))))).......,78.53833997881597
GGTACAGGTCTATTCATAGGTGTCCGCCAC,((((((..((((....)))))))..)))..,78.53806570785692
AGTTGGTCTATTTATAGGCGTCCGCTCAGG,.....(((((....)))))...........,78.50736132942637
AACGGTGGTCTATTCATAGGTGTCCTACTT,...(((((((((....))))....))))).,78.49795933237647
AACGGTGGTCTATTCATGGGTGTCCGACTT,..(((...((((....))))...)))....,78.49163247079625
GGTTTGGTTTATTCATAGGCGTCCTGGGTA,((....(((((....)))))..))......,78.48620409224773
AATGTGGTCTATTCATAGGCGTCCGCAGAG,..(((((((((....))))...)))))...,78.4546362412693
CTAATGTGGTCTATTCATAGGCGTCCGCAG,....(((((((((....))))...))))).,78.43950274255019
ACGGTGGTCTATTCATAGGTGTCCTACTTG,..(((((((((....))))....)))))..,78.42298580130694
GTTTGGTCTATTCATAGGCGTCCGGGCTAG,((((((((((....))))...))))))...,78.35303948079246
TGGTGGTCTATTCATAGGCGTCCGAGTTCA,(((..(((((....)))))..)))......,78.30074195682667
AACGGTGGTCTATTCATAGGTGGCCGACTT,..((((.(((((....))))).))))....,78.2542210279324
CAGTTGGTCTATTTATAGGCGTCCGATCAG,......(((((....)))))..........,78.24624500766205
GTTGTGGTCTATTCATAGGCGTCCGCATCG,(.(((((((((....))))...))))).).,78.20945796410508
CTGCTTGGTCTATTCATAGGCGTCCGGAGG,((.(...(((((....)))))....).)).,78.20231224702613
CGGTTGGGTCTATTCATAGGCGTCCGCTGA,((((.(((((((....))))).)).)))).,78.15814581107898
GGCTGGGTCTATTCATAGGCGTCCGGGTGA,(.(((((((((....)))))..)))).)..,78.14549660396733
CTGGTTGGTCTATTCATAGGCGTCCAAAGG,.(((...(((((....)))))..)))....,78.06029653987373
GTGAATGGTCTATTTATAGGCGTCCGGACC,.......(((((....))))).........,78.05643591170303
GAGTGAGGTCTATTCATAGGCGTCCGCCGA,(.((((.(((((....))))).).))))..,78.03017896436705
CTGATGGGTCTATTCATAGGCGTCCAGATG,(((..(.(((((....))))).).)))...,78.01381226702804
GATAGTGGTCTATTCATAGGCGTCCGCTGA,..((((((((((....))))...)))))).,77.94302388807031
TGTGTGGTCTATTCATAGGCGTCCGGGCTG,.((.(((((((....))))...))).))..,77.9408444645982
AACGGTGGTCTATTCATAGGTGACCGACTT,..((((.(((((....))))).))))....,77.93791290857085
CTTATTGGTCTATTCATAGGCGTCCAGAGG,(((....(((((....))))).....))).,77.92253062473719
GATTGTGGTCTATTCATAGGCGTCCGCGGA,...(((((((((....))))...)))))..,77.85068749401304
ACGTTTGGTCTATTCATAGGCGTCCGTAGT,(((....(((((....)))))...)))...,77.84299690159119
GGTACGGTCTATTCATAGGTGTCCGCAACG,((.(((..(((....))).)))))......,77.75866001058202
GTTGAGGTCTATTCATAGGTGTCTGCATCG,((.((.(((((....))))).)).))....,77.73181411358652
AACGGTGGTCTGTTCATAGGTGTCCGACTT,..(((...((((....))))...)))....,77.69083409188312
AACGGTGGTCTATTCATAGGTGTCCTTCTT,...((...((((....))))...)).....,77.59901682211608
GACTATGGTCTATTCATAGGCGTCCGTGGC,..((((((((((....))))...)))))).,77.57797673782562
TGCGAGGTCTATTCATAGGTGTCTGCGGAG,(((((.(((((....))))).)).)))...,77.55029922659149
AACGGTGATCTATTCATAGGTGTCCGACTT,..(((..(((((....)))))..)))....,77.52881770775761
GATTTGGTCTATTCATAGGCGTCCGGGTTA,(((((((((((....))))...))))))).,77.51971175518736
GGTACAGGTCTATTCATAGGCGTCCGGGTG,((.((..(((((....))))))))).....,77.51236403127045
GATTTGGTCTATTCATAGGCGTCCGGGTTG,(((((((((((....))))...))))))).,77.50770108783536
GCTGGTCTATTCATAGGCGTCCGAGTTCGG,....(((((....)))))..(((....))),77.50433301879653
CAGTTGGTCTATTTATAGGCGTCCTCAGGT,......(((((....)))))..........,77.49591473800903
TGCTGGTCTATTTATAGGCGTCCGAGTTCA,.....(((((....)))))...........,77.49048405053131
TGCTGGTCTATTTATAGGCGTCCGAGTTCT,.....(((((....)))))...........,77.48840216295324
CTCCTGGTCTATTCATAGGCGTCCGAGTTC,(((...(((((....)))))....)))...,77.4749682628267
TGCGTGGTCTATTCATAGGCGTCCGTGCTA,.(((..(((((....)))))...)))....,77.38637957032779
GGTACAGGTCTATTCATAGGCGTCCGCAAC,((.((..(((((....))))))))).....,77.34215393808626
CTGTTGGGTCTATTCATAGGCGTCCAGAGG,((.(((((((((....)))))..)))))).,77.2992378418407
CTGACTGGTCTATTCATAGGCGTCCAGCGG,(((.((((((((....))))...))))))),77.27331354395784
AACGGAGGTTTATTCATAGGTGTCCGACTT,..((((.(((((....))))).))))....,77.27326270525714
ACGTTTGGTCTATTCATAGGCGTCCGATGT,(((((..(((((....)))))....))))),77.27078579976043
CTTATGGGTCTATTCATAGGCGTCCAGAGG,(((.((((((((....)))))..)))))).,77.24163895218075
TAGAGGGTCTATTAATAGGGCTGTCCCCTG,..((.(((((.......))))).)).....,77.23909673182722
CGTATGGTCTATTTATAGGCGTCCCTCTGG,......(((((....)))))..........,77.16781566469365
CTGATCGGTCTATTCATAGGCGTCCAGAGG,(((..((.((((....))))))..)))...,77.09596319662347
GTTGAGGTCTATTCATAGGTGTCTGCTTCG,((.((.(((((....))))).)).))....,77.08955088384509
CGTTGGGGTCTATTCATAGGTGTCTGCATC,.((.((.(((((....))))).)).))...,77.02029520929973
TCAGAGGTCTATTCATAGGTGTCATCGGCG,...((.(((((....))))).)).......,77.01933554442553
GTTTGGTCTATTCATAGGCGTCCGGGGGAG,.....(((((....))))).(((...))).,77.01866460078506
CTGGTTGGTCTATTCATAGGCTTCTCGAGG,((.(..((((((....))))))...).)).,77.01106145348797
GGGACAGGTCTATTCATAGGTGTTCGGCAA,.(((((..((((....))))))))).....,76.98852294488555
GCTTTGGTCTATTCATAGGCGTCCGGGTGT,((((..(((((....)))))....))))..,76.98301875115769
GATTGCGGTCTATTCATAGGCGTCCGCGGA,...(((((((((....))))...)))))..,76.97389205793195
TGCATGGTCTATTCATAGGCGTCCGGGCTG,.((...(((((....)))))......))..,76.96351829587215
TGCGTGGTCTATTCATAGGCGTCCGGGTTA,.((.(((((((....))))...))).))..,76.89946820662865
CTTATTGGTCTATTCATAGGCGTCCTGAGG,((((...(((((....)))))....)))).,76.87063716853203
CTGATTGGTCTGTTCATAGGCGTCCAGAGG,(((....(((((....)))))...)))...,76.84337441968475
CAGTGGGGTCTATTCATAGGTGTCTGCCGG,..(((((.((((....))))..)))))...,76.8372347358941
GACATGGTCTATTCATAGGCGTCCGCGGAA,(((...(((((....)))))))).......,76.80494679691049
TGCTGGTCTATTCATAGGCGTCCGCTGAGT,.((..(((((....)))))....)).....,76.79653988589396
TGTTTGGTCTATTCATAGGCGTCCAGAGGG,(.(((((((((....))))...))))).).,76.7955126007964
AACGGTGGTCTATTCATAGATGTCCGACTT,..(((..(((((....)))))..)))....,76.76183985822004
GACATGGTCTATTCATAGGCGTCCGGGAAG,(((...(((((....)))))))).......,76.74840965661338
GTTGTGGTCTATTCATAGGCGTCTGCATCG,((....(((((....)))))....))....,76.71543466102477
CTAGATGGTCTATTCATAGGCGTCCGATGG,...((((.((((....))))))))......,76.71291593587561
GGCTTGGTCTATTCATAGGCGTTCGGGTGA,.((((((((((....)))))...)))))..,76.6860575334193
CTAGGTGTCCGGGCCTATTGCTTGGTCTAT,......(.((((((.....)))))).)...,76.65546370227189
GATTGGGGTCTATTCATAGACGTCCGATGA,.(((((((((((....))))).))))))..,76.65238102922923
GCGCGTGGTCTATTCATAGGTGTCTTGTGT,(((((.((((((....))))..)).))))),76.64027493221369
GGTAGGTCTATTCATAGGTTGTCCATGTAG,((..((((((....))))))..))......,76.63122089182488
CTGATTGGTCTATTCATAGGTGTCCCATTG,.....(((((((....))))....)))...,76.63054656995836
GGTTTGGTCTATTTATAGGCGTTCGGGTGA,......(((((....)))))..........,76.62878140968344
CAGTTGGTCTATTCATAGGCGTCCGCTCAG,.(((..(((((....)))))....)))...,76.61219413396921
CTGATTGTCTATTCATAGGCGTCCAGAGGG,(((..((((((....))))))..)))....,76.57730464184559
TGATTGGTCTATTCATAGGCGTCCGGAGGG,......(((((....)))))..((....)),76.56102653654548
CGCTGGTAGGGTGTCCCTATGGGTCTATTT,.(((.((((((...)))))).)))......,76.50367909132198
CGGGAGGGTCTATTCATAGGTGTTCGCCTG,.(((((.(((((....))))).))).))..,76.469399011132
GACAATGGTCTATTCATAGGCGTCTGTTGC,((((...(((((....)))))...))))..,76.44894814232646
AACGGGGGTTTATTCATAGGTGTCCGACTT,..((((.(((((....))))).))))....,76.43911507886108
TACTTGGTCTCTTCAGAGGCGTCCGCTGAG,......(((((....)))))..........,76.40935316431259
CAACGGTCTATTTATAGGCGTCCGCTATAG,.....(((((....)))))...........,76.40730479923033
CTAGTTGGTCTATTCATAGGCGTCCGATTG,.(((((((((((....))))...))))))),76.38131568304392
AACGGTGGTCTATTCATAGGTTTCCGACTT,..(((.((((((....)))))).)))....,76.37565266593887
TACTTGGTCTCTTCAGAGGCGTCCGCTTAG,......(((((....)))))..........,76.3360064409637
ACTTGGTCTCTTCAGAGGCGTCCGCTTAGT,.....(((((....)))))...........,76.32677162371579
GATTGTGGTCTATTCATAGACGTCCGCTGA,....((((((((....))))...))))...,76.32318419482382
GGTTTGGTCTATTTATAGGCGTCCGGGTGA,((....(((((....)))))..))......,76.3222055981583
CTAGGTGTCCCTGCATTTGCCGAGGTCTAT,.(((((.((...((....)).)).))))).,76.27319520219608
CCGATTGGTCTATTCATAGGCGTCCAGAGG,((..((((((((....))))...)))).)),76.27303436912081
GGGACAGGACTATTCATAGGTGTCCGGCAA,.(((((...(((....))).))))).....,76.14546431659538
CTTACTGGTCTATTCATAGGCGTCCAGAGG,(((.((((((((....))))...))))))),76.0849790568507
GCTGGTAGGGTGTCCCTATGGGTCTATTTA,(((.((((((...)))))).))).......,76.06615262926952
GGTTTGGTCTATTTATAGGCGTCCGGGTTA,((....(((((....)))))..))......,76.06287973048198
AACGGTGGTCTATTCATAGGTGCCCGACTT,..(((..(((((....)))))..)))....,75.9482823782394
CTTATAGGTCTATTCATAGGCGTCCAGAGG,(((..(.(((((....))))).)...))).,75.940353870563
GTCAGAGGTCTATTCATAGGTGTCATCGGC,(((.((.(((((....))))).))...))),75.93793083557456
GGCTTGGTCTATTCATAGGCGCCCGGGTGA,(((...(((((....)))))))).......,75.87637803851558
CTGATGGGTCTATTCATAGGCGGCCAGAGG,((..((((((((....)))))..)))..)),75.84500034167881
CTGATTGGTCTATTCATAGGCGTCCAAGGG,((.....(((((....))))).....))..,75.84010161386682
AACGGTGGTTTATTCATAGGTGTCCGACTT,..(((...((((....))))...)))....,75.83375384309257
TGCTGGTCTATTCATAGGCGTCCGAGCTCA,.(((((((((....))))...)).)))...,75.83240682436832
GATTGGGGTCTATTCATGGGCGTCCGCTGA,...(((((((((....))))).))))....,75.80017538198959
CTGTGGTCTCTTCAGAGGCGTCCGATAATG,.....(((((....)))))...........,75.74675994970866
GGTACAGGTCTATTCATAGGTGTCTGCATC,(((.((((((((....))))..)))).))),75.68711113155942
AAAGGAGGTTTATTCATAGGTGTCCGACTT,...(((.(((((....))))).))).....,75.67227640884559
TGAGTGGTCTCTTCAGAGGCGTCCATATCG,......(((((....)))))..........,75.64014416668243
GACATGGCCTATTCATAGGTGTCCGCGGAA,(((...(((((....)))))))).......,75.6019378762195
CTGAGAGGTTTATTCATAGGCGTCCAGAGG,(((.((.(((((....))))).)))))...,75.55038754577751
CGGTTGGGTCTATTCATAGGCGTCCTGGTG,(((..(.(((((....))))).).)))...,75.53863470236102
CTGATTTGTCTATTCATAGGCGTCCAGAGG,(((...((((((....))))))..)))...,75.52068083035516
GTGCTAGGTCTATTCATAGGCGTCCGAGGC,..((((.(((((....))))).)....))),75.51627892094766
GATTGTGGTCTATTCATGGGCGTCCGCTGA,....((((((((....))))...))))...,75.47670928998863
GATTGTGGTCTATTCATAGGCGTACGCTGA,...(((((((((....))))).))))....,75.45083934991516
GATTGTGGCCTATTCATAGGCGTCCGCTGA,....((((((((....)))))...)))...,75.37244713393801
CATGGTCTATTCATAGGCGTCCTATCTGGT,....(((((....)))))..((.....)).,75.30581480952141
GTTTGGTCTATTCATAGGCGTCCTGGCGAG,(((..(((((....))))).....)))...,75.2225858480995
CTGTTTGGTCTATTCATAGGCGTCAAGAGG,((.((..(((((....)))))...)).)).,75.20069294987906
GTTCTAGGTCTATTCATAGGCGTCCGAGGC,.(((.(.(((((....))))).)..)))..,75.17419029925529
CGGGATGGTCTATTCATAGGTGTTCGCCAG,.((((...((((....))))...)).))..,75.1347157506309
TGCGGTGAGATAGTAAACTAGAGGGCCCCG,...(((....(((....)))....)))...,75.09212736573039
GCTTGGTCTATTCATAGGCGTCCTGGTGAG,(((..(((((....))))).....)))...,75.08586000051076
TGTGTGGTCTCTTCAGAGGCGTCCTTATCG,......(((((....)))))..........,75.05097003497576
GGTTTGGTCTATTCATAGGCGCCCGGGTGA,(((...(((((....)))))))).......,75.0261129713468
CTAGGTGTCCGTACATTCATGATGGTCTAT,......(.((((.((....)))))).)...,75.01925331186976
GGCTTGGCCTATTCATAGGCGTCCGGGTTA,(((((((((((....)))))...)))))).,74.8158296690617
CTGATTGGTTTATTCATAGGCGTCCAGAGG,(((....(((((....)))))...)))...,74.78900847968353
GCATTCCGGTCTATTCATAGGTGTCCTTGC,(((......((((....))))......))),74.71399373567823
GGCTTGGCCTATTCATAGGCGTCCGGGTGA,.((((((((((....)))))...)))))..,74.71188452188187
CTGGTAGGTCTATTCATAGGCGGCCCGAGG,..(((..(((((....))))).))).....,74.63354897189048
GGGACTGGTCTATTCATAGGTGTTCGGCAA,.((((...((((....)))).)))).....,74.61975403621958
TACGGCGGTCTATTCATAGGTGTCTGACTA,...((((..(((....))).))))......,74.5723564683311
AATGGGGGTTTATTCATAGGTGTCCGACTT,...(((.(((((....))))).))).....,74.491824930337
GATTGGGGTCTATTCATAGGCGGCCGCTGA,...(((.(((((....)))))..)))....,74.48914299687459
GGTTTGGTCTCTTCAGAGGCGTTCGGGTGA,......(((((....)))))..........,74.43387305870901
GTTGTGGTCTATTCATAGGTGTCTGCATCG,..(((((.....)))))((((....)))).,74.35086713175411
GTTACAGGCCTATTCATAGGTGTCCGCAAC,((...(.(((((....))))).)..))...,74.32185915149206
CTTATTGGTCTATTCATAGGCGCCCAGAGG,(((....(((((....))))).....))).,74.30274385574552
CAGTGAGGTCTATTCATAGGTGCCCGCCAG,..(((.((((((....)))..))))))...,74.26214638953319
GGTACAGGTCTATTCATAGGTGTCGCAACG,(..(((..((((....)))))))..)....,74.20145216764007
GCGTGGTCTCTTCAGAGGTGTCCGCTTGTC,..((((((((....))))...)))).....,74.14007598119582
GATGGTCTCTTATTCATAAGAGGTGTCCGC,...(((((((((....)))))))...))..,74.1309943882186
ATGGTGGTCTATTCATAGCCGTCCGCTGAG,..(((((.(((....)))))).))......,73.88137053847299
CAGTGGGTCTATTCATAGGGCGTCCCTACG,..(((((((((....)))).....))))).,73.79820954182529
ATATTGGTCTCTTCAGAGGTGTCCGCATCT,....(((((((....))))...))).....,73.77865946411671
CTGAATGCTCTATTCATAGGCGTCCAGAGG,(((.((((.(((....))))))).)))...,73.76737606398594
GTTGTGGCCTATTCATAGGTGTCTGCATCG,((....(((((....)))))....))....,73.66056358173032
GCGTGGTCTCTTCAGAGGCGTCCGCTTGTC,(((..(((((....)))))...))).....,73.57605835209364
CTATTGGTCTATTGATAGGCGTCCGATTTG,......(((((....)))))..........,73.57467476235746
GATTGGTCTATTGATAGGCGTCCGAGCTCG,.....(((((....)))))...........,73.5120609905901
GCGTGGTCTCTTCAGAGGCGTCCGCTGTCG,(((..(((((....)))))...))).....,73.4111939884244
GATTGGGGTTTATTCATAGGCGTCCGCCGA,...(((((((((....))))).))))....,73.34257532326419
GTTGTGGTCTATTCATAGGTGCCTGCTTCG,(..((((((((....)))..))).))..).,73.32366124384957
GATTGGGGTTTATTCATAGGCGTCCGCTGA,...(((((((((....))))).))))....,73.25538587694359
GATTGGGGTTTATTCATAGGCGTCCGCGGA,...(((((((((....))))).))))....,73.16205598011452
GATTGGGGTTTATTCATAGGCGTCCGCAGA,...(((((((((....))))).))))....,73.13777432091696
CTGAGTGGTCTATTCATAGGCAGCCCGAGT,.((.((.(((((....))))).)).))...,73.02589895062195
GACATGGTCTATTCATAGACGTCCGCGGAA,(((...(((((....)))))))).......,72.9312215786907
CGGTGGTCTGTTCACAGGTGTCCGCTTATG,.(((((((((....))))...)))))....,72.87606920230225
CATTCCGGCCTATTCATAGGTGTCCTTGTG,((.....(((((....))))).....))..,72.73341759009705
CTTATTGGCCTATTCATAGGCGTCCAGAGG,(((....(((((....))))).....))).,72.69296539435886
CAGAGGGTCTATTTATAGGCGTCCAGAGGG,....(((((((....)))))..))......,72.65924783727141
TGCTGGTCTATTCATAGGCTTCCGAGTTCA,....((((((....))))))..........,72.49033090191084
CTGATTGGTCTATTCATAGCCGTCAAGAGG,.((((.((.(((....))))))))).....,72.3317913609323
TTGTGGCCTATTCATAGGTGTCTGCATCGT,.(((((((((....))))...)))))....,72.30685041890456
ATATTGGTCTCTTCAGAGGTGTCCGCAGCT,....(((((((....))))...))).....,72.2380404276193
ATCTAGTCGGTAGGTGCTGTGTATTCGGAT,(((((.....))))).(((......)))..,72.22945288297532
ATATTGGTCTCTTCAGAGGTGTCCGCAGTT,....(((((((....))))...))).....,72.19651077465231
ATATTGGTCTCTTCAGAGGTGTCCGCAGAT,....(((((((....))))...))).....,72.16680406288671
CTGATTGGTCTATTCCTAGGCGTCCCGAGG,.......(((((....))))).........,72.07390812054211
CTGATTGGTTTATTCATAGGCGCCCAGAGG,(((....(((((....)))))...)))...,72.06873904285509
GTTGTGGTCTATTCATAGGTATCTGCATCG,(.(((((((((....))))...))))).).,71.89558133231112
AGTATGGTCTCTTCAGAGGTGTCCGCCGTG,..(((((((((....)))......)))))),71.86263309985799
AATACGGTCTATTAATAGGCGTCCGCTAGT,......(((((....)))))..........,71.81009550412766
GTGCGGTCTATTTATAGGCGTCCGGGTATC,(.(..(((((....)))))..)).......,71.6332074964786
CTGATAGGTTTATTCATAGGCGTCCAGAGG,(((..(.(((((....))))).).)))...,71.53864072453408
GGTTTGGTCTATCCATAGGCGTCCGGGTGA,((....(((((....)))))..))......,71.53569207601063
GGGGTTAGGCGTGCTGTGCTAGGAGGTTCT,.......(((.(.(((...))).).)))..,71.46878944839061
AAATTGGTCTCTTCAGAGGTGTCCAGCATT,...((((((((....))))...))))....,71.43051799525526
GGTTTGGTCTATCCATAGGCGTCCGGGTTA,((....(((((....)))))..))......,71.4080028910899
GGTACAGGTCTATTCATAGGTGTTTGTCAT,...(((((((((....))))..)))))...,71.39754179491729
ATATTGGTCTCTTCAGAGGTGTCCGGGTGA,...((((((((....))))...))))....,71.3710871747675
ATATTGGTCTCTTCAGAGGTGTCCACATCT,....(((((((....))))...))).....,71.25545278425412
AGAATAGGTCTATGGATAGGTGTCCAGCAT,............(((((....)))))....,71.22637388472609
GTGAAGGTCTATTCATAGGAGTCCACATGG,(((....((((....))))....)))....,71.22160902121405
AATTGGTCTCTTCAGAGGTGTCCAGCATTG,..((((((((....))))...)))).....,71.21320541157401
CATTGGTCTCTTCAGAGGTGTCCGTTAGGT,....((((((....))))...)).......,71.20839137511649
TGATTGGTCTACTCATAGGCGTCCAGAGGG,......(((((....)))))..........,71.15477828109371
TGCTGGTCTATACATAGGCGTCCGAGTTCA,.....(((((....)))))...........,71.15091906521177
GGTTTGGTCTATTCTTAGGCGTCCGGGTGA,((....(((((....)))))..))......,71.07194837382076
CAGTATGGTCTCTTCAGAGGTGTCCGATTG,((((.(((((((....))))...))))))),71.05542951376466
CGTGGTCTCTTCAGAGGCGTCCGCTTGTCG,.((((((((....))))...))))......,70.7531020509388
GATTGGGGTTTATTCATAGGCGCCCGCGGA,...(((((((((....))))).))))....,70.70152600758358
CTTTATGGTCTCTTCAGAGGTGTCCGATTG,......((((((....))))...)).....,70.68089218088775
CTGAAAGGTTTATTCATAGGCGTCCAGAGG,(((..(.(((((....))))).).)))...,70.6789641398227
CTGATTGTTCTATTCATAGGCGTCCAGAGG,(((..(((.(((....))))))..)))...,70.65905377198044
CTGATTGATCTATTCATAGGCGTCCAGAGG,(((..((.((((....))))))..)))...,70.65246112798322
AGTCTAGGTCTATGGATAGGTGTCCAGCAT,............(((((....)))))....,70.62943007101116
CTGATGGGTTTATTCATAGGCGTCCAGAGG,((..((((((((....)))))..)))..)),70.62257005104657
ACTCCCTTGCGGATGCTCTGCACTTTAGCT,.......((((((...))))))........,70.61417281178441
CTGAAGGGTTTATTCATAGGCGTCCAGAGG,(((..(.(((((....))))).).)))...,70.55077666854042
CTAAGTGGCCTATTCATAGGCGTGCAGTGG,....((.(((((....)))))..)).....,70.52357479145097
AGAAGAGGTCTATGGATAGGTGTCCAGCAT,............(((((....)))))....,70.51784234337958
ATTGGTCTCTTTAGAGGTGTCCGTTAGGTC,...((((((....))))...))........,70.50735494301497
AATAGGTCTATAGTGGATAGGTGTCCAGGT,.............(((((....)))))...,70.45109211922055
GGTTTGGTCTATTCCTAGGCGTCCGGGTGA,((....(((((....)))))..))......,70.42382074484732
CACTGGGTCTCTTCAGAGGTGTCCGATTGG,...((((((((....))))..)))).....,70.3455596219743
AGTAAAGAGGTGTCCTCTGGTCTCTTGCAT,.....(((((...)))))............,70.31023324899033
CTGATAGGTTTATTCATAGGCGTCCAGCGG,(((..(.(((((....))))).).)))...,70.28338675542052
GATTCTGGTCTATTCATAGGCGTCCGCCGA,..................(((....)))..,70.27902656901767
CTGATGGGTTTATTCATAGGCGTCCATAGG,(((.((((((((....)))))..)))))).,70.27404210123939
CTGATTGATCTATTCATAGGCGTCCAGATG,(((..((.((((....))))))..)))...,70.25951039518773
CACTTGGTCTCTTCAGAGGCTGTCGGAGTG,(((((((((((....))))))....))))),70.21285149033874
GGTTTGGTCTATTCACTAGGCGTCCGATTC,((....(((((.....)))))..)).....,70.16269611304995
GGGTTAGGCGTGCTGTGCTAGGAGGTTCTG,......(((.(.(((...))).).)))...,70.13164909861315
GGGGTTAGGCGTGCTGTGCTAGGAGGTTCC,.......(((.(.(((...))).).)))..,70.04197317558926
CACTGGGTCTCTTCAGAGGTTGTCTGATTG,............(((((.....)))))...,70.01544502436434
GTAGTCGGGTCCGGGGTTGGAAGTTTCTGC,((((.....((((....)))).....)))),69.99763434474735
AGGTGTCCACATCGATCACGTTGAAGGTCT,.((((....))))((((........)))).,69.96395535489805
GGTTTGGTCTATTCGTAGGCGTCCGGGTGA,((....(((((....)))))..))......,69.93113447408066
CATTGGTCTCTTTAGAGGTGTCCGTTATAG,....((((((....))))...)).......,69.86396352968075
GGTTTGGTCTATTCGTAGGCGTCCGGGTTA,((....(((((....)))))..))......,69.85829390697475
ATTGGTCTCTTTAGAGGTGTCCGTTATAGG,...((((((....))))...))........,69.82963560088326
GGTTTGGTCTATCATAGGCGTCCGGGTGAG,((....(((((...)))))..)).......,69.81799172155883
GGGGTGAGGCGTGCTGTGCTAGGAGGTTCT,.......(((.(.(((...))).).)))..,69.72384767315393
AGGTGGTCTATTAATAGGCGTCCAACTGGT,.((..(((((....)))))..)).......,69.6809712088604
CTGTTGGGTTTATTCATAGGCGTCCAGAGG,((.(((((((((....)))))..)))))).,69.65570177691116
CATTGGTCTCTTTAGAGGTGTCCGTAGGTC,....((((((....))))...)).......,69.61738676330704
GGTTGTGGTTTATTCATAGGCGTACGCCGA,(((.((((((((....))))).))))))..,69.59963463979841
CACTTGGTCTCTTCAGAGGTTGTCTGATTG,............(((((.....)))))...,69.5124266183229
TGAGTGGTCTCTTCAGAGGCGTCCTTATCG,((((..(((((....)))))...))))...,69.47674393786255
CATTGGTCTCTTTAGAGGTGTCCGTCAAGG,....((((((....))))...)).......,69.47040606505635
ATTGGTCTCTTTAGAGGTGTCCGTGAGGTC,...((((((....))))...))........,69.46907912240087
ATGGTCTATGATCGGATCATAGGTGTCTGT,....((((((((...)))))))).......,69.43419713170596
AGAGCAGGTCTATTCATAGGTGTCCAGAAT,......((.(...........).)).....,69.41423828824199
TGGGGGATCTTGCTTGCAATGGCGGATCTA,....((((((.(((......))))))))).,69.3348343571742
CAGTATGGTCTCTTCAGAGGCGTCCGATTG,((((...(((((....))))).....)))),69.28463002601578
CCACTGGGTCTCTTCAGAGGTTGTCTGATT,.............(((((.....)))))..,69.28419106307527
CTATTGGTCTGTTCACAGGTGTCCGTTTCG,.....((((((....))))...))......,69.03521377248723
TAGTCGTCACTTAACAGTAGGAGTTGTCTG,(((.((..((((........)))))).))),69.0207424385888
GAATTGGTTTCTTCAGAGGCGTCCGGTGTG,......(((((....)))))..........,68.98820562756909
ATGGTCTATGTTACGGACCTAGGTGTCAGC,..(((((.......)))))...........,68.97600448026604
GCATTCCGGTCTATTCATAGGTGTCCTTGT,.......((.(...........).))....,68.94681510182909
CAATTGGTCTGTTCACAGGTGTCCGTTTCG,.....((((((....))))...))......,68.92336396610071
CAATTGGTCTGTTCACAGGTGTCCGTTCCG,.....((((((....))))...))......,68.9202411347336
GGGGGATCTTGCTTGCAATGGCGGATCTAG,...((((((.(((......)))))))))..,68.85778850372971
GGATTGGTTTCTTCAGAGGCGTCCGGTGCG,((((..(((((....)))))))))......,68.8368528768855
GAGGGCCCCATGGGTTCTTGGGTGAGGTGT,((((((((...))))))))...........,68.79091581520717
AGCGGTGAGATAGTAAACTAGAGGGCCCCG,...(((....(((....)))....)))...,68.78519798289052
TGAGTGGTTTCTTCAGAGGCGTCCATACTG,......(((((....)))))..........,68.7630314281666
TGAGTGGTTTCTTCAGAGGCGTCCATACCG,......(((((....)))))..........,68.71186592739147
AGGTGTCCACATCGCTCACGTTGAAGGTCT,.((((....)))).................,68.68723806737847
CTCCCTTGCGGATGCTCTGCACTTTAGCTG,......((((((...)))))).........,68.61045323167168
TAAAGAGGTGTCCTCTGGTCTCTTGCATGT,...(((((...)))))..............,68.60339676725256
GGTTTGGTCTACTCATAGGCGTCCGGGTGA,((....(((((....)))))..))......,68.59261074723808
CTGCGGTGAGATAGTAAACTAGAGGGCCCC,....(((....(((....)))....)))..,68.58981850010429
GAAGGTCTAGCTTCTCAGTTAGGTGTCCAC,...(((((((((....)))))))...))..,68.56632170663276
CGGTGAGATAGTAAACTAGAGGGCCCCGGT,.(((....(((....)))....))).....,68.4518646495572
GATTGTGGTCTATTCATAGGCGTCCGCCGA,...(((((.....)))))(((....)))..,68.44232377816041
AGAGGGCCCCATGGGTTCTTGGGTGAGGTG,.((((((((...))))))))..........,68.40740596555013
AGTAAAGAGGTGTCCTCTGGTCTCTCGCAT,.....(((((...)))))............,68.39770123545833
CGATGGTCTGAAATGGTCTCAGCGTTCTTG,.((..(.((((.......)))))..))...,68.38492637363484
CAAATGGTCTCTTTAGAGGTGTCCGACAGG,.....((((((....))))...))......,68.38119710029393
AGTAAAGAGGTGTCCTCTGGTCTCGTGCAT,.....(((((...)))))............,68.26663105034783
GTGGTCTCTTCAGAGGTGTCTGCTTGTCGT,((((((((....))))...)))).......,68.24669866586743
ACTCCCTTGCGGATGCTCTGCACTTTAGCC,.......((((((...))))))........,68.19292867636739
TAAAGGGTCTGTTCACAGGTGTCCGATTGG,....(((((((....))))..)))......,68.15101065688322
ATTGTGGTCTATTCATAGGCGTCCGCCGAG,..(((((.....)))))(((....)))...,68.10773442036046
TAAAGGGTCTGTTCACAGGTGTCCGATGGG,....(((((((....))))..)))......,68.0271953377466
TCCCTTGCGGATGCTCTGCACTTTAGCTGT,.....((((((...))))))..........,67.97754406098278
GGTTTGGTCTACTCATAGGCGTCCGTGTGA,((....(((((....)))))..))......,67.9494791756709
TCGGGAGTCTATTCATAGTCGTCTGCTGTA,.((((.(.(((....))).).)))).....,67.91100998725653
GACTGTGGTCTATTCATAGGCGTCCGCCGA,...(((((.....)))))(((....)))..,67.89601830685383
CTGATTGGTCTATTTATAGGCGTCCAGAGG,(((....(((((....)))))...)))...,67.86821545584353
GGTTTGGTCTACACATAGGCGTCCGGGTGA,((....(((((....)))))..))......,67.7276095170435
CAGTTGGTCTATTTATAGGCGTCCGCCCAG,.................(((....)))...,67.60850381367055
CTTATCGGTTTATTCATAGGCGTCCAGAGG,(((....(((((....))))).....))).,67.47420993724292
CTGATTGGTCTATTTATAGGCGTCCAGATG,(((....(((((....)))))...)))...,67.35459776385541
GATGGTCTGAAATGGTCTCAGCGTTCTTGG,((..(.((((.......)))))..))....,67.35047517323366
CAGTCGGGTTTATTCATAGGCGTCCAACAG,..((.(((((((....)))))..)).))..,67.3211163801125
ACTCCCTTGCGGATGCTCTGCACTTTAGTT,.......((((((...))))))........,67.27426664511212
GATAGGGTCTCTTCAGAGGGCTGTCCCGGC,(((((..((((....)))).))))).....,67.23625589036352
AGTAAAGAGGTGTCCTCTGGTCCCTTGCAT,.....(((((...)))))............,67.14598327706847
GGTTGGGCTTATTCATAGGCGTCGGGGTTA,..(((((((((....))))).)))).....,67.14547083018533
GCGTGAAGTCTATTCATAGTTGTCTGCCGG,(((.((...(((....)))...)))))...,67.12970092957045
CGATGGTCTGAAATGGTCTCAGCGTTCCTG,.((..(.((((.......)))))..))...,67.09664830681355
TAGGTGTCCACTACCTAGGTTGAAGGTCTA,((((((.....)))))).............,67.05953426548014
AGACTAGGTTTATGGATAGGTGTCCAGCAT,............(((((....)))))....,66.97504956947338
GATATGGTCTCTTCAGAGGTCGTCCGCATT,...((((((((....)))))))).......,66.97494600611255
CAGAAGGTGTCCATGGTTTATGGTCTATCG,.....((((.(((((...))))).).))).,66.94501074414384
GGGTAAGTTGTGTAGCTGATCAGGGTTCCT,.(((.((((....)))).))).........,66.85158291736361
ACTCCCCTGCGGATGCTCTGCACTTTAGCT,.......((((((...))))))........,66.72523473431951
GGGTAAGTTGTGTAGCTGATCAGGGTTCTT,.(((.((((....)))).))).........,66.64290743312868
CGCCCTAGGTGTCCTCTGGTCTATGTTGTG,.(((..(((...)))..)))..........,66.62712676821496
CACTGGGTTTCTTCAGAGGTTGTCTGACTG,............(((((.....)))))...,66.60725185972098
GTGGGAAGTCTATTCATAGTTGTCTGCCGT,(((((....(((....)))...)))))...,66.50162607671038
AGCGTCTGGGGTTCAGAAACGTGTTTAGTA,.(((((((.....))))..)))........,66.48977716339994
CTGATTGGTCTATTTATAGGTGTCCGTATA,......((.(...........).)).....,66.44523430069373
ACTCCCATGCGGATGCTCTGCACTTTAGCT,.......((((((...))))))........,66.41708995883911
AGAAGGTGTCCATGGTTTATGGTCTATCGT,....((((.(((((...))))).).)))..,66.32627136175813
CGGGTAGTCTATTCATAGTTGTCTGTTGAG,(((((((.(((....)))))))))).....,66.30766106679732
CAGTTGGTCTATTTATAGGTGTCCGTTCCG,.....((.(...........).))......,66.27764104129577
AGTTGGTCTATTTATAGGTGTCCGTTCCGG,....((.(...........).)).......,66.25716914677807
CACTGGGTCTCTTCAGAGGCTGTCTGATTG,((...((((((....))))))...))....,66.24446628893854
GGAGGGCCCCATGGGTTGCTTGGGTGAGGT,.((((((((...))))).))).........,66.22427093402659
GGGTAAGTTGTGTAACTGATCAGGGTTCCT,.(((.((((....)))).))).........,66.17768668050117
TGCGGTGAGGTAGTAAACTAGAGGGCCCCG,...(((....(((....)))....)))...,66.10265830035084
CTGATTGGTCTATGCATAGGCGTCCAGAGG,(((....(((((....)))))...)))...,66.07389883908732
GGTTTGGTTTATTCATGGGCGTCCGGGGGA,((....(((((....)))))..))......,66.04141811887054
GGGTAAGTTGTGTAACTGATCAGGGTTCTT,.(((.((((....)))).))).........,66.0128900905181
TGCGGTGATATAGTAAACTAGAGGGCCCCG,...(((....(((....)))....)))...,65.99154718923974
CAGTGAGGTCTATTCATAGGTGTCCGCCAG,..(((((.....))))).(((....)))..,65.92254849909959
ATATTGGTCTCTTCAGAGGTTTCCGCATCT,....(((((((....))))...))).....,65.82379458102932
GCGTCTGGGGTTCAGAAACGTGTTTAGTAG,(((((((.....))))..))).........,65.81169780528549
GAGTCTATCGATTCCGTCGATAGTTGTCTG,((..((((((((...))))))))...))..,65.78588185030368
GATGTTCGGTGAATAGCTTTCCTCTAGTGA,..(((((...)))))...............,65.7261425338247
TCGGCCTAGGTGTCCTCAGGTCTATGCTTA,..((((((((...))).)))))........,65.72472851785919
CTGATCTGTTTATTCATAGGCGTCCACATG,......((((((....))))))........,65.65826041482086
CAGGGGAAGTGCCTTCTTTAGTAGGGTATG,........(((((((.......))))))).,65.60954631532759
CAGCGTCTGGGGTTCAGAAACGTGTTTAGT,..(((((((.....))))..))).......,65.60072808172252
GAAATGGTCTATTCAGAGGTGTCCGCGGAA,.....((.(...........).))......,65.58470445687227
CTGATTGGTCTATGCATAGGCGTCCAGATG,(((....(((((....)))))...)))...,65.58222059422515
AGACGAGGTATATGGATAGGTGTCCAGCAT,............(((((....)))))....,65.54593115856649
GCTGGGTAGTTTCCAACTGTGGGCAACCAT,..((((.....))))...((((....)))),65.5093030568963
CGGTTGGTCTATTTATAGGTGTCCGTTTAG,(((....((((....))))...))).....,65.43689561766001
CGCCTAGGTGTCCTCTGGTCTATGTTGTGG,.(((.(((...)))..)))...........,65.43234102084057
AGTCTAGGTCTATTTATAGGTGTCCAGCAT,......((.(...........).)).....,65.42453239897101
CGGTTGGTCTATTTATAGGTGTCCGTATTG,(((....((((....))))...))).....,65.40232644520917
CTTGGAAGTCTATTCATAGTTGTCTGCATG,...(((...(((....)))...))).....,65.39025610671123
CGGTTGGTCTATTTATAGGTGTCCGTATAG,(((....((((....))))...))).....,65.385458040175
AGTCTAGGTCTATTTATAGGTGTCCAGCGT,......((.(...........).)).....,65.34552876959876
ACTCCCTTGCGGATGCTCTGCACTTTTGCT,.......((((((...))))))........,65.33090097404039
GAGTGTGGTCTATCCATAGGCGTCCGCCGA,...(((((.....)))))(((....)))..,65.32044881967187
TGCGGTGAGATAGTAAACTAGAGGGGCCCG,...(((....(((....))).....)))..,65.30573675119494
GCCCTAGGTGTCCTCTGGTCTATGTTGTGG,(((..(((...)))..)))...........,65.30360486205059
ATACTAGGTCTATTTATAGGTGTCCAGCAT,......((.(...........).)).....,65.18315842240386
GAAGTGGTTTCTTCAGAGGCGGCCGGTGTG,...((.(((((....))))).)).......,65.12823407877563
CACTGGGTCTCTTCAGAGGTTGTCCGATTG,...((((((((....))))...))))....,65.11961930723896
CATTGGTCTCTTTAGAGGTGCCCGTTAGGT,....((((((....)))..)))........,65.10459963767246
ACAGAAGGTGTCCATGGTTTATGGTCTATC,......((((.(((((...))))).).))),65.10023737076226
GGTTTGGTCTATTCAGAGGCGTCCGGGGGA,((....((((......))))..))......,65.08738831840344
CACTGGGTCTCTTCAGAGGTTGTCCGATAG,...((((((((....))))...))))....,65.0581239961297
ACTCCCTTGCGGATGCTCTGCACTTCAGCT,.......((((((...))))))........,65.01518788871459
ACTCCCTTGCGGATGCTCTGCACTCTAGCT,.......((((((...))))))........,64.97705482019424
GGAGGGCTATTCAGCGAATCAGGCGTCCGC,(((.(.((((((...)))).)).).)))..,64.96758839287776
TGGGTCTATGGTCTTCGCAATAGGTGTCTC,....(((((.((....)).)))))......,64.92292602942196
CAGAGGGTTTATTGAGAGGGTCGTCCCCAG,.................(((....)))...,64.88179715198866
AGCGTCTGGGGTTCAGAAACGTGTCTAGTA,.(((((((.....))))..)))........,64.86041503495466
AACGGTGGTCTATGCATAGGTGTCCGACTT,..(((...((((....))))...)))....,64.83948286644384
CGATGTTCGGTGAATAGCTTTCCTCTAGTG,...(((((...)))))..............,64.78685211822888
CTAGGTGTCCGGGTCTATTGCTTGGTCTAT,......(.((((((.....)))))).)...,64.7613584136957
GCGGAAGGTGTCCATGGTTTATGGTCTATC,......((((.(((((...))))).).))),64.70206923512733
TGCCATTAGGTGTCCGCTGGTCTATTTGTA,.((((...((...))..)))).........,64.63522853736308
AGCGTCTGGGGTTCAGAAACGTGTGTAGTA,.(((((((.....))))..)))........,64.63363725241142
CTGGGTAGTTTCTAACTGTGGGCAACCATG,.((((.....))))...((((....)))).,64.60930305689631
GGCCTCTAGGTGTCCTATGGTCTATTGGTT,((((..((((...)))).))))........,64.54583919048324
CTAGGTGTCCGGGCTTATTGCTTGGTCTAT,......(.((((((.....)))))).)...,64.49017278055835
CTCTAAGGTCTATTTATAGGTGTCCAGCGG,......((.(...........).)).....,64.47343536651542
GTAGCAGGTCTATTAATAGGTGTCCGGGAA,......((.(...........).)).....,64.4644615420652
GTTGTGGTCTATTCATAGGTGTCTGCACCG,..(((((.....)))))((((....)))).,64.37750157815206
GTTGGTCTATTTATAGGCGTCCGCTCAGGT,....(((((....)))))..((.....)).,64.37395068002586
GCAGGAGGTGTCCATGGTTTATGGTCTATC,......((((.(((((...))))).).))),64.34724019181094
TAGGTGTCCGGGCCTATTGCTTGGTCTATG,.....(.((((((.....)))))).)....,64.31279477505981
TACGCAGGTCTATTTATAGGTGTCCACGAA,......((.(...........).)).....,64.2381148791842
GAAGGGGTTTCTTCAGAGGCGGCCGGTGTG,...((.(((((....)))))..))......,64.20926967360779
GAGAAGGTCTATTCAGAGGTGTCCAGCGTT,.....((.(...........).))......,64.14931915846383
GGAGTCTATGTTCCCAACCTAGTCGTCTGC,((((.(((.(((...))).))).).)))..,64.10573704995265
GGTTGTGGTCTATTCATAGGTGTCTGCCGT,...(((((.....)))))(((....)))..,64.09684263308407
GATAGGGTTTCTTCAGAGGGCTGTCCCGGC,(((((..((((....)))).))))).....,64.08912822226945
GCCTGTGGTCTATTCATAGGTGTCCGGGAT,((((((((.....)))))))).........,64.0153515926915
GTGGTAGTCTCTTCAGAGTTGTCTGCATAA,(((((((.(((....)))))).))))....,63.97863624342383
TAGGTCTCTTTAGAGGTCCAGTACGTCCTG,..((((((....)))).))...........,63.95354394342009
TCGGCCTAGGTGTCCTCAGGTCTATGCCTA,..((((((((...))).)))))........,63.93451738294449
CGGCCTAGGTGTCCTCAGGTCTATGCTTAG,.((((((((...))).))))).........,63.930781224154515
TAGGTGTCCACTACCGAGGTTGAAGGTCTA,..((((.....))))...............,63.829069858510316
GGAGTCTATGTTCCCCATTTAGTCGTCCTT,((((.(((...........))).).)))..,63.77890914759474
CAGGAGTGGTCACATGGCATTGTGTCTTCG,.....(.((.((((......)))).)).).,63.75830901448843
GGGACAGGTCTATGCATAGGTGTCCGCAAC,.(((((..((((....))))))))).....,63.75514207270997
GGGACAGGTCTATGCATAGGTGTCCGGCAA,.(((((..((((....))))))))).....,63.74006092287877
AACGGTGGTCTATTCATAGGTGTCCGCCTT,...(((((.(...........).)))))..,63.73567871102445
TTGGCCTAGGTGTCCTCAGGTCTATGCTTA,..((((((((...))).)))))........,63.718340912356254
GGAGTCTATGTTCCCAAACTAGTCGTCGGC,((.(.(((.(((....)))))).).))...,63.69472344749544
GGGACAGGTCTATGCATAGGTGTCCGGCAT,.(((((..((((....))))))))).....,63.668690881292775
TTAGGTGTCCGGGCCTATTGCTTGGTCTAT,......(.((((((.....)))))).)...,63.65749472982186
GTTGTGGTCTATTCATAGGTGTCTGCCTCG,..(((((.....)))))(((....)))...,63.59330997101763
GTTTGTGGTCTATTCATAGGTGTCTGCCTC,...(((((.....)))))(((....)))..,63.582553551864265
CAGAGGGTTTATTTATAGGGTCGTCCCCAG,.................(((....)))...,63.55974976479106
GCTGGGTAGTTTCTAACTGTGGGCAACCAT,(((.(..((((...)))).).)))......,63.512455024133395
AGCGTCTGGGGTTCAGGAACGTGTTTAGTA,.(((((((.....)))..))))........,63.499247966339716
GAAATGGTCTGTTCACAGGTTGTCCGATTA,.....((((((....))))....)).....,63.48419884367869
ATCTAGTCGTTAGGAGCTGTGTATTCGGAT,................(((......)))..,63.44680814035967
GATTGTGGTCTATTCATAGGCGCCCGCCGA,...(((((.....)))))(((....)))..,63.41079587495558
TCTAGGTGTCCGCGGTAACAGTGGTCTATT,.......(.((((.......)))).)....,63.35612615661499
CTAGGTGTCCGGGTCTATGCTTGGTCTATG,......(.((((((....)))))).)....,63.3524715594185
TAGGTGTCCACTACCCAGGTTGAAGGTCTA,..((((.....))))...............,63.34091245559344
TAGGTCTATATGGGCTATATAGGTGTCCAG,..........(((((.........))))).,63.29779703806967
CTAGGTGTCCGGGCCCATTGCTTGGTCTAT,......(.((((((.....)))))).)...,63.29498887824526
CTAGGTGTCCGGGCCGATTGCTTGGTCTAT,......(.((((((.....)))))).)...,63.27345207123931
TCTAGGTGTCCGCGGTTACAGTGGTCTATT,.......(.((((.......)))).)....,63.25926722771676
AGTGAGGTCTATTCATAGGTGTCCGCCAGG,.(((((.....))))).(((....)))...,63.229414525964685
AGGTGTCCACATCGACCACGTTGAAGGTCT,.((((....))))((((........)))).,63.19924787130005
CTGATTGGTCTATCCATAGGCGTCCAGAGG,(((....(((((....)))))...)))...,63.191399169325514
CCAGTGAGGTCTATTCATAGGTGTCCGCCA,...(((((.....))))).(((....))).,63.18831148181691
CTAGGTGTCCGGGCCTATCGCTTGGTCTAT,......(.((((((.....)))))).)...,63.12728531480386
CTAGGTGTCCGGGCCTTTGCTTGGTCTATG,......(.((((((....)))))).)....,63.111209757267936
GAGTGTGGTCTATTCATAGGCGTCCGCCGA,(((((.....)))))...(((....)))..,63.07838574211259
CTAGGTGTCCGGGCCTACTGCTTGGTCTAT,......(.((((((.....)))))).)...,63.07447838956023
AGATAGTCTATGTATGCAAAGTTGTCTGCT,((((((.((.((....)).))))))))...,63.02667478811112
CAGAGGGTTTATTGATAGGGTCGTCCCCAG,.................(((....)))...,63.0035328685049
GCAGAAGGTGTCCATGGTTTATGGTCCATC,......((((.(((((...)))))..)))),62.99763919408217
TATGGAGTTGTCTGGGTTCACTAGGCGGCT,.....((((((((((.....)))))))))),62.98681381492344
TAGGTGTCCGGGCCGATTGCTTGGTCTATG,.....(.((((((.....)))))).)....,62.89875155122337
GTGAGGTCTATTCATAGGTGTCCGCCAGGT,(((((.....))))).(((....)))....,62.89282223823607
CTGATTGGTCTATTGATAGGCGTCCAGAGG,(((....(((((....)))))...)))...,62.892294348688615
CAGAGGGTTTATTTATAGGGTCGTCCCCGG,.................(((....)))...,62.88563640462164
GTGAGGTCTATTCATAGGTGTCCGCCAGGC,(((((.....))))).(((....)))....,62.88033091276765
AGTGGAGGTCTATTTATAGGTGTCCGCAGT,.(((((.(((((....))))).)))))...,62.87886255268945
CTAGGTGTCCGGGCCTTTTGCTTGGTCTAT,......(.((((((.....)))))).)...,62.86814610741881
CTAGGTGTCCGGGCCTACCGCTTGGTCTAT,......(.((((((.....)))))).)...,62.85364917038916
GGTTTGGTCTATTCAGAGGCGTCCGGGGTA,((....((((......))))..))......,62.81663318713784
TTGTGGTCTATTCATAGGTGTCTGCATCGT,.(((((.....)))))((((....))))..,62.803163983283596
CTGATTGGTCTATCCATAGGCGTCCAGATG,(((....(((((....)))))...)))...,62.73263009515223
CTAGGTGTCCGGCAGTTCTAGGTGGTCTAT,......(.(((.(.......).))).)...,62.66557700968572
GTAGTCGGGTCCGGTTTTGGAAGTTTCTGC,((((.....((((....)))).....)))),62.65864019416686
CTAGGTGTCCGGGCCCTTTGCTTGGTCTAT,......(.((((((.....)))))).)...,62.64469884556371
GGTTTGGTCTATTCAGAGGCGTCCGGGTGA,((....((((......))))..))......,62.64380747016651
CAGAGGGTTTATTGAAAGGGTCGTCCCCAG,.................(((....)))...,62.616839720540646
CAGAGGGTATATTGAGAGGGTCGTCCCCAG,.................(((....)))...,62.58947776585138
ACTATGGTCTATTCATAGGTGTCCGGACGT,.((((((.....))))))............,62.52163419971409
AGGTGTCCGGGCCTATTGCTTGGTCTATGT,....(.((((((.....)))))).).....,62.51659712909621
CCTAGGTGTCCGGGCCTATTGCTTGGTCTA,.......(.((((((.....)))))).)..,62.492006179706735
AACTGTGGTCTATTCATAGGTGTCCGACTT,..((((((.....))))))...........,62.46175842867859
AGGTCTATATGGGCTATATAGGTGTCCAGG,.........(((((.........)))))..,62.45227226538963
TAGGTCTATATGGGCTATATAGGTGTCCAA,..........(((((.........))))).,62.42993559879994
CAGAGGGTCTAATTATAGGGTCGTCCCCAG,.................(((....)))...,62.39470768824498
CTAGGTGTCCGGGCCTATTGCTTGGTCTAC,......(.((((((.....)))))).)...,62.37272457011112
TAGGTGTCCGGGCCTACTGCTTGGTCTATG,.....(.((((((.....)))))).)....,62.370686162655296
GATGGTCTATGTCCGTTCATAGGTGTCCGC,...((((((((......))))))...))..,62.37050152346512
GTTGTGGTCTATTCATAGGTGTCTGCATCA,..(((((.....)))))((((....)))).,62.35897525714483
TAGGTGTCCGGGCCTGTTGCTTGGTCTATG,.....(.((((((.....)))))).)....,62.27734741820763
GTTGTGGTCTATTCATAGGCGTCCGGGCTA,..(((((.....)))))(((......))).,62.26622815551585
AGGGGAAGTGCCTTCTTTAGTAGGGTATGG,.......(((((((.......)))))))..,62.21353929470451
AGGGTCTATTTATAGGGTCGTCCCCAGGTC,..............(((....)))......,62.21063100761806
AACGGTGGTCTATTCATAGGTGTCCGCTGA,..((((((.(...........).)))))).,62.18760714357696
CAAGGTGTCCGGGCCTATTGCTTGGTCTAT,......(.((((((.....)))))).)...,62.176487388428825
GGTGTCCACATCGATCACGTTGAAGGTCTG,((((....))))((((........))))..,62.12657404388564
AGGTGTCCACATCGATCACGTTGAAGGTCC,.((((....))))((((........)))).,62.11861442957513
CTAGGTGTCCGCTAACCAGTTGTGGTCTAT,......(.((((.........)))).)...,62.10707966074112
GGTTTGGTCTATTCAGAGGCGTCCGGGGTG,((....((((......))))..))......,62.10416144121765
GGTTTGGTCTATTCAGAGGCGTCCGGGGGG,((....((((......))))..))......,62.10165294482038
GGTTTGGTCTATTCAGAGGCGTCCGGGGGC,((....((((......))))..))......,62.09540728208617
CTAGGTGTCCGCTGCCTATGTGTGGTCTAT,......(.((((.........)))).)...,62.08201865475044
CTGATTGGTCTATTCCTAGGCGTCCAGAGG,(((....(((((....)))))...)))...,62.06855811459923
GGTTTGGTCTATTCAGAGGCGTCCGGGAGA,((....((((......))))..))......,62.05190094735628
AACGGTGGTCTATTAATAGGTGTCCGACTT,..(((...((((....))))...)))....,62.01699998225633
ACTATGGTCTATTCATAGGTGTCCGAACGT,.((((((.....))))))............,62.014478037503636
CTAGGTGTCCAGGCCTATTGCTTGGTCTAT,......(.((((((.....)))))).)...,62.00220585743588
AACGGTGGTCTATCCATAGGTGTCCGACTT,..(((...((((....))))...)))....,61.97892264380796
GCTGGGTAGTTTCGAACTGTGGGCAACCAT,(((.(..((((...)))).).)))......,61.97264301055403
TGTGGTCTATTCATAGGTGTCTGCATCGTC,(((((.....)))))((((....))))...,61.926797480424085
CTGATTGGTCTATCCATAGGCGTCCAGCGG,(((....(((((....)))))...)))...,61.925175476648995
AGGTGTCCACTACCCAGGTTGAAGGTCTAG,.((((.....))))................,61.86157890158262
GATTGCTGTTTATCCATAGGCGTCCGCCGA,..................(((....)))..,61.84852448558353
CGGGGGGTCTATTTATAGGCGTCCGACAGG,..(((.(((((....))))).)))......,61.84811886070147
CTATGGTCTATTCATAGGTGTCCGGACGTG,((((((.....)))))).............,61.829366324698
AGATGGGTTGGTGGGTCTGGTTTTTGAATG,.(((.((.........)).)))........,61.81880487748551
GGTTTGGTCTATTCAGAGGCGTCCGGTGAG,((....((((......))))..))......,61.81680655035885
GGCCTCTAGGTGTCCTATGGTCTACTGGTT,((((..((((...)))).))))........,61.795419012712586
GGTTTGGTCTATTCAGAGGCGTCCGGAGGA,((....((((......))))..))......,61.79078295563296
GATGGTCTATGTCTGTTCATAGGTGTCCGC,...((((((((......))))))...))..,61.73244860005761
GCTGGGTAGTTTTTAACTGTGGGCAACCAT,(((.(..((((...)))).).)))......,61.72596972356297
CGGTGTCCACATCGATCACGTTGAAGGTCT,.((((....))))((((........)))).,61.72442560321152
CTAGGTGTCCGCACGTTCGTGATGGTCTAT,......(.((((((....))).))).)...,61.71768783972941
GAAGGTCTATGTCTGTTCATAGGTGTCCGC,...((((((((......))))))...))..,61.71352329272465
AGATGGGTTGGTGGGTCTGGTTTTTTGAAT,.(((.((.........)).)))........,61.698804877485514
GGTTTGGTCTATTCAGAGGCGTCCGTGGTA,((....((((......))))..))......,61.686237032313024
GGTTTGGTCTATTCAGAGGCGTCCGTGTGA,((....((((......))))..))......,61.671584191710345
GGGGTTAGGCGTGCTGTGCTAGGAGGTCCT,.......(((.(.(((...))).).)))..,61.64662040687502
GGTTTGGTCTATTCAGAGGCGTCCGTGGGA,((....((((......))))..))......,61.64243776561735
GGCACTATATGTCTCCAGCCACGGACTGAC,((((.....))))(((......))).....,61.61683312518986
CTGATTGGTCTATTCGTAGGCGTCCAGAGG,(((....(((((....)))))...)))...,61.60878101452147
CGGGTGGTCTATTTATAGGCGTCCGACAGG,((((..(((((....))))).)))).....,61.580932213581946
TCGGCCTAGGTGTCCTCAGGTCTAAGCCTA,..((((((((...))).)))))........,61.549794268276585
TGGGTGGTCTATTTATAGGCGTCCGGGCTG,((((..(((((....))))).)))).....,61.540863019066606
CTGCTTGGTCTATTCGTAGGCGTCCAGAGG,(((....(((((....)))))...)))...,61.53153790658415
TGGACAGGTCTATTTATAGGTGTCCGGCAA,((((((..((((....))))))))))....,61.512292636889995
CGGATGGTCTATTTATAGGTGTCCGGCTAG,((((((..(((....))).)))))).....,61.48789713716221
GGGCACTAGGTGTCCATTGGTCTATTGACT,((((((...))))))...((((....)))),61.4685115217811
AACGGGGGTCTATGCATAGGTGTCCGACTT,..((((.(((((....))))).))))....,61.447218172106886
GAAGGTCTATGTCCGTTCATAGGTGTCCGC,...((((((((......))))))...))..,61.430119436843
GGTGTGGTCTATTCAGAGGCGTCCGGGGGA,((....((((......))))..))......,61.42307150897263
CTAGGTGTCCGCTATCCTATGCAGGTCTAT,......(.((((........)).)).)...,61.41139845891281
GGTTTGGTCTATTCAGAGGCGTCCAGGGTA,((....((((......))))..))......,61.38614498423635
CAGGTGTCCACATCGATCACGTTGAAGGTC,..((((....))))((((........)))),61.351806375360326
CAGTTGGTTTATTTATAGGCGTCCGCCCAG,.................(((....)))...,61.347178513043076
GATTAGGTGTCCGCATTGAGTGGTCTATAA,........(.((((.....)))).).....,61.33846496017526
CTAGGTGTCCGCCGTGAAAGTGGTCTATGG,......(.((((.......)))).).....,61.33794293771899
CTGATTGGTCTATTCATAGGTGTCCCACTG,..................((((...)))).,61.278775720317455
CATGGGAAGTGCCTTCTTTAGTAGGGTATG,........(((((((.......))))))).,61.26285734355635
GATGGTCTATGTCTTTTCATAGGTGTCCGC,...((((((((......))))))...))..,61.1909102314891
CGGATGGTCTATTTATAGGTGTCCGGCCAG,((((((..(((....))).)))))).....,61.19080733402649
GATTGTGGTTTATTCATAGGCGTCCGCCGA,...(((((.....)))))(((....)))..,61.12669326394091
CTAGGTGTCCAGGCTGCCCGCTTGGTCTAT,......(.((((((.....)))))).)...,61.12185848659763
GGGGGAAGTTCATTCATAGTTGTCTGCCGT,((.(((....((........))))).))..,61.11160638542385
TCGGCCTAGGTGTCCTCTGGTCTATGCTTA,..((((.(((...)))..))))........,61.09458159730949
AACGGAGGTCTATGCATAGGTGTCCGACTT,..((((.(((((....))))).))))....,61.07094098228285
GTTGTGGTCTATTCATAGGTGTCCGCATCG,(.(((((.(...........).))))).).,61.03935401750568
CGCCCTAGGTGTCCTCTGGTCCATGTTGTG,.(((..(((...)))..)))..........,61.038300773162554
CAGGTGTCCACATCGACCACGTTGAAGGTC,..((((....))))((((........)))),61.03729634678646
CTAGGTGTCCATTACCTATTTGTGGTCTAT,.((((((.....))))))............,61.020564366896544
GATGGTCTATGTCTGCTCATAGGTGTCCGC,...((((((((......))))))...))..,60.99019537203836
GGCCCCTAGGTGTCCTTTGGTCTATTGGTT,((((...(((...)))..))))........,60.96136119892173
AGGTCTATGTCCGTTCATAGGTGTCCGCGT,.((((((((......))))))...))....,60.94241604701371
GGTCTGGTCTATTCAGAGGCGTCCGGGGTG,((....((((......))))..))......,60.93369382176297
TGCTGGTCTATTCAGAGGCGTCCGAGCCCA,..((((.....)))).(((......)))..,60.88176556682266
AGGTGTCCGGGCCTCTTGCTTGGTCTATGT,....(.((((((.....)))))).).....,60.877603213117126
CTGAGTGGTCTAGTCATAGGCGTCCAGAGG,(((....(((((....)))))...)))...,60.83964493025731
TGGCCTAGGTGTCCTCTGGTCTATGCGTAA,.((((.(((...)))..)))).........,60.82252277378007
GGGACGGGTCTATGCATAGGTGTCCGGCAA,.(((((..((((....))))))))).....,60.780009191004496
GATTGTGGTCTATTCATAGGTGTCCGCTGA,....((((.(...........).))))...,60.733592047578085
GATGGTCTATGTCAAATCATAGGTGTCCGC,...((((((((......))))))...))..,60.714763997045274
TGCGGCGAGATAGTAAACTAGAGGGCCCCG,...(((....(((....)))....)))...,60.71324604246831
CTAGGTGTCTGTCGGTATTCGATGGTCTAT,......(.((((((.....)))))).)...,60.708035258879534
GCAGAAGGTGTCCATGGTTCATGGTCTATC,......((((.(((((...))))).).))),60.70155534709538
ATTGTGGTCTATTCATAGGTGTCCGCTGAG,...((((.(...........).))))....,60.68992645773582
GATTGTGGTCTATTCATAGGTGTCCGACTT,...(((((.....)))))(((.....))).,60.662856345072406
GATGGTCTATGTCATATCATAGGTGTCCGC,...((((((((......))))))...))..,60.639092715891614
GATGGTCTATGTCTAATCATAGGTGTCCGC,...((((((((......))))))...))..,60.610076179093916
ATGGTCTATGTCAAATCATAGGTGTCCGCG,..((((((((......))))))...))...,60.58759657495186
AACGTTGGTCTATTCATAGGTGTCCGACTT,...(((((.(...........).)))))..,60.56220071728973
GCTGGTGGTCTATTCATAGGTGTCCGCATC,....((((.(...........).))))...,60.5580821920233
GTCGTGGTCTATTCATAGGTGTCCGCATCG,(..((((.(...........).))))..).,60.513442001578355
TAACTCTAGGTGTCCCTTGGTCTATTGATA,..(((..(((....))).))).........,60.507646064960454
AAGGTCTATGTCTGTTCATAGGTGTCCGCG,..((((((((......))))))...))...,60.50543699219175
ATACCCTAGGTGTCCTTTGGTCTATTGTCT,..(((..(((...)))..))).........,60.46558187728568
GGTTTGGTCTATTCAGAGGCGTCCTGGGGA,((....((((......))))..))......,60.46051367922957
GGTTTGGTCTATTCAGAGGCGTCCTGGGTA,((....((((......))))..))......,60.45002461378303
GATGTTCGGTAATCCACGATTCTCTAGTGA,((...(((........)))...))......,60.414282475605425
GATTGTGGTCTATTTATAGGCGTCCGCTGA,....((((((((....))))...))))...,60.37960665924429
GAAGGTCTATGTCTCTTCATAGGTGTCCGC,...((((((((......))))))...))..,60.379517917544916
GACATGGTCTATTCATAGGTGTCCGCGGAA,(((((.............))))).......,60.366454741451236
GACTTTGGTCTATTCATAGGTGTCCGGGGC,..((((((.(...........).)))))).,60.352005994714645
CTGTTTGGTCTAATCATAGGCGTCCAGAGG,(((....(((((....)))))...)))...,60.3496844408719
GATGGGGGTCTATGCATAGGCGTCCGCTGA,...(((.(((((....))))).))).....,60.321377755621434
CCTGAGTGGTCTAGGCATAGGCGTCCAGAG,.(((....(((((....)))))...)))..,60.30885684289823
TAAGCGGATCTAACCATAGTTGGGGTATCA,......(((....(((....)))...))).,60.28987892421185
GGAGGTCTATTCGTGAGAATAGGTGTCCGC,(((.((((((((....)))))))).)))..,60.26239453217072
AACGGTGGTCTATTCGTAGGTGTCCGACTT,..(((...((((....))))...)))....,60.23754930978711
AACGGTGGTCTATACATAGGTGTCCGACTT,..(((...((((....))))...)))....,60.22841615650272
AACGGTGGTCTAGTCATAGGTGTCCGACTT,..(((...((((....))))...)))....,60.223028951366715
CTGATTGGTCTAATCATAGGCGTCCAGAGG,(((....(((((....)))))...)))...,60.200991357686675
ACTAGGTGTCCGCGGTTGAGATGGTCTATT,.......(.((((......).))).)....,60.19796248255145
CTGATTGGTCTACTCATAGGCGTCCAGAGG,(((....(((((....)))))...)))...,60.19346922273813
TGCGGCGAGATAGTAAACTAGAGGGCCCTG,...(((....(((....)))....)))...,60.18827337971593
GAAGGTCTATGTCTTTTCATAGGTGTCCGC,...((((((((......))))))...))..,60.184709803489184
GATTGGGGTCTATTTATAGGCGTCCGCTGA,...(((((((((....))))).))))....,60.17985611487589
AAAGGGGGTCTATGCATAGGTGTCCGACTT,...(((.(((((....))))).))).....,60.17863233520299
GAAGGTCTATGTCCAATCATAGGTGTCCGC,...((((((((......))))))...))..,60.16958006778712
CTAGGTGTCCGCACGTCCGTGATGGTCTAT,......(.((((((....))).))).)...,60.15101425579728
GCTGTGGTCTATTCATAGGTGTCTGCATCG,.((((((.....))))))............,60.147978641686194
CAGTGAGGTCTATTCACAGGTGTCCGCCAG,..(((((.....))))).(((....)))..,60.13957624365703
GGTACAGGTCTATGCATAGGTGTCCGCAAC,((.(((..((((....))))))))).....,60.13241079576716
GGAAGGTCTATTCTCATAGGTGTCCAGTCG,(((..((((((....)))))).))).....,60.11453286614203
CTAGGTGTCCTGCGTATTAGTTGGTCTATG,......(.((.((......)).)).)....,60.10935491829687
CGCTGTGGTCTATTCATAGGTGTCTGCATC,..((((((.....))))))...........,60.09438427207
GGGTGGTCTATTTATAGGCGTCCGACAGGT,(((..(((((....))))).))).......,60.08366435177127
GGGACTGGTCTATTTATAGGTGTCCGGCAA,.((((...((((....)))).)))).....,60.064457985322406
CAGGGGAAGTGCCTTCTTTAGTAGGGTTTG,..(((((((...)))))))...........,60.06308559078697
GAAGGTCTATGTTTGTTCATAGGTGTCCGC,...((((((((......))))))...))..,60.05148989441467
GTTGTGGTCTATTCATAGGTGTCCGGCTTG,.((((((.....))))))............,60.046552333941136
GTCTGTGGTCTATTCATAGGTGTCCGGGAT,.(((((((.....)))))))..........,60.03274466608515
CTGTGGTCTATTCATAGGTGTCTGCATCGT,((((((.....)))))).............,60.01611041478633
GCTGTGGTCTATTCATAGGTGTCTGCTTCG,.((((((.....))))))............,60.00571541194475
CAGTGGTCTATTCATAGGTGTCTGCCAGGT,..((((.....)))).(((....)))....,59.99574526228873
AACGGTGGTCTATTCATAGGTGTCCGCGGA,..(.((((.(...........).)))).).,59.9942772467479
GAAGGTCTATGTCAAATCATAGGTGTCCGC,...((((((((......))))))...))..,59.99377638168248
AACGGTGGTCTATTCATAGGTGTCCGACCT,...(((((.(...........).)).))).,59.984110697454526
GAAGGTCTATGTCTGGTCATAGGTGTCCGC,...((((((((......))))))...))..,59.98265069915231
AATGGGGGTCTATGCATAGGTGTCCGACTT,...(((.(((((....))))).))).....,59.98175583647688
GTTGTGGTCTATTCATAGGTGTCTGCAGCG,(((((((.(...........).))))))).,59.98007922841532
GGTTGGGTCTATTCAGAGGCGTCCGGGGGA,((....((((......))))..))......,59.97306584120867
GTGACAGGTCTATGCATAGGTGTCCGGCAA,(.((((..((((....))))))))).....,59.96869088129277
TCTGTGGTCTATTCATAGGTGTCCGGGATG,(((((((.....)))))))...........,59.95763745816221
GTGACAGGTCTATGCATAGGTGTCCGGCTA,(.((((..((((....))))))))).....,59.954811630772305
GATGGTCTATGAGTTTGCATAGGTGTCCGC,...((((((((......))))))...))..,59.94169709500041
GAAGGTCTATGTCTGCTCATAGGTGTCCGC,...((((((((......))))))...))..,59.9291463262236
GAAGGTCTATGTCTGTCCATAGGTGTCCGC,...((((((((......))))))...))..,59.86191276089099
AGGTGTCCACTACCGAGGTTGAAGGTCGAG,.((((.....))))................,59.85760670694509
CTAGGCGTCCGGGCCTATTGCTTGGTCTAT,......(.((((((.....)))))).)...,59.84923619433201
GGAGGTCTATGTCTGTTCATAGGTGTCCGC,(((.(((((((......))))))).)))..,59.82148059385617
GATTGTGGTTTATCCATAGGCGTCCGCCGA,...(((((.....)))))(((....)))..,59.816428634587965
CTGATTGGTCTAATCATAGGCGTCCAGATG,(((....(((((....)))))...)))...,59.80804062489119
TGGTCTATGTCGTTTAGGCCTAGGTGTCTG,.((((((.......))))))..........,59.800443651334795
GGTTGGGTCTATTCAGAGGCGTCCGGGGTA,((....((((......))))..))......,59.78655818690667
GGGGGAAGTCCATTCATAGTTGTCTGCCAT,((.(((...(........)...))).))..,59.770636035019535
TGGACAGGTCTATGCATAGGTGTCCGGCAA,((((((..((((....))))))))))....,59.76185491438566
CTAGGTGTCCATTCCTATTTGTGGTCTATG,......(.((((........)))).)....,59.754004199170495
TGATTGGTCTATTCATAGGTGTCCCACTGG,.................((((...))))..,59.74920603493918
ATTAGGTGTCCGCGGTTGAGATGGTCTATT,.......(.((((......).))).)....,59.74831632234575
GGGTTGGTCTATTTATAGGCGTCCGGGGGA,(((...(((((....))))).)))......,59.737359547166164
TGGACAGGTCTATGCATAGGTGTCCGGCTA,((((((..((((....))))))))))....,59.72603621673925
GATTGTGGTCTATCCATAGGCGTCCGCTGA,...(((((.....)))))(((....)))..,59.72418891599957
GAAGGTCTATGTCTGATCATAGGTGTCCGC,...((((((((......))))))...))..,59.710257992575436
CTAGGTGTCCAGGTTGCCCGTTTGGTCTAT,......(.(((((.......))))).)...,59.70148375409273
GTAGTCGGGTCCGGTTTTGGAAGTCTCTGC,((((.....((((....)))).....)))),59.681042074251
AGCAGGTCTATTCATAGGTGTCCATACCTG,..............((((((....)))))),59.664582176176125
CTAGGTGTCCATTACCTATTTATGGTCTAT,.((((((.....))))))............,59.66405203719009
TTTGGTCTATTCATAGGTGTCTGCATCGTC,...............((((....))))...,59.64587402733146
AGGGGAAGTGCCTTCTTTAGTAGGGTTTGG,.(((((((...)))))))............,59.63873039883605
GAAGGTCTATGTCATATCATAGGTGTCCGC,...((((((((......))))))...))..,59.63289228789169
ATAGGAGGTGTCCACTGTCGTGGTCGTCTT,....((((((.((((....)))).)))))),59.62304736037525
AAGGGAGGTCTATGCATAGGTGTCCGACTT,...(((.(((((....))))).))).....,59.61591068059225
CTTATTGGTCTATTCATAGGTGTCCCACTG,..................((((...)))).,59.60470551687527
AGAGGGCCCCATGGGTCGCTTGGGTGAGGT,.((((((((...))))).))).........,59.60274204323885
CTAGGTGTCCGGGCCTATTGCTCGGTCTAT,......(.((((((.....)))))).)...,59.586863424076725
CAGAGGTATTATTTATAGGGTCGTCCCCAG,.................(((....)))...,59.565183919841196
CTAGGTGTCCACTACCTATTTGTGGTCTAT,......(.((((.........)))).)...,59.5618021533526
CGTATGGTCTATTCATAGGTGTCCCTCTGG,(.(((((.....))))).)...........,59.55602387400814
GAAGGTCTATGTCTAATCATAGGTGTCCGC,...((((((((......))))))...))..,59.54902713327917
GATTGTGGTCTATTCATAGGCGTCAGCTGA,...(((((.....)))))(((....)))..,59.54240424879235
GAAGGTCTATGTCTTCTCATAGGTGTCCGC,...((((((((......))))))...))..,59.525117855208336
CTAGGTGTCCATTACCTATCTATGGTCTAT,.((((((.....))))))............,59.52342454672549
GAAGGTCTATGTCAGATCATAGGTGTCCGC,...((((((((......))))))...))..,59.51897344025055
GATTGTGGTCTATTCACAGGCGTCCGCTGA,...(((((.....)))))(((....)))..,59.51712545670482
GTCTGTGGTCTATTCATAGGCGTCCGGGAT,((((((((.....)))))))).........,59.51686817991199
GGATTGGTCTATTTATAGGCGTCCGAGCTC,((((..(((((....)))))))))......,59.51166552889515
GTGGATGGTCTATTTATAGGTGTCCCACGC,((((...(((((....)))))...))))..,59.50881239025641
GATATGGTCTATTCATAGGTGTCCGCGGAA,..(((((.....))))).............,59.50660523192512
CTGAATGGTCTAATCATAGGCGTCCAGAGG,(((....(((((....)))))...)))...,59.50549791036063
AATATGGTCTATTCATAGGTGTCCGCGGAA,..(((((.....))))).............,59.49827768161285
ATTGTGGTCTATTCACAGGCGTCCGCTGAG,..(((((.....)))))(((....)))...,59.495399313988486
AAAGGAGGTCTATGCATAGGTGTCCGACTT,...(((.(((((....))))).))).....,59.49189413299723
TCGGCCTAGGTGTCCTCAGGTCAATGCTTA,..((((((((...))).)))))........,59.49040265661702
GGTTCGGTCTATTCAGAGGCGTCCGGGGGA,((....((((......))))..))......,59.49024115490013
GAAGGTCTATGTCTTATCATAGGTGTCCGC,...((((((((......))))))...))..,59.47746557798443
GATTGGGGTCTATGCATAGGCGTCCGCTGA,...(((((((((....))))).))))....,59.47154213085335
CAACGGTGGTCTAGGCATAGGTGTCCGAGT,...(((...((((....))))...)))...,59.466203968907614
GAAGGTCTATGTCGAATCATAGGTGTCCGC,...((((((((......))))))...))..,59.465321233779015
GAAGGTCTATGTTAAATCATAGGTGTCCGC,...((((((((......))))))...))..,59.45525877715167
GAAGGTCTATGTCAAGTCATAGGTGTCCGC,...((((((((......))))))...))..,59.45074802073252
GGTTGGGTCTATTCAGAGGCGTCCGGAGTA,((....((((......))))..))......,59.43111534094136
CTAGGTGTCCGGCGTATTAGTTGGTCTATG,......(.(((((......))))).)....,59.42536770724963
CGGAGGGTCTATTTATAGGTGTCCGGCTAG,((((.(..(((....))).).)))).....,59.41827191550964
ATTACCTAGGTGTCCTTTGGTCTATGGAGT,...(((.(((...)))..))).........,59.415096900033426
GAGGAAGGTCTATTTATAGGCGTCCTCCGC,(((((..(((((....))))).)))))...,59.405451627562115
GATTGGGGTCTATGCATAGGCGTCCGCGGA,...(((((((((....))))).))))....,59.378212234024275
GGTTGGGTCTATTCAGAGGCGTCCGTGGTA,((....((((......))))..))......,59.30337572229685
GGTCTGGTCTATTCAGAGGCGTCCTGGGTA,((....((((......))))..))......,59.30149644145428
CTAGGTGTCCGTCGTTATTCGATGGTCTAT,......(.((((((.....)))))).)...,59.29110203740905
CTAGGTGTCCGTCGGTATTCGATGGTCTAT,......(.((((((.....)))))).)...,59.290723004694
GGGGGAAGTCCATTCATAGTTGTCTGCCTT,((.(((...(........)...))).))..,59.284921749305255
CAGGTGAAGTGCCTTCTTTAGTAGGGTATG,........(((((((.......))))))).,59.283690676889684
CTATATGGTCTATTCATAGGTGTCCGATTG,...(((((.....)))))............,59.26491179796838
GGGGGAAGTTCATCCATAGTTGTCGGCCGT,...(((......)))...............,59.26355803396161
GGAGGTCTATGTCTGGTCATAGGTGTCCGC,(((.(((((((......))))))).)))..,59.24242897439528
CGGAGGGTCTATTTATAGGTGTCCGGCCAG,((((.(..(((....))).).)))).....,59.2308793480036
CGGAGGGTCTATTTATAGGTGTCCGGCTTG,((((.(..(((....))).).)))).....,59.2253276477954
AAAGGTGTCCGCTGATTCTACGTGGTCTAT,......(.((((.........)))).)...,59.19378394440368
CTAGGTGTCCGCTATCCTATGCTGGTCTAT,......(.((((........)).)).)...,59.185988413859334
TGCCATAGGTGTCCTTTGGTCTATTGTTCA,.((((.(((...))).))))..........,59.184321137614184
AACTTTTAGGTGTCCCTTGGTCTATTGGAT,.(((...(((....))).))).........,59.164595915312304
AAAGGTGTCCGCTTATTCTACGTGGTCTAT,......(.((((.........)))).)...,59.15513115593058
GTAGTCGGGTCCGGGGTTGGAAGTGTCCGC,.....((((((((....))))....)))).,59.14638062081487
AAGCGGATCTAACCATAGTTGGGGTATCAG,.....(((....(((....)))...)))..,59.14361989642583
GCGCGTGGTCTATTCATAGGTGTCCTGTGC,(((((.((.(...........).))))))),59.111720101655976
ACTATGGTCTATTTCTACGTGTCCGGATGT,.....((.(...........).))......,59.09749798441572
GTTGTGGTCTATTCATAGGTGTCCGGGATG,(((.(((.(...........).))).))).,59.088142393768436
TAGGTGTCCATTACCTATTTGTGGTCTATG,((((((.....)))))).............,59.08561812507279
CAGGGGATGTGCCTTCTTTAGTAGGGTATG,........(((((((.......))))))).,59.08369067688968
AACGGTGGTCTAATCATAGGTGTCCGACTT,..(((...((((....))))...)))....,59.05433317354691
ATTTGTGGTCTATTCATAGGTGTCCGGGAT,((((((((.....)))))))).........,59.04184332244387
AACGGTGGTCTACTCATAGGTGTCCGACTT,..(((...((((....))))...)))....,59.03584131503541
TAGGTGTCCATTCCTATTTGTGGTCTATGT,.....(.((((........)))).).....,59.031155025044555
CTAGGTGTCCGCGTTCATGATGGTCTATGT,......(.((((......).))).).....,59.02334477825954
CTGAGAGGTCTATGCATAGGCGTCCAGAGG,(((.((.(((((....))))).)))))...,59.02119770852836
CTGATTGGTCTAATCATAGGCGTCCAGCGG,(((....(((((....)))))...)))...,59.00058600638795
CACACCTAGGTGTCCTTTGGTCTATAGCTG,...(((.(((...)))..))).........,58.999330928047996
GGTGTGGTCTATTCATAGGTGTCTGCATCG,(((((((.(...........).))))))).,58.9862659581455
ACGGTGGTCTACTCATAGGTGTCCGACTTG,.(((...((((....))))...))).....,58.975654301422
CTAGGTGTCCGGCGTATTAGCTGGTCTATG,......(.(((((......))))).)....,58.970319114261294
CAGGGGTGGTCACATGGCATTGTGTCTTCG,.....(.((.((((......)))).)).).,58.942361345843366
GACATGGTCTATTCATAGGTGTCCGCGGTA,(((((.............))))).......,58.94012332455881
ATCTAGTCGGTAGGTGCTGTGTATGCGGAT,(((((.....))))).((((....))))..,58.92766011672446
CAGTGAGGTCTATTCATAGGTGTCCGCCTG,..(((((.....)))))((((....)))).,58.88887162266809
CTAGGTGTCCGTCGGCATTCGATGGTCTAT,......(.((((((.....)))))).)...,58.88513612496101
CTAGGCGTCCGGGCCCATTGCTTGGTCTAT,......(.((((((.....)))))).)...,58.87357927289423
GGAGGTCTATGTCAAATCATAGGTGTCCGC,(((.(((((((......))))))).)))..,58.86961433222163
CTAGGCGTCCGGGCCGATTGCTTGGTCTAT,......(.((((((.....)))))).)...,58.85204246588829
TTGTGGTCTATTCATAGGTGTCTGCTCCGT,.(((((.....)))))((........))..,58.84746884856268
CTAGGTGTCTGTCGTTATTCGATGGTCTAT,......(.((((((.....)))))).)...,58.77726228639611
GTTGTGGTCTATTCACAGGTGTCTGCATCG,..(((((.....)))))((((....)))).,58.76269973276488
CAGAAGGTGTCCATAGTTTATGGTCTATCG,.....((((.(((((...))))).).))).,58.75162508627275
GGGCCCTAGGTGTCCTCTGGTCTATGATTC,(((((..(((...)))..))))).......,58.74692298073475
CTAGGTGTCCGGCTTATTGTTGGTCTATGT,......(.(((((.....))))).).....,58.72072360713064
TGCGGTGAGATAGGAAACTAGAGGGCCCCG,...(((....(((....)))....)))...,58.67150699807879
AGCTTTGGTCTATTCATAGGTGTCCGCGGT,.(((.(((.(...........).))).))),58.65882378211761
CTAGGTGTCCGGCGTTTTAGTTGGTCTATG,......(.(((((......))))).)....,58.64323899548862
CAGGGGAAGTGCCTTCTTTAGTAGGTTATG,..(((((((...)))))))...........,58.62279196785293
CTAGGTGTCCGTCGTTCCAGTTTGGTCTAT,......(.(((.(......)..))).)...,58.62016538424068
GGGGGAAGTTCATCCATAGTTGTCAGCCGT,...(((......)))...............,58.57452775752457
AAAGGTGTCCGCCTAATTAAAGTGGTCTAT,......(.((((.........)))).)...,58.571220404886716
CTAGGTGTCCTTAGCTTATGTGTGGTCTAT,......(.((...((....))..)).)...,58.526560060370706
CTGATTGGTCTATTCATAGGTGTCCAGAGG,((..((((.(...........).)))).)),58.52412595324283
GAGACCTAGGTGTCCTTTGGTCTATGATGA,.(((((.(((...)))..))))).......,58.51280195397251
CAGGAGTGGTCATCAGTTCGGATGTCTTCG,.....(.((.((((......)))).)).).,58.49407314758635
GTTTGGGGTCTATGCATAGGCGTCCGCTGA,...(((((((((....))))).))))....,58.49277700111685
GGCTATAGGTGTCCCCTGGTCTATTCAGCT,(((((..((...))..))))).........,58.48636614928644
CTAGGTGTCCGGCGTATAGTTGGTCTATGT,......(.(((((.....))))).).....,58.46817100806414
CTAGGTGTCTGCCGTGTGACGGTGGTCTAT,......(.(((((((...))))))).)...,58.4675256536458
AACGGTGGTCTATGCATAGGTGTCCGCCAG,...(((((.(...........).)))))..,58.466122536977196
TAGGTCTATATGGACTATATAGGTGTCCAG,..........(((((.........))))).,58.437877731146244
TAGCGGATCTAACCATAGTTGGGGTATCAG,.....(((....(((....)))...)))..,58.435035050061266
AGGTGTCCACACCGATCACGTTGAAGGTCT,.((((....))))((((........)))).,58.4245474355702
CTGATTGGTCTATTCATAGGTGTCCTACTG,................((((...))))...,58.40576505923721
CTAGGTGTCCGCTATCCTTTGCTGGTCTAT,......(.((((........)).)).)...,58.405653816428284
CTAGGTGTCCATTGTGTGCCTGTGGTCTAT,......(.((((.........)))).)...,58.40545161901704
GAAGGTCTATGCCAAATCATAGGTGTCCGC,...((((((((......))))))...))..,58.40359564461724
CTGATTGGTCTATTCATAGGTGTCCCGCTG,..................((((...)))).,58.40324790582048
CGGGAGGGTCTATGCATAGGTGTCCGCCTG,((((.(((((((....))))..))).)))),58.39330433261185
CTAGGTGTCCATTCCCTATTTGTGGTCTAT,......(.((((.........)))).)...,58.393147504246585
GCGCGTGGTCTATTCATAGGTGTCCTGTGT,..............((((((...)))))).,58.38342834050024
GTTGGTGGTCTATTCATAGGTGTCTGCCTC,...(((((.(...........).)))))..,58.37854752185876
CTAGGTGTCCATGCCTTCAGAGTGGTCTAT,......(.((((.........)))).)...,58.37349141195165
GGTTTGGTCTATTCACAGGCGTCCGGGTGA,((....((((......))))..))......,58.351499490959284
GACATGGTCTATTCATAGGTGTCCGCTGAA,(((((.............))))).......,58.343535257563445
AGAGGGCCCCATGGGTTGCTTGGGTGAGGT,.......((((.(.....).))))......,58.34098400069943
GGTTTGGTCTATTCACAGGCGTCCGGGGGA,((....((((......))))..))......,58.337862261091786
GGTCTATGTCGTTTAGGCCTAGGTGTCTGG,((((((.......))))))...........,58.337169982949455
CTAGGTGTCCGGCGTATTGTTGGTCTATGT,......(.(((((.....))))).).....,58.328627902867
TAGGTGTCCGCGCCTATTGCTTGGTCTATG,((((((....))))))..............,58.3105603340302
GATTGGGGTCTATGCATAGGCGTCCGCAGA,...(((((((((....))))).))))....,58.289867389219005
TCTAGGTGTCCGGCGCGTTGCTGGTCTATT,.......(.(((((.....))))).)....,58.26529982877626
GGGCACTAGGTGTCCACTGGTCTATTGACT,((((((...))))))...((((....)))),58.260896758480676
AGATGGGTTGGTGGGTCCGGTTTGTTGAAT,((((.((.........)).)))).......,58.24810974342394
CTAGGTGTCCGCTCCTATGCAGGTCTATGT,......(.((((......)).)).).....,58.24483739444106
GACATGGTCTATTCATAGGTGTCCGCCGAA,(((((.............))))).......,58.2435454407876
GTAGTCGGGTCCGGGGTTGGAAGTTTCCGC,.....((((((((....))))....)))).,58.24202176404152
GACATGGTCTATTCATAGGTGTCCGCGGAG,(((((.............))))).......,58.23854167464539
CTAGGTGTCCATTACCTATTTGAGGTCTAT,.((((((.....))))))............,58.22722914286617
GACATGGTCTATTCATAGGTGTCCGCGGGA,(((((.............))))).......,58.22626365358657
GACATGGTCTATTCATAGGTGTCCGCGTAA,(((((.............))))).......,58.22148554346059
GACCTCTAGGTGTCCTATGGTCTATTGGTT,((((..((((...)))).))))........,58.21857220646278
AACTGTGGTCTATTCACAGGTGTCCGACTT,..((((((.....))))))...........,58.20578070404528
GGTTTGGTCTATTCATAGGTGTCCGGGTGA,..(((((.(...........).)))))...,58.19321511508382
CTAGGTGTCCATAGCGTCTTCTTGGTCTAT,......(.(((...........))).)...,58.18877433106266
GGTTTGGTCTATTCACAGGCGTCCGGGGTA,((....((((......))))..))......,58.18426377747868
GGTGGTCTATTCTTGGAATAGGTGTCCGCG,.(((((((((((...)))))))...)))).,58.184103728094826
CTAGGTGTCCAGGTTGCCCGCTTGGTCTAT,......(.((((((.....)))))).)...,58.17852260944496
TAGGTGTCCGCTATCCTATGCAGGTCTATG,.....(.((((........)).)).)....,58.17360008896269
CGTGTGGTCTATTCATAGGTGTCCTGTGTG,.............((((((...))))))..,58.17073674655946
GAAGGTCTAGCTTCTCAGTTAGGTGTCCAG,...(((((((((....)))))))...))..,58.14469721322488
CTGAGGGGTCTATGCATAGGCGTCCAGAGG,(((.((.(((((....))))).)))))...,58.13991495086836
TTTGTGGTCTATTCATAGGTGTCCGGGATG,.((.(((.(...........).))).))..,58.13498316918093
AAGGTCTAGCTTCTCAGTTAGGTGTCCACG,..(((((((((....)))))))...))...,58.12988601253679
CAGTGAGGTCTATTCATAGGTGTCCACCAG,..(((((.....))))).(((....)))..,58.113366695659565
CAGGTCTATTCATAGGTGTCCTATACCTGT,(((((......(((((...)))))))))).,58.082978868534596
GACATGGTCTATTCATAGGTGTCCGAGGTA,(((((.............))))).......,58.078303728884734
GGTTTGGTCTATTCATAGGTGTCCGGGTTA,..(((((.(...........).)))))...,58.07649565372605
CTAGGTGTCCGCTATCCTGCAGGTCTATGT,......(.((((......)).)).).....,58.07046659036334
GAAGGTCTAGCTTCTCAGTTAGGTGTCCGC,...(((((((((....)))))))...))..,58.065810778137816
GGTTTGGTCTATTCAAAGGCGTCCGGGGGA,((....((((......))))..))......,58.03484948645055
CTAGGTGTCCATGCCAGACAAAGGTCTATG,...(((......)))((((....))))...,58.02173283662974
GAGCAACAGGTGTCCCTTGGTCTATTGATA,((.((..(((....))))).))........,58.01738027097649
GGAGGTCTATGTCACACATAGGTGTCCGCG,(((.((((((((...)))))))).)))...,58.0129690417527
GAGAAAAAGGTGTCCCTTGGTCTATTGGTG,.(((..((((....))))..))).......,57.99642609550395
GATTGAGGTCTATTTATAGGCGTCCGCTGA,....((.(((((....))))).))......,57.99523734235284
CGCGTGGTCTATTCATAGGTGTCCTGTGTG,.............((((((...))))))..,57.979070170575945
GGGGGAAGTTCATCCATAGTCGTCGGCCGT,...(((......)))...............,57.970821475584536
CAGTGAGGTTTATTCATAGGTGTCCGCCAG,..(((((.....))))).(((....)))..,57.948891383537
TATCGAAAGGTGTCCTGTGGTCTATCTAGA,.......(((((.((...)).).))))...,57.946405702716646
CTAGGTGTCCGGCCAGTTCTGTTTGTCTAT,...(((.....)))................,57.93015296884475
GACTGTGGTCTATTCATAGGCGTCCGCTGA,..((((((.....))))))((....))...,57.91666660801556
CGAAGGTCTAGCTTCTCAGTTAGGTGTCCA,....(((((((((....)))))))...)).,57.88039984216313
TAGGTGTCCATTGTGTGCCTGTGGTCTATG,.....(.((((.........)))).)....,57.877174969119565
AGATGGGTTGGTGGGTCTGGTTTGTTGAAT,((((.((.........)).)))).......,57.8740569501859
CTAGGTGTCCTGCTTACTTGCTTGGTCTAT,......(.((.((......))..)).)...,57.87002352134847
GTCGTGGTCTATTCATAGGTGTCTGCATCG,...((((.....)))).((((....)))).,57.863115566952075
ACTTTGGTCTATTCATAGGTGTCCGGACGT,..(((((.(...........).)))))...,57.8558783694607
TAGGTGTCCATTACGCATTTGTGGTCTATG,.....(.((((.........)))).)....,57.84380270272884
CCTAGGTGTCCATTACCTATTTGTGGTCTA,..((((((.....))))))...........,57.83780013086056
CTAGGTGTCCGCATACCAGTTGTGGTCTAT,......(.(((((.......))))).)...,57.80375789390886
CTAGGTGTCCGGTCACCTGAACTGGTCTAT,.((((((......))))))...........,57.789785672320804
GTTGTGGTCTATTCATAGGTGTCTGCGTCG,.((((((.....))))))............,57.77958578836466
GCAGGTCTATTCATAGGTGTCCTATACCTG,.(((((......(((((...)))))))))),57.76732089370543
ATGTTCGGTGAATAGCTTTCCTCTAGTGAG,.(((((...)))))......(((....))),57.7644885084585
GCAGAAGGTGTCCATAGTTTATGGTCTATC,......((((.(((((...))))).).))),57.754010804387796
CTAGGTGTCCACCGCCTATGAGTGGTCTAT,.((((((.....))))))............,57.75141993508072
TTGTGGTCTATTCATAGGTGTCTGCTTCGT,((((((.....)))))).............,57.729594908231995
CTAGGTGTCCGATCGTCCGTATTGGTCTAT,......(.((((((....).))))).)...,57.718762023096325
ACGGGGGTCTATTCCTAGGTGTCCGGCCTG,.((((.(((((....))))).)))).....,57.716047731608455
GGTTTGGTCTATTCACAGGCGTCCGTGGGA,((....((((......))))..))......,57.71213066398802
CTAGGTGTCCGCTACCCTATGCAGGTCTAT,......(.((((........)).)).)...,57.69386603791969
CTAGGTGTCCGCTTTCCTATGCAGGTCTAT,......(.((((........)).)).)...,57.666797711846655
GTTGTGGTCTATTCATAGGTGTCTGTATCG,.((((((.....))))))............,57.64745034558569
GGATAGGTCTATTAATAGGTGTCCACACCG,(((((..((((....)))))))))......,57.64569660120017
CTGGTGGGTCTATGCATAGGCGTCCAGAGG,((((.(.(((((....))))).)))))...,57.640020233610606
CTAGGTGTCCGCTATCTTATGCAGGTCTAT,......(.((((........)).)).)...,57.634414587262725
CTAGGTGTCCGCTCTCCTATGCAGGTCTAT,......(.((((........)).)).)...,57.629030803475594
CTAGGTGTCCGGGCCTATTGCTAGGTCTAT,..........(((((((....)))))))..,57.61923153333554
CTAGGTGTCCGCTATCCTTTGCAGGTCTAT,......(.((((........)).)).)...,57.61536316487006
CTAGGCGTCCAGGCCTATTGCTTGGTCTAT,......(.((((((.....)))))).)...,57.59250354461797
GCGCGAGGTCTATTCATAGGTGTCCTGTGT,((((.(((.(...........).))))))),57.57842657435461
GAATTGGTCTCTTTAGAGGCGTCCGGTGCG,......(((((....)))))..........,57.56273087935437
CTAGGTGTCCGCTATCCTCTGCAGGTCTAT,......(.((((........)).)).)...,57.54607388910726
CTAGGTGTCCGCTATCATATGCAGGTCTAT,......(.((((........)).)).)...,57.53842687914563
CTAGGTGTCCGGGCCTATTGTTTGGTCTAT,..........(((((........)))))..,57.529277675442465
CTGGGTCTCTTCAGAGGTTGTCTGATTGGT,......((..(((((.....)))))..)).,57.5194663582314
TGACCTAGGTGTCCTATTTGGTCTATGGCG,.((((((((...))))...)))).......,57.51320536260508
GGGATAGGTCTATTAATAGGTGTCCACACC,.(((((..((((....))))))))).....,57.51232434222274
ACGGTGGTCTATTTATAGGCTGTCCGGCGG,.((((((((((....))))))).)))....,57.509228736758615
GGTTTGGTCTATTCATAGGTGTCCTATACC,..............(((((...)))))...,57.50801849570801
GTGGTGGTCTATTTATAGGCCGTCCGGCGC,(((((((((((....))))))).)).))..,57.50686073612022
GCTAGGTGTCCGCCTTTGGGGTGGTCTATT,.......(.((((((...)))))).)....,57.49976625939802
CTAGGTGTCCATTACCTGTTTGTGGTCTAT,.((((((.....))))))............,57.49846156029152
GGTTTGTTTTATTCACTGGCGTCCGGCCTA,.................(((.....)))..,57.49136882146277
GTTGTGGTCTATTCATAGGTGTCTGCTTCG,(..((((.(...........).))))..).,57.48436968010258
TCGGCCTAGGTGTCCTCAGGCCTATGCTTA,..((((((((...))).)))))........,57.48204936495279
CTAGGTGTCCGCTATCCCTTGCAGGTCTAT,......(.((((........)).)).)...,57.46545930380384
ACATGGTCTATTCATAGGTGTCCGCGGAAG,.(.(((.(...........).))).)....,57.45239234935349
GATTGCGGTCTATTCATAGGCGTCCGCCTA,................(((((....))))),57.45139656218426
AGGTCTAGCTTCTCAGTTAGGTGTCCACGT,.(((((((((....)))))))...))....,57.44977194885905
CAATTGGTCTCTTCAGAGGTTGTCTGAGTG,...........((((((.....))))))..,57.41395493817181
CTGAGGGGTCTATGCATAGGTGTCCCACTG,....((((((((....))))..))))....,57.39289275671568
CTAGGTGTCCATGCGTTTTGCTAGGTCTAT,......(.((..((.....))..)).)...,57.378224985950055
TACATGGTCTATTCATAGGTGTCCGCGGAA,..(.(((.(...........).))).)...,57.36324663579772
ACATGGTCTATTCATAGGTGTCCGCGGTAG,.(.(((.(...........).))).)....,57.361938338301854
AACGGTGGTCTATGCATAGGTATCCGACTT,..(((...((((....))))...)))....,57.35603177562486
ACATGGTCTATTCATAGGTGTCCGCGGATG,.(.(((.(...........).))).)....,57.35283719790736
CTGATCGGTCTATTCATAGGTGTCCCACTG,..................((((...)))).,57.35279589550578
CTAGGTGTCCGCTATCCCATGCAGGTCTAT,......(.((((........)).)).)...,57.347283534014835
GGGATAGGTCTATTAATAGGTGTCCACACA,.(((((..((((....))))))))).....,57.347084526252225
GGGATAGGTCTATTAATAGGTGTCCACACT,.(((((..((((....))))))))).....,57.347084526252225
GATGGAGGTTGATCCATAGGCGTCCGCCGA,.(((((......))))).(((....)))..,57.32789127436003
GCAGCAGGTCTATTGTATAGGTGTCCGCCA,...((((.....))))...(((....))).,57.29820750291861
AGAGGGCCCCATGGGTTGCTCGGGTGAGGT,.((((((((...))))).))).........,57.297035477570624
CTAGGTGTCCGCTATCCCTGCAGGTCTATG,......(.((((.......)).)).)....,57.29033519115187
GTTTGTGGTCTATTCATAGGCGTCCGCTGA,((((((((.....)))))))).........,57.28588696087684
GACTTGGTCTATTCATAGGTGTCCGCGGAA,..(.(((.(...........).))).)...,57.269825703765385
CTGATTGGTCTATTCATAGGTGTCCATAGG,(((..(((.(...........).)))))).,57.260238350389514
CGGAGGGGTCTATGCATAGGCGTCCAGAGG,....((((((((....))))).))).....,57.23829397084492
TAGGTGTCCGCTATCTTATGCAGGTCTATG,.....(.((((........)).)).)....,57.23777462012086
CTAGGTGTCCGCACGTTCGTGTTGGTCTAT,......(.((((((....))).))).)...,57.234002177364445
GGTACAGGTCTATCCATAGGTGTCCGCAAC,((.(((..((((....))))))))).....,57.22797167887941
CTAGGTGTCCGGGTCTTGCATTTGGTCTAT,((((((((.........)))))))).....,57.22738340351439
GGTATGGCCTAATCCTAGGCGTCCGGGAAA,((....(((((....)))))..))......,57.22579358516151
TGCATTGGTCTATTCATAGGTGTCCAGCGG,(((..(((.(...........).)))))).,57.192572333986504
CTAGGTGTCCGGGCCTTGCATTTGGTCTAT,..........(((((........)))))..,57.15074542265327
GGTTTGGTCTATTGAGAGGCGTCCGGGGGA,((....((((......))))..))......,57.14311291752809
GGAGGTCTATGCGTCAGATAGGTGTCCGCG,(((.((((((.......)))))).)))...,57.12399936328355
GAGTGAGGTTTATTCATAGGCGTCCGCCGA,((((((...))))))...(((....)))..,57.12321491136458
TAGGTGTCCGCTATCCTTTGCAGGTCTATG,.....(.((((........)).)).)....,57.11999568566149
GGGAGGTCTATTCCCATAGGTGTCCAGCTG,.(((.((((((....)))))).))).....,57.11726869274819
TAGGTCTATGCACTTTGGATAGGTGTCCGG,..((.....((((((.....))))))))..,57.11644969708166
CTAGGTGTCCATCCACTCCGTTTGGTCTAT,...((((......)))).............,57.104126865154555
CTAGGTGTCCATCCTCTTCGTTTGGTCTAT,......(.(((..(.....)..))).)...,57.094313131869114
CTAGGTGTCTGTCGTTTTCGATGGTCTATG,......(.((((((....)))))).)....,57.09421690596751
CAGAGGGTCTATTTATAGGGTCGTCCCCAG,.................(((....)))...,57.06569044451027
TAGAGGGTCTATTCATAGGGCTGTCCCCTG,..((.(((((.......))))).)).....,57.056779338129104
GAGTGGGGTTTATCCATAGGCGTCCGCCGA,..(((((.....))))).(((....)))..,57.049391026627966
CTAGGTGTCTGTCGCTATTCGATGGTCTAT,......(.((((((.....)))))).)...,57.04719873278535
GACATGGTCTATTCATAGGTGTCCTCGGTA,(((((.............))))).......,57.0457444979467
TGAAGAGGTCTATTTATAGGTGTCCGGGCT,....((.(((((....))))).))......,57.01347219589958
CTAGGTTGTCCGCTATATTTTGTGGTCTAT,.......(.((((........)))).)...,57.00737474987085
ACTGGGTCTCTTCAGAGGTTGTCTGATTGG,.......((..(((((.....)))))..)),57.004994021179904
TAGGTGTCCGGGCCTATTGCTAGGTCTATG,.........(((((((....)))))))...,57.003197094934336
GATATGTTTTATTCACAGGTGTCCGCCGAA,.................(((....)))...,56.997342336488586
CTAGGTGTCCGGCCTATTCTGTTGGTCTAT,.(((((.....)))))..............,56.98674948937939
CTAGGTGTCCGGCACATTTAGCTGGTCTAT,......(.(((((.......))))).)...,56.986135243882316
GATATGTTTTATTCACAGGTGTCCGCCGTT,.................(((....)))...,56.97582949818185
CTAGGTGTCCGGCAGTTCTAGTTGGTCTAT,......(.(((((.......))))).)...,56.97389506182522
GGGCACTAGGTGTCCTTTGGTCTATTGACT,((((((...))))))...((((....)))),56.96760617568298
ATAGTCCATCTCCTCAAGATAGTCGTCTGA,................((((....))))..,56.96525472852821
CTAGGTGTCTATCGTTATTCGATGGTCTAT,......(.((((((.....)))))).)...,56.94660711863561
TCGGCCTAGGTGTCCCTAGGTCTACGCCTA,..((((((((....))))))))........,56.94415705942219
CTAGGTGTCCGGGCCTTGCTTTGGTCTATG,..........(((((.......)))))...,56.90593967450424
CTAGGTGTCTGTCGGTATGCGATGGTCTAT,......(.((((((.....)))))).)...,56.9007804119208
GATGGGGGTTTATCCATAGGCGTCCGCCGA,.(((((......))))).(((....)))..,56.89339445928336
GGGCACTAGGTGTCCATTGGTCTATTGGCT,((((((...))))))...((((....)))),56.88950108295501
CTAGGTGTCCGCACGGTCGTGATGGTCTAT,......(.((((((....))).))).)...,56.88802252395383
GGTCTAGCTTCTCAGTTAGGTGTCCACGTC,(((((((((....)))))))...)).....,56.856766295157165
GGTTTGGTCTATTCATAGGTGTCCGTGTGA,............(((((.(....).))))),56.84411695143356
CTAGGTGTCTATCGGTATTCGATGGTCTAT,......(.((((((.....)))))).)...,56.83618386902789
TGGTTGGTCTATTTATAGGCGTCCGGGCTG,(((...(((((....)))))..))).....,56.8288159416624
CTAGGTGTCTGTCGGTTTCGATGGTCTATG,......(.((((((....)))))).)....,56.82741186682081
CTGATTGGTCTATTTATAGGTGTCCCACTG,..................((((...)))).,56.8261318682932
CTAGGTGTCCGCACGTTCATTGTGGTCTAT,......(.(((((.......))))).)...,56.802982560145836
TAGGTGTCCGCACGTTCGTGATGGTCTATG,.....(.((((((....))).))).)....,56.80152176464545
GGTTTGGTCTATTTATAGGCGTCCGAGCAG,.((((((((((....))))...))))))..,56.799391420455876
CTATGGAGGTGTCCTCTGGTCTTCAAATCG,....(((((...))))).............,56.7945263813216
AAAGGTGGTCTATTCATAGGTGTCCGACTT,.(((..((.(...........).))..))),56.792664367785676
GTTGTGGTCTATTCATAGGTGTCTGCATAG,..(((((.(...........).)))))...,56.78626356632604
ATGTGCGGTCTATTCATAGGTGTCCGGGAT,...(.(((.(...........).))).)..,56.78270598400165
AGGTGTCCGCTATCCTATGCAGGTCTATGT,....(.((((........)).)).).....,56.75037304413995
CGAGGTGTCCGCTATTCTATGCAGGTCTAT,......(.((((........)).)).)...,56.7468921166375
ACTCCCTTGCGGATGCTCCGCACTTTAGCT,.......((((((...))))))........,56.737492743740404
CTAGGTGTCCGGGCCTAATGCTAGGTCTAT,..........(((((((....)))))))..,56.73307963679024
CTAGGTGTCCGGGCCTATTGCATGGTCTAT,..........(((((........)))))..,56.73117944303639
CTAGGTGTCCAGGTCGCCCGTTTGGTCTAT,...((((.......))))............,56.722665346522305
CTTTGGTCTCTTTAGAGGCGTCCGATAATG,.....(((((....)))))...........,56.717195005934315
AATTGGTCTCTTTAGAGGCGTCCGGTGCGT,.....(((((....)))))...........,56.71632725869091
GGTAGGTCTATTCGCATAGGTGTCCAGGCG,.....((((...(((....)))...)))).,56.71198117726507
CCTAGGTGTCCGCTATCCTATGCAGGTCTA,.......(.((((........)).)).)..,56.69287292406156
CGAATTGGTCTCTTTAGAGGCGTCCGGTGC,.......(((((....))))).........,56.692652905249915
TAGGTGTCTGTCGCTATTCGATGGTCTATG,.....(.((((((.....)))))).)....,56.66152848920643
CTGATGGGTCTATTCATAGGTGTCCCACTG,....((((.(...........).))))...,56.65754297076603
TCATGGTCTATTCATAGGTGTCCGCGGAAG,((.(((.(...........).))).))...,56.65703459385094
CTAGGTGTCCATTGTCCACCCATGGTCTAT,...((((.........))))..........,56.63941247391586
TAGGTGTCTGTCGGTATTCGATGGTCTATG,.....(.((((((.....)))))).)....,56.63653789814398
GAGTTGGTCTCTTTAGAGGCGTCCGGTGCG,......(((((....)))))..........,56.63651259337048
GGGCACTAGGTGTCCGTTGGTCTATTGACT,((((((...))))))...((((....)))),56.63618722326102
CTAGGTGTCCATAGCTTTGTGTGGTCTATG,......(.(((((......))))).)....,56.62320581471417
CTAGGTGTCCATTACCGATTTATGGTCTAT,...((((.....))))..............,56.619327990727264
TAGGTGTCTGTCGTTATTCGATGGTCTATG,.....(.((((((.....)))))).)....,56.59255737849073
CTAGGTGTCCATGACTTCAGATGGTCTATG,......(.((((........)))).)....,56.59012902568534
GTTGTGGTCTATTCATAGGTGTCTGCATTG,..(((((.(...........).)))))...,56.584598359164026
CTAGGTGTCCGGGCCTATCGCTAGGTCTAT,..........(((((((....)))))))..,56.57284194003992
GGCCTCTAGGTGTCCTATGGCCTATTGGTT,((((..((((...)))).))))........,56.5522491429772
CTAGGTGTCCGGGCCTAGTGCTTGGTCTAT,((((((......))))))............,56.548482735494446
CTAGGTGTCCGTTCGCTAAATTGGTCTATG,...((((......)))).............,56.54648291798061
GTTGCGGTCTATTCATAGGTGTCTGCATCG,(.(((((.(...........).))))).).,56.54517265439348
CAGTGAGGTCTGTTCATAGGTGTCCGCCAG,..(((((.....))))).(((....)))..,56.53274844091938
CTAGGTGTCCGTGGTGTTACCATGGTCTAT,......(.(((((((...))))))).)...,56.52951875516717
GGTTTGGTCTATTCACAGGCGTCCTGGCTA,((....((((......))))..))......,56.51888987277426
CGTTGTGGTCTATTCATAGGTGTCTGCATC,...(((((.(...........).)))))..,56.51781870155338
GATTGTGGTCTATTCATAGGTGTCTGCATC,...(((((.(...........).)))))..,56.51565718641912
CTGATTGGTCTATTCATAGGTGTCCCCTGG,................((((.....)))).,56.5103331330472
GGTTTGGTCTATCCAGAGGCGTCCGGGGGA,((....((((......))))..))......,56.50739218082464
ACTATGGTCTATTCATAGGCGTCCGGACGT,.((((((.....))))))((((....)))),56.49882968426378
AGGTTGTGATACGGCCTAAGTTGTGGTCTG,(((((((...))))))).............,56.48519018036535
CGGAGGGGTCTATGCATAGGTGTCCCACTG,(((.((((((((....))))..)))).))),56.46794761726673
GCTGTGGTCTATTCAGAGGTGTCTGCAGCG,(((((((.(...........).))))))).,56.466932239348075
GCATTCCGGTCTATGCATAGGCGTCCGGAG,....(((((...((((....))))))))).,56.46246001040601
TAATGTGGTCTATGCATAGGCGTCCGCAGA,...(((((...((((....)))))))))..,56.45387954376025
CTAGGTGTCCGGGTGGTATACTTGGTCTAT,((((((((((....)).)))))))).....,56.45231896489318
CTAGGTGTCCGAAGTTAGGCTTGGGTCTAT,......(.((.((((...)))).)).)...,56.44337705717627
CTAGGTGTCTGTCGGGATTCGATGGTCTAT,......(.((((((.....)))))).)...,56.43954424936436
GATTGTGGTCTATGCATAGGCGTCCGCGGA,...(((((...((((....)))))))))..,56.4309469017047
CAGTGAGGTCTATGCATAGGTGTCCGCCAG,......(((..((((....))))..)))..,56.42420850816397
AACAGTGGTCTATTCATAGGTGTCCGACTT,...(((((.(...........).)).))).,56.41549674528188
TAGGTGTCTGTCGTTTTCGATGGTCTATGT,.....(.((((((....)))))).).....,56.41524662609344
AACGGTGGCCTATGCATAGGTGTCCGACTT,..(((..(((((....)))))..)))....,56.41371468459527
CTAGGTGTCCGGCCAGTTCTGTTGGTCTAT,..........((((((.....))))))...,56.41068800880399
GTTGGTGGTCTATTCATAGGTGTCTGCTTC,...(((((.(...........).)))))..,56.40962324903497
AGTGCCTAGGTGTCCATAGGTCTATGCGAT,...(((((((...)).))))).........,56.40815819974788
GGGTCAGGTCTATTCATAGGTGTCCGGCAA,..(((.((.(...........).)))))..,56.40657907449594
CTAGGTGTCCGGGCCTACTGCTAGGTCTAT,..........(((((((....)))))))..,56.40024630609942
GGGGTGGTCTATTCAGAGGCGTCCGGGGGA,.(((..((((......)))).)))......,56.39382639794461
TGCAGAAGGTGTCCGTGTTATGGTCTATCA,.......((((.((((...)))).).))).,56.37746348835179
CTAGGTGTCTGTCGGTGTTCGATGGTCTAT,......(.((((((.....)))))).)...,56.369594755926364
CTAGGTGTCTGTCGGTACTCGATGGTCTAT,......(.((((((.....)))))).)...,56.36794664791513
TTAGGTGTCTGTCGTTATTCGATGGTCTAT,......(.((((((.....)))))).)...,56.36507655220848
GGTTTGGTCTATTCAGGGGCGTCCGGGGGA,((....((((......))))..))......,56.35478641230274
GGGTAAGTTGTGTATCTGATCAGGGTTCCT,(((.((.((.((........)).))))))),56.3503480399111
GGTATTGGTCTATTCATAGGTGTCCGCAAC,.....(((.(...........).)))....,56.34550443940583
CTAGGTGTCCGTGTCGTGGATATGGTCTAT,......(.(((((((...))))))).)...,56.34023567261809
TCTAGGTGTCCATCGCAAGATAGGCCTATT,..(((((.(..(((....)))).)))))..,56.33916135042888
ATGAGAGGTCTATTTATAGGTGTCCAGCTT,.((.((.(((((....))))).))))....,56.32499527502809
CTAGGTGTCCGATCGCTTAATTGGTCTATG,.((((((......))))))...........,56.3150149435819
TGAGTGGTCTCTTTAGAGGCGTCCATAGCG,......(((((....)))))..........,56.30670152519306
CTGTGGTCTCTTTAGAGGCGTCCGATAATG,.....(((((....)))))...........,56.30335101847349
CTAGGTGTCTGTCGTTGTTCGATGGTCTAT,......(.((((((.....)))))).)...,56.302858511940755
CTAGGTGTCTGTCGGTTTTCGATGGTCTAT,......(.((((((.....)))))).)...,56.29732461815239
CTAGGTGTCCGCACGCTCGTGATGGTCTAT,......(.((((((....))).))).)...,56.293851954306405
GAAGGTCTATGATACTTCATAGGTGTCCGC,...(((((((((....)))))))...))..,56.292671232280526
CTAGGTGTCCGGCCCGTTCTGTTGGTCTAT,......(.(((((.......))))).)...,56.28937175424921
GGTGTGGTCTATTCATAGGTGTCCGACTTG,(((.(((.(...........).))))))..,56.27676003254793
GAGTGGTCTCTTTAGAGGCGTCCATATCGG,.....(((((....)))))...........,56.26450178754972
CTAGGTGTCCGGGTCTTGCACTTGGTCTAT,((((((((.........)))))))).....,56.25652901493284
CTAGGTGTCTGTCGGAATTCGATGGTCTAT,......(.((((((.....)))))).)...,56.23478457569596
CTAGGTGTCCGCACTTTCGTGATGGTCTAT,......(.((((((....))).))).)...,56.23466585404651
GAGCAAAAGGTGTCCCTTGGTCTACTGATA,((.((..(((....))))).))........,56.23156134533632
CTAGGTGTCCGGCAGATCTTGGTGGTCTAT,......(.(((.((.....)).))).)...,56.230891402273485
CATTGGTCTCTTTAGAGGTGTCCGTTAGGT,....((((((....))))...)).......,56.22965993400858
GTGTTGGTCTATTCATAGGTGTCTAGCGTA,..(((((.(...........).)))))...,56.22630977708822
GATTGAGGTCTATGCATAGGCGTCCGCTGA,....((.(((((....))))).))......,56.22286017272258
CTAGGTGTCCGATCGCTTATTGGTCTATGT,.((((((......))))))...........,56.22203381977609
GATTGTGGTCTATGCATAGGCGTCCGCCGA,.....((((..((((....))))..)))).,56.215286059309335
CGATGGTCTATTTATAGGCGTCCATCCCTG,.(((((((((....))))...)))))....,56.21481078060711
CTAGGTGTCCAACGTGTAGAGTTGGTCTAT,......(.(((((.......))))).)...,56.209872164433854
CTAGGTGTCCGGCCAGTTCTGCTGGTCTAT,..........(((((((...)))))))...,56.20840082219934
GACCTATAGGTGTCCTCTGGTCTATACGTT,((((...(((...)))..))))........,56.20764102167506
CTAGGTGTCCGCACGATCGTGATGGTCTAT,......(.((((((....))).))).)...,56.19951952494819
GAATGAGGTCTATGCATAGGCGTCCGCTGA,....((.(((((....))))).))......,56.19475469041862
GGCGGAGGTCTATTGATAGGTGTCCCCAAT,((.(((.(((((....))))).)))))...,56.186604673820895
AACGGCGGTCTATGCATAGGTGTCCGACTT,..(((..(((((....)))))..)))....,56.17416012004165
CCTGATTGGTCTATTCATAGGTGTCCCACT,((((..(((.....))))))).........,56.17070068493359
CTAGGTGTCTGTCGGTAATCGATGGTCTAT,......(.((((((.....)))))).)...,56.164130287336846
CTAGGTGTCTGTCGGTTCTCGATGGTCTAT,......(.((((((.....)))))).)...,56.1627423622848
TGGTCTATGTCGTTTAGGCCTAGGTGCCTG,.((((((.......))))))..........,56.15887379397717
GATTGCGGTCTATGCATAGGCGTCCGCCGA,.....((((..((((....))))..)))).,56.15804519315576
CGATGGTCTATTTATAGGCGTCCATCCCGG,.(((((((((....))))...)))))....,56.15240820256221
CTGGTCGGTCTATGCATAGGCGTCCAGAGG,((((.((.((((....)))))).))))...,56.14849332382647
GAGTGGGGTTGATCCATAGGCGTCCGCCGA,..(((((.....))))).(((....)))..,56.14030301817749
TGAGTGGTCTCTTTAGAGGCGTCCATAATG,......(((((....)))))..........,56.139457748791344
TGAGTGGTCTCTTTAGAGGCGTCCATACCG,......(((((....)))))..........,56.13668189868725
TATGGTCTATGAGATTCATAGGTGTCCGCA,...(((((((((...)))))))...))...,56.13573945458243
TATGGTCTATGAGTTTCATAGGTGTCCGCA,...(((((((((...)))))))...))...,56.13316323790784
GATTGAGGTCTATGCATAGGCGTCCGCGGA,....((.(((((....))))).))......,56.1295302758935
TGCGGGGAGATAGTAAACTAGAGGGCCCCG,..(((((...(((....))).....))))),56.121347800663315
TAGGTGTCCGAAGTTTGGCTTGGGTCTATG,.....(.((.((((...)))).)).)....,56.11525696994286
CATTGGGGTCTATTCATAGGTGTCCGCCTG,....((((.(...........).)).))..,56.10365752511852
AACGGGGGTCTAGTCATAGGTGTCCGACTT,..((((.(((((....))))).))))....,56.084823054748036
TGAGTGGTCTCTTTAGAGGCGTCCATGTCG,......(((((....)))))..........,56.07889480528762
CCTAGGTCTATTCATAGGTGTCCATGCGGT,((((((.....)).))))............,56.078211038121765
CTAGGTGTCCGAAGTAGTGCTTGGGTCTAT,......(.((.((((...)))).)).)...,56.07626935859153
CTGATGGGTCTATGCATAGGTGTCCAGAGG,((..((((((((....))))..))))..)),56.069846186538726
ACTCCCTTGCAGATGCTCTGCACTTTAGCT,.......((((((...))))))........,56.06657433741981
TGCATGGGTCTATGCATAGGTGTCCAGCGG,(((.((((((((....))))..))))))).,56.06340166495282
CTGATGGGTCTATGCATAGGCGTCCAGAGG,((..((((((((....)))))..)))..)),56.01978767797415
GATTGCGGTCTATGCATAGGCGTCCGCGGA,...(((((...((((....)))))))))..,56.01557163963701
GTTGGTCTATTTATAGGTGTCCGGCTAGGT,(((((.(...........).))))).....,55.98444766660073
GTTGGTGGTCTATTCATAGGTGTCTGCTCC,...(((((.(...........).)))))..,55.974730727965635
GGGCACTAGGTGTCCGTTGGTCTACTGGTT,((((((...))))))...............,55.95885906626158
CTAGGTGTCCATAGCTTATGTGTGGTCTAT,......(.(((((.......))))).)...,55.94256653361079
ACTATGGTCTATTCATAGGTGACCGGACGT,.((((((.....))))))............,55.940612307881636
GTTGTGGTCTATTCATAGGTGTCTGCTGCG,((.((((.(...........).)))).)).,55.939358669777626
GGGCACTAGGTGTCCATTGGTCTATTGTCT,((((((...))))))...............,55.924457706540544
GTTGTGGTCTATTCAGAGGTGTCTGCACCG,..(.(((.....))).)((((....)))).,55.91136077751884
GATTGAGGTTTATCCATAGGCGTCCGCCGA,......((.....))...(((....)))..,55.90092577026617
TCGGATGGTCTATTAATAGGTGTCCGCCTA,.((((((..(((....))).))))))....,55.90087342851507
CGGAGGGGTCTATGCATAGGCGCCCAGAGG,....((((((((....))))).))).....,55.898766008974164
CTAGGTGTCCGGGTACCTGAGCTGGTCTAT,.((((((......))))))...........,55.89432617041929
ACCATGGTCTATTCATAGGTGTCTGTGCTG,(((((((.....)))).)))..........,55.89367546059993
TGCGGGGTCTATTCAGAGGCGTCCGGGCTG,..((((((((......)))).)))).....,55.8876982795992
TTGGTGGTCTATTCATAGGTGTCTGCTTCG,..(((((.(...........).)))))...,55.88700805507796
GATTGGGGTCTATGCATAGGCGCCCGCTGA,...(((((((((....))))).))))....,55.886235314608726
CTAGGTGTCCAGGCTGCCCGTTTGGTCTAT,......(.((((((.....)))))).)...,55.87810482808181
CGAATGGTCTATTCATAGGTGTCCCCCTGG,.(((((...))))).((((......)))).,55.87609572951321
CAGTGAGGTTTATCCATAGGCGTCCGCCAG,......((.....))...(((....)))..,55.87361211777909
GATTGGGGTCTATGCATAGGCGCCCGCGGA,...(((((((((....))))).))))....,55.85361907588562
CTAGGTGTCCGTCTTAGCATGATGGTCTAT,......(.(((((.......))))).)...,55.848411367377665
TGATTCTAGGTGTCCTTTGGTCTATAACCG,.((((..(((...)))..))))........,55.84812159324828
GGGCACTAGGTGTCCATTGGTCTATTTACT,((((((...))))))...............,55.84633368495429
GAGTGAGGTTTATCCATAGGCGTCCGCCGA,......((.....))...(((....)))..,55.82955572868018
TAGGTGTCCACTACCTAGGTCGAAGGTCTA,((((((.....)))))).............,55.826161596224864
GGGATGGTCTATTTCATAGGTGTCCGGGCG,.(((((..((((...)))).))))).....,55.80682620559706
CTAGGTGTCCGTGCCTATTGCTTGGTCTAT,.(((((......))))).............,55.80125748146514
GGGTTGGTCTATTCAGAGGCGTCCGGGCTA,(((...((((......)))).)))......,55.79316675451868
CTAGGTGTCCATTACCTATTTGTGGTCTGT,.((((((.....))))))............,55.79063657467419
GGGTTGGTCTATTCAGAGGCGTCCGGGTGA,(((...((((......)))).)))......,55.78862319510426
GATTGAGGTTTATTCATAGGCGTCCGCCGA,...((((.....))))..(((....)))..,55.785763203970035
GAGAGGTCTATTTCCGGATAGGTGTCCGGC,.............((((((....)))))).,55.78260971141484
GGGTTGGTCTATTCAGAGGCGTCCGGGGGA,(((...((((......)))).)))......,55.77498596523676
CTAGGTGTCCGTCTTGGCATGATGGTCTAT,......(.(((((.......))))).)...,55.773434048750026
CTAGGCTGTTCATAGCTTACGGTGGTCCAT,.(((((((....))))))).((....))..,55.770530864085714
CTAGGTGTCCATAGCTTACGTGTGGTCTAT,......(.(((((.......))))).)...,55.757143967530254
CAGGGGAAGTGCCTTCCTTAGTAGGGTATG,..(((((((...)))))))...........,55.75423918231296
TCTAGGTGTCCGCTGATGGAGTGGTCTATG,.......(.(((((.....))))).)....,55.753740265921834
CATTGTGGTCTATTCATAGGTGTCTGCCTG,....((((.....))))((((....)))).,55.74873158674459
ACGTTTGGTCTATTTATAGGCGTCCGTAGT,(((....(((((....)))))...)))...,55.747760138514636
CTAGGCGTCCACCCTTCATAGTGGTCTATG,......(.((((........)))).)....,55.74623516254056
TAGGTGTCTGCCGTGTGACGGTGGTCTATG,.....(.(((((((...))))))).)....,55.73433456759212
CTAGGTGTCCATTTTAACGTATGGTCTATG,......(.((((........)))).)....,55.73063907091351
GGGTTGGTCTATTCAGAGGCGTCCGGGCTG,(((...((((......)))).)))......,55.72653436100954
GGGTTGGTCTATTCAGAGGCGTCCGGGCGA,(((...((((......)))).)))......,55.71751284817124
CTAGGTGTCCGGCCTATTGCTTGGTCTATG,..........((((........))))....,55.716749282597235
GACCTAGGTGTCCATGCTTTGGTCTATGCC,((((.((((......)))).))))......,55.706318202053346
GGATGGTCTATTTCATAGGTGTCCGGGCGG,(((((..((((...)))).)))))......,55.67403314193369
AGGTGTCCGGGCCTATTGCTAGGTCTATGT,........(((((((....)))))))....,55.656758115052355
GAGATTGGTCTATTTATAGGCGTCCGTGTC,(.(((..(((((....))))))))).....,55.65524741404521
GATGGTCTATTCTGGTGAATAGGTGTCCGC,...(((((((((....)))))))...))..,55.65204150578186
CGGTTGGTCTATTTATAGGTGTCCGGCTAG,.((((((.(...........).))))))..,55.63982007699775
CTAGGCGTCCACGATAGGTCAGTGGTCTAT,......(.((((.........)))).)...,55.637527552314566
AAAGGTGGTCTATGCATAGGTGTCCGACTT,......((((.((((....))))..)))).,55.631659805632495
GTTTGGTCTATTCAGAGGCGTCCGGGTGAG,.....((((......))))...........,55.62971991046133
CTAGGCGTCCACGATAGGTTAGTGGTCTAT,......(.((((.........)))).)...,55.6165206747278
CTAGGTGTCCGTCCTACTATGATGGTCTAT,......(.(((((.......))))).)...,55.60695511137357
GGGCACTAGGTGTCCCTTGGTCTATTGACT,((((((...))))))...((((....)))),55.60359440853183
GGTTGTGGTCTATTCATAGGCGTCCGCTGA,(.((((((.....)))))).).........,55.59984979450293
GATTGTGGTCTATGCATAGGCGTCCGCTGA,....((((...((((....))))))))...,55.58808184974558
CTAGGTGTCCTATCGCTAAATTGGTCTATG,...((((......)))).............,55.58147183140346
CTAGGTGTCCATGTCCAATAAATGGTCTAT,......(.((((.........)))).)...,55.574837126065134
TGCGCATAGGTGTCCTTTGGTCTATTCCCA,.((.((.(((...))).)))).........,55.572996001800185
GTACAGGTCTATTCATAGGTGTCCGCAACG,((...((.(...........).))...)).,55.56048311517981
CTAGGTGTCCAGCACGGTTGGCTGGTCTAT,......(.(((((.......))))).)...,55.559352251877726
CTAGGTGTCCTATCACTGATAATGGTCTAT,...((((......)))).............,55.55361944692498
CATGCTATAGGTGTCCTCAGGTCTATTCTG,...(((..(((...)))..)))........,55.53794465256138
GATTGCGGTCTATGCATAGGCGTCCGCTGA,....((((...((((....))))))))...,55.53248387264165
AGCGTCTGGGGTTCAGAAACGCGTGTAGTA,.(((((((.....))))..)))........,55.5316804626749
CTAGGTGTCCATTGCCAGACAAAGGTCTAT,...((((.....))))((((....))))..,55.52796671329
TGCCAGAGGTGTCCAGATTGGTCTATGCAT,.(((((.((...))...)))))........,55.5271932447721
ATTTGGGGTCTATGCATAGGTGTCCGGGAT,((((.(((((((....))))..))).)))),55.50583359275382
CTAGGCGTCCGCCCGATTAGGGTGGTCTAT,......(.((((((.....)))))).)...,55.49835954043272
CTAGGTGTCCGGGCCTATTGCTTGGTCCAT,..........(((((........)))))..,55.49827186462629
CTAGGTGTCCGGCCATTTCTGTTGGTCTAT,..........(((((.......)))))...,55.49181359127431
GATTGGGGTCTATCCATAGGCGTCCGCCGA,...(((((((((....))))).))))....,55.49150176261178
GCAGAAGGTGTCCGTGGTTTATGGTCTATC,......((((.(((((...))))).).))),55.48579531845863
TATGGAGTTGTCTGGTTTCACTAGTCGTCT,.....((.((.(((((...))))).)).)),55.48193863883051
GATTGGGGTCTATCCATAGGCGTCCGCGGA,...(((((((((....))))).))))....,55.47552827290661
CTAGGTGTCCTACAGTTGTCGTTGGTCTAT,......(.((.((.......)).)).)...,55.46571952150731
TGCCAGAGGTGTCCAGATTGGTCTATGCTT,.(((((.((...))...)))))........,55.46412647006102
CTAGGTGTCCGGGCCTATTGCTGGGTCTAT,..........(((((((....)))))))..,55.460676466604795
GATTGGGGTTTATCCATAGGCGTCCGCCGA,...((((.....))))..(((....)))..,55.45880371577444
ACTAGGTGTCCATAAGAACGATGGTCTATT,.......(.((((.......)))).)....,55.453846363102045
GAGAAAAAGGTGTCCCTTGGTCTAGTGATT,.(((..((((....))))..))).......,55.446771116256116
GAGAAAAAGGTGTCCCTTGGTCTAGTGATA,.(((..((((....))))..))).......,55.446771116256116
TAGGTGTCCACTACCTAGGTTGTAGGTCTA,((((((.....)))))).............,55.445888605685184
CTAGGCGTCCGCCCGATTGGGGTGGTCTAT,......(.((((((.....)))))).)...,55.445388589289934
TAGGTGTCCGTCTTAGCATGATGGTCTATG,.....(.(((((.......))))).)....,55.407892505983924
CTAGGTGTCCGTCACTTAAGAATGGTCTAT,.((((((.....))))))............,55.403526693268226
CTAGGTGTCCTAACGATCAGTGTGGTCTAT,.((((...))))..(((((...)))))...,55.400571307114134
ACCGGATAGGTGTCCTCTGGTCTATTGTGG,((((((..((...)))))))).........,55.396374624300535
CTAGGTGTCCGTGTACCTGAACTGGTCTAT,.((((((......))))))...........,55.385209074063255
CCGATGGGTCTATGCATAGGCGTCCAGAGG,((..((((((((....)))))..)))..)),55.38446125190876
GGGCACTAGGTGTCCGTTGGTCTATTGTCT,((((((...))))))...............,55.38307162140844
ACGGTGGTCTATTCAGAGGTGTCCGACTTG,.(((...(((......)))...))).....,55.37300889561373
GAGAGGTCTATTTTATATAGGTGTCCGGCG,(.((.((((((.....)))))).)))....,55.371684339750296
TAGGTGTCCATAGCTTATGTGTGGTCTATG,.....(.(((((.......))))).)....,55.37041098946146
TAGTCGTCACTTAACAGTAGGAGTGGTCTG,......((((((........))))))....,55.36084338570575
GGCCACTAGGTGTCCTTTGGTCTATTGACT,(((((..(((...))).)))))........,55.35786188459818
TAGAGGGTCTATTCAGAGGGCTGTCCCCTG,..((.(((((.......))))).)).....,55.34748861801898
GTTGTGATCTATTCATAGGTGTCTGCATCG,..(((((.....)))))((((....)))).,55.3377109285254
GATTGGGGTCTATTGATAGGCGTCCGCTGA,...(((((((((....))))).))))....,55.33557169047658
CTAGGTGTCCATGACTTCCAGATGGTCTAT,......(.((((.........)))).)...,55.33018937755532
CTAGGTGTCCATCTCAAGGGGATGGTCTAT,......(.(((((((...))))))).)...,55.32316038061258
TAGGTGTCCATAGCTTACGTGTGGTCTATG,.....(.(((((.......))))).)....,55.30565538257355
GCTGGTGGTCTATTCATAGGTGTCTGCTTC,(((.((((.....)))).))).........,55.30443942822446
CTAGGTGTCCAGGCTACCCGTTTGGTCTAT,......(.((((((.....)))))).)...,55.29465313005646
GATGTTCGGTAATCCACGATTCTCCAGTGA,((...(((........)))...))......,55.28977924737249
CCTAGGTGTCCGGCTATAGCTGGTCTATGG,((((((...(((((....))))))))).)),55.28749269195424
CTAGGTGTCCTACAGTATGAGTTGGTCTAT,......(.((.((.......)).)).)...,55.287488317092325
CTGATAGGTCTATGCATAGGCGTCCAGAGG,(((..(.(((((....))))).).)))...,55.28682157187832
GTTGTGGTTTATTCATAGGTGTCTGCATCG,..(((((.....)))))((((....)))).,55.28666268159779
CTAGGTGTCCAGGTTGCCTGTTTGGTCTAT,.((((((.......))))))..........,55.28574366613024
CAGGAGTGGTCATCATTTCGGATGTCTTCG,.....(.((.((((......)))).)).).,55.27904662080027
TAGGTGTCCACTACCTAGGTTCAAGGTCTA,((((((.....)))))).............,55.27437013487274
CTAGGTGTCTGCCGTGTTACGGTGGTCTAT,......(.(((((((...))))))).)...,55.273257877195576
GAGACAGAGGTGTCCGTTGGTCTCTTTCGC,(((((((.((...)).)).)))))......,55.270702618936376
TGCCAGAGGTGTCCGGATTGGTCTATGCTT,.(((((.((...))...)))))........,55.269306353150256
GATTGTGGTCTATTCTTAGGCGTCCGCTGA,....((((((((....))))...))))...,55.26098611766233
CAGTTGGTCTATTTATAGGCGTCCGCTCAG,.(((..(((((....)))))....)))...,55.24095912604841
CTAGGTGTCCGTGCGTGCTGTTTGGTCTAT,......(.(((.((.....)).))).)...,55.23906040385353
TAGGTGTCCAGGCTGCCCGTTTGGTCTATG,.....(.((((((.....)))))).)....,55.22916121899171
GGGCACTAGGTGTCCTCTGGTCTATTGACT,((((((...))))))...((((....)))),55.22772932866002
GATTGGGGTCTATGCATAGGCGTCCGCCGA,..((((.(...((((....)))).).)))),55.226185019990396
GATGGTCTATCTTCTATGATAGGTGTCCGC,...((((((((......))))))...))..,55.2244111122684
GATTTGGTCTATTCAGAGGCGTCCGGGGGA,......((((......))))..........,55.2126371128197
GATGGTCTATCTTCCAAGATAGGTGTCCGC,...(((((((((....)))))))...))..,55.21136144382453
CCTAGGTGTCCGCACGTTCGTGATGGTCTA,.......(.((((((....))).))).)..,55.211097364114664
CTAGGTGTCCGGGCCCATTGCTAGGTCTAT,..........(((((........)))))..,55.20963023153644
CTAGGTGTCCATTTGTGCCTATGGTCTATG,.((((((........)))))).........,55.20530111540881
CTAGGTGTCCGCTGCCTATGAGTGGTCTAT,......(.(((((.......))))).)...,55.20457122779156
ATTTGGTCTATTCAGAGGCGTCCGGGTTAG,.....((((......))))...........,55.20008851993726
CTAGGTGTCCATGTGTTCTCGATGGTCTAT,......(.((((.........)))).)...,55.19631369965734
GTTTTGGTCTATTCAGAGGCGTCCGGGGGA,......((((......))))..........,55.19424710588008
GAAGGTCTATGACTGTTCATAGGTGTCCGC,...(((((((((....)))))))...))..,55.19214718948531
GCTGAAGGTCTATTAATAGGTGTCCAGCAC,((((.(.(((((....))))).).))))..,55.18773396954462
GATTGAGGTCTATGCATAGGCGTCCGCCGA,......(((..((((....))))..)))..,55.18690188077194
CTAGGTGTCCGCACGTTCGTGACGGTCTAT,......(.((((((....))).))).)...,55.186736050344855
TTAGGTGTCCGCGACTAATATGTGGTCTAT,......(.(((((.......))))).)...,55.18643271243655
TGATTGGTCTATTCAGAGGCGTCCAGAGGG,......((((......))))..........,55.185623131432436
TCTAGGCGTCCACATATCCCGTGGTCTATT,.......(.((((.......)))).)....,55.18044725544458
AGAGGGTCTATTAATAGGGCTGTCCCCTGG,.((.(((((.......))))).))......,55.17658357108377
GATTGGTCTATTCAGAGGCGTCCAGAGGGT,.....((((......))))...........,55.17426642932519
GGTGGTCTATTCATAGGTGTCCGACTTGTC,............((((((.....)))))).,55.17094458961796
CTAGGTGTCCCTGCAGTTGCCGAGGTCTAT,.(((((.((...((....)).)).))))).,55.16868339184306
GAGACAGAGGTGTCCGTTGGTCTCGTTCGC,(((((((.((...)).)).)))))......,55.15789823254708
CTAGGTGTCCATTACCTATTTATGGTCCAT,.((((((.....))))))............,55.14956377890109
GATGGTCTATTCTAGGGAATAGGTGTCCGC,...(((((((((....)))))))...))..,55.14649468233236
TCTAGGTGTCCATCGCTCGAAAGGTCTATA,....((((.....)))).............,55.14611662892942
TAGGTGTCCACTACCTAGGTTGAGGGTCTA,((((((.....)))))).............,55.129473791648664
CTAGGTGTCCGCACGTTCGTGATGGTCTAC,......(.((((((....))).))).)...,55.12472492520796
GGTTGGTCTATTGTCTATAGGTGTCCGATT,.((((((((((.....)))))...))))).,55.12160889904003
TAGAGGGTCTATTAATAGGGCTGTCCCCTT,..((.(((((.......))))).)).....,55.11704921335185
GGATTGGTCTATTGATAGGCGTCCGGGCTC,((((..(((((....)))))))))......,55.11452369965156
TAGGTGTCCATTGCCAGACAAAGGTCTATG,..((((.....))))((((....))))...,55.109387299022195
CTAGGTGTCCGATCGTTGTGTTGGTCTATG,......(.(((((......))))).)....,55.09793303838071
GATTGTGGTTTATTCATAGGCGTCCGCTGA,...(((((.....)))))(((....)))..,55.0884246710648
TGGAGAGGTCTATTGATAGGTGTCCCTATA,.((.((.(((((....))))).))))....,55.084352201210365
ACTCCCTTGTGGATGCTCTGCACTTTAGCT,.......((((((...))))))........,55.08170065356458
CTAGGTGTCCATTCCTATTTTTGGTCTATG,.((((........)))).............,55.076355925290876
GATGGTCTATAGGTTCCTATAGGTGTCCGC,...(((((((((....)))))))...))..,55.07337991852927
ATTGTGGTTTATTCATAGGCGTCCGCTGAG,..(((((.....)))))(((....)))...,55.0557288047855
CTAGGTGTCCGCGACTAATACGTGGTCTAT,......(.(((((.......))))).)...,55.04056226462285
GTTTGTGGTCTATTCATAGGTGTCTGCTTC,.(((((((.....)))))))..........,55.040231144865785
GGTTTGGTCTTTTCATAGGCGTCCGGGTTA,((....((((......))))..))......,55.03865125672038
GATTGTGGTTTATTCATAGGCGTCCGCTGT,...(((((.....)))))(((....)))..,55.03005219132263
GGTACTGGTCTATTCATAGGTGTCCGCAAC,((((((............)))).)).....,55.02227277826569
GGATTGGTCTATTGATAGGCGTCCGAGCTC,((((..(((((....)))))))))......,55.01841225851075
CTAGGTGTCCAGCCTGTTCTGTTGGTCTAT,......(.(((((.......))))).)...,55.015670451739965
GTTGGGGGTCTATGCATAGGTGTCTGCCTC,....(((((..((((....))))..))))),55.011343640402
CTAGGTGTCCGGTCCTTTTGATTGGTCTAT,......(.((((((.....)))))).)...,54.99775648672171
GAGGAAAAGGTGTCCCTTGGTCTATTGATA,.(((..((((....))))..))).......,54.9866925211229
CTAGGTGTCCTGGCCTATTGCTTGGTCTAT,..(((...)))((((........))))...,54.977424971372784
TGGATGGTCTATTTATAGGTTGTCCACCGA,(((((((((((....)))))))))))....,54.976002749482745
CTAGGCTGTCCGATCGTCCGATTGGTCTAT,.......(.((((((....)))))).)...,54.96814599973703
TAGGCTTAGGTGTCCTCTGGTCTAGGTTGA,((((((.(((...)))..))))))......,54.96750067357952
CTAGGTGTCCGTCCTTCTATGATGGTCTAT,......(.(((((.......))))).)...,54.96395745815827
GAGGAAAAGGTGTCCCTTGGTCTATTGATT,.(((..((((....))))..))).......,54.95250448693486
TGCACAAGGTGTCCGTGTTATGGTCTATCA,.......((((.((((...)))).).))).,54.9493878859783
GTTGTGGTCTATTCAGAGGCGTCCGGGGGA,......((((......))))..........,54.9493686113446
CACTGGGTTTCTTCAGAGGTTGTCTGAGTG,...........((((((.....))))))..,54.946140748609864
CTAGGTGTCTGCCGTTCGACGGTGGTCTAT,......(.(((((((...))))))).)...,54.92433036159055
GGAGCCTAGGTGTCCTTTGGTCTATACTGC,(((.(..(((...)))..).))).......,54.92149314967206
CGGTGGGGTCTATGCATAGGGTGTCCCGTG,(((.(.(.((((....)))).).).)))..,54.91530287383834
TAGAGGGTCTATTAAGAGGGCTGTCCCCTG,..((.(((((.......))))).)).....,54.91117860524819
CTAGGTGTCCGGCAGATCTAGGTGGTCTAT,((((((.........)))))).........,54.90573618672239
CTAGGCGTCCGCCCGATTGGGTGGTCTATG,......(.((((((....)))))).)....,54.901483073455374
CTAGGTGTCCGGCCTGTTCTGTTGGTCTAT,.(((((.....)))))..............,54.895742988692476
GTTGTGGTCTATCCATAGGTGTCTGCATTG,.((((((.....))))))............,54.891951536031904
TGGAGGTCTATTGGTAATAGGTGTCCGCGG,.(((.(((((((...))))))).)))....,54.88367960254392
CTAGGTGTCCGATCGCTGTGTTGGTCTATG,......(.(((((......))))).)....,54.88176281674552
CTAGGTGTCCATTACCTATTTGTGGTCGAT,.((((((.....))))))............,54.879551918826536
GCTGTAGGTCTATTAATAGGTGTCCAGCAC,((((.(.(((((....))))).).))))..,54.874398141636554
GTGAATGGTCTATTTATAGGCGTCCGACGC,((.....(((((....))))).....))..,54.87105469275374
TATGGAGTTGTCTGGGTTCACTAGTCGGTT,.......(((.((((.....)))).)))..,54.86248412276853
GATGGTCTATCTGTTTTGATAGGTGTCCGC,...((((((((......))))))...))..,54.86164201618239
CTAGGTGTCCGCGCGTTCGTGATGGTCTAT,......(.((((((....))).))).)...,54.85850198356685
CTAGGTGTCCGGCCGTTCTGTTGGTCTATG,..........(((((......)))))....,54.85773942955013
TAGGTGTCCGTGCCTATTGCTTGGTCTATG,(((((......)))))..............,54.853586360308356
AACGGATGTCTATCCATAGGTGTCCGACTT,..((((((((((....))))))))))....,54.83823155853117
CTAGGTGTCCATCGTAGTTCATGGTCTATG,......(.((((........)))).)....,54.83775166995133
GGTGAAAGTCCATTCATAGTTGTCTACAAT,.(((((......))))).............,54.83478090245358
CTAGGTGTCCAGGTTGCCGTTTGGTCTATG,......(.(((((......))))).)....,54.83010899671135
CTAGGTGTCCGATCGTTTGTTGGTCTATGT,......(.(((((.....))))).).....,54.8290693798009
GACATGGTCTATTTATAGGTGTCCGCGGAA,(((((.............))))).......,54.82717205128458
GAGGTCTATGTCTTTTCATAGGTGTCCGCG,((.(((((((......))))))).))....,54.825126740681874
TCTAGGTGTCCATCGCAAGATAGGTCTATT,.......(.(((((....))).)).)....,54.820385839832426
GGAGGTCTATTCATCGAATCAGGTGTCCGC,(((.((((((((...)))).)))).)))..,54.81245968321066
CTAGGTGTCTGCCGTATGACGGTGGTCTAT,......(.(((((((...))))))).)...,54.80453083562093
AACAGTGGTCTATTCACTGGTGTCCGAAAT,..((((((.....))))))...........,54.802564093315425
GTTGTGGTCTATTCAGAGGTGTCTGCAGCG,(((((((.(...........).))))))).,54.802510561380075
GAAGGTCTATGGTACTTCATAGGTGTCCGC,...(((((((((....)))))))...))..,54.80120870397171
TAGGTGTCCCTGCATTTGCCGAGGTCTATG,(((((.((...((....)).)).)))))..,54.790201571166534
GGTGAAAGTCCATTCATAGTCGTCTACAAT,.(((((......))))).............,54.78543463199465
CTAGGTGTCCAGCACGGTAGGCTGGTCTAT,......(.(((((.(....)))))).)...,54.783109619587
CTAGGTGTCCGTTATGCAATTGCGGTCTAT,......(.((((.........)))).)...,54.78249220271729
TCTAGGTGTCCACCGCTCGGAAGGTCTATA,(((.((((.....)))).))).........,54.77794074308909
CTAGGTGTCCAGGTTCCCGTTTGGTCTATG,......(.(((((......))))).)....,54.77412490022277
CTAGGGTGTCCGATCATCCGATTGGTCTAT,.......(.((((((....)))))).)...,54.76577327792677
CTAGTCGTCACTTAACAGTAGGAGTTGTCT,......(.(((((........))).)).).,54.75835178299706
GGGCACTAGGTGTCCATTGGTCTAGTGACT,((((((...))))))...((((....)))),54.75103391203467
CCAGGTGTCTGTCGGTATTCGATGGTCTAT,......(.((((((.....)))))).)...,54.724124188908746
TAGGTGTCCGCTGCCTATGAGTGGTCTATG,.....(.(((((.......))))).)....,54.72017347214596
CTAGGTGTCCGCCCGATTAGTGTGGTCTAT,......(.((((.(.....).)))).)...,54.71954180439913
AAGTCGGTCTATTCATAGGTGTCCTGCTAT,.(((.((.(...........).)).)))..,54.71709177730446
CTAGGTGTCCGGGCCTTGCATTTGGTCCAT,..........(((((........)))))..,54.71240545935581
GGGCACTAGGTGTCCTTTGGTCTATTGTCT,((((((...))))))...............,54.70329162253213
GGTCCTAGGTGTCCTCTGGTCTATGATTAG,((.((.(((...)))..)).))........,54.699913392390975
CTAGGCGTCCACGATATGTTAGTGGTCTAT,......(.((((.........)))).)...,54.696989528061025
AGACTAGGTCTATGGATAGGTGTCCAGCAT,((((...)))).(((((....)))))....,54.693240304262304
CTAGGTGTCCTATGTTTATGTTTGGTCTAT,.((((...))))..................,54.6921934401682
AGGTGTCCACATCGATCGCGTTGAAGGTCT,.((((....))))((((........)))).,54.69218927242293
GCGCGAGGTCTATGCATAGGTGTCCTGTGT,.............(((((((...))))))),54.69128691928472
CTAGGTGTCCGTTGTGTTCGTGCGGTCTAT,......(.((((.........)))).)...,54.69101278073914
CTGCAGAAGGTGTCCGTGTTATGGTCTATC,........((((.((((...)))).).))),54.68867028892549
GGTTTGGTATATTCATAGGCGTCCGGGGGA,.(((((.........)))))..........,54.67781386126795
TATGGAGTTGTCTGGTTCCACTAGTCGTCT,.....((.((.(((((...))))).)).)),54.6755923650724
TACGTGGGTCTATTTATAGGCGTCCGACAT,..((.(.(((((....))))).).))....,54.665207038256455
GGGCACTAGGTGTCCATTGGTCTATTGATT,((((((...))))))....(((....))).,54.65981473221715
CTAGGTGTTCATTACCTATTTGTGGTCTAT,.((((((.....))))))............,54.659130009381364
CTAGGTGTCCGTAGCTTATGTGTGGTCTAT,......(.(((..((....)).))).)...,54.65156382691313
GGGATTGGTCTATTCTATAGGTGTCCGCTC,.((((...(((((...))))).))))....,54.64198197364329
CTAGGTGTCCGGCCTGTTTTGTTGGTCTAT,.(((((.....)))))..............,54.64165039113196
CTGGGTGTCCGCTATCCTATGCAGGTCTAT,......(.((((........)).)).)...,54.634706253145204
CTAGGTGTCCGCGCCTTTTGCTTGGTCTAT,..(((((....)))))..............,54.63366464268219
GATTGAGGTTGATGCATAGGCGTCAGCCGA,......(((((((((....)))))))))..,54.6310976580441
CTAGGTGTCCGGCAGATCTTGTTGGTCTAT,......(.((((((.....)))))).)...,54.630877763521
TAGGTGTCCACTACCTAAGTTGAAGGTCTA,((((((.....)))))).............,54.62738666661757
GTGGTGGTCTATTCATAGGTGTCTAGCGTA,..(.(((.(...........).))).)...,54.61737095648549
CTAGGTGTCCAGGTTCTCGTTTGGTCTATG,......(.(((((......))))).)....,54.61571282335993
GTTGCGGTCTATTCATAGGTGTCTGCGTCG,(.(((((.(...........).))))).).,54.61353231023158
GATGGTCTATCTTCTTAGATAGGTGTCCGC,...(((((((((....)))))))...))..,54.61325074700963
GATGGTCTATCTTCTAAGATAGGTGTCCGC,...(((((((((....)))))))...))..,54.60750599655623
CTAGGTGTCCATTACCTTTTTTGGTCTATG,..(((((.....))))).............,54.60583352601896
CTAGGTGTCCATTACCTATTTGTGGTTTAT,.((((((.....))))))............,54.6022990042873
TAGGTGTCCACTACCTATGTTGAAGGTCTA,((((((.....)))))).............,54.60049123789638
CTAGGTGTCCGTCCCACTATGATGGTCTAT,......(.(((((.......))))).)...,54.59864402295818
CTAGGTGTCCATTGCGAATGCCTGGTCTAT,((((((((.(.....).)))))))).....,54.596789284717445
AAGATGGTCTATTCATAGGGGTCCACCATT,..((((((..((((....))))..)))))),54.59533295324128
GCATTCTGGTCTATTCATAGGTGTCCTTGT,(((((.(((.....)))..)))))......,54.58820447009616
CTAGGTGTCCGACCAGTTCTGTTGGTCTAT,..........((((((.....))))))...,54.58458446935647
GGGTAGGTCTATTCAGAGGCGTCCGGGGGA,.((.(.((((......)))).)))......,54.5789795391527
GATGGTCTATTCTTGGGAATAGGTGTCCGC,...(((((((((....)))))))...))..,54.57506119091706
AAATGGGGTCTATGCATAGGTGTCCGACTT,.....(((((.((((....))))..))))),54.567452112262856
CTAGGTGTCCGTCGTTCTATTGTGGTCTAT,......(.(((.((......))))).)...,54.56469112239796
GTGTGGTCTATTCATAGGTCGTCCAGAATC,.(((((.....)))))((....))......,54.56211691348051
TAGGTGTCCGTCCTTCTATGATGGTCTATG,.....(.(((((.......))))).)....,54.55634776745343
CTAGGTGTCCGGGTCTCGCATTTGGTCTAT,((((((((.........)))))))).....,54.55177103048332
GAAGGTCTATCGTCTCAGCTAGGTGTCCAC,...((.(.(((..........)))).))..,54.54447603020134
GTCTTGGTCTATTCATAGGCGTCCGGGTGA,(((((((.....))).))))..........,54.54252179399084
GGGCACTAGGTGTCCGTTGGTCTAGTGACT,((((((...))))))...((((....)))),54.540534188485296
CAGTGGGTCTATTCAGAGGCGTCCGCTCAG,.(((((((((......))))..)))))...,54.538076484347904
CTGAAGGGTCTATGCATAGGCGTCCAGAGG,(((..(.(((((....))))).).)))...,54.53085137733831
CTAGGTGTCCGTCGCGCTAGTTTGGTCTAT,(((((((.....))).))))..........,54.52574002314569
CTAGGTGTCCGTCCTACTTTGATGGTCTAT,......(.(((((.......))))).)...,54.52326946132844
CTAGGTGTCCGAAGGGAGGCTTAGGTCGAT,((((((.(((....))).))))))......,54.52197564255312
CTAGGTGTCCGCTTGATTCATATGGTCTAT,.(((((....)))))...............,54.51786189430001
GGGCCGTAGGTGTCCGCTGGTCTAGGAGTC,((((((..((...))..)))))).......,54.50773629315008
CTAGGTGTCCGACCGCTAAATTGGTCTATG,..........(((((......)))))....,54.5065932887605
TTAGGTGTCCGCGACTAATACGTGGTCTAT,......(.(((((.......))))).)...,54.50419925970244
GGCTAGGTGTCCGCATCTTGTGGTCTATCT,....(((((.(((((...))))).).)))),54.50269571974856
GAGAGGTCTATTTGTTTATAGGTGTCCGGC,(.((.((((((......)))))).)))...,54.49624939153422
GATGGTCTATTCTTGGAATAGGTGTCCGCG,(.((((((((((...)))))))...)))).,54.48597529058557
GGGATGGTCTATTGCATAGGTGTCCGGGAG,.(((((..((((...)))).))))).....,54.480556612043586
GCAGCAGGTCTATGGGATAGGTGTCCGCCA,......(((.....((((....))))))).,54.47938701610739
GGTTTGGTCTAGTCAGAGGCGTCCGGGGGA,((....((((......))))..))......,54.466384095161956
GAGAGGTCTATTCGTATATAGGTGTCCGGC,(.((.((((((......)))))).)))...,54.465841412373905
GTGTGGTCTATTCATAGGTCGTCCAGTATC,.(((((.....)))))((....))......,54.46069465330189
CGATGGTCTGAAATGGTCTCAGCGGTCGTG,((((.(.((((.......))))).))))..,54.458013985160356
CTAGGTGTCCATCCCTAACTTTGGTCTATG,.((((........)))).............,54.45715302383297
TAGGTGTCCTGGCCTATTGCTTGGTCTATG,.(((...)))((((........))))....,54.44914832147531
CAGGGGAAGTGCCTTCCTTAGTAGGGTTTG,..(((((((...)))))))...........,54.436694649084316
CCTAGGTGTCCAGGTTCCCGTTTGGTCTAT,.......(.(((((......))))).)...,54.4318340616676
AACGGTGGTCTATCCATCGGTGTCCGACTT,..((((((.....))))))...........,54.43173484599944
GAGAGGGTCTATTAATAGGGCTGTCCCCTG,..((.(((((.......))))).)).....,54.418506319901695
TGCGGTGAGATGGTAAACTAGAGGGCCCCG,...(((....(((....)))....)))...,54.414738520555446
TTGTGGGTCTATTCATAGGGCGTCCCTTAA,.(((((......)))))(((...)))....,54.40720109185925
TAGAGGGTCTATTAATAGGGCTGTCCCCTA,..((.(((((.......))))).)).....,54.40679303186314
CTAGGTGTCCGGGCCTACTGCTGGGTCTAT,..........(((((((....)))))))..,54.404635863351515
CATTGGTCTCTTTAGAGGTGTCCGATAGGT,.(((((((((....))))...)))))....,54.39028267440217
CTAGGTGTCCGCATGTTCTTGATGGTCTAT,......(.(((((......)).))).)...,54.38204803088894
CTAGGTGTCCATGTTGCCCGCTTGGTCTAT,(((((((..((...))..))))))).....,54.38112295006468
CTAGGTGTCCCCGCATTTGCCGAGGTCTAT,.(((((.((...((....)).)).))))).,54.3772777327244
GAGAGGTCTATTTGTATATAGGTGTCCGGC,(.((.((((((......)))))).)))...,54.370924340203146
GAAGGTCTATGACTAATCATAGGTGTCCGC,...(((((((((....)))))))...))..,54.36271416629053
GGGTGGGTCTATTCAGAGGCGTCCGGGGGA,.((.(.((((......)))).)))......,54.36015518905887
TAGAGGGTCTATTAATAGGGCTGTCCCCAG,..((.(((((.......))))).)).....,54.358445085293305
AAGAGGGTCTATTAATAGGGCTGTCCCCTG,..((.(((((.......))))).)).....,54.35281336007227
CTAGGTGTCCGCACGTTCATGGTGGTCTAT,......(.((((.(......))))).)...,54.35177722365205
CTAGGTGTCCGATCATCCGTATTGGTCTAT,..........(((((.......)))))...,54.34931588887309
TTGTGGTCTATTCACAGGTGTCCGCATCGT,.(((((.(...........).)))))....,54.3478985571016
GCATTCTGGTCTATTCATAGGTGTCCTCGT,(((((.(((.....)))..)))))......,54.34549795758775
TAGACCTAGGTGTCCTTTGGTCTATGTCTT,((((((.(((...)))..))))))......,54.3399130993475
AGAGGGTCTATTAATAGGGCTGTCCCCTTG,.((.(((((.......))))).))......,54.33924256796952
TAGAGGGTCTATTAATAGGGCTGTCCCCGG,..((.(((((.......))))).)).....,54.33671894257697
TAGAGGGTCTATTAATAGGGCTGTCCCCCG,..((.(((((.......))))).)).....,54.333596111209864
GACATGGTCTATTCAGAGGTGTCCGCGGAA,(((((..(((....))).))))).......,54.33194087380201
CTAGGTGTCCAGGTTGCCCTTCTGGTCTAT,......(.(((((.......))))).)...,54.32825246728597
GGGTGGGTCTATTCAGAGGCGTCCGGGCGA,.((.(.((((......)))).)))......,54.32462151911929
CTAGGTGTCCGGGCCTTTTGCTAGGTCTAT,..........((((((......))))))..,54.319265619321996
TTAGGTGTCCGCGACTTATACGTGGTCTAT,......(.(((((.......))))).)...,54.309534301257756
TAGGTGTCCGGCCAGTTCTGTTGGTCTATG,.........((((((.....))))))....,54.30277116583938
CTAGGTTGTCCACGTTCACGAGTGGTCTAT,.......(.((((........)))).)...,54.302599705082386
CGTGTGGTCTATTCAGAGGCGTCCGTTGCG,......((((......))))..........,54.29795873722954
CTAGGTGTCCGTCCTACTATGGTGGTCTAT,......(.(((.((......))))).)...,54.29356284150778
ATTGGTCTATCGTACGATAGGTGTCCGTTG,...((((((((....))))))...))....,54.29066297678938
CTTATTGGTCTATTTATAGGCGTCCAGTGG,..((((((((((....))))...)))))).,54.28957312810236
CTAGGTGTCCGGGCCTATTGCTTGGGCTAT,......((((((((.....))))))))...,54.2857726416824
CTAGGTGTCCATCGCGAATGCCTGGTCTAT,((((((((.(.....).)))))))).....,54.28198239229845
GCTAGCGGTCTATTCATAGGTGTCCTCTGA,..(((.((.(...........).)).))).,54.274765165325725
GGCTAGGTGTCCGGTCATTTCTGGTCTATT,(((((((((......)))..))))))....,54.273177666716734
GATTTGGTCTATTCAGAGGCGTCCGCTGAG,............((((.((...)).)))).,54.266705345856906
CGCCCGAGGTGTCCTCTGGTCTATGTTGTG,.(((.((((...)))).)))..........,54.26608382583075
GGGTGGGTCTATTCAGAGGCGTCCGGGGTA,.((.(.((((......)))).)))......,54.2614053232606
AACGGAGGTTTATGCATAGGTGTCCGACTT,..((((.(((((....))))).))))....,54.24526431112466
CTAGGTGTCCCTGCATTTGCTGAGGTCTAT,.(((((.((...((....)).)).))))).,54.23955270314313
CTAGGTGTCCCAGCATTTGCCGAGGTCTAT,.(((((.((...((....)).)).))))).,54.23953649716852
CCTAGGTGTCTGCCGTGTGACGGTGGTCTA,.......(.(((((((...))))))).)..,54.23166795556506
AGAGGGTCTATTAATAGGGCTGTCCCCCGG,.((.(((((.......))))).))......,54.2300406546837
GACATGGTCTATTCAGAGGTGTCCGCGGTA,(((((..(((....))).))))).......,54.221976284465526
CTAGGTGTCCATACTCATGCAATGGTCTAT,......(.((((.........)))).)...,54.21947313187591
GAGAGGTCTATTGGTATATAGGTGTCCGGC,(.((.((((((......)))))).)))...,54.21876938981426
GCCGTGGTCTATTCGATAGGTGTCCGCTTC,...(((((((((...)))))...))))...,54.21472158607292
CTAGGTGTCCACTGCCTATGAGTGGTCTAT,......(.(((((.......))))).)...,54.21283339467921
CAGGGAGGTCGATGCATAGGTGTCCGCCAG,......(((.(((((....))))).)))..,54.21088605115905
GGGCCGTAGGTGTCCGCTGGTCTAGGATTC,((((((..((...))..)))))).......,54.20877023204839
CTAGGTGTCCAGTGTGGCAATCTGGTCTAT,((((((..(((...)))..)))))).....,54.207609230278194
CTGATGGGTCTATGCATAGGCGTCCAGGGG,(((..(.(((((....))))).).)))...,54.20444662007703
CTAGGTGTCCATTGTGTGCCGGTGGTCTAT,......(.((((((.....)))))).)...,54.19442166585993
CTAGGTGTCCGTCACTCTAGTGTGGTCTAT,(((((((.....))).))))..........,54.19249151764109
CTAGGTGTCCCTGCATTTGCCGGGGTCTAT,.((((..((((.((....)).)))))))).,54.187313146934784
TGTATGGTCTATTCAGAGGCGTCCGTTCGA,......((((......))))..........,54.18383208596742
CTGATGGGTCTATGCATAGGCGTCCAGATG,(((..(.(((((....))))).).)))...,54.16813778144714
GAGTGAGGTCTATGCATAGGCGTCCGCCGA,(.((((.(((((....))))).).))))..,54.162565031660215
CTGAAAGGTCTATGCATAGGCGTCCAGATG,(((..(.(((((....))))).).)))...,54.160880180163645
CTAGGTGTCCCTGCATTTGCCTAGGTCTAT,(((((((..........)))))))......,54.148330405723954
CTAGGTGTCTGCCGTGTGACGGTGGTCTAC,......(.(((((((...))))))).)...,54.14529551665835
GGATTGGTCTATTGATAGGCGTCCAAGCTC,((((..(((((....)))))))))......,54.14368122087531
GGTGGTCTATTGTTAGAATAGGTGTCCGTA,((...((((((.....))))))...))...,54.140783840334606
CTGAGCGGTCTATGCATAGGCGTCCAGAGG,(((.(..(((((....)))))..))))...,54.13888195200406
CGGAGGGTCTATTCAGAGGTGTCCGGCGAG,((((.(.(((....)))..).)))).....,54.13815770562413
CTAGGTGTCCAATTCGCATTGTTGGTCTAT,......(.(((((.......))))).)...,54.137057990092956
CTAGGTGTCCGCTTGGTATATGGGGTCTAT,((((((....))))))..............,54.135091725511174
GATTGTGGTCTATTCGTAGGCGTCCGCTGA,....((((((((....))))...))))...,54.1311419414852
CCGTGGTCTATTCGATAGGTGTCCGCTTCG,..(((((((((...)))))...))))....,54.13099389587192
ACTAGGTGTCCAAGGATCCTTAGGTCTATT,.(((((.(((....))).))))).......,54.120527071239366
GTTGTGGTCTTTTCATAGGTGTCTGCATCG,..(((((.....)))))((((....)))).,54.11465978223012
ATTGTGGTCTATTCAGAGGCGTCCGCTGAG,............((((.((...)).)))).,54.112787098748456
TATGGTCTATCATCTGGATAGGTGTCCGCA,...((((((((.....))))))...))...,54.11003023669163
GTTGTGGTCTATTCAGAGGTGTCTGCAACG,(((((((.(...........).))))))).,54.107022130985584
GTTGGTCTATCAACTGATAGGTGTCCGTGC,...((((((((....))))))...))....,54.105452637637754
GAGGGTCTATTAATAGGGCTGTCCCCTGGT,((.(((((.......))))).)).......,54.09198195543209
TAGGTGTCCAGGTTGCCCGTTTGGTCTATG,.....(.(((((.......))))).)....,54.08325537097894
GGTAGGTCTATTCTCATAGGTGTCCAGTCG,((.(.((((((....)))))).))).....,54.07766027263402
TCGGCCTAGGTGTCCGCAGGTCTATGCGTA,..(((((.((...))..)))))........,54.07659065713997
CGAATGGTCTATTCATAGGTGTCCCTCTGG,.............((.(((....))).)).,54.06876832690957
CTAGGTGTCCGTGCATTGTGTGCGGTCTAT,......(.(((((((...))))))).)...,54.064820816122165
CTAGGTGTCCGATCGTTTGTGTTGGTCTAT,......(.(((((.......))))).)...,54.058449980583134
GAGAGGTCTATTTGGGTATAGGTGTCCGGC,(.((.((((((......)))))).)))...,54.0555744194231
TTGAGGGTCTATTAATAGGGCTGTCCCCTG,..((.(((((.......))))).)).....,54.05261381759937
CTAGGTGTCCTATATTATGTTTTGGTCTAT,.((((...))))..................,54.03697090699135
ATAGGTGTCCGGATTGCATCTGGTCTATCG,...((((.((((((...)))))).).))).,54.03361122240762
CTAGGTGTCCCCGCATTTGCTGAGGTCTAT,.(((((.((...((....)).)).))))).,54.03077871765565
TCTAGGTGTCCGAGCAATACTTGGTCTATG,.((((((((.......))))))))......,54.02845082663416
CTGAGGGTCTATTAATAGGGCTGTCCCCTG,..((.(((((.......))))).)).....,54.0265105953173
GATGGTCTATTCTGGGAATAGGTGTCCGCG,(.((((((((((...)))))))...)))).,54.02544212246979
TGAGGGTCTATTAATAGGGCTGTCCCCTGG,.((.(((((.......))))).))......,54.025122670265254
TGAGTGGTCTCTTTAGAGGCGTCCATATCG,......(((((....)))))..........,54.02303306230209
ATAGGCTAGGTGTCCTTAGGTCTATCATGT,((((((((((...)))..))))))).....,54.021721130381906
CTAGGTGTCCATTACCTTCTTGTGGTCTAT,..(((((.....))))).............,54.01644605304181
CTAGGTGTCCAGTATGGCTATCTGGTCTAT,(((((((.(((...))).))))))).....,54.015604169763634
CTAGGTGTCCGGCCAGTACTGTTGGTCTAT,..........((((((.....))))))...,54.012374145338015
CTAGGTGTCTGCCGTGTGGCGGTGGTCTAT,.((((...(((((....)))))...)))).,54.00909293843327
CTAGGTGTCCTCTGTTCGCTGTTGGTCTAT,...((((.........))))..........,54.00672965216047
CTAGGTGTCCATGATGCTCACTTGGTCTAT,(((((((..((...))..))))))).....,54.0049548757049
CTAGGTTGTCCATAGTCTACGGTGGTCTAT,.......(.((((........)))).)...,54.00376651979046
TAGAGGGTCTATTTATAGGGCTGTCCCCTG,..((.(((((.......))))).)).....,53.997001194324845
AAAGGGGGTCGATGCATAGGTGTCCGACTT,.....((((((((((....)))).)))))),53.99161780728518
CTAGGTGTCCGAAGTTTATGTTTGGTCTAT,......(.(((((.......))))).)...,53.99043185815955
ACTAGGCGTCCGGGCCTTGTCTGGTCTATT,.......(.((((((...)))))).)....,53.98941894935983
AGGCTTAGGTGTCCTTTGGTCTACGACAGG,(((((.(((...)))..)))))........,53.9867643293894
CTTGAGGGTCTATTAATAGGGCTGTCCCCT,...((.(((((.......))))).))....,53.974292637331324
CTAGGTGTCCGGGCCGATTGCTTGGTCCAT,..........(((((((....)))))))..,53.967565801906964
CTAGGTGTCCCTGCTTTTGCCGAGGTCTAT,.(((((.((...((....)).)).))))).,53.96521067910204
CGAATGGTCTATTCAGAGGTGTCCCTCGGG,.(((((...))))).((((....))))...,53.96518836883749
TCGGATGGTCTATTAATAGGTGTCCACCTA,..((.(((.(...........).)))))..,53.96340043729822
CTAGGTGTCCAGGTTGCTCACTTGGTCTAT,(((((((..((...))..))))))).....,53.95103350503587
GGAGAGGGTCTATTAATAGGTGTCCACTTT,(((.(...((((....))))).))).....,53.94913311513355
CTAGGTGTCCAACGCGAATGCCTGGTCTAT,((((((((.(.....).)))))))).....,53.948468274950564
GGAGAAGGTCTATTAATAGGTGTCCACTTT,(((.(...((((....))))).))).....,53.92933740496978
CCTAGGTGTCCATGGAGTTATGGTCTATGG,.........(((((((.......))))))),53.8988083070783
GGCTTGGTCTATTTATAGGCTGTCCCAGTT,((..(((((((....)))))))..))....,53.89548400235924
CCTAGGTGTCCGTGCTTGTCATGGTCTATT,.......(.(((((.....))))).)....,53.88763810973647
ATGGTCTATCATCTGGATAGGTGTCCGCAG,..((((((((.....))))))...))....,53.88142541901373
TAGGTGTCCACTACCTAGGATGAAGGTCTA,((((((.....))))))((((....)))).,53.874376154160906
TGCTGGTCTATTCAGAGGCGTCCGAGTTCA,.....((((......))))...........,53.86852211489057
GTTTGGGGTCTATGCATAGGCGTCCGCGGA,.((((.((...((((....)))))).)))),53.86694721431303
CATAGGTGTCCAGGTAGACCTTGGTCTATT,.(((((...(((((.....)))))))))).,53.86586362491933
CTAGGTGTCCGTGACTCGTAAATGGTCTAT,......(.((((.........)))).)...,53.85632395792295
CTAGGCGTCCACCCTTGTATAGTGGTCTAT,......(.((((.........)))).)...,53.84136099821974
GAAGGTCTATGTCCATACATAGGTGTCCGC,...(((((((((....)))))))...))..,53.84088484071802
GATTGGGGTCTATACATAGGCGTCCGCTGA,...(((((((((....))))).))))....,53.840291129556356
TAGGTGTCCGCACGTTCATGGTGGTCTATG,.....(.((((.(......))))).)....,53.83447029731755
CTAGGTGTCCGTGTCTTGCATTTGGTCTAT,((((((((.........)))))))).....,53.83086306511378
CTAGGTGTCCGGTCTTACTATATGGTCTAT,...((((........))))...........,53.82696964841922
GGTAGGTCTATTCTTATAGGTGTCCAGTCG,((.(.((((((....)))))).))).....,53.826155712385415
CTAGGTGTCCGAAGTGTATGTTTGGTCTAT,......(.(((((.......))))).)...,53.8257944187023
GTTGTGGTTTATTCACAGGTGTCTGCACCG,..(((((.....)))))((((....)))).,53.82561239684327
CTAGGTGTCCAGGTTGCCCGTCTGGTCTAT,......(.(((((.......))))).)...,53.82069010517901
CTAGGTGTCCAGGTTGTCCGTTTGGTCTAT,......(.(((((....))...))).)...,53.820183192860924
CTAGGTGTCCGTGACTTGTAAATGGTCTAT,......(.((((.........)))).)...,53.81973167019433
CTAGGTGTCCCTGCATTTGCCGAGGCCTAT,.(((((.((...((....)).)).))))).,53.8178971220333
CTAGGTGTCCCACCTTTAGGTTTGGTCTAT,..(((((...)))))...............,53.817636062746786
CTATTGGTCTATTCATAGGTGTCTGATGAG,.((((((.(...........).))))))..,53.81511748582385
GAGAGGTCTATTTCTGGATAGGTGTCCGGC,.............((((((....)))))).,53.813941072495425
TAGGTGTCCGAAGTTAGGCTTAGGTCTATG,.....(.((.((((...)))).)).)....,53.807048502773085
GATGGTCTATCTTCGAAGATAGGTGTCCGC,...(((((((((....)))))))...))..,53.79806014765046
GAGAGGTCTATTTGTACATAGGTGTCCGGC,(.((.((((((......)))))).)))...,53.79517225194452
CTAGGTGTCCAGGTTGCTCGTTTGGTCTAT,......(.(((((.......))))).)...,53.793303002308534
GCCGTGGTCTATTCGATAGGTGTCCGCCTC,...(((((((((...)))))...))))...,53.78569344179853
CTAGGTGTCCAGGTTTCCCGTTTGGTCTAT,......(.(((((.......))))).)...,53.78399749547124
GCAGAAGGTGTCCATGGTTTATGGTCTATT,.........(.(((((...))))).)....,53.782594000391335
GGCCTCTAGGTGTCCGTTGGTCTATTGGTT,((((....((...))...))))........,53.779666782396205
TAGGTGTCCATACTCATGCAATGGTCTATG,.....(.((((.........)))).)....,53.77895427048217
CTAGGTGTCCGGTATTCAGAGCAGGTCTAT,......(.((.((.......)).)).)...,53.77694998367494
GATGGTCTATCCTCTAAGATAGGTGTCCGC,...((((((((......))))))...))..,53.76897742974188
CTAGGCGTCCACCCTTGCATAGTGGTCTAT,......(.((((.........)))).)...,53.767311776141256
CAGGGGAAGTGCCCTCTTTAGTAGGGTATG,........(((((((.......))))))).,53.766463303387916
GGAGAGGGTCTATTAATAGGTGTCCACTGT,(((.(...((((....))))).))).....,53.764729702141196
CTAGGTGTCCATCCTCTTCGCTTGGTCTAT,(((((((...........))))))).....,53.76460799584469
CTAGGTGTCCGGTCGTTAGTGTTGGTCTAT,......(.((((.(......))))).)...,53.76206944690595
GGAGGTCTATTCGTCAGATTAGGTGTCCGC,(((.(((((.((....)).))))).)))..,53.76127786182442
GGTTTGGCTTATACATAGGCGTCCGGGCGG,((....(((((....)))))..))......,53.75698189270763
GACATGGACTATTCATAGGTGTCCGCGGAA,..(.(((((...........))))).)...,53.749178225413246
CTAGGTGTCCACAGGGTTATGTTGGTCTAT,......(.(((((......)).))).)...,53.74831787605385
GATTGGGGTCTATACATAGGCGTCCGCGGA,...(((((((((....))))).))))....,53.74696123272729
CTAGGTGTCCACAGAGTTATGTTGGTCTAT,......(.(((((......)).))).)...,53.74173923008391
GGAGAGGGTCTATTAATAGGTGTCCACTAT,(((.(...((((....))))).))).....,53.734596381556386
TGATGCGGTCTATTCATAGGTGTCCACAAA,.(((((.............)))))......,53.73363075481397
CAGGAGTGGTCAAAATGTCGTTTGTCTTCG,.....(.((.((((......)))).)).).,53.72985969251182
CTAGGTGTCCATTGTTTGCCGGTGGTCTAT,......(.((((((.....)))))).)...,53.72657635283097
GAAGGTCTATCGTCCCAGCTAGGTGTCCAC,...((.(.(((..........)))).))..,53.72610294677203
GATGGTCTATCCTCCAAGATAGGTGTCCGC,...((((((((......))))))...))..,53.71271765809772
CTAGGTGTCCGTCAGATAGTGTTGGTCTAT,......(.(((.((.....)).))).)...,53.70843840118087
GGATTGGTCTATTAATAGGTGTCCGATTGA,.((((((.(...........).))))))..,53.70773385597984
ATTGGGGTCTATTCAGAGGCGTCCGCTGAG,..((((((((......)))).)))).....,53.707051548386104
TTTGGTCTATTCATAGGCGTCCGGGTGAGT,........((((((.((...))..)))))),53.70419354153194
CTAGGTGTCCAACCTGATAAATTGGTCTAT,.(((((.....)))))..............,53.69819360974276
CTAGGTGTCCAGGTTCCCCGTTTGGTCTAT,......(.(((((.......))))).)...,53.697574420907145
CTAGGTGTCCGAAGTGCATGTTTGGTCTAT,......(.(((((.......))))).)...,53.694024059093294
CCTAGGTGTCCGGCTATAGTTTGGTCTATG,...........(((((.....)))))....,53.68913798768956
ACTAGGTGTCCAATGCTCATCTGGTCTATT,((((((((.........)))))))).....,53.68786455923095
CGGTTGGGTCTATTCATAGGGTGTCCCTAG,................(((((...))))).,53.67619569789209
CTAGGTGTCCGAGTCTTGCATTTGGTCTAT,((((((((.........)))))))).....,53.66815109591013
CGGGCACTAGGTGTCCATTGGTCTATTGAC,.((((((...))))))....(((....))),53.66595071895015
CATTGGTCTCTTTAGAGGTGTCCGTTGGTC,((.(((((((....))))...))).))...,53.66030861564548
CTAGGTGTCCATCGCAAGATAGGTCTATTG,......(.(((((....))).)).).....,53.657608325538845
CTAGGTGTCCATTGCTGGACAAAGGTCTAT,.((((((((((....))))))....)))).,53.65717978182834
AGAGAGCCCCATGGGTTGCTTGGGTGAGGT,.((((((((...))))).))).........,53.655561864292146
CTAGGTGTCCGACTCCTCTAGGTGGTCTAT,..........((((((....)).))))...,53.648890111034426
CTAGGTGTCCGGTATGGCAATCTGGTCTAT,(((((((((......))).)))))).....,53.6439115179461
TTAGGTGTCCGGGTCCTCGACTTGGTCTAG,......(.(((((((...))))))).)...,53.63711642781328
CCAGGTGTCCATAGCTTATGTGTGGTCTAT,......(.(((((.......))))).)...,53.63351285723368
CATTGGTCTCTTTAGAGGTGTCCGGTAGGT,.(((((((((....))))...)))))....,53.63143466960986
TTGGTCTATTCATAGGCGTCCGGGTGAGTC,.......((((((.((...))..)))))).,53.62977308101462
CTAGGCGTCCACCCTTGTATTGTGGTCTAT,......(.((((.........)))).)...,53.627333148090784
CTAGGTGTCCGGGCCTATTGCTTGGTCGAT,.....((.((((((.....)))))).))..,53.62608010355835
TAGGTGTCCGTGCATTGTGTGCGGTCTATG,.....(.(((((((...))))))).)....,53.624301954728416
GAGAAGGTCTATGCACATAGGTGTCCACTT,.....((.....((((....))))))....,53.62399942274831
GGAGAGGGTCTATTAATAGGTGTCCACTAA,(((.(...((((....))))).))).....,53.62247027708565
GGCACTTTATGTCTCCAGCCACGGACTGAC,((((.....))))(((......))).....,53.62188319509409
TGGAGTGGTCTATTGATAGGTGTCCCTATA,((((....))))...(((((....))))).,53.62154272430933
CCTAGGTGTCCATCGCAAGATAGGTCTATT,.......(.(((((....))).)).)....,53.61851906124538
CTAGGTGTCTGGGCCTATTGCTTGGTCTAT,.........((((((........)))))).,53.60781986709124
CTAGGTGTCCGTGATACCTTAACGGTCTAT,..(((((((...)))))))...........,53.603106263445895
TATCGCTAGGTTGTCCCCTGGTCTATCATG,....((((((......))))))........,53.60199256368213
GGCACCATATGTCTCCAGCCACGGACTGAC,((((.....))))(((......))).....,53.59827741587066
ATAGGGCCCCATGGGTTGCTTGGGTGAGGT,.......((((.(.....).))))......,53.58109208134422
GGAGAGGGTCTATTAATAGGTGTCCACCAT,(((.(...((((....))))).))).....,53.567878374601506
CATTGGTCTCTTTAGAGGTGTCCGATAAGG,.(((((((((....))))...)))))....,53.564703266336615
CTAGGCGTCCACCCTTGCATTGTGGTCTAT,......(.((((.........)))).)...,53.564131401704714
CTAGGTGTCCGGCCTGTTCTGTCGGTCTAT,......(.(((((.......))))).)...,53.55800393712746
CTAGGTGTCCGTTCCGTTTGTATGGTCTAT,......(.((((.........)))).)...,53.55555761982205
CTAGGTGTCCGCACGTTCATGATGGTCTAT,......(.(((((......)).))).)...,53.5533920609011
CTAGGTGTCCATCCCTAACTTATGGTCTAT,.((((........)))).............,53.549335367138376
GGAGGTCTATTCATTGAATCAGGTGTCCGC,(((.((((((((...)))).)))).)))..,53.54824876282434
TGCTGGTCTATTCAGAGGCGTGCGGGTCTA,(((..((((......))))..)))......,53.54580719084218
GGCTAGGTGTCCGGTCATTTCTGGTCTATC,(((((((((......)))..))))))....,53.534790391009494
GGTAGGTCTATTCCCATAGGTGTCCAGTCG,((.(.((((((....)))))).))).....,53.531472941011735
CTAGGTGTCCATGTTAACGTATGGTCTATG,......(.(((((......))))).)....,53.52410712912503
GGTTTGGTCTACTCACAGGCGTCCGGGTTA,((....((((......))))..))......,53.522940318186485
CTAGGTGTCCATGACAGAGTATTGGTCTAT,......(.(((..((...))..))).)...,53.52121495596092
AACGGGGGTTTATGCATAGGTGTCCGACTT,..((((.(((((....))))).))))....,53.52081392035826
TGGTGGTCTATTCACAGGTGTCCGAGTCTA,..((((.....))))...............,53.52052725328241
GGGGAAGTCCATTCATAGTTGTCCGCCGTG,(((((...(........)...))).))...,53.51977995669296
CGGAGAGGTCTATTGATAGGTGTCCCTATA,.((.((.(((((....))))).))))....,53.51545085746871
CTAGGTGTCCAACTCATACGGTTGGTCTAT,......(.((((((.....)))))).)...,53.5060478699109
CTAGGTGTCCGATCATCCTTATTGGTCTAT,..........(((((.......)))))...,53.50569186600282
GGTGGTCTATCATTAGGATAGGCGTCCGCT,((..(((((((.....)))))))..))...,53.5010790070949
GGTGGTCTATCATTAGGATAGGCGTCCGCA,((..(((((((.....)))))))..))...,53.4991714667636
GGTTGGGTCTATTCAGAGGCGTCCGGGCGA,(.((((((((......))))..)))).)..,53.49715192351992
GGGCACTAGGTGTCCCTTGGTCTAGTGACT,((((((...))))))...((((....)))),53.496971650193146
CGAAGTCTAGGTGTCCTTAAGGTCTATTCA,.((.....(((...))).....))......,53.4952712793392
TAGGTGTCCATTGTGTGCCGGTGGTCTATG,.....(.((((((.....)))))).)....,53.490629438955
GGTGAAAGTCCATTCATAGTCGTCTACATT,.(((((......))))).............,53.48948402709274
CTAGGCGTCCACCCCTGTATAGTGGTCTAT,......(.((((.........)))).)...,53.48793949820903
GACATGGTCTATTTATAGGCTGTCCAAGAC,((((..(((((....)))))))))......,53.47859352151765
CTAGGTGTCCGATCATTCGTATTGGTCTAT,..........(((((.......)))))...,53.47473090603858
CCTAGGTGTCCAGACTTGCTTAGGTCTATG,((((((((........))))))))......,53.47434223316143
CTAGGTGTCCGCCTTAATAGAGTGGTCTAT,......(.((((((....)).)))).)...,53.47342132888974
CTAGGCGTCCACCCTCGTATTGTGGTCTAT,......(.((((.........)))).)...,53.46372157100538
AACGCTGGTCTATTCATAGGTGTCCGACTT,.(((((............))))).......,53.46093573333492
CTGTTGGGTCTATGCATAGGCGTCCAGAGG,((.(((((((((....)))))..)))))).,53.45356335625979
CTAGGTGTCCGGCCTTTTCTGTTGGTCTAT,..........((((.........))))...,53.45128622399246
GATGCGGTCTATTCATAGGTGTCCACAAAG,(((((.............))))).......,53.45049982975492
CTGATTGGTCTATTCATAGGTGTCCCTCTG,..............((.(((....))).)),53.449243712635244
TAGAGGGTCTATTGATAGGGCTGTCCCCTG,..((.(((((.......))))).)).....,53.4476623685794
CTAGGTGTCCGCACGTTCTTGATGGTCTAT,......(.(((((......)).))).)...,53.44610588769271
GATTGCGATTTATGCATAGGCGTCCGCCGA,...(((.......)))..(((....)))..,53.44536294142074
CTAGGTGTCCGCTCTAAGCAAGTGGTCTAT,......(.(((((.......))))).)...,53.44358848361509
AGGTTGTGATACGTCCTAAGTTGTGGTCTG,............(.((........)).)..,53.4429694464331
TTGAGGGTCTATTTATAGGGCTGTCCCCTG,..((.(((((.......))))).)).....,53.441057990496304
CTAGGTGTCCTATTCCTAAAGTTGGTCTAT,.((((.........))))............,53.43970912189452
CTGATTGGTCTACTCATAGGCGTCCATAGG,(((....(((((....))))).....))).,53.43650964621554
TAGGTGTCCTCTGTTCGCTGTTGGTCTATG,..((((.........))))...........,53.43457410801115
CGGATGGTCTATTGAGAGGTGTCCGGCGAG,((((((.(((....)))..)))))).....,53.43377649385985
GGTGGTCTATTCCCATTAATAGGTGTCCGC,.((((((((((......))))))...)))),53.43143617315754
GTCACGGTCTATTTATAGGCTGTCCGAGCG,...((((((((....)))))))).......,53.427283752204424
CTAGGTGTCCGGCTATAGTTGGTCTATGGT,...........(((((((.....))))))),53.42691857649124
CTAGGTGTCCGGGTCTTTTAGCTGGTCTAT,......(.((((.........)))).)...,53.41924452261133
CTAGGTGTCCAACCAGATAAATTGGTCTAT,...(((.....)))((((......))))..,53.41646000488214
CTAGGTGTCCGTGCATTGTGCGTGGTCTAT,......(.(((((((...))))))).)...,53.41628108891739
CATTGGTCTCTTTAGAGGTGTCCGGTAAGG,.(((((((((....))))...)))))....,53.41454869474781
GCTGTTGGTCTATTGATAGGTGTCCGCGGT,(((((.((.(...........).))))))),53.410833166738925
CTAGGTGTCCGGGTACCTTAACTGGTCTAT,......(.((((.........)))).)...,53.4006696197971
GCCGTGTAGGTGTCCCTTGGTCTAGTCAGA,((((...(((....))))))).........,53.39005942895854
CTAGGCGTCCACCCTCGTATAGTGGTCTAT,......(.((((.........)))).)...,53.38866197774874
CTAGGCGTCCACCCTTATATAGTGGTCTAT,......(.((((.........)))).)...,53.38692707143368
CTTATGGGTCTATGCATAGGCGTCCAGAGG,(((.((((((((....)))))..)))))).,53.38499474303686
TTGTGGTCTATTCAGAGGCGTCCGCTGAGT,.........((((((.((...)).)))))),53.37775652442667
CTAGGTGTCCGATGTTATAAATGGGTCTAT,......(.((.((.......)).)).)...,53.37748107504959
TAGAGGGTCTATTGATAGGGCTGTCCCCTT,..((.(((((.......))))).)).....,53.36378948810316
CTAGGTGTCCATTGCGTGCCGGTGGTCTAT,......(.((((((.....)))))).)...,53.36169085664776
CTAGGTGTCCGATCGATGATTTGGTCTATG,..........((((((....))))))....,53.3608073341009
CAGAGGGCCCCATGGGTTGCTTGGGTGAGG,(((..(((((...)))))..))).......,53.35605271405807
CTAGGTGTCCGGGGAGTTATACTGGTCTAT,......(.((((.........)))).)...,53.35583874473585
GGGATGGTCTATTCATAGGTGTTCGCCTGG,.(((((...))))).(((((....))))).,53.35562465463493
AGGTCTATGCACTTTGGATAGGTGTCCAGG,....((..((((((.....))))))..)).,53.35086962789718
GGAGAGGTCTATTGATAGGTGTCCCTATAG,((.((.(((((....))))).)))).....,53.347799742484995
CTAGGTGTCCGTTGAGCAACTATGGTCTAT,......(.((((.........)))).)...,53.346143886178496
CTAGGTGTCCATGCCGTCAGAGTGGTCTAT,......(.((((..(....).)))).)...,53.343978187906714
CTAGGCGTCTGTCGTTATTCGATGGTCTAT,......(.((((((.....)))))).)...,53.34296581729044
CGTGCATAGGTGTCCGTTGGTCTAACAGAG,....((..((...))..))...........,53.33615343756496
CTAGGCGTCCGTGATGCCTCAATGGTCTAT,..(((((((...)))))))...........,53.3356827276991
GGGAGAGGTCTATGAATAGGTGTCCACACC,.(((....))).......((((....)))),53.3334514924732
CTAGGTGTCCGGCCGGTTCTGTTGGTCTAT,..........((((((.....))))))...,53.33184316352449
TAGGTGTCCGATCATCCGTATTGGTCTATG,.........(((((.......)))))....,53.32740167864215
AGAGGGTCTATTGATAGGGCTGTCCCCTGG,.((.(((((.......))))).))......,53.31362661020542
GATTGGGGTCTATGGATAGGCGTCCGCGGA,...(((((((((....))))).))))....,53.30220881057997
CTAGGTGTCCGGGTCATTCAGCTGGTCTAT,......(.((((.........)))).)...,53.30043999883019
CTAGGTGTCCGATCCTTCGTATTGGTCTAT,......(.((((((....).))))).)...,53.29711166514727
CTAGGTGTCTGCCGTGTGTCGGTGGTCTAT,......(.((((((.....)))))).)...,53.296283476215386
CTAGGCTTTTCTGCACTTGCCGACGTCCAT,...(((............))).........,53.295738364671564
CCTAGGTGTCCGCTGCCTATGAGTGGTCTA,.......(.(((((.......))))).)..,53.29429492505966
AAAGGTGTCCAGCCGTTTCCGTTGGTCTAT,......(.(((((.......))))).)...,53.292977174677894
CTAGGTGTCCGATCTATGATTTGGTCTATG,......(.((((........)))).)....,53.29011928694226
CATTGGTCTCTTTAGAGGTGTCCGGTAAAG,.(((((((((....))))...)))))....,53.28798305408398
CTAGGCTGTCCGATCATCCGATTGGTCTAT,.......(.((((((....)))))).)...,53.2879505660002
CTAGGTGTCCAGGCTGCGTATCTGGTCTAT,......(.(((((.......))))).)...,53.28776330295606
TCGGCTTAGGTGTCCTCAGGTCTATGCTTA,..((((((((...))).)))))........,53.2799072171304
CGCAGAAGGTGTCCATGGTTTATGGTCTAT,..........(.(((((...))))).)...,53.27738978812472
CGAGAGGTCTATATCCATAGGTGTCCGGCG,((.((.((((((....)))))).))))...,53.274815441102355
GATTGTGTTTTCTTCATAGGCGTCCGCCGA,...((((.......))))(((....)))..,53.26933214395525
AGACTAGGTCTATGCATAGGTGTCCAGCAT,((((...))))((((...((...)).)))),53.266121868230144
CTAGGTGTTCGGGCCTATTGCTTGGTCTAT,..........(((((........)))))..,53.262588889770626
CTAAGTGTCCGGCGTATTAGTTGGTCTATG,......(.(((((......))))).)....,53.25874495526968
CTAGGCGTCCGTGTCGTGGACATGGTCTAT,......(.(((((((...))))))).)...,53.25170752283803
GGCACTAGGTGTCCATTGGTCTATTGACTG,(((((...)))))....((((....)))).,53.24272549469843
CTAGGTGTCCGTCGTTCTTGTTTGGTCTAT,......(.(((.((....))..))).)...,53.23899835725335
TATGGTCTATCATCTTGATAGGTGTCCGCA,...(((((((((...)))))))...))...,53.23864087126103
AGGTGTCCACATCGATCACGCTGAAGGTCT,.((((....))))((((........)))).,53.23845311363295
CTGATTGGTTTATTCATAGGTGTCCCACTG,..................((((...)))).,53.237409551850426
GGTTCGTTTTATTCACAGGCCTCCGCCCTA,.................(((....)))...,53.227542936003275
GTAGTCGGGTCCGTTTTTGGAAGTTTCTGC,((((.....((((....)))).....)))),53.22622941733447
CTAGGCGTCCGTGATGCTTCAATGGTCTAT,..(((((((...)))))))...........,53.21529219586141
GATTGTGGTCTATTCAGAGGCGTCCGCTGA,.............((((.((...)).)))),53.21384628227216
CTAGGTGTCCGTAAATTCAGAATGGTCTAT,......(.((((.........)))).)...,53.21336274781744
GTGGATGGTCTATCTATAGGCGTCCCACGC,((((...(((((....)))))...))))..,53.20806034789447
CTAGGTGTCCCTGCGTTTGCCGAGGTCTAT,.(((((.((...((....)).)).))))).,53.20597965411738
CTAGGTGTCCAGTATGGCATTCTGGTCTAT,(((((((((......)))).))))).....,53.20584011130004
CTAGGTGTCCATGTTGAACGTATGGTCTAT,......(.(((((.......))))).)...,53.20421447740088
GCATAGGTGTCCGTGCTTCTTGGTCTATCC,((((.((...))))))..............,53.20329281555421
CTAGGTGTCCGGGTCTTGCTTTGGTCTATG,......(.(((((......))))).)....,53.19728110530212
CTAGGTGTCCGCAGTTTCCTGATGGTCTAT,......(.((((((....))).))).)...,53.19601236831838
GCTGCGGTCTATTCATAGGTGTCCTCTGAG,............(((.(((...))).))).,53.195387707176835
GTCTGTGGTCTATGCATAGGTGTCCGGGAT,.((((((.......))))))..........,53.188514971190884
GTGAAAGTCCATTCATAGTCGTCTACAATG,(((((......)))))..............,53.18616803637
TGACCTAGGTGTCCGGTTTGGTCTATGGCG,.((((..((...)).....)))).......,53.18512963680657
CTGATCGGTCTATGCATAGGCGTCCAGAGG,(((..((.((((....))))))..)))...,53.18447036966476
CTAGGTGTCCATACTACGTTAAAGGTCTAT,...((((....))))...............,53.182358360065294
CTAGGTGTCCGGGTCATTTTGCTGGTCTAT,......(.((((.........)))).)...,53.17284172250355
CTAGGTGTCCCTGCATTAGCCGAGGTCTAT,.(((((.((...((....)).)).))))).,53.16106912796158
CTAGGTGTCCGGGTCATTTAGCTGGTCTAT,......(.((((.........)))).)...,53.15445171556392
CTAGGTGTCCGTGTTCGGTCTACGGTCTAT,......(.(((((.......))))).)...,53.1474024329325
AGAGGGTCTATTAAGAGGGCTGTCCCCTGG,.((.(((((.......))))).))......,53.14265403599224
GGGGGAAGTTCATGCATAGTTGTCTGCCGT,((.(((....((........))))).))..,53.14239452294625
CTAGGTGTCACTGCAGTTGCCGAGGTCTAT,.(((((.((...((....)).)).))))).,53.142121711321956
