Sequences,Secondary structure,Scores
TGCCATAGGTGTCCAGATTGGTCTATGCCT,...((((((...(((...)))))))))...,101.3256619697195
GAAAAGCTTATGCATATCTCGTATCGAAAA,.....((....)).................,75.82942147631526
TAGAGGGTCTATTAATAGGGCTGTCCCCTG,..((.(((((.......))))).)).....,74.85016404613945
GAAAAGCCATGATATAGCATATTGCGAAAA,................(((...))).....,74.71013018206004
GGTTTGGTCTATTCATAGGCGTCCGGGTGA,((....(((((....)))))..))......,74.19566298873931
ATAGCATGTCGAACTAAAAAGATATCCTTT,..((.(((((..........))))).))..,73.71444044102587
GTCGGTCTACCGCAAAGCATTCATCCTTTA,(.(((....)))).................,73.70337800329717
AGGTGTCCACATCGATCACGTTGAAGGTCT,.((((....))))((((........)))).,73.56862808258134
GGCGAAAAGCGTTATATAGTGCGAAAAGTT,.((.....))....................,72.98552222267703
ACCCCGTAAGGGTCATCTATGACTTTAGCT,.....((.(((((((....))))))).)).,72.7170657433884
TCCGAAAAGTTACCTTGTTGCGAAAAGCGT,...................((.....))..,72.69301307197966
CACGAAAAGTCAATTCCATTGCGAAAAGCG,....................((.....)).,72.6453740853062
TGCGAAAAGCGTACTATATCCCGAAAAGCG,.((.....))....................,72.3161693158715
GACGAAAAGCTAGTTATAATGCGAAAAGCC,....................((.....)).,72.07967597275179
TGGGTAGTCTCTTCAGAGTTGTCTGCATTA,.(((....)))..((((....)))).....,71.62205302734452
TGGGTAGTCTCTTCAGAGTTGTCTGCATAA,.(((....)))..((((....)))).....,71.60420033076566
GGAGGTCTATGCGTCAGATTAGGTGTCCGC,(((.(((((..(....)..))))).)))..,71.42408532286346
CAGGAGTGGTCAAAATGTCGTTTGTCTTCG,.....(.((.((((......)))).)).).,70.32020062169266
GAAAAGGATAATTCCATTGCACTCCGAAAA,.....(((....)))...............,70.28156367921582
GAAAAGAATCATGCTATGCTGTTGCGAAAA,.................((....)).....,70.27610133370709
GAAAAGTGTCGCATTCTTTGCAATCGAAAA,..........(((.....))).........,70.1033989491734
GAAAAGAAGCTTGGGTTATTCCTTCGAAAA,............(((....)))........,69.57328489122578
GAAAAGTCCTGTTGGTACGAAAAGTCGTCC,.............((.((((....)))))),69.5479262442118
GAAAAGAGTTATCTCAAAATTGGTCGAAAA,.....(((....)))...............,69.49771236404305
GAAAAGCATTATGCATTTAGCCCGCGAAAA,.....(((...)))................,68.93132105994829
GAAAAGCTAAGGATATTTCCGTATCGAAAA,..........(((....)))..........,68.79311243151602
TAGGTGTCCACTACCTAGGTTGAAGGTCTA,((((((.....)))))).............,68.49635709586701
TACTTCGGGGACCTTTAGCTCATGGAACTA,...(((((((........))).))))....,68.45475965759725
TGAAAAACTAGCTTCTGCATTTGTGAAAAG,..........((....))............,68.30383634906808
GAAAAGAGGGATATGCTTGTCCTTCGAAAA,.....((((((((....)))))))).....,68.13262426644303
GAGCAAAAGGTGTCCCTTGGTCTATTGATA,((.((..(((....))))).))........,68.12474193868897
TGATTGGTCTATTCATAGGCGTCCAGAGGG,......(((((....)))))..........,68.01693233433303
GATTGGTCTATTCATAGGCGTCCAGAGGGT,.....(((((....)))))...........,67.97147778887849
GAGCGAAAAGAGTTTTCTCGAAAAGCAGAG,..((.....(((....))).....))....,67.92585790705537
TAGTTGGTCTATTCATAGGCGTCCAGTGAG,......(((((....)))))..........,67.65329597069667
ACCCCGTAAGGGTCAACTATGACTTTAGCT,.....((.(((((((....))))))).)).,67.62612038786773
GAAAAGGTATCGAAAAGTCGTCCCGATGCT,.....(((((((...........))))))),67.61035091270887
GAAAAGATTCCGCTACTGCATGTTCGAAAA,...........((....))...........,67.39077128826801
CGAAAAGATCAGATCTTTCTCATCGAAAAG,......(((.(((....))).)))......,67.24521203023771
GAAAAGCATTATGCAATGGTCATGTGAAAA,.....(((...)))................,67.23449831605387
AGGAGTGGTCAAAATGTCGTTTGTCTTCGG,....(.((.((((......)))).)).)..,67.18862167432425
GAAAAGAGTATTCTCACCATACCGCGAAAA,.....(((....)))...............,67.04760900368983
AGGTGTCCGAAACCTTTAGATTTGTGGTCT,((((.......))))..(((((...))))),66.94826869599176
GAAAAGCTTATGCTCAATCATTTCCGAAAA,....(((....)))................,66.82069508788285
GAAAAGCTATTATATGCAATTTTGCGAAAA,...............(((....))).....,66.77430030774687
TAGCACATTCGAACTAAAAAGGATGTCCTT,.((.((((((..........)))))).)).,66.7306201013714
TGCCATAGGTGTCCTGATTGGTCTATGCCT,.((((((((...))))..))))........,66.66781031440308
GAAAAGGTTTATACCGTGTAGCCCGAAAAG,.....(((....)))...............,66.56066814025391
TACATCGAAAAGTTCTCGCGAAAAGCTGTT,.................((.....))....,66.31392080936618
CGCGAAAAGCTATTACACATTCGAAAAGTG,.((.....))....................,66.27553228053266
GAAAAGAGTTCGTTTATCGTCATCGAAAAG,................(((....)))....,66.2110049295548
GAAAAGAGCATTTGCATATCAACTCGAAAA,.......((....))...............,66.05604440009694
GGAGGTCTAGCTTATAAGTTAGGTGTCCGC,(((.((((((((....)))))))).)))..,65.89519779978805
GCGAAAAGCTGTTATTATCGAAAAGAACGT,((.....)).....................,65.89230351380749
ACCTTAGGAGACCTTTAGCTCGATTAAGCT,..((((((((........)))..)))))..,65.77367869339702
GCGAAAAGCTTTAATTACCCAGCGAAAAGT,((.....)).....................,65.76014742428698
GAAGGTCTAGCTTCTCAGTTAGGTGTCCAC,...(((((((((....)))))))...))..,65.57461733488145
CCGAAAAGTTTAGTTTACGCGCGAAAAGCG,...................(((.....))),65.48683149235168
GAAAAGGAGTATCTCTAGCATCTACGAAAA,.....((((...))))..............,65.44322386228663
AGCATAGGTGTCCTGATTCTGGTCTATCCT,.....(((.(.((.......)).)...))),65.28804336048029
GAAAAGGCTGCAACTACGTTCATACGAAAA,................(((....)))....,65.01593715270809
TAAACTTGAAAAGAGTACGAAAAGAGCTTA,............((((.(.....).)))).,64.97813706244096
GAGCGAAAAGCTATTTATTGCGAAAAGTGC,.(((.....)))..................,64.868658774025
CATGAGAGTCGAACTAAAAAGAGTTTTGTG,(((((((.((..........)).))))))),64.86832910921295
GAAAAGTGTTATAGGTTATTGCCACGAAAA,.............(((....))).......,64.7799868210688
GCTAAGGAAAAGGGATTCGAAGGAATTAAC,.............(((((....)))))...,64.73175506741556
GCGAAAAGCATGTTGTATCCTGTGAAAAGT,((.....)).....................,64.67572175408773
TGCGAAAAGCGTACATCTCATGAAAAGTCT,.((.....))....................,64.64395607357025
GAAAAGATTCGCTACTGCTAAATTCGAAAA,..........((....))............,64.61796069416314
GCGAAAAGCGTATTATTATCAGTGAAAAGT,((.....)).....................,64.57423628229465
GCGAAAAGCGTACAGTCTCTAGTGAAAAGT,((.....)).....................,64.54958879379849
GGCGAAAAGCATAATATTCAGCGAAAAGGT,.((.....))....................,64.47733078973518
GGAGGTCTATGCGTCAGATTAGGCGTCCGC,(((.(((((..(....)..))))).)))..,64.44568481858997
TCACGAAAAGACAGTATTGGCGAAAAGCGA,...................((.....))..,64.44504455089931
TACTACAGTCGAAGCGAAAAGATTGTACTA,...(((((((..........)))))))...,64.35760836157422
GAAAAGCTTGTGCTAACTACCCTGCGAAAA,....(((....)))................,64.27721318049959
AGAGGGTCTATTAATAGGGCTGTCCCCTGG,.((.(((((.......))))).))......,64.27384825666576
GAAAAGAATTCAGCTTTAGCATATCGAAAA,............((....))..........,64.24056821080963
GAAAAGATGAAGCTAAGAGATTCTCGAAAA,................(((...))).....,64.14592333697249
GAAAAGCAGTAGTGCCTCGTTTTGCGAAAA,.....(((....))).((((...))))...,64.13887395203045
GAAAAGCAGTGTTTATCGCTTCTGCGAAAA,...............((((....))))...,64.13738281202342
GAAAAGCTAATGCCTTACTTGTCGCGAAAA,.....((....)).................,64.0775366916499
GTCGAAAAGCTATTATTAAGCGAAAAGCTC,..................(((.....))).,64.07120172151018
AAAAGATAGATAACCATTCGTTTCGAAAAG,................((((...))))...,64.05896087734646
CGAGGTGTTCGAACTAAAAAGAATTGCTTG,((((..((((..........))))..)))),63.656839214714246
AGGTGTCCAATCCTTAAATGCATTAGGTCT,(((........)))................,63.29419086908547
GAAAAGCATTAAGTAATCGTTCTGCGAAAA,................((((...))))...,63.21337000913508
GTACCACATCGAATTCAAAAAGATTCGGAA,.........((((((......))))))...,63.12949721173108
AACGTGTGAAAAGTAAGCGAAAAGCAAATT,................((.....)).....,63.12777816197782
CGAAAAGAAAGCTTACTCGTTATCGAAAAG,................(((....)))....,63.1129593353458
GAAAAGATAAAGGTATCCTGTAATTGAAAA,..........(((...)))...........,63.09376913466956
CCGAAAAGCACATGTATTACGCGAAAAGCG,...................(((.....))),63.07655958520792
GAAAAGGTTATCCTTAAAATCAGCCGAAAA,...((((....))))...............,63.05271654412216
CGAAAAGGTTTCCTTTGATCCGAAAAGTGT,...(((((...)))))..............,62.97087994817586
CGAAAAGATCAACTCGTCCTCATCGAAAAG,(((..((..(.....)..))..))).....,62.95084459053339
TAAACTCATCGAATCAAAAAGAGGACCTTA,....(((.............))).......,62.869870541849366
GCGAAAAGCATTTATATTAAGCGAAAAGTG,((.....)).....................,62.82349469403011
GAAAAGGAATGGTATCGCTTATGACGAAAA,..............((((....).)))...,62.79370144108052
GAAAAGCATATGCCTATACCGTCGCGAAAA,.....((....)).................,62.73381073972075
GAAAAGTAGGTCTTATGACCGTTCGAAAAG,........((((....))))..........,62.70708562257159
AGTGCCTAGGTGTCCTTAGGTCTATGCGAT,...(((((((....))))))).........,62.65616214152963
GTGCGAAAAGGGCTTTTTAACCGAAAAGGA,((.(.....).)).......((.....)).,62.63791016189867
TGCGAAAAGTAATAATTCTACGAAAAGTCT,(((.....)))...................,62.43533008686639
GAAAAGCAGCTATGCCCCTAAATGCGAAAA,.....(((....)))...............,62.42177308226485
TCGCCCATCGAACTAAAAAGATATTAGCGT,.(((..(((..........)))....))).,62.387483676074304
CGCGAAAAGCTATATTGATACCGAAAAGAG,.((.....))....................,62.381048938384524
GAAAAGCTTGTTGCCTGCATTTTGCGAAAA,.....((.....)).((((...))))....,62.36607435062641
AGGAGGATGCGAACTAAAAAGCGACGTCAT,..((.(.(((..........))).).))..,62.346959228657774
TGCGAAAAGCCCTAATTTAAGTGAAAAGCT,.((.....))....................,62.344698624163044
GAAAAGCGAGGTTTCCTCCTTTAGCGAAAA,..((((.((((...))))))))........,62.230782798235396
CTAGGTGTCTGTCGTTATTCGATGGTCTAT,......(.((((((.....)))))).)...,62.17207679220793
AACTGCCATCGAATTCAAAAAGAGGTACTT,...((((.((...........))))))...,62.110759765056784
TGCTCATAGGTGTCCTGTGGTCTATGACCT,.((.((((((...)))))))).........,62.02416461478819
GAAAAGAATAATCCCTATCGTGTTCGAAAA,.................(((....)))...,61.949841000059
GAAAAGGTATATGCAGGGTCTTTCCGAAAA,...............(((....))).....,61.9348384670688
GAAAAGTTATTGCTTGCCCTATACCGAAAA,...((((....))))...............,61.857585509846785
GAAAAGCAATATTAGTTCGTTATGCGAAAA,...............(((((...)))))..,61.843911958530825
GGCGAAAAGCTGTTTACTTCACGAAAAGAC,(((.....)))...................,61.72400340387364
GAAAAGAATAAGGTCTTCCTGTCGCGAAAA,..........(((....)))..........,61.713950225768826
GCCGTATAGGTGTCCCTAGGTCTATTCAGA,(((...((((....))))))).........,61.65636705616963
GAAAAGTGCATTCTGCTAATCACACGAAAA,.......(((...)))..............,61.63457275821182
TAGGGAAAGAATTGTGGATTCGAAGGAATT,................(((((....))))),61.57927926109782
GCGAAAAGCCGATATTTAATAGCGAAAAGT,((.....)).....................,61.57601795503115
CGAAAAGCGTTAAGCATTATACCCGAAAAG,......((.....))...............,61.48365165364626
GAAAAGTTTTGGGCTTTGTCCTCACGAAAA,..........((((...)))).........,61.39874967232976
GAAAAGAGCTCTATCCTCGTACCTCGAAAA,................(((.....)))...,61.37109466184394
GAAAAGAAGCCTGGGTTGTTCCTTCGAAAA,............(((....)))........,61.26947518865133
CGAAAAGCAGCTATTTTAGTGTGCGAAAAG,......(((((((...)))).)))......,61.26360103201566
CTGATTGGTCTATTCATAGGCGTCCAGAGG,(((....(((((....)))))...)))...,61.199547964317084
GAAAAGATTTAGGTTTCTGCCCCTCGAAAA,...........(((....))).........,61.16842562629974
TAGTGTCATCGAATCGAAAAGGCGTCAATT,..(((((.(((...)))...)))).)....,61.12567436094344
ACGAAAAGAGGTGTTTTACCTTCGAAAAGG,.......((((((...))))))........,61.110403805593
GGTTTGGTCTATTCATAGGCGTCCGGGTTA,((....(((((....)))))..))......,61.037768251897205
ATGCGGGTTCGAACTAAAAAGCATCCTCTT,....((((.(..........).))))....,61.02265836145565
GAAAAGGAGTCAAAGGGTTTTATCCGAAAA,..............((((...)))).....,60.84280454220985
TGTGAAAAGCATCTATTTAGGCGAAAAGCA,....................((.....)).,60.750987595218305
GCGAAAAGCACTCTTGTATATGCGAAAAGT,((.....))....((((....)))).....,60.712082268666606
GAAAAGTTGCAGTTATGCCTGAAATGAAAA,........(((....)))............,60.684849592516656
GAAAAGCTCGAAGTTTTGCTTCTGTGAAAA,.........(((((...)))))........,60.66598551102631
GAAAAGATATTCTTTGGCCCATATCGAAAA,..(((((...)))))...............,60.612174849718066
GTAAACATTGCGAATCAAAAAGCGTTTTAC,(((((...(((..........))).))))),60.319150781440435
GAAAAGGTTGTCCTTATCATATACCGAAAA,((.((((....)))).))............,60.289810868508596
ATGCGAAAAGTAACTCCTTACGAAAAGATT,.(((.....)))..................,60.13307385947962
GCGAAAAGGTAGATCTCGATCTCGAAAAGT,...............(((....))).....,60.08348821596006
TGAGGCATAGGTGTCCCTTGGTCTATCTCG,..((((..(((....)))..))))......,59.90065118107353
TGCGAAAAGCATGTCATTAAGCGAAAAGTA,(((.....)))...................,59.89368478535687
TATGCGAAAAGTAAATTACGAAAAGACATG,..(((.....))).................,59.85565219928573
CGCGAAAAGAATTGACTAAGCCGAAAAGGG,....................((.....)).,59.73406886167307
ACTCCCTTGCGGATGCTCTGCACTTTAGCT,.......((((((...))))))........,59.706470874828284
GAAAAGCCGATTGTGTTCATTCTGCGAAAA,.....((.((.((....)).)).)).....,59.68924639579983
TGCAAATAACGAATCAAAAAGGACATTCCA,....................(((...))).,59.674835259305084
TGAACTGAACGAATAAAAAAGTGTAGATCG,.((.(((.((..........)).))).)).,59.671737803999065
TAACCGCAGCGAATTAAAAAGTGTCGTCTA,........(((((((....))).))))...,59.589683457435974
GAAAAGGTGGTGCTTTGTACCGTACGAAAA,........(((((...))))).........,59.57277712505184
GAAAAGTCTGGTCTTTGACCTATTCGAAAA,.........((((...))))..........,59.56807592858901
TAACGCGAAAAGCTCAGGCGAAAAGCCTTG,....((.....))..((((.....))))..,59.53373367826136
GAAAAGAGGGAGGTGTTCCGTTCTCGAAAA,.....(((((.((....)).))))).....,59.53105830291149
CCGAAAAGGTTATATGTGAAACGAAAAGTG,((.....)).....................,59.53078805725017
CTAGGCGTCTGTCGTTATTCGATGGTCTAT,......(.((((((.....)))))).)...,59.49898434439933
GAAAAGCTTCATGTATTGCTTGTGCGAAAA,...............((((....))))...,59.40415972937956
TCCGAAAAGTTGTGTCTATCCGAAAAGGTA,...................((.....))..,59.34707208752421
GGAACTTCACGAATCAAAAAGGCAACTTAC,..................(((....)))..,59.23039690132157
CCGAAAAGTCACATTTATGGCGAAAAGCTG,..................(((.....))).,59.22752066273465
GAAAAGATATTGGCCTTTGGTCGTCGAAAA,...........((((...))))........,59.20005990177535
GAAAAGAGTATACCACATCGTTCTCGAAAA,.................(((....)))...,59.180228191058376
GAAAAGGGTGTTCTGTTATCGTCCGAAAAG,((.((.((....)).)).))..........,59.14478100878162
TCCGAAAAGGTCAGTATTACGAAAAGGTTG,.((.....))....................,59.14083174244011
GAAACGCAGCGAATTGAAAAGCTTCCTTTT,((((.(.(((..........))).).)))),59.13506964338289
GTCGAAAAGACTATTATGGTTCGAAAAGAT,(((.....)))...................,59.112828523096084
GAAAAGAAATTGGCCTTTGGTCGTCGAAAA,...........((((...))))........,59.10966984250264
GAAAAGCAGGTATTCCAACTCATGTGAAAA,........((....))..............,59.03688111700034
ATCGAAAAGGCTTAAGTATTCCGAAAAGGT,....................((.....)).,59.02121930765426
TCCGAAAAGGCTATAATTCCCGAAAAGGCA,.((.....)).........((.....))..,58.98130912966217
AGAGAAAAGCTAATTATTTAGCGAAAAGGT,........(((((....)))))........,58.94179385230908
TCCGAAAAGGTACTATAATCACGAAAAGGG,.((.....))....................,58.92461598405203
GACAAGCAGTGTTTATCGCTTCTGCGAAAA,...............((((....))))...,58.92206695867986
GAAAAGTAGGTCTTATGACTGTTCGAAAAG,........((((....))))..........,58.911845806081026
GAAAAGGTGGTGCTTTGCACTGTACGAAAA,........(((((...))))).........,58.83981605119927
TTCAACCTTCGAACCAAAAAGATGCTTGAC,.((((.(.((..........)).).)))).,58.839649428586156
GGCGAAAAGCTTATATATTGCGAAAAGACG,(((.....)))...................,58.80805319987144
TTGACGCAACGAATTAAAAAGGAGCCTTAA,.(((.((..(..........)..)).))).,58.74770181641544
GAAAAGCTTATGTGTTCAATCCTGCGAAAA,(((..((....)).))).............,58.73992933878428
GAAAAGTATGGTGTTTTGCACCCTCGAAAA,.........(((((...)))))........,58.734433304183085
GAAAAGTGCCGCTATTATTAGCTACGAAAA,..........((((....))))........,58.66573755067832
TGAAAAGAATGAGGTTCTTGCTTCGAAAAA,..........(((((....)))))......,58.6348548104313
GAAAAGGTGTTCCTTCGATCATTCCGAAAA,((.((((....))))...))..........,58.55982015535123
GAAAAGTACGCATGTTTTGCTTCACGAAAA,.........(((.....)))..........,58.50834448130681
GAAAAGATGTTTCCTTTCAACAACGAAAAG,((((.((....)).))))............,58.47618971470925
GAAAAGGTTGTCCTATGTTCGCACCGAAAA,(((.(((....)))...)))..........,58.452280341522915
GAAAAGCTAGGTATTTTGCCATGTGAAAAG,.........((((...))))..........,58.43879553048464
TGAAAAGGGCAGATTATTTTGCGCGAAAAG,......(.(((((....))))).)......,58.38337533274543
GAAAAGCGTTGAAATTTTGCTATGCGAAAA,..............((((((...)))))).,58.354191443296344
GAAAAGCGTTGATATTTTGCTATGCGAAAA,..............((((((...)))))).,58.322111987403595
GAAAAGCAATTATGCCTATAACCGTGAAAA,.....(((....)))...............,58.30380505494785
TGTGTCTAGGTGTCCCTCGGTCTATGCAGA,((((((((((....))).))...)))))..,58.26763261486742
GAAAAGGGTTATTTTTGGTAATCCGAAAAG,.....((((((((...))))))))......,58.23689484875972
CTTCTGCGAAAAGCTAGCGAAAAGCTTCTG,.....((.....)).(((.....)))....,58.22745506575562
TACACCGAGCGAATATAAAAGTCGAGCTTT,......((((...............)))).,58.199754337040254
CATCTGCGAAAAGCTAGCGAAAAGCTTCTG,.....((.....)).(((.....)))....,58.19835755353724
GAAAAGCATTTTGTTTTTCATTCGCGAAAA,((((((((...))))))))...........,58.13888885801369
CACGAAAAGTGTTATTAAAGCGAAAAGTTG,(((.....))).......(((.....))).,58.087473241512185
GAAAAGCATTCATACTACGTATCGCGAAAA,.................(((...)))....,58.0801909905565
CATGAAAAGGGAAATGTATACCGAAAAGGG,....................((.....)).,58.067389910696896
GACTGAAAAGGATATTTAACCGAAAAGGGC,...................((.....))..,58.0329923967139
GAAAAGCAACCTGGTTTGTTCTTGCGAAAA,..............(((((....)))))..,58.013011654358515
GAAAAGCATTAAGTTATCGTTCTGCGAAAA,................((((...))))...,57.99413873127446
TGAAAAGACCCTTTATAGGATTCGAAAAAG,.........(((....)))...........,57.963116822235115
GAAAAGGGGTTTCTACGCATACAACGAAAA,......(.((....)).)............,57.89518749839135
GAAAAGCATTGTTGTGCCTACAATCGAAAA,.....((((....)))).............,57.895056457803584
GAAAAGAGGCTATTGCTTATGGTTCGAAAA,(((...((((....))))....))).....,57.86770185354506
GAAAAGTAGCATATTTTGTGCATTCGAAAA,........(((((...))))).........,57.86228522002388
GAAAAGATGTCATCGTTTGATCTTCGAAAA,((..(((((....)))))..))........,57.86150983559847
GAAAAGCATTAATGCATATCTCCGCGAAAA,.....(((....)))...............,57.799839967284015
GAAAAGCAATCCTAATCGTTATTGCGAAAA,...............((((....))))...,57.79885899543322
GAAAAGGTTGTCCTTAGACTATATCGAAAA,...((((....))))...............,57.79811136340874
GAAAAGCGTTATCGTTTCTCAATGCGAAAA,((.(((((....))))).))..........,57.78399510037958
GAAAAGCATGACTATTTTAGCGTGCGAAAA,.....(((((.(((...)))))))).....,57.760328773421875
GAAAAGGCTTATGTCTTCTCAGTCCGAAAA,((.(((((....))))).))..........,57.72575635114557
GAAAAGGGAGAGTATTTTCTCCACCGAAAA,......((((((....))))))........,57.684157299222974
GAAAAGGTTTATACCGCGTCTTACCGAAAA,((...(((....)))...))..........,57.64419565779531
TGAAAAGCATATCTTTTAGAATGCGAAAAG,......((((.(((...)))))))......,57.53980588253528
GAAAAGAGGTATCCTATAATCATTCGAAAA,((....(((...)))....)).........,57.4157394073216
CTAGGTGTCTGTCGGTATTCGATGGTCTAT,......(.((((((.....)))))).)...,57.38709067894909
GAAAAGTATATTGCTAGACTGATACGAAAA,....((((...))))...............,57.37379134403507
TACAACATCCGAATAAAAAAGCAAGTTCTA,..........((((..........))))..,57.345761342003485
TAACCGGTAGAATCCTAAAAAGTACGCTTA,.....((......))...............,57.3301744688398
GAAAAGAACATAGGCTCGGTATTTCGAAAA,...............((((....))))...,57.32664214875288
GAAAAGCTTATGTTGTGTGATAATCGAAAA,....(((....)))................,57.32606678192506
GAAAAGCACTTGCATATCAACGTTCGAAAA,.....((....)).................,57.32539490632957
GAAAAGGATATTCCTGTTTAGAGCCGAAAA,....((((...))))...............,57.316814473677795
GAAAAGCTATGTTAATCGTTACTGCGAAAA,...............((((....))))...,57.31052564508175
GAAAAGCATATACTTTGTAGCATGCGAAAA,.....((((.(((...)))..)))).....,57.30066365560655
GAAAAGTGGCGTATTATTAGACCTCGAAAA,.....(.((..((....))..)).).....,57.26704125690784
GAAAAGATTGGAGTTATCTCCAGTTGAAAA,.....((((((((....)))))))).....,57.24913051335105
GTAGGTCTAGCTTCTCAGTTAGGTGTCCAC,...(((((((((....)))))))...))..,57.22044371173939
GAAAAGATTCGGTTTTTGACCGTCGAAAAG,.........(((((...)))))........,57.187172977214175
TCGAAAAGGTGTATTCATCGAGCGAAAAGA,(((....((((....))))...))).....,57.184373299196935
CGAAAAGGCAGTTTAATGCAGAACGAAAAG,.......(((......)))...........,57.172086589265255
CGAAAAGGTTTTGCTATGCCGACCGAAAAG,......((((..((...)).))))......,57.050319850467794
GAAAAGTTATAGGGTTTCCCTTTCCGAAAA,..........((((...)))).........,57.04652239047619
TAAAATCGTTGAAGTGAAAAGACAATTTAA,..((((.(((..........))).))))..,57.03309597009305
GAAAAGCTATAGATCTTTGATCGTCGAAAA,...........((((...))))........,57.016381166060654
GAAAAGAGTATTCTCTGCTTACCTCGAAAA,....((((....))))..............,56.966019751899786
GTAGCGAAAAGTCTGGTACGAAAAGTTCTC,(((.((.......)).)))...........,56.94173277935736
GAAAAACTGGGGTTGATTCCTTGTGAAAAG,.....((.((((.....)))).))......,56.92698149561943
GAAAAGTAGAGGGTTATTATCCTACGAAAA,.........(((((....))))).......,56.92046338726445
GAAAAGACGTTGCTTTGCTTTGTCGAAAAG,.....((((..((...))..))))......,56.87817870853294
GAAAAGTAAGCCCTTTGGGTTTTTCGAAAA,(((((....((((...))))))))).....,56.866317845133125
GAAAAGGTATTGCTTTGCATTCTCCGAAAA,.....((...(((...)))....)).....,56.86451027880145
GAAAAGTGTGATTTTTGCACTCACGAAAAG,....(((((((...))))))).........,56.86289877521072
GAAAAGGGTAGATGTTTCATCGGCCGAAAA,......(((.((((...)))).))).....,56.76574552405984
GAAAAGAGTTAATGCTTATCAAATCGAAAA,.....((((....)))).............,56.74505133896296
GAAAAGCGATCGATTATTCTTTAGCGAAAA,.....((....((....))....)).....,56.72383770957188
GAAAAGTGTGCTTTTATGAGCTACGAAAAG,.....(((.((((....)))))))......,56.70862435831922
GAAAAGCGTTGTATCTACTTCCCGAAAAGG,.....................((.....)),56.7068184533311
GCGAAAAGGCTTAGATATTGTCCGAAAAGT,((......))....................,56.70653193711635
CGAAAAGGTCGTGTTTTATGCGATGAAAAG,.......(((((((...)))))))......,56.701033066759805
GAAAAGATGTTCGTTCTTGAACTGCGAAAA,........(((((....)))))........,56.69957110394226
GAAAAGCTCTGAATTTATCTGCCGAAAAGG,.....................((.....)),56.67320974323711
GAAAAGCAAGCGTTTCTCTTGCTGCGAAAA,....((((((.(...).)))))).......,56.6503696110269
GAAAAGCAGCTAATCTTGAATGTGCGAAAA,.....(((..............))).....,56.64982114826135
CGAAAAGCCTTCACTATCGATGTCGAAAAG,................(((....)))....,56.6105143377034
GAAAAGTTTGTGCTTCTCACATTCCGAAAA,((.((((....)))).))............,56.53880818128286
GAAAAGTGGAACTTATGTTCTGTCCGAAAA,.......(((((....))))).........,56.52739117576142
GAAAAGTGCTAACTTTGTTGGCTTCGAAAA,.......((((((...))))))........,56.52675668882674
GAAAAGAATTGGCTTTGCTCGGTTCGAAAA,.....((((((((...)).)))))).....,56.521165842948804
CGAAAAGTGATGTCTTCATCGTGCGAAAAG,........((((....))))..........,56.51850380336383
GAAAAGTGTTTTGCATAGCTAGCCCGAAAA,.....((((...))))..............,56.45798527275359
CGAAAAGGGTTTTTATGGAGTCACGAAAAG,......((.(((....))).))........,56.441482419766814
TGCGAAAAGGCTTGTTAATCCCGAAAAGGA,.((......)).........((.....)).,56.43620184223204
GAAAAGGGTGTTTTACCTAAGGTCCGAAAA,.....(((((...)))))............,56.39310984881262
GAAAAGGCGGGAGATTTTCTTAGCCGAAAA,.....(((..((((...)))).))).....,56.350723523842866
AAAAGTAGCTTCTTATGGGGCTTCGAAAAG,....(.((((((....)))))).)......,56.323428204665944
GAAAAGCAACTCATTTATGTGAATCGAAAA,..........((((....))))........,56.28448417718307
GAAAAGTGTACTGCCTATTGGTTCCGAAAA,............(((....)))........,56.2835711052776
CGAAAAAGCGAGATTTATGTCAATGAAAAG,...........(((....))).........,56.281759455488526
GAAAAGGATACTTTGTATTCGATCCGAAAA,.....((((((...))))))..........,56.2741563660326
CTCGAAAAGTATCAGTTTACACGAAAAGTG,...................(((.....))),56.25456384191622
CACGAAAAGTGTTGTTGACCCGAAAAGCTG,(((.....)))...................,56.24698089531902
GAAAAGATCCTGGATATTTCCAGCCGAAAA,.........(((((....))))).......,56.22590972698199
CTAGGTGTCCATTGCTAGACAAAGGTCTAT,...............(((((....))))).,56.20007026076554
GAAAAGTACCAAGGTTTCCTTCTACGAAAA,.....(((..((((...)))).))).....,56.140270003817164
GAAAAGCTGTTTTAGCTTGATCAGCGAAAA,((.((((((...))))))..))........,56.123792298797696
GAAAAGGTTTTCCTTGTGAAAATGCGAAAA,...((((....))))...............,56.12157636075857
GAAAAGCCATGTGTTATCATTGGGCGAAAA,.....(((..(((....)))..))).....,56.115944086026246
GAAAAGTCGTTTGTGTTATCACGACGAAAA,......(((((.(((....))))))))...,56.092787242283066
GAAAAGGGATTCCCAATTGAAGTACGAAAA,.....(((...)))................,56.09116789439157
GAAAAGCAGATGTTTTGCATTTGGCGAAAA,......(((((((...))))))).......,56.08391234913626
GAAAAGCGGAGTCTTTGACTCTTGTGAAAA,.......((((((...))))))........,56.07003703729441
GAAAAGGGAAGTTGTTATCGACTCCGAAAA,......(((.((((....))))))).....,56.04021571668949
GAAAAGCTATAGGTCTGCATTTTGCGAAAA,...............((((...))))....,56.01267183087724
AGTGAAAAGAATTTCTGGATGCGAAAAGCT,...((((....)))).....((.....)).,55.99622104607235
GAAAAGGCATTGCTTATGATATACCGAAAA,....((((...))))...............,55.99499582039369
CGAAAAGACAATCGCTTCGTTCTCGAAAAG,...............((((....))))...,55.9759459435831
GGCTAAAAGGTGTCCCTTGGTCTATTACAC,(((((..(((....))))))))........,55.95853631548211
GAAAAGCATTCTTACTTGCAACTGCGAAAA,.....(((........)))...........,55.94634081594113
GAAAAGCAGTTATTTGTAAAACTCCGAAAA,.....((((....)))).............,55.91249774361438
GAAAAGTAAGCATCTTGTATCTGCCGAAAA,.........(((.........)))......,55.91165166559006
GAAAAGATTCCAGTTTATGCTGGTCGAAAA,.........(((((....))))).......,55.906498667515606
GAAAAGAGTGTCTCATTTAGTAGTCGAAAA,.....(((...)))................,55.89005601940893
CGAAAAGAGCTTCTTGGCTTCCTCGAAAAG,(((...(((((....)))))..))).....,55.85978262985497
TGCTGAAAAGGACTTTACTCCGAAAAGGAA,..................(((.....))).,55.84538722904078
GAAAAGCATTAATATCGTGTATCGCGAAAA,..............(((((...)))))...,55.82169437475717
GAAAAGAAATAATACCTTATGGTTCGAAAA,.............(((....))).......,55.80631335889747
GAAAAGGCAGTTATCTGTTCAGCCGAAAAG,.....(((((....)))))...........,55.79928778960763
CCGAAAAGTATTCCCGATTCACGAAAAGTG,...................(((.....))),55.71706266323729
GAAAAGAGGGGCATTTGTCCATTTCGAAAA,........((((....))))..........,55.71462219777103
ATCGAAAAGTTTGCTTACAACCGAAAAGGT,...................(((.....))),55.686965100976025
GAAAAGCAGTTGTCTGCCTGCATGCGAAAA,.....((((....)))).............,55.67557514862891
GAAAAGTGAGAAGGTCTTCTTTCATGAAAA,.........(((((....))))).......,55.67079031226018
GAAAAGTTTTAGAGGTATCTCAATCGAAAA,...........(((....))).........,55.63244325023594
GGATTGAAAAGATCTTGTGCGAAAAAAGGA,(((((.....)))))...............,55.607117096810555
GAAAAGAAGTCTGTTATCATCGTTCGAAAA,.....(((...((....))...))).....,55.597069669972946
GAAAAGTTGCATTTTGTGACTGAGCGAAAA,(...(((((((...)))))))...).....,55.578366071641625
GAAAAGTGGCGAGTGTTTATGCCTCGAAAA,.........((((.((....))))))....,55.577562262395375
CGAAAAAGTTTGCTGTTGCTCCTGAAAAGG,...........((....)).(((....))),55.55175109962249
GAAAAAGCTTCAACCTTTGATAGGTGAAAA,........((((.(((.....)))))))..,55.55104925927188
GAAAAGCTATTGCGATACAATAACGAAAAG,.....((....)).................,55.520104845206106
GAAAAGCGAAAGCCTCTGTGTTAGTGAAAA,.....((....)).................,55.510684188146925
TACAAGCGAAAAGCTATACGAAAAGATTTA,....(((.....)))...............,55.47215452042532
GAAAAGGATTGACTTTTAGTAATCCGAAAA,.....((((((.((...)))))))).....,55.46801347334072
GAAAAGTTAGTGTCTTTGACATTGCGAAAA,.......(((((((...)))))))......,55.466447927312274
GAAAAGAGTGTACTCGTGTATTCGCGAAAA,.............(((((....)))))...,55.462466181958106
GAAAAGTGTGGCTTATGGTATCAACGAAAA,.......(((.(....).))).........,55.459827592482924
GAAAAGCAAAAAGGGATTTGTCCGCGAAAA,.............(((....))).......,55.45891668126491
GCGAAAAGCAATTCGTTTAGTGCGAAACGT,((.....))..(((((.....)))))....,55.45381607071363
GAAAAGAGTGTGCTTTTGGTTACTCGAAAA,.....(((((.(((...)))))))).....,55.44522553878531
GAAAAACGCCATGTAAATGGATTGTGAAAA,........((((....))))..........,55.38920306967309
CGAAAAAGATTGCTTTTGCTTTCCCAAAAG,.......((..((....))..)).......,55.37837709712285
GAAAAGGAAGCATCTTATGAACTCCGAAAA,.....(((....((....))..))).....,55.332889647260984
GAAAAGACTTGATTTTTGATCGGTCGAAAA,.....((((.((((...)))))))).....,55.331784163946296
GAAAAGGTTTATGACCTGTTCATCCGAAAA,(((.(((((...))))).))).........,55.31749693266383
GAAAAGTGATCCTTATGGATGCTACGAAAA,....(((.((((....))))))).......,55.29344807876397
GAAAAGTGTGGCTTTATAAGCATTCGAAAA,..........((((...)))).........,55.27751302125739
GAAAAGTAGATCCTTGTGGTTTCGAAAAGG,........((.((....))..)).......,55.250469122311344
GAAAAGAAAGTGTTTTGCGCTGCTCGAAAA,.....((.(((((...)))))..)).....,55.247317204079266
CGAAAAGGATCAGTCTTTTGTGCCGAAAAG,......((..(((....)))..))......,55.237623939117505
GAAAAGAGGTGTTTTACCGTAACTCGAAAA,((.....((((...)))).....)).....,55.233671081749776
GAAAAGAGTCACGTTATTGCGTCTCGAAAA,.....(((..((((....))))))).....,55.22378327906492
GAAAAACCAAGATGTAAGTCTTGCTGAAAA,.......((((((....)))))).......,55.17967949728412
GAAAAGGATTCCTTGTTATAACGCCGAAAA,...((((...))))................,55.177347560378095
GAAAAGAGATTGCTTTGTAATCTTGAAAAA,.....((((((((...))))))))......,55.159041060147366
GAAAAGATTATTCTGTACGGCAATCGAAAA,....(((....)))................,55.11667903238042
GAAAAGGATTCCTTGAGTACTAGCCGAAAA,...((((...))))................,55.10937954094052
GAAAAGATGCATATGTTTGCTACTCGAAAA,........(((......)))..........,55.07167811997222
CGAAAAGAATTGCTTTAGTTGCCGAAAAGG,...........((.......))........,55.07051071986231
GTAACCTAGGTGTCCCATGGTCTATGCTTC,((((((..((....))..)))...)))...,55.035435062451505
GAAAAGATACCAACTTTGTTGAACCGAAAA,..........((((...)))).........,55.02248399598599
GAAAAGTGCGTATTATTATGCAGCCGAAAA,......((((((....))))))........,55.02038823811384
CGAAAAGCTTTCTTAATCGTACGCGAAAAG,................(((....)))....,55.00291171895965
CGAAAAGGTGCTTTATTGGGTACTGAAAAG,......(((((((....)))))))......,54.99888586394789
CGAAAAGAATTGCTTTAGTTTGCCGAAAAG,...........((........)).......,54.98359171867891
GAAAAGGATTGTTATTTTAGCTCCGAAAAG,.....(((..((((...)))))))......,54.98353236556384
ATGAAAAGTGCATCTTGTGTACGAAAAGTG,.......((((((...))))))........,54.9643875724369
GAAAAGAATGAGTAGTATCTACTTCGAAAA,.........((((((...))))))......,54.9599662322137
GAAAAGGCTTGTGCTTCATCATTCCGAAAA,((..((((....))))..))..........,54.95356819059294
GGAGGTCTAGCTTATGAGTTAGGTGTCCGC,(((.((((((((....)))))))).)))..,54.945276057406105
TACGAAAAGTGATAGTTCTTCCGAAAAGGA,(((.....)))........(((.....))),54.93800675407675
TGCGAAAAGTCTTGTCTTAAGCGAAAAGCT,.((((......))))....(((.....))),54.93028776366883
GAAAAGGAAACGTTCTTGCGCTTACGAAAA,..........(((....)))..........,54.92123918194594
GAAAAGAAGATTATCTTTGATCTCCGAAAA,.......((((((....)))))).......,54.9195321384709
GAAAAGAATAGGCTTTGCTCGGTTCGAAAA,.....((((.(((...)))..)))).....,54.91062077099839
GAAAAGCTCTAATGCATGTTATTGCGAAAA,.............(((......))).....,54.906262247420756
GAAAAGTGTTATCACCGTTTCACACGAAAA,((((.(((....)))..)))).........,54.88886933055624
GAAAAGATGCCCGTTATTGAGTATCGAAAA,.....(((((.((....)).))))).....,54.88581297613108
GAAAAGATGGCGATTTATATCGTTCGAAAA,........((((((....))))))......,54.885320726834806
GAAAAGCGACCTCGGTTATTTGAGCGAAAA,......((..(((((....)))))))....,54.88169360760081
GAAAAGCACAGGATATTCTTCATGCGAAAA,.....(((.((((...))))..))).....,54.8677120625374
GAAAAGAAATCTATTTATCGATTCCGAAAA,.................(((....)))...,54.865770059519804
GAAAAGATTTATGCTATGCACATTCGAAAA,.....((....(((...)))...)).....,54.86153194575725
GAAAAGGCATTGTTATACAACGTCGAAAAG,.....(((.((((...)))).)))......,54.856511380537334
CGAAAAGCGGCAATAAATTTATGCGAAAAG,.........(((.........)))......,54.822618563487325
GAAAAGGAGTTTCTATTGCTAGTCCGAAAA,.....(((.(..(....)..).))).....,54.81724720403911
GAAAAGCTGCTATGTTTTGCATTGCGAAAA,.......(((.((((...)))).)))....,54.80761482143332
GAAAAGATGTCCTTTGGATCGCATCGAAAA,.....(((((((...))...))))).....,54.79773256594628
GAAAAGTAGTTTCTACTGAACTCTCGAAAA,....(((((...))))).............,54.79174719980375
GAAAAGCATAGATTTTGTCTGGAGCGAAAA,.....((.(((((...)))))..)).....,54.773121462756265
GAAAAGCGAGAGATTTTCAATTCGCGAAAA,.....(((((.((...))..))))).....,54.7631548970349
GAAAATGTGTGTACTTTGTGCTCCTGAAAA,..........((((...)))).........,54.76043657553977
AACGAAAAGTGAATTAGTTTCCGAAAAGGA,...................(((.....))),54.749566880400145
GAAAAGACTAATGTTATCGTAGGTCGAAAA,.....((((.(((....))).)))).....,54.743519148788465
GAAAAGTCTTGTGTGTTTTACCAGCGAAAA,........((((..((...))..))))...,54.73449876478787
GAAAAGCAGTCTGTTATTGGGTTGCGAAAA,.....((((((((....)))))))).....,54.73380705002619
TACCGAAAAGGTTTCTATAGCGAAAAGTTA,.(((.....))).....((((.....)))),54.72166214379891
GAAAAGTGAGGGATATTTCCTGAGTGAAAA,....(.(.(((((...))))).).).....,54.713294111145785
CGAAAAGGAGTTCATATTGAAGACGAAAAG,.......(..((((...))))..)......,54.7060798336878
GAAAAGGCTTCTTATTGGATTGCCGAAAAG,.....(((.(((....)))..)))......,54.70505353158269
GAAAAGTAATAGCTTGTTAGCACACGAAAA,...........(((....))).........,54.67733973045081
GAAAAGTTATAGCTATTGCTTAGACGAAAA,.....(((..(((....)))..))).....,54.663627539942134
GAAAAGACCGGTTTATGACCGTTTCGAAAA,((((....(((((...))))))))).....,54.66342352520771
GCGAAAAGTGTCTTTCTGGATACGAAAAGT,((.....((((((....)))))).....)),54.65160543413987
GAAAAGCTAGTCTGGTTTCCAGCTCGAAAA,......(.((.((((...)))))).)....,54.650999968195364
GAAAAGTGTTCTCTTCATGTGCAACGAAAA,(((.((....)).)))..............,54.63589141113243
GAAAAGAATTGCTTATTGGCTAGTCGAAAA,.....((...(((....)))...)).....,54.625588769718775
GAAAAGGGATTGTTATCAATTCAGCGAAAA,......((((((....))))))........,54.61722534285012
GAAAAGTGGCTAGTTTCTAACCTTCGAAAA,.......((.(((...))).))........,54.59227885932191
CTGAAAAGTTGCTCTTGCTCCGAAAAATCG,..........((....))............,54.58457876841526
GAAAAGAAGGAATATTTCCGTAATCGAAAA,........((((...))))...........,54.53218925736975
GAAAAGAGAAATGTGTGCTTTTAGCGAAAA,...............((((...))))....,54.527569844494046
GAAAAGCAAATACGCATTCTTGCGAAAAGG,............((((....))))......,54.516908584367485
GAAAAGTTTGATCTTTGATCACGGCGAAAA,.....((((((((...))))).))).....,54.515710912807734
GAAAAGCTATGTAAGATTATCTTGCGAAAA,..........((((((...)))))).....,54.50340558211427
GAAAAGTACTGATTATGTCAGTTTCGAAAA,(((....((((((...))))))))).....,54.48565065467234
GAAAAGCATTACTTGCCTAATCAGCGAAAA,.....(((.....)))..............,54.48326840678271
CGAAAAGTTTGTATATTGCGAGACGAAAAG,......(((((((...))).))))......,54.48184621052377
GAAAAGTCGATGGTTATGCTATCACGAAAA,.....((.((((((...)))))))).....,54.44913092950374
GCGAAAAGAGTACTCTTGTGCTTGAAAAGT,((.....((((((....)))))).....)),54.43142807477199
GAAAAGTGTGGTTATACCAATCAACGAAAA,.....(..((((...))))..)........,54.413157091102605
GAAAAGCTATTGTACTTTGTGCAGCGAAAA,.....(((...((((...))))))).....,54.407955206168985
GAAAAGGCTTCATGCAATAATCTCCGAAAA,......((.....))...............,54.405637477189075
GAAAAGAATCTAATGCTTTTGATGCGAAAA,..............((.......)).....,54.36286685149899
GAAAAGGATAGCATTATTGTGCTTCGAAAA,......((.(((((....))))))).....,54.36255680878334
GAAAAGTTGTCACTTATGTGTCTTCGAAAA,.....(..(.(((....))).)..).....,54.35820684536405
GAAAAGACATTCTGGTTTCCAATGCGAAAA,............(((...))).........,54.345002800201186
GAAAAGTAGCAGAGATTATCTCAACGAAAA,...........((((...))))........,54.342700237147795
GTTGCGAAAAGTTAATAGCGAAAAGCTTTA,................(((.....)))...,54.3301164708975
GAAAAAGGGTCTGTTGTCCGTCCATGAAAA,.......((.(....).))...........,54.31458699760448
GAAAAGCATAATCTTCTACTTGCGAAAAGT,.....(((............))).......,54.31366842416209
GAAAAGAGCTTAGCTATATAGTTTCGAAAA,((((..(((...)))......)))).....,54.31025384700206
GTACGAAAAGTATGTTTAGACGAAAAGGAA,((((.....)))).................,54.29890791512178
CGAAAAAGCTCCATTATATGGTACGAAAAG,.......(..((((...))))..)......,54.29877321747224
TGAAAAGAATCGCTTTTAGTGAACGAAAAA,.........(((((...)))))........,54.29747631536078
CGAAAAGCTATCTATTGAATGGGCGAAAAG,......(((.((....))...)))......,54.29685479740114
ATCGAAAAGCTGAATTTTCGGCGAAAAGCT,..((((((......))))))((.....)).,54.29635551569109
GAAAAGTATCCGCTTATGTCAGTACGAAAA,.....((((..((....))..)))).....,54.28909843639147
GAAAAGGTAGGTTGTTATCAACTGCGAAAA,......((((.(((....))))))).....,54.28748123104188
GAAAAGAGCGTTTTAGCAATCACTCGAAAA,.......((......)).............,54.249197996857745
GAAAAGCACGCTCACTCGTTCCTGCGAAAA,...............((((....))))...,54.24692792091773
GAAAAGCCTGTTGTCTTGTTCATGCGAAAA,((((((.(....).))).))).........,54.212385358131584
AAAAGCCATTTCTTATGAAGTGCCGAAAAG,....(.((((((....)))))).)......,54.203137520714016
GAAAAGCATGCTTCCTAATCTTTGCGAAAA,.....(((..............))).....,54.202370206556665
GAAAAGTAAGCAAACCTTTGGTTCCGAAAA,............((((...)))).......,54.18506928748237
GAAAAGCGATGACTATGTCTTTTGCGAAAA,.....((((.(((...)))..)))).....,54.1786883690517
GAAAAGGATATCCTGATGCCATTCCGAAAA,....(((....)))................,54.17733763874078
GAAAAGCATACTATCTGTCAATTGCGAAAA,.....(((..............))).....,54.1738814262951
GAAAAGGATTAGCTTATGGTAGTGCGAAAA,.....(.((((.(....).)))).).....,54.14870612306096
GAAAAGACGCCACTTTGTTGTGTTCGAAAA,.....(((((.((...)).)))))......,54.14206386184337
AGGAAAAGGGCTTCTTTAACCCCGAAAAGT,.......(((.........)))........,54.1263641865513
GAAAAGGGAGTTTTCTTCCGATCCCGAAAA,.....(((((....)))))...........,54.113052969093054
GAAAAGTATTGTCTTCTGACTGATCGAAAA,..........(((....)))..........,54.102565425127466
GAAAAGTGTGCTGTTATCTTCATACGAAAA,.....(((((..(....)..))))).....,54.066340700051455
GAAAAGGTCAAGATTTTGTCTGTACGAAAA,......((..((((...))))..)).....,54.06261397973107
GAAAAGTGTATATTACATATAGTGCGAAAA,.....(((((...)))))............,54.0353632782671
GAAAAGTCTCACTATTGTGTTAACGAAAAG,.........(((....)))...........,54.034057646891455
GAAAAGAGCCTATTTTGGGAGCCTCGAAAA,.....(((((((...))))...))).....,54.00777572145841
GAAAAGCATATGTTGCATATTTGGCGAAAA,.....(((.....)))..............,54.00707830306574
GAAAAGGGAGATGATTTTCGATCCCGCAAA,.....((((..(((...))).)))).....,54.00359234340106
GAAAAGCGGATCTGGTTTCTAGTGCGAAAA,......((.(.((((...))))).))....,54.001743602997145
GAAAAGCGTGGAACTTTTAGTTAGCGAAAA,......(((..((((...)))).)))....,53.98885814167346
GAAAAGCTTGGGCTATTGTCATGGCGAAAA,.....(((..(((....)))..))).....,53.9866239850273
GAAAAGTCTTTGCTTGTGCTAGGACGAAAA,.....(((((.((....)).))))).....,53.98497097316091
GAAAAGGATATCCTATATAATCACCGAAAA,....(((....)))................,53.98006676726132
GAAAAGCATGTAATATCGTTCATACGAAAA,...............((((....))))...,53.97777479933772
GAAAAGAGTGTTCTTGGTTCAAATCGAAAA,(((..(((....)))..)))..........,53.97618975140683
GAAAAATGTTATGGTCTTCCTAAATGAAAA,............((....))..........,53.97355235098806
GAAAAGACAGAGTTCTTACTCATGCGAAAA,.........((((....)))).........,53.96829797648385
GAAAAGCTTATTGGTTTGTCCTGCGAAAAG,((.(((((....))))).))..........,53.94284935158797
CGAAAAAGCCTCTTTATTGAGCCTGAAAAG,......((.(((......))).))......,53.92833735441331
GCGAAAAGCGGCTTTCTAGTCGTGAAAAGT,((.....((((((....)))))).....)),53.91558912464766
GAAAAGTGTGAGGTATCCTTTCATGAAAAG,.....(((.((((...)))).)))......,53.89704257769857
GAAAAACAGCTTTTTAAGCGGCGTGAAAAG,........((((...))))...........,53.896276114191664
TGCCATAGGTGTCCAGATTGGTCTATGCCC,...((((((...(((...)))))))))...,53.8840701853806
GAAAAGAAGCAAATGCATATATCTCGAAAA,........((....))..............,53.856818275895684
GAAAAGCGTTATCGGTTCTCAATGCGAAAA,((.((.((....)).)).))..........,53.85308037706417
GTCCGTTAGGCTTGATTTGATAGAACCAAA,(.((....)))...................,53.83819555950954
GAAAAGTCCACGATTTTGTCGTTGCGAAAA,......((((((((...)))).)).))...,53.801546492743256
GAAAAGCTAGTATGCCTGTTTGTGCGAAAA,.....((......))...............,53.79016840471543
GAAAAGTGTATATATTGTGCTTAACGAAAA,.......(((((...)))))..........,53.78395507394544
AGTCGAAAAGAACTTTTACTCGAAAAGAGT,.................((((.....)))),53.7832698767504
GAAAAGATGGCTGTTTATACAGATCGAAAA,........((((((....)))).)).....,53.77792055530995
GAAAAGAGATGGGTTTATGATCCTCGAAAA,.......((.(((((...))))))).....,53.77435067995917
GGTCCTAGGTGTCCCTCTGGTCTATGATTA,((.((.(((....)))..)).)).......,53.764330462269655
CTCGAAAAGTGCTCATTCCACGAAAAGTGG,.................((((.....)))),53.75596619418148
GGTCCGAAAAGCGTCAAGCGAAAAGCTATC,................(((.....)))...,53.753694705638566
GAAAAGCGTTAGCTAAACTTCTCGCGAAAA,....(((....)))................,53.753012920437115
GAAAAGACCATCAGTTTCTGATATCGAAAA,.........(((((...)))))........,53.71773207019808
GAAAAGTCATTGATGCCTATCTGCGAAAAG,..............((......))......,53.70909051857973
GAAAAGCGTAGATTATATTGATGCGAAAAG,.....((((.(((...))).))))......,53.68504541170313
GAAAAGCAACATTAAATCGTAATGCGAAAA,................((((...))))...,53.659245508377296
GAAAAGATTATAGCGCAAGCGTTTCGAAAA,............((....))..........,53.64533694183994
GAAAAGAAGAGATCTTATGGTTTTCGAAAA,........((((((....))))))......,53.63444008882555
ACGAAAAGATCATTCTAATAATCGAAAAGA,.(((..(((....))).....)))......,53.61256281963914
GAAAAGCCACATTATTATGTGAACGAAAAG,.......(((((....))))).........,53.60168175858347
GAAAAACAGTTGAAATTTGACTAGTGAAAA,.....((((((((...)))))).)).....,53.59842856356568
GAAAAGAATGCTCCTTTAGTTGCTCGAAAA,.........((..........)).......,53.59176420156978
GCCGAAAAGCTTCTATATATGTGAAAAGTC,((......))....................,53.59122294901838
CGAAAAGTGGCTATTGCTATTGATACGAAA,((...((((((....))))))....))...,53.588693689825796
GAAAAGCAAGGATTGTTCCTCCTTCGAAAA,........((((....))))..........,53.58491098552828
AAGGTAGTTGTCTGGTCCCGAAAAGTCGTC,..(((((....)))..))(((....)))..,53.581478113808856
GCGAAAAAGCTTGTATCTAACCTGAAAAGT,((......))....................,53.578048368383264
GAAAAGTCTAGCATAAATTGCGTTCGAAAA,..........(((.....))).........,53.56532354357
GAAAAGTCACTGCTATGCAATTCACGAAAA,..........(((...)))...........,53.554295611539175
GAAAAGGGTTCTTCCTTGTAACTCGAAAAG,...(((((....))))).............,53.55126017244383
GAAAAGGTCAGTTATTTGGCGTGCCGAAAA,....(.(((((....))))).)........,53.550938590574
GAAAAAGTGATACCTTATGGTTCTGAAAAG,........((.(((....))))).......,53.547575004249154
GAAAAAGATAGAGGATTTCCTAACTGAAAA,...........(((....))).........,53.5473211395962
GAAAAGCAATTATCCGTCGTATCGCGAAAA,................((((...))))...,53.52592294958155
GAAAAGTATGTAATGTTATCACTGCGAAAA,.........(((.((....)).))).....,53.51429168256336
GAAAAGCTTTGCTATGCAAGTTTGCGAAAA,...((((((.((...)))))))).......,53.49073404332319
GAAAAGATATCCTTCTGCTTATGTCGAAAA,............(((.((....)).)))..,53.475468286283345
GAAAAGCCTATGATTTTGTCATGTGAAAAG,........((((((...)))))).......,53.4747233185239
TGAAAAGGAGCTGTTTATACAGACGAAAAA,..........((((....))))........,53.45778421421011
GAAAAGTGAAGCATATTTGCGAGACGAAAA,.....((...(((....)))...)).....,53.447749931008914
GAAAAGAGATGCATGTATTCATGTCGAAAA,..........(((((....)))))......,53.44674795046606
GAAAAGGGGAGTATATTTGGTCTTCGAAAA,.....(((((.((....)).))))).....,53.44377539121556
GAAAAGCCTATTGTGCTTCAATTGCGAAAA,...(((((....).))))............,53.4350943277929
GAAAAGAAAGCGTTATACGTGTCACGAAAA,.....((..((((...)))).)).......,53.41819797285636
GAAAAGAAATAAAGCTTGCGCCTTCGAAAA,.............((....)).........,53.417361387722025
GAAAAGAAGTTTGCATTGCTGATTCGAAAA,.....(((....((...))...))).....,53.41430443978615
GAAAAGCAATTTACTATGAACCTGCGAAAA,.....(((..............))).....,53.39877410542946
GAAAAGATGGTTGTCTTCTGTCATCGAAAA,.....(((((..(....)..))))).....,53.390300572394025
ACCGAAAAGGGTCGTATTCTCGAAAAGCGT,.((.....)).(((......))).......,53.3879167213867
GAAAAGCAATCTTCTGATTCTTAGCGAAAA,(..(((.((((....)))))))..).....,53.376954967559826
GAAAAGGCATCCAGTTATTTGGCCCGAAAA,.....((...((((....)))).)).....,53.34965677398142
GAAAAGTTCGCATCTTCTGCATTACGAAAA,.........(((.....)))..........,53.33133058073689
CGAAAAGCTCTTATAGTGTTTGCGAAAAAG,((..((((.((...)).)))).))......,53.32984820431078
GAAAAGTGCCCAGTATTCTTGGTCGAAAAG,.......(((.((....)).))).......,53.32594304222186
GAAAAGGTAAGTGCATATTGCATCCGAAAA,.....((...(((((...))))))).....,53.29898608449807
GAAAAGCTAGAAAGATTATGTCTGTGAAAA,............((((...)))).......,53.29886865590072
GAAAAGTGCTCTAAGCTTATGCCACGAAAA,.....(((......((....))))).....,53.2965764749833
GAAAAGAGGTTTGCTGTTGCATCTCGAAAA,.....((((..(((....))))))).....,53.29582104449269
GAAAAGCAAATGCATGATTTCTTGCGAAAA,...........(((........))).....,53.295558988200355
CGAAAAGCGTTCCTTTGGCATAGTGAAAAG,......((.........))...........,53.27719992142431
GAAAAGTTGTGATCTTTGGTCCTGCGAAAA,.....((.(.((((...))))).)).....,53.27157529338807
GAAAAGGCTTATGTTTTTAACTGTCGAAAA,..((((((....))))))............,53.26655580159482
CAGTTGTTGGACCTTTAGCTCTATCACTAG,.(((.(.((((........)))).))))..,53.26209809482124
GAAAAGCAAATCATTCTATTCGTGCGAAAA,.....(((..............))).....,53.250794561594745
GAAAAGCAATGTTTATACGTAATGCGAAAA,.....(((((((....))))..))).....,53.24659449657135
GAAAAGTCATTCCTTTGGTTGAGGAAAAGT,.........((((((.....))))))....,53.24464896540826
GAAAAGCATGTTAGCTTGTAATTGCGAAAA,...((((......)))).............,53.21434800912019
TGAAAAGCGTTTGGCTATTGTCGCGAAAAG,.......(((..(((....)))))).....,53.213771409842494
GAAAAGAAGAGATTCTCTTTGCTTCGAAAA,(((..((((((...))))))..))).....,53.211456289176695
GAAAAGCTTGGTTCTTCTTGCATGCGAAAA,.....((..((....))..)).........,53.19543780961887
GAAAAGGTCAATGCTATCTTTAGCCGAAAA,............((((....))))......,53.194611878292704
GAAAAGCGATTATGTCCATCTTAGCGAAAA,.....((................)).....,53.193773379972626
GCGAAAAGAGCTTATTAGATCTCGAAAAGT,.(((...((.((....)).)))))......,53.187368675550026
GAAAAGATTAGGGTTTAACCCCCTCGAAAA,..........((((...)))).........,53.18068826807003
ATCCGAAAAGCAATGTTAGCGAAAAGCTAT,................((((.....)))).,53.17769904279585
GAAAAGAAGCCGATCCTTATGCGTCGAAAA,..........((((.(....).))))....,53.17320937429405
CGAAAAGATCTTGTCTTTACGATCGAAAAG,((.((((((...)))))).)).........,53.16811548414847
GAAAAGTATGTAGTGGTATCCATTCGAAAA,.........(.(((((...)))))).....,53.16560411360567
CTAAGTGAAAAGATAATGTCGAAAATCGAG,..................((((...)))).,53.15525315454864
GAAAAGATTATTGGTATCCAAGGTCGAAAA,.....(((..((((...)))).))).....,53.13436260852748
CGAAAAGGACTGGCTTTGGATTCCGAAAAG,..............(((((...)))))...,53.13130935946765
GAAAAGTTAATGCTTAGGCCAATACGAAAA,...((((....))))...............,53.118989406528854
GAAAAGGTTGTCCTTTATAGAGCCCGAAAA,..(((((....)))))..............,53.10618485089216
TGAAAAGCAAATTTATCAGAATGCGAAAAG,......(((............)))......,53.10375501756427
GACTGAAGGTACCTTTAGATGCTGTAACTC,..((((((....))))))............,53.096884709033674
CGAAAAGGTTTTTGAGCTTCTCCCGCAAAG,.((.(((.((...)).))).))........,53.08882789339381
GAAAAGACAGATCTTTTAGATCGTTGAAAA,.....(((.(((((...)))))))).....,53.08733048235494
GCTCGAAAAGATGTTTTACACGAAAAGTGT,.................((((.....)))),53.08091139353738
GAAAAGGGTTAGTCTTATAGGCTCCGAAAA,......((..(((((...))))))).....,53.0697956477835
CGAAAAGGTTGCTATTGTGGCACTGAAAAG,.....(((((((....))))).))......,53.06485742687848
GAAAAGGAATGTACTTTGTATTGCCGAAAA,.....((...((((...))))..)).....,53.032367012999245
GAAAAGCGTCTTACCTTGTTACTGCGAAAA,...............((((....))))...,53.02660284698982
GAAAAGATGTCTTTATAGTCACGTCGAAAA,.....(((((((....))..))))).....,53.005693051685455
ACGAAAAGATTCTTGTGCTTATCGAAAAGT,.(((.(((((....)).))).)))......,53.00330783606869
TAGGTGTCCATTGCTAGACAAAGGTCTATG,..............(((((....)))))..,52.966343899313046
GAAAAGCCGTCTTGACTATGTTGCGAAAAG,.......(((...(((...)))))).....,52.96615525116029
GAAAAGCATTAACACATCGTTTGGCGAAAA,................((((...))))...,52.95899219574963
GAAAAGGCTACTATGTTTCATAGACGAAAA,..........(((((...))))).......,52.953280243957295
CGAAAAGACATCACTCTCTTTGTTGAAAAG,((((((((........))))).))).....,52.95207584306445
CGAAAAGAGCTTCTTGGCCTCCTCGAAAAG,(((..((.(((....)))))..))).....,52.95010830713426
GAAAAGGATTTGTTGATCCCTAGCCGAAAA,.....(((((....)))))...........,52.947995199206034
GAAAAGGATATATGTTCCATCTGACGAAAA,.....(((.......)))............,52.94595954973069
GAAAAGGCTAATGCTATCTCTTGCTGAAAA,.....(((....)))...............,52.93257820751187
GCCGTATAGGTGTCCCTTGGTCTATTCAGA,((((...(((....))))))).........,52.919142012078304
GAAAAGCTGTCTGCTTATCTGCTGCGAAAA,((.((((.....)))).))...........,52.91898814451943
GAAAAGCGAAGGCCATTTGGATTCCGAAAA,.....((....))..(((((...)))))..,52.916019527910635
GAAAAGCAATTTAAACTCGTAGTGCGAAAA,................((((...))))...,52.90985598731344
GAAAAGTAATCAGGTATCTTGATCCGAAAA,........((((((...)))))).......,52.90925782547539
GAAAAGATAGTCCTTCTGGACTTGCGAAAA,.....(..(((((....)))))..).....,52.90860284482758
GAAAAGCGGGCATTTTATGACTACGAAAAG,......(((((((...))).)).)).....,52.907353278787895
GAAAAGGATTCTGATTTGGTCTTCCGAAAA,..............(((((....)))))..,52.89370905291322
GAAAAGGAGTATCTCTTGTCCATCCGAAAA,....(((((...))))).............,52.852239791685406
GCGAAAAGCGGACTTTGTTCCACGAAAAGA,((.....))(((......))).........,52.839099903346714
GAGCGAAAAGTATATGTACGAAAAGTTGTC,.(((.....(((....))).....)))...,52.835526556326336
GAAAAGGTGATACTTTTGGTTCGCCGAAAA,.....(((((..(....)..))))).....,52.82051006544857
GAAAAGTTGTTATGCAATGATCATCGAAAA,((...(((((...)))))..))........,52.81755649278281
GAAAAGCAGATTACTATGTGATCTTGAAAA,.......(((((((...)))))))......,52.805308634515896
GCCGAAAAGTTAATGGCATTCCGAAAAGGG,(((...........)))...((.....)).,52.802950348284895
GAAAAGTACTGAGTATTCTCCTGCGAAAAG,.....(((..(((....))).)))......,52.78038859808434
GAAAAGCAAATGGTTTGTATATTGTGAAAA,.....(((((...)))))............,52.76429833859586
GAAAAGAGGGATGTTTTCACGCCTCGAAAA,.....((((..((....))..)))).....,52.74184019691148
ACTCCTCTGGATCCGCACAGGACTTTAGCT,..((((.((......)).))))........,52.73544484603438
GAAAAGCTCCAGTAACTCTTGTTGCGAAAA,...........(((((....))))).....,52.72329258408111
GAAAAGATGATTATATTAGTCGCCGAAAAG,.....(.((((((...)))))).)......,52.71634548517581
GAAAAGCGTTATCCCTTTATCAGTGAAAAG,((((((.(....).)))).)).........,52.696365752582395
GAAAAGCTGCAATTTGCTTATTAGCGAAAA,............((((((....))))))..,52.694672298140304
GAAAAGAGTGAAGTATTCTTTACACGAAAA,.......((((((....)))))).......,52.660449096246516
GAAAAGGTGCCAGTTTCTGTGTCTCGAAAA,.....((.(((((...))).)).)).....,52.64966745728247
GAAAAGTCTGCATCTTTGCCCTGACGAAAA,.....(((.(((....)))...))).....,52.63547381718493
GAAAAGAATCAAGATATTCTTGGCCGAAAA,........((((((...)))))).......,52.622995148734475
GAAAAGAACTCACTCTTGTGATAGCGAAAA,.........((((....)))).........,52.61642591742321
GAAAAGGGAAGCAGAATGCATTTACGAAAA,..........(((...)))...........,52.61532910571254
GAAAAGTGTTGGCTTTGCCTTTCATGAAAA,.....(((..(((...)))...))).....,52.60789610154995
GAAAAGCAACGTTATCGATTCTTGCGAAAA,.....((((((....))....)))).....,52.607440789675636
ACCGAAAAGGGATGCTATTCACGAAAAGAT,.((.....))....................,52.59766544771025
CGAAAAGCAGGGATCTTTCACTGTGAAAAG,......((((.((....)).))))......,52.58505867404023
GAAAAGACATGCTCACGCTATATTCGAAAA,..........((....))............,52.583000861447545
TAGAGGGTCTATTAATAGGGCTGTCCTCTG,((((((((((.......))))...)))))),52.581417600821936
TGAGGAAAAGAATTTGATTCGAGGGAATAT,................((((....))))..,52.57952742270996
GAAAAGAAGTTACCGTATTCGGTTCGAAAA,...........((((....)))).......,52.56924861575202
GAAAAGAATCGATTCTTGTTGGTTCGAAAA,.....((((((((....)))))))).....,52.562874761299
GAAAAGTATCGCCATATTTGGTCACGAAAA,..........((((....))))........,52.554087929100824
CGAAAAGATTATCTATCGGTAACCGAAAAG,...............((((...))))....,52.552339480894716
GAAAAGTACAGTATCTGATACTCACGAAAA,....(((((((...))).))))........,52.54939125454881
GAAAAACATGATGCAATGCTCTAGTGAAAA,......(((...((...))....)))....,52.54098324093187
GAAAAGCGGTTAGCCTTAATTATGCGAAAA,.....((.....))................,52.51846902228414
GAAAAGCAATAAATGCATTACTAGCGAAAA,.....(((.....)))..............,52.517240808958874
GAAAAGGGTCATTGGTATCCAACTCGAAAA,.....((((...(((...))))))).....,52.5087018880545
GAAAAGCAGCCTATTTTAGAGCTCCGCAAA,.....((((((((...))).)))..))...,52.50661077743055
GAAAAGTTAGCGTTATGCGATATACGAAAA,.........((.....))............,52.49973878795312
CAGCGAAAAGCTCTTGATGTGAAAAGTTTG,.(((.....)))..................,52.499319780514774
AGTAAAGAGGTGTCCTCTGGTCTCTTGCAT,.....(((((...)))))............,52.491540376308485
GAAAAGCGGAATGTCCTTTTATAGCGAAAA,.......(((...)))..............,52.47019280273837
GAAAAGCAATATGTGCAGTACTTGTGAAAA,.....(((.....)))..............,52.43519542185847
GAAAAGGCCCCTGTTTCAGAATCCCGAAAA,.....((...(((...)))...))......,52.427097753599355
GAAAAGATGGTTTCTATGATTCCACGAAAA,.......(((..((...))..)))......,52.42565150211624
ATCGAAAAGGCTTCTGTATTCCGAAAAGGT,.(((.((..((....)).)).)))......,52.425413426628424
GAAAAGCACGCTCTATTATTAGTCCGAAAA,........((..(((....)))..))....,52.4110777368759
GAAAAGCATAATATTTGTGTCTTGCGAAAA,...((((((((...))))).))).......,52.375307904229146
GAAAAGCGGATTTGGTAGCGAAAAGTCGTC,.....((((.((((....))))...)))).,52.33525636029767
CGAAAAAGTATGCTGTGTTTTGCTGAAAAG,...........((........)).......,52.30255562936583
GAAAAGTACAGCCTTGCCTTGTTTCGAAAA,((((......((...))....)))).....,52.299746121121736
GAAAAGTAATTTGCTTATGTATTACGAAAA,.....(((((..((....))))))).....,52.29675042066535
GAAAAGCCTGTTATCAGTATTCAGCGAAAA,(((....(((....)))..)))........,52.284188268754114
GAAAAGCAATAATGTATTCAGCTGCGAAAA,.....(((....((....))..))).....,52.27670499231036
GAAAAGGATGTTTCCTCTCAATTCCGAAAA,((..((((....)))).))...........,52.27049715012154
CCGAAAAGGATGTCATTATAACGAAAAGTG,((.....)).....................,52.265475864723925
GAAAAGGGTGTGCTTAGCAGGCCACGAAAA,......(((.(((...))).))).......,52.26526522393192
GAAAAGCTATTGTTTGCACCAATACGAAAA,.....((........)).............,52.24955403922839
GAAAAGAAGTTCAGTATCCGTCTTCGAAAA,.....((((............)))).....,52.247230269697596
GAAAAGCCATAGCATTATCTTCTGCGAAAA,...........(((........))).....,52.238480935040045
GAAAAGCAATGCATATTGTATCAGCGAAAA,.....((.(((((...)))))..)).....,52.229022358840055
GAAAAGTTGTCATATTTGACCATACGAAAA,........((((....))))..........,52.22676075602365
GAAAAGCTCCATGTTGCTTGTTAGCGAAAA,.............(((((....)))))...,52.20381493367894
GAAAAGTATGTTTGCTTAAAGATCCGAAAA,...(((((....))))).............,52.19623390243527
GAAAAGACGAGAACTATGTTCAATCGAAAA,.......(((((((...))))..)))....,52.18266108013677
GAAAAGAATTAAGCTATCTTGCCTCGATTA,............((......))........,52.17949045566225
GAAAAGCAGTTTTCTGGTTATCTGCGAAAA,((.((.(((....))).)).))........,52.16933088894713
GAAAAGGCGCTATTCTTTGAATTCCGAAAA,.......((..((((...))))..))....,52.1631956020848
GAAAAGTGGGTATCCTGGTTTGCACGAAAA,..(((.((((...)))).))).........,52.1516500141545
ATCGAAAAGCTGAATTTTTGGCGAAAAGCT,..((((((......))))))((.....)).,52.14436720998122
GAAAAGTTAGCACTTAATTGCGTTCGAAAA,.........(((......))).........,52.14295370090035
GAAAAGATGTTGTTTATGCTAGCTCGAAAA,.....((.(((((....)).))))).....,52.1429469565152
GAAAAGAAATAGGTTCTCCCGATTCGAAAA,.....(((...((....))...))).....,52.12261693904249
GAAAAGAGTGTATTATTGTCACATCGAAAA,.....(((((((....)).))).)).....,52.12184861691836
TGAAAAGGGTTGTTTGTGCATTCCGAAAAG,......(((.(((....))).)))......,52.09948772518405
GAAAAGCAATGCATGATCTACTTGCGAAAA,..........(((.........))).....,52.09769419231924
GAAAAGAGTTATGGATATCTCCTTCGAAAA,............(((....)))........,52.08634405106993
GAAAAGCGCTACGTTATTGTCGTGTGAAAA,.....((((.(((....))).)))).....,52.084916504361885
GAAAAGCTAGATTGTTACATTCAGCGAAAA,.....(((.((.((...)).))))).....,52.05429550609314
GAAAAGACCGTATGTTTACGGTGTCGAAAA,....(.((((((....)))))).)......,52.04376106287502
GAAAAGTGAAAGTTATCTTGCATACGAAAA,.....(((.(((....))).))).......,52.040622697470376
GAAAAGTACGGTTATCCTATCTGTCGAAAA,((...(((.((....)))))...)).....,52.03215210174636
GAAAAGCTGTTATCTGCATTATCGCGAAAA,.....((........)).............,52.02843189722779
GAAAAGATCTATCTATGACAGATTCGAAAA,.....(((((.((...)).)))))......,52.02741997363679
GAAAAGGCGTGATCTTATGGTCGGTGAAAA,......((.(((((....))))))).....,52.01428928597163
GAAAAGCCGGTAATCCATAATATGCGAAAA,........((....))..............,52.012315494467416
AAAAGGTGTTTTGCGTCTGCTTCCGAAAAG,...((((((...))))))............,52.01045812885968
ACCGAAAAGTATAATCGTGATCGAAAAGGG,..............(((....)))......,51.989024046173185
GAAAAGCATTAGGCATATAATCTGCGAAAA,............(((.......))).....,51.98892892841935
ACGAAAAGTTCTCAAGATTACGAAAAGTAG,..................(((.....))).,51.98816067733329
TGAAAAGTTATTGTCCGTACATACGAAGAA,...............(((....))).....,51.983181679077276
GAAAAAGTACGGCATATTTGCCGCTGAAAA,.........(((((....))))).......,51.96804960691087
GAAAAGTTCTGTATTTAGTACTGCGAAAAG,....(((.(((....))).)))........,51.96279495748868
GAAAAGCACAGTATGCAATTAACGCGAAAA,.....(((.....)))..............,51.95897152935622
GAAAAGACCGATCTTTATAAGGCTCGAAAA,........(((((((...)))).)))....,51.94927077110894
GAAAAGGAGGATATTTCCAGCCAGCGAAAA,.....((.(((....)))..))........,51.93825541009882
GAAAAGTATGCGTTAACTAGCTTCCGAAAA,.........((........)).........,51.93157919526122
GAAAAGATTGTGGTATCCAACTATCGAAAA,.....(((.((((...)).)).))).....,51.930049773949605
GAAAAGCTTGTACTTTGTGCTTAGTGAAAA,.....(((.((((...))))..))).....,51.92822886566466
GAAAAGAATGCCATTCTTGGTGTTTGAAAA,.....((((((((....)))))))).....,51.91940487890298
CGAAAAATTGCCTGCTCTTGCTATGAAAAG,.............((....)).........,51.91873027763083
GAAAAGCCATCATTGTTTGTTCTGCGAAAA,...............(((((...)))))..,51.917803751743534
CCGAAAAGGTTATACATTATACGAAAAGTG,((.....)).....................,51.90793772182398
GAAAAGCTTGCTACTGGTTATCCGCGAAAA,.......((((....((....))))))...,51.90727076308975
GAAAAGGTTACCTTATGCTAACTCCGAAAA,.....(((((.(....).))))).......,51.9027718529357
GAAAAGATGGTAATATTTGCCCACCGACAA,........(((((...))))).........,51.895623964602734
GAAAAACTTCCTCTTTGAGGATCGTGAAAA,.....((.(((((...)))))..)).....,51.89062371092179
GAAAAGAGAGGCATTTATTCTGCGCGAAAA,..........(((.......))).......,51.88815405406562
GAAAAGCTGACATATTTGTTCGGGCGAAAA,.....(((((((....))))..))).....,51.876854976188596
GAAAAGCAAAAATGCGTATTTTGACGAAAA,.....(((....)))...............,51.871493550929195
TGAAAAGAGCCGGTTTTTTGGTTCGAAAAG,......(((((((....)))))))......,51.865745204058584
GAAAAGGGTTTCAGCTTATGCATCCGACAA,.....((((....((....)))))).....,51.85974860745512
GAAAAGAGGTTGTCCTTTGGTACTCGAAAA,....(((((....)))))............,51.85576604795095
GAAAAGACCCGGGTAATTTACCCTCGAAAA,..........(((((...))))).......,51.85421642552821
GAAAAGAAGCTAGTATTCTGAGTTCGAAAA,.....(((..(((....)))..))).....,51.84724942807976
GAAAAGTATAAATGCTATGCGTTACGAAAA,..........(((((...))))).......,51.84648478550747
GAAAAGTCTAACATTATTGATCGACGAAAA,.....(((...((....))...))).....,51.84316337991554
GCGAAAAGGTCTTTCTTAGCTCCGAAAAGA,((...((((....)))).))..........,51.83927343881461
ATCCGAAAAGGTCAGTATTACGAAAAGGTT,..((.....))...................,51.836903772062286
GAAAAGCTGTCTGGTATCCTGATACGAAAA,.......((((.((...)).))))......,51.83267475763034
GATTGTGGTCTATTCATAGGCGTCCGCTGA,....((((((((....))))...))))...,51.82373719887407
GAAAAGGGTTCTTACCTTGTAACTCGAAAA,....(((((....)))))............,51.804377597794705
GAAAAGTAAGTGTGTTCACCATCTCGAAAA,.........(((....)))...........,51.79126171245839
GAAAAGAAGCTTATCTTGTACGTTCGAAAA,...((((......)))).............,51.79044512224303
GAAAATACACTACGTTATCGAGTGTGAAAA,.....((((((.((....))))))))....,51.775042193124165
ACGAAAAGTTTAGCTCGCGTTACGAAAAGG,..............(((.....))).....,51.761710347856074
GAAAAGCCTTATGCAATTCCTGTGCGAAAA,............(((.......))).....,51.74066276708619
GAAAAGTTGGATTTCCTATGGCAATGAAAA,........((....))..............,51.73357047075335
GAAAAGGGAGACTTTCTAGTTGCCCGAAAA,.....(((.((((....)))).))).....,51.724046768037596
GAAAAGCTATTGTCTTCTGACCTGTGAAAA,...........(((....))).........,51.720174095150384
GAAAAGCAGAAAGTATTATCAATGCGAAAA,.....(((..............))).....,51.71618148299446
GAAAAGTGTTCACTATGTGATCTGCGAAAA,.....(((.((((...)))).).)).....,51.699363179262235
GAAAAGGGATATAGCGTTTTAGCCTGAAAA,.............((......)).......,51.698084767620315
GAAAAGCTAGTCTCGTAATGTCAGCGAAAA,............((((.......))))...,51.69553149325828
ACCCTGAACAGGTTCTTCTGAACTTTAGCT,...((((...(((((....)))))))))..,51.693852185199646
GAAAAGTGTGCAATGCTATTAATGCGAAAA,..............((.......)).....,51.689597562032034
GAAAAGCATTCATGTTTGATCGTGCGAAAA,.....(((((((....)))..)))).....,51.68247889796604
GAAAAGCATGTTATAGCAATCCAGCGAAAA,.....((........)).............,51.66880213271699
GAAAAGGTGCGATCTATGATTTCCCGAAAA,.....((.(.((((...)))).))).....,51.668020380631816
GAAAAGTCACTTCTATCGTATGTGCGAAAA,...............((((....))))...,51.66185002431949
GAAAAGCATTGTCCCTGTATCTTGCGAAAA,.....(((..............))).....,51.66160647017859
CGAAAAGTCCGAGTTCTCGCTTACGAAAAG,................(((....)))....,51.65629251072941
GAAAAGATGCTATTGTTTATGCAGTGAAAA,..........((((((....))))))....,51.65455085892535
GAAAAGTGTGAGATTATGTCAATACGAAAA,.....((((..(((...))).)))).....,51.64401699649724
GAAAAGAGTGTTTGTATACCATCCGAAAAG,.......((((....))))...........,51.64314398065346
GCTCCCCTGGATCCTCTTAGGACTTTAGCC,......(((((((((...)))).)))))..,51.63851352897956
GAAAAGACTGCCATTATTGGGTGTTGAAAA,.....(((..(((....)))..))).....,51.63703368332693
GAAAAGCATACTATCTGTCATTTGCGAAAA,.....(((..............))).....,51.62445787442821
GAAAAGCCATATTCACTCTTGTGCGAAAAG,.............(((....))).......,51.61931218187554
GAAAAGGGCGTTTGTTTAAGCATGAAAAGG,.......((..........)).........,51.61667912826627
GAAAAGTTGGCTCCTGCCTTTTAACGAAAA,........(((....)))............,51.61667530493146
GAAAAGCGTTACTAGCATTACCAGCGAAAA,.....((.......))..............,51.61268477500505
GAAAAGCAATGTTCTGTTGATGTGCGAAAA,.....(((....((....))..))).....,51.582606205400054
GAAAAGCATTATCTACTCCAGTTGCGAAAA,.....(((..............))).....,51.57721074061391
GAAAAGCATAAATATTATCTCTTGCGAAAA,.....(((..............))).....,51.57545996728594
TAGGGAAAAGAATCATATTTCGAAAATCGA,...................((((...)))),51.574953106585
GGGGGAAGTCCATTCATAGTTGTCTGCCGT,((.(((...(........)...))).))..,51.568877074165414
GAAAAGCATTAATTCTGGTAGTTGCGAAAA,.....(((..............))).....,51.55524650987653
GAAAAGCATTATCCATGACAATTGCGAAAA,.....(((..............))).....,51.55492036459891
GAAAAGCATGCTCCTTGTCCATTGCGAAAA,.....(((..............))).....,51.546621165201024
ACTCCTATAGGATGCATCTGCACTTTAGCT,....(((.(((.(((....)))))))))..,51.54655595714549
GAAAAGGCATTATGCTTTTTGCGCCGAAAA,.((((((((...))))))))..........,51.544090546356344
GAAAAGCATCATTCATGGCAATTGCGAAAA,.....(((..............))).....,51.517215722705075
GCGTCGAAAAGATATTACTCGAAAAGAGGT,..(((.....)))....(((.....)))..,51.49343425305303
ATTGCGAAAAGTATCCTACGAAAAGTCCAT,..(((.....))).................,51.49222563183348
GAAAAGATTCTTATCTGTTAGTATCGAAAA,....((((....))))..............,51.4866040243697
GAAAAGAATAGAACTACGGTATTTCGAAAA,................(((....)))....,51.47954000017825
GAAAAGTACGCAATTTGTGTGCTACGAAAA,....((((((((...)))))))).......,51.47340781157438
GAAAAGTTCCCTGTTATGCTGGTGCGAAAA,.....((.((..((...)).)).)).....,51.4669274916624
TACGAAAAGTAGTATTAGTCACGAAAAGGA,(((.....)))...................,51.45622823921579
GAAAAGATAGCTTTCTATGCGTAACGAAAA,.........((.......))..........,51.45193148451884
GAAAAGAGATACTTATGGTTTTGTCGAAAA,....(.(((..(....)..))).)......,51.44696745839379
GAAAAGTGCAAACAATTATGTTGTCGAAAA,...........(((((...)))))......,51.437695646521114
CACGAAAAGGTCAGTTAATACGAAAAGTAG,..................(((.....))).,51.43560648808642
GAAAAGCAGAATCTAATTTACATGCGAAAA,.....(((..............))).....,51.43291738677409
GAAAAGCAGTATTCTACTTCCGTGCGAAAA,.....(((..............))).....,51.432292890637285
CCGAAAAGGCTACATATATAACGAAAAGTG,((.....)).....................,51.430186198797294
GAAAAGTTGTGCCTTTCTAGGCTGCGAAAA,......((((((((....)))).))))...,51.42483198442393
GATGGTCTATGCGTCAGTTTAGGTGTCCGC,...((((((.((....)).))))...))..,51.42020924466437
GAAAAGCGAAGGTGCATTACTATCCGAAAA,.....((......))...............,51.39536652504155
GAAAAGTACTGAGTATTACTCCTGCGAAAA,.....(((..((((...)))).))).....,51.38113058078389
GAAAAGAAATGTTATACAGTCGTTCGAAAA,(((..((..(((...))).)).))).....,51.379928725642884
GAAAAGGCGGTTGATTTTATCCTACGAAAA,.......((...(((...)))...))....,51.37281788512338
GAAAAGCCGTTGTTCTTGCTATCGCGAAAA,...............((((....))))...,51.370556729006864
GAAAAGCGTAGGGTATTTTGAACGCGAAAA,.....((((..((....))..)))).....,51.36796860175621
CGAAAAGGACTATATTTAGAATACGAAAAG,.........(((....)))...........,51.350142700542385
CGAAAAGGGCGTGTGTTTATGTCTGAAAAG,......(((((((....)))))))......,51.34454292139574
GAAAAGCTTGCATTATGTTGGCTGCGAAAA,....((((.(((...))).)))).......,51.338104588437645
GAAAAGATGGCAAGTTTCTTCCAGTGAAAA,.......(((.(((...)))))).......,51.3285465894737
GAAAAGACATCAGATATTTCCTGTCGAAAA,.....((((...((....)).)))).....,51.32774527706907
CGAAAAGTATGAAATCTCGTCAGCGAAAAG,................(((....)))....,51.327392775433374
GAAAAGGCGTGGCTTGTGCTACTTCGAAAA,.....((.(((((....))))).)).....,51.32105286697376
CGAAAAGTACGGCATCATTGTCTCGAAAAG,..........((((....))))........,51.320168943951394
GGCGAAAAGCTAATTGTGAGCGAAAAGTTC,(((.....)))......((((.....)))),51.31497142879244
GAAAAGAATTGTTTCCTGCTTTCGAAAAGT,((((.(((....)))....)))).......,51.31243426845124
GAAAAGATTATGGTTTTAACCGCTCGAAAA,...........(((....))).........,51.29387405477257
GAAAAGGATTATCCTGTCATTACCCGAAAA,((..((((...)))).))............,51.29235191941744
GGCGAAAAGTCCATTTTATAGCGAAAAGCT,(((.....)))........(((.....))),51.287556586528
CGTGAAAAGGATTATATTACCCGAAAAGGG,...................(((.....))),51.284462306573154
GAAAAGGAATTCCTATTACCTATCCGAAAA,....(((....)))................,51.2753838168738
GAAAAGAATCGTTATATGGTCGTTCGAAAA,(((..((.((((...)))))).))).....,51.267272124798836
CGAAAAGCTTATGCGGATAATAGTGAAAAG,......((....))................,51.2577383138155
GAAAAGTCTGACCCTGTCATTCAGCGAAAA,.....(..((((...))))..)........,51.24824389108086
GAAAAGTGTGCTGCTTTATAGCTTCGACAA,......(((...(((....)))....))).,51.243710207123
GAAAAGGAATTCCTATTACCAATCCGAAAA,....(((....)))................,51.23564522363834
GAAAAGCGACTATCCTCTATTGAGCGAAAA,............(((((....))).))...,51.22743729100776
GAAAAAGTGGGAGTTATCTTGTCACGAAAA,......(((((((....))).)))).....,51.2264994799181
GAAAAGTAAGGGTTATTACTCAAGCGAAAA,.....((..((((....))))..)).....,51.21836248782094
GAAAAGCGCATCTTGTAGTTTGCCCGAAAA,.......(((..........))).......,51.21818989356125
AAAAGACATAGTTCTTGCGCGTCGAAAAGT,....(((...((....))..))).......,51.213029939749234
GAAAAGCTCTAACGGATATCCATGCGAAAA,.............((....)).........,51.20483749893444
GAAAAAGGATTTCTTCGGGTATCCTGAAAA,.............((((((...))))))..,51.180433090849874
GAAAAGAACCGAATATTATGTGATCGAAAA,.........(((.(((...))).)))....,51.1772808330668
GAGCGAAAAGAGTTATTCTCGAAAAGCAGA,..((.....(((.....))).....))...,51.17086213117576
GAAAAGCATACTATTCTAGTTCGGCGAAAA,.....((..((((...))))...)).....,51.16178720689236
TATGAAAAGACATGCTTGGTTCGAAAAGTA,............(((((........))))),51.149802127360424
TGGTGAAAAGTATATTTGTACGAAAAGGCG,..((.....((((....))))......)).,51.14639897464505
GAAAAGAGGTTTTTTCTAGAGCTTCGAAAA,.....((((((((....)))))))).....,51.144661937527545
GAAAAGAAGTTGTGCTTACATTATCGAAAA,......((((...)))).............,51.14113722379807
AAAAGCACCTAGCATTATTTGAGCGAAAAG,....((.....)).................,51.14078353857357
GAAAAGCATGTTGTTATGCTCGTGCGAAAA,....((((((....))))))..........,51.137351051038465
TACGAAAAGTTCCCTCGCTAACGAAAAGTT,..............(((....)))......,51.12327139665553
GAAAAGTAAACAGTATTTTGTATGCGAAAA,.....(((.((((....)))).))).....,51.119802434789904
GAAAAGAGCTGTATTTACTTCATTCGAAAA,(((..(((.((....)))))..))).....,51.118919213744675
GCCGAAAAGGTGATTGTCATACGAAAAGGG,(((.....)))...................,51.1131207440846
GAGATGAAAAGTTTTTAGGCGAAAAGTCAA,.................(((.....)))..,51.1085833951444
GAAAAGAAGTATGCTTGCATTAATCGAAAA,........(((....)))............,51.1001597721975
GAAAAGAGTATTGTATCAACCTCTCGAAAA,....((((..(((...))).))))......,51.09147617653994
CGAAAAGCGTTCTTGTTAGTTCCGAAAAGG,.(((.((((....))))..)))........,51.08854522751338
AAAACGACATTTTTGAGGAAAAGTCGTCCC,...(((((.((((....)))).)))))...,51.08387413572653
TCCGAAAAGATATCTCGCTAACGAAAAGGT,..............(((....)))......,51.08254639727658
GAAAAGAGTCCATATTGGTATAGTCGAAAA,((....(..(((...)))..)..)).....,51.06438048108591
CCGAAAAGGCTATTAAATTACCGAAAAGAG,((.....)).....................,51.04968698478101
GAAAAGTATCGTTTGTGCGATTACGAAAAG,.....(((((((....)))).)))......,51.0459912826168
GAAAAGTTGGTTGTATTCCTCCTGCGAAAA,.....((.((..(....)..)).)).....,51.045706034859904
GAAAAGGTTGTTGCCTTACTACTCCGAAAA,...(((((....))))).............,51.0243804320885
GAAAAGATATCCGTATCGCAATATCGAAAA,.....(((((.((...))..))))).....,51.023018349771455
GAAAAGGATTTCACGTTTAGCTTCCGAAAA,.....(((..............))).....,51.01664076284277
CGAAAAGTGTTATCGTTCTACGTCGAAAAG,............(((........)))....,51.00307745783941
GAAAAGAGCGAATGATTTATAGCACGAAAA,.......((............)).......,50.98935009599131
GAAAAGTTGATATCTTTATCTATACGAAAA,........((((....))))..........,50.98913566740685
CGAAAAGGGATTGTCTTTAACGCCGAAAAG,......((..(((....)))..))......,50.97671937401934
GAAAAGCAAAGTGTATAGGATCTGCGAAAA,.....(((..............))).....,50.97376828616859
GAAAAGGAAAGGATTGTTATCCTACGAAAA,.........(((((....))))).......,50.97231038593346
TATCGAAAGGTGTCCTGTGGTCTATCTAGA,.......(((((.((...)).).))))...,50.970184594497546
GAAAAGTGGCAGTATTCTACCCTACGAAAA,....((.((.((....)).)))).......,50.945720456421036
AAAAGTGGCAGTATTCTACCCTACGAAAAG,...((.((.((....)).))))........,50.945720456421036
GAAAAGGATATCCATAGTGTATGACGAAAA,.....((....)).................,50.94542840927568
GAAAAGGCATGTATATTTGCGTAACGAAAA,.....(..(((((....)))))..).....,50.93805083928565
GAAAAAGCTGTCGTATTCGATCGCTGAAAA,.....(((.((((....)))).))).....,50.93655929629592
ACTCCCTTCGGATGCTCTGCACTTTAGCTG,..(((....)))......((......))..,50.935444846034386
ACGAAAAGTCGTTTGGTTAATGCGAAAAGT,........((((.........)))).....,50.93219906164125
TGCGAAAAGCAATTGTGCTTGCGAAAAGCT,(((.....))).....((((.....)))).,50.89795922142413
AAAAGAATTTCGTCTTCGGGATTCGAAAAG,....((((((((....))))))))......,50.888132350687926
GAAAAGTCAGCTTCTTTATATCTGCGAAAA,.........((............)).....,50.88479601946615
GAAAAGAGTCCTCTTGGATCTTCTCGAAAA,((.((((.(((....))))))).)).....,50.88109051528414
GAAAAGTGCTAATCTCATATGCTTCGAAAA,.......((...........))........,50.87924979747528
GCCGAAAAGGTTATCTTAAACGAAAAGTGT,(((.....)))...................,50.87869591624914
GAAAAGCGTCATTCTATTTAGCAGCGAAAA,.....((.............))........,50.86189886831593
GAAAAGGGATTTTCCTGCATGTACCGAAAA,....((((....))))..............,50.83142888349441
TGAAAAGTAAAACGTCGTTTGTACGAAAAG,..............((((....))))....,50.829996395666214
GAAAAGGAGCTGTCATTTTGCGTACGAAAA,........((.........)).........,50.81934425993089
GAAAAGGCATTGTTGTTCTAGGCTGAAAAG,.....((((....)))).............,50.81633031224307
GAAAAGCATGCTGTATTAGCCTTGTGAAAA,.....(((.((((...))))..))).....,50.813296478727416
GAAAAGCAATATTTGATTAACCTGCGAAAA,.....(((..............))).....,50.80400499046698
AGGAAAAGTGGTCTTTAGGGCCCGAAAAGT,.......(.(((((...)))))).......,50.79351852956771
GAAAAGTTATGACTCTTGTCCCTACGAAAA,.....((...(((....)))...)).....,50.79174558214254
GAAAAGCAATCAACGATTATACTGCGAAAA,.....(((..............))).....,50.774793470400255
GAAAAGTAGTTTGTGCTACTAACGCGAAAA,....((((((....))))))..........,50.77372123539695
CGAAAAGCGCGTCTTCTTGCTTGCGAAAAG,((..(((((.(....).))))).)).....,50.773674743351975
GAAAAAGCGTCTGCATTATGCAGCGAAAAG,.......((.(((((...))))))).....,50.773187385949655
GTCGGTCTACCGCTAACTTAGCAATGTTAA,(.(((....))))((((........)))).,50.77167290019282
GAAAAGATTAAATATGCTCGAAATCGAAAA,.................(((....)))...,50.75887124693296
GAAAAGCAATACTATTTACCCCTGCGAAAA,.....(((..............))).....,50.75534405466213
CGAAAAGTAGTGCCTCGGTTTTACGAAAAG,..............(((......)))....,50.748973948483716
GAAAAACATGAATCTTTGGTTCTGCGAAAA,......((.(((((...)))))))......,50.74276317505239
GAAAAGCAATCATAACAGTCTCTGCGAAAA,.....(((..............))).....,50.73218579211687
GAAAAGAGCTATCTGCTTATTACTCGAAAA,.....((((.....))))............,50.730634863354
GAAAAGCTATTAATGACATGCGTGCGAAAA,.....((............)).........,50.72619092037952
GAAAAGAGCTAATTATGTACTGCACGAAAA,.......((............)).......,50.699259111003244
GAAAAGCATTGTGCTTGCACATCTCGAAAA,...(((((...)))))..............,50.69825083004302
GAAAAGTTGTTGTCTCTTGACATACGAAAA,......((((((((....)))).))))...,50.69580516613914
GAAAAGACATGACTTTTGTGGTGTCGAAAA,.....(((((.((....)).))))).....,50.6909355316633
CACGAAAAGATTGTTTCAATGCGAAAAGAG,..........((((......))))......,50.69058517894975
CGAAAAGACGTTTAGACACCTCGAAAAGAG,...................(((.....))),50.68976471293263
GAAAAGCATTAATGTATTGGTCTGCGAAAA,.....(((..............))).....,50.682773025220754
GAAAAGTTCTATATTGAATGAAAAGTCGTC,((...((((......))))......))...,50.679769308663246
GAAAAGAAAAGAGTAATCTTGATTCGAAAA,.....(((..(((....)))..))).....,50.678437240697995
GAAAAGTATAGACTATGTCACTTACGAAAA,...((((...(((...))))))).......,50.67578574913408
GAAAAGCATCTCCATTAGTTTCTGCGAAAA,.....(((..............))).....,50.67241257169603
GAAAAGCATAGTCATATTATCCTGCGAAAA,.....(((..............))).....,50.67171941169372
GAAAAGTACTACACTTCTGTGTTTCGAAAA,..........((((....))))........,50.66562057979704
GAAAAGATGTCTTCTTGGATCGTCGAAAAG,.....(((((((....))).))))......,50.6638645639111
GCGAAAAGCTTTCATCTTGTAGCGAAAAGA,((.....)).....((((........)))),50.65397010289912
GAAAAGATGCTATTGCTATTGAATCGAAAA,((...(((((....)).)))...)).....,50.64837502855478
GAAAAGAGTAGTTTCTTGACTGTCGAAAAG,.....((.(((((....)))))))......,50.641446459868014
CGAAAAATGCGTGCTTTACCTGCTGAAAAG,............((.......)).......,50.64058261368213
GAAAAGCATTATTACTGGTTCCTGCGAAAA,.....(((..............))).....,50.6403112630568
GAAAAGTTGTCTATATTAGTCTAGCGAAAA,.....((((.(((...))).).))).....,50.63581364744047
GAAAAGTTGTCAGTCTTCTGTACTCGAAAA,........(((((....))).)).......,50.62682652255654
GAAAAGCATATATTCATCAGACTGCGAAAA,.....(((..............))).....,50.62650359380203
GAAAAGGAGTGGTTCTTTGCTTCCGAAAAG,.....(((((((....))))))).......,50.62341187688251
GAAAAGGGCTATATTATTCTGCACGAAAAA,.......((...........))........,50.62094793675219
GAAAAGCATTGATTTATGCTACTGCGAAAA,....(((((......)))))..........,50.614757096012454
GGTGCGAAAAGATTTTGTTCGAAAAGAACT,................((((.....)))).,50.6142167044858
GAAAAGCCGTATCTTTATGGTCGCCGAAAA,.....((((((....)))))).........,50.6119718246602
GAAAAGCTTTTGCATTGCACAGGCGAAAAG,.....((((.(((...))).))))......,50.608030499802055
GTCGAAAAGACTACTCTAGACGAAAAGAAA,(((.....)))...................,50.60614222102001
AAAAGTCGTTTCTCTCTTGAGCGCGAAAAG,.....((((..(((....))).))))....,50.599545223475495
GAAAAGTATGCTGTTATCATCAAACGAAAA,.....((.((.((....)).)).)).....,50.59840748196963
GTCGAAAAGACTACTCTAGACGAAAAGTAA,(((.....)))...................,50.59605962936608
GAAAAGCTTCTTTATAAGAGTCCGCGAAAA,.....(((((((...)))))...)).....,50.59161259463261
GAAAAGCAAAAATCTTTCCATGTGCGAAAA,.....(((..............))).....,50.58827115714498
CGAAAAGATTGTCCCTCGTAACTCGAAAAG,...............(((.....)))....,50.581241636576316
GAAAAGCGTATATATTGGTTCGAGCGAAAA,.....((................)).....,50.557834518481386
GAAAAGCGAATTGGATATTTACAGCGAAAA,.....((................)).....,50.545947668438096
GAAAAGCAGTTAGATATTCTAGTTCGAAAA,.........(((((...)))))........,50.52995371592156
ATGGAAAAGATTACTGATTCGAGGGAAATG,.................(((....)))...,50.528123940147665
GAAAAGCGGCATTTATCTTCCTAGCGAAAA,.....((................)).....,50.52706919392786
CGAAAAGCATGTTCTTACATGAACGAAAAG,.......(((((....))))).........,50.519257729299625
GAAAAGCTAATGTTTATGCCTCCGCGAAAA,...((((....))))..((....)).....,50.51725594249036
GAAAAGCGTGTCCTTGTGGATATTCGAAAA,.....(.((((((....)))))).).....,50.49965145831849
GAAAAGCACCCATATACTATCTTGCGAAAA,.....(((..............))).....,50.49944939307325
GAAAAGCACAAATTACTAATCTTGCGAAAA,.....(((..............))).....,50.47515109267075
GAAAAGTACGCGACTCTTGTTGTACGAAAA,.........(((((....))))).......,50.4475374617374
TGGCGAAAAGTTATATGTACCGAAAAGTGA,((((.....)))).................,50.4346059725431
GAAAAGCTTAGATCTGTTGATCGGTGAAAA,..........((((....))))........,50.43273861524172
GAAAAGTAGCTATTTAGCGTTCCACGAAAA,........(((....)))............,50.42088358609196
GAAAAGAATCCATGTGATCGAATTCGAAAA,.................(((....)))...,50.41619100975322
GAAAAGGCATTTTTGTCGAACTGCTGAAAA,.....((((....)))).............,50.41608432088224
GAAAAGCTATTGTTGTTGCGTTAGCGAAAA,.....((((.(((....))).)))).....,50.399836044001574
CGAAAAGGATTTTACTCCAGGGCCGAAAAG,......(((......)))............,50.39654838996769
GAAAAGTCAGCTAAATTCATGCCACGAAAA,.........((.........))........,50.384400872958224
GAAAAGGTAGTGTTCTTGCGAATCCGAAAA,.....((...(((....)))...)).....,50.37687508192843
GAAAAGGGATCTTTCTCTGAATCACGAAAA,((..(((((....)))))...)).......,50.361162112540676
GAAAAGCGTTATATGTAGTTCTCGTGAAAA,(((..((((...))))..))).........,50.35452885880919
GCGAAAAGCATTATGTATTAAGCGAAAAGT,((..((.(((...))).))..)).......,50.35032662187254
GAAAAGTTGCATTTGCTCAAATTCCGAAAA,(((.....((....)).....)))......,50.34411858744588
GAAAAGATAGAACCTTGTTTATAACGAAAA,..............(((((...)))))...,50.34377287119106
GAAAAGGTTTAGCTTTGTCCGTACCGAAAA,((.(((((...))))).))...........,50.335230270202715
CGAAAAGCGTTGATTGATATTGCGAAAAGG,......(((...........))).......,50.32597722593826
GAAAAACGGTATCCGATGTGTGCGTGAAAA,......(((...)))...............,50.32434189171491
TCCGAAAAGGTTAACTTTGCCGAAAAGGCA,.....((((.....))))(((.....))).,50.31927624185492
GAAAAGCGTCCTTCTGGATTCTTGCGAAAA,...(((.((((....)))).))).......,50.31729074964142
GAAAAGCAATGATTATATGTGCCGCGAAAA,.....(((...........)))........,50.31603452751096
GAAAAAGCAATAGCCCTATTAGTCTGAAAA,......((....))................,50.310729535647795
GAAAAGCATATCGTTGTCAAGGTGCGAAAA,.....((((...(....)...)))).....,50.29999892191614
GAAAAGGGATCGTTATACGTGTTCTGAAAA,.....((((((((...))).))))).....,50.29517466398824
GAAAAGAATAACCTCTTGGTTAAACGAAAA,........(((((....)))))........,50.295147996284705
GAAAAGTCCTGCTTTTTAGCGGGTGAAAAG,.......((((((....)))))).......,50.2813868432942
GAAAAGGCAGAGTATTCTTGTATCCGAAAA,.....((..(((....)))....)).....,50.272717005081574
CGAAAAGAATTCGCGTTTAGTATCGAAAAG,((((.....)))).................,50.26422809068421
GAAAAGAGGTCTGTATTTATACGTCGAAAA,.....((.((.((....)).)).)).....,50.25316620775759
ATACCGAAAAATCTGGTATGAAAAGCGTCT,((((((.......))))))...........,50.23295680253885
GAAAAGCGTATATGCATCTAATAGTGAAAA,.....((......))...............,50.228647202784764
GAAAAGAGTTGTTCTCAAAATATTCGAAAA,.....(((.....)))..............,50.22822181010054
GAAAAGTGTACATCTCTTGATGCGCGAAAA,......(((.((((....)))).)))....,50.22569345830397
GAAAAGCAGTCAGTATTATGCATGTGAAAA,.....(((..........))).........,50.21422868035333
TGAAAAGAAAATGCAGTTATGTTCGAAAAA,............(((....)))........,50.21303795713929
GAAAAGAAACCGCATTTCCGCTTTTGAAAA,...........((......)).........,50.21099109210296
TGCGAAAAGGCCTTTATGTTCGAAAAGCTG,.((......))...................,50.20309262403311
GAAAAGTCGGGTGTTTTTACTTGACGAAAA,.....((((((((....)))))))).....,50.19526602025171
GAAAAGGGATCCTTTTTAGGTCTCCGAAAA,.....((((.(((....)))))))......,50.192580610284864
ACTCTCACAGAGATCCATGGGACTTTAGCT,........((((.(((...)))))))....,50.18798151696157
GAAAAGCATGGAATTTGCCTAATGTGAAAA,.....(((.......)))............,50.175025661528956
ATCCGAAAAGCAATGTTAGCGAAAAGTTAT,................((((.....)))).,50.17290212969885
GAAAAGGTAGTATTCTATACTTCACGAAAA,(((...((((....))))..))).......,50.165872261329476
GAAAAGCTAGTGTTCTTCCTTCTGCGAAAA,(((.(((....))).)))............,50.15812356863111
GAAAAGAAGGTATCCTGATGTCTTTGAAAA,..((((((((...)))....))))).....,50.15175279744409
GAAAAGTAGATTATATTAGTCCCGAAAAGG,........(((((...)))))((.....)),50.137723914728085
GAAAAGAAGGCTATGTCAAATTCTCGAAAA,....(((((((...)))...))))......,50.13688181978743
GAAAAGGCATTATGCTTAGTAAGTCGAAAA,....(((((...))))).............,50.13678581564817
GAAAAGTGTCTTCACCTCGTGATCCGAAAA,.....(((....))).(((.....)))...,50.133942610938284
GAAAAGCCTGGATCTTTTCAATGGCGAAAA,.....(((((((....))))..))).....,50.131831101436006
GAAAAGCTATCTCGTTTCGACGTGCGAAAA,...........((((........))))...,50.12265206363127
GAAAAGATAGGTCATTTGACCCACCGAAAA,.........((((....)))).........,50.11530834566094
GAAAAGTAACCAGGTATTTCTGTCCGAAAA,..........((((....))))........,50.11394822115622
GAAAAGGGTTTACCCGCTGCATCCCGAAAA,.....(((....)))...............,50.10527198200802
GAAAAGCAAGCATTGTTTGCACAGCGAAAA,.....((((((...))))))..........,50.10021433410569
GGGGTATAGGTGTCCTATGGTCCATGCTCT,(((.((((((...)))))).))).......,50.097990133631995
GAAAAGCCCTTCACATTCTTGTGCGAAAAG,.........(((.(((....))).)))...,50.0938506077207
GAAAAGCGCATAATCATCTTGCTGTGAAAA,.......(((.........)))........,50.08481251035796
ACGAAAAGAGTTCTCTTCCAATCGAAAAGT,.(((...(((....)))....)))......,50.081193800075695
GAATCGAAAAGATAGTATCGAAAAGATGGA,..(((.....)))..((((.....))))..,50.076840526277756
GAAAAGCATTAACGTCTTCGTTTGCGAAAA,.....(((..((((....))))))).....,50.07630962957924
GAAAAGGGATGTTTCTCTTCAGCTCGAAAA,...((((((....))))))...........,50.07003061153408
GAAAAGCAATCTTATGGTATCCAGCGAAAA,.........((...(((...)))..))...,50.06675401195233
AAAAGATTCTTATCTGTTAGTATCGAAAAG,...((((....))))...............,50.05647420726398
GAAAAGCCATGATTGTTGTCATTGCGAAAA,.....((.(((((....))))).)).....,50.05610511039627
GTGAAAAGAACCATTGTTGCTTCGAAAATC,.......(((.((....)).))).......,50.04818008512508
GGAAAAGGGGCTCTTTTGATTCCCGAAAAG,......((((.((....)).))))......,50.04793202358634
GAAAAGGATTCTAATAGCTTGCTCCGAAAA,.....(((..............))).....,50.04499736622483
GAAAAGGTATGGTATTCCTCCTAACGAAAA,....(((...((....)).)))........,50.04318239296095
CGAAAAAAATGCCTATACAAGCTTGAAAAG,..........((........))........,50.04263468572083
GAAAAGAAATGGCTTCTTAGCTTTTGAAAA,..........((((....))))........,50.03983729766438
GAAAAGGCAACATATTTGTTCTACCGAAAA,.....((.((((....))))...)).....,50.0388068468597
TGAAAAGCTCCTTATCTTTGAGGCGAAAAA,.......(.(((((....))))).).....,50.03869183030845
TGCGAAAAGTAGTATATTTAGCGAAAAGCT,(((.....)))........(((.....))),50.03363731693298
GAAAAGTGGATTACTCCGTTCCCCCGAAAA,.......(((....))).............,50.02630720721638
GAAAAGAATTGGCATCTTTGTCTTCGAAAA,.....(((..((((....))))))).....,50.024095202898465
GAAAAGTATGTCAGTCTTCTGATTCGAAAA,.........(((((....))))).......,50.02134680914291
TAAGCGAAAAGAAAACTATCGAAAAGATTT,.................(((.....)))..,50.01704821697998
GAAAAGGGGTTGTCTTTAGTTCCACGAAAA,.....(((((((....))))))).......,50.00528034541661
GAAAAGCAGATACGCAAATATTCGTGAAAA,.....((......))...............,50.00167629853334
AACGGTGGTCTATTCATAGGTGTCCGACTT,..(((...((((....))))...)))....,49.995980522504276
CCGAAAAGGGGGTTTTCTCTCGAAAAGCCG,((.....))((.(((((....))))).)).,49.99534546484462
GAAAAGATGGCAGTCTTCATCCATCGAAAA,.....(((((..(....)..))))).....,49.99197193850446
GACGAAAAGTCTATTAATTAGCGAAAAGAA,(((.....)))...................,49.97292126060639
GAAAAGCGTTCTCGTTCCTAGATGCGAAAA,...........((((........))))...,49.9585915692689
GAAAAGAAGGGTTACTTGTGAGTTCGAAAA,(((....(((....))).....))).....,49.92791083793789
AAAGGTGTCCATGTCATGTCGATGGTCTAT,......(.((((.........)))).)...,49.91763741059236
GAAAAGAATATGCTGTTGCGATTTCGAAAA,.....(((..(((....)))..))).....,49.91346820192
CGAAAAGGTTCTCGTGTTTCGTCCGAAAAG,((((((.(....).).))))).........,49.900955738768744
GAAAAGAAGCTTGTGTTAATCCTTTGAAAA,.......(((....))).............,49.89428214756785
TGAAAAGTCGTCATATTTGCCTGCGAAAAA,.......((((((....))...))))....,49.883911310637316
GAAAAGGTGTGTTGCGTCCGCTTCCGAAAA,(((..(((((...))).))..)))......,49.868870933825924
GAAAAGAATTGTGCTTAGCATCTTCGAAAA,.....(((..((((...)))).))).....,49.86107429130588
GAAAAGAATTAGCGTTGTGCCATTTGAAAA,...........((.....))..........,49.85846186401271
ACCGAAAAGGTTTGGTTATCCGAAAAGCGT,(((.....)))((((....)))).......,49.83510598647575
GAAAAGCCCTTCGTTTTTGAACGGTGAAAA,.....(((.((((....)))).))).....,49.82671491018873
GAAAAGGCCCGGATCTTTCTGAGCTGAAAA,.....(((.((((....)))).))).....,49.814570291530565
CGAAAAGTCACTGTCTTCAGAATCGAAAAG,..........(((....)))..........,49.81290098282428
GAAAAGGCATTAGCTATGATCTACCGAAAA,.....(((....)))...............,49.79821582463383
GAAAAGATGCGTGTTGTCTAGTATCGAAAA,.....(((((..(....)..))))).....,49.79205779861818
GAAAAGATGTGATTTCTGTTATGTCGAAAA,.....((((((((....)))))))).....,49.764984369221224
AAAAGAAGGCTTAGCTTTTACTTCGAAAAG,....((((((...))))))...........,49.76183161926058
AGGACCGAAAAGGTTCTCCGAAAAGATCTT,((((((.....)))))).............,49.76046189817875
CACGTCGAAAAGATTATACGAAAAGTCCTG,...(((.....)))................,49.72499186329121
CGAAAAGCTTTCTTAAGACATCGCGAAAAG,(((....(((....)))...))).......,49.72105074445123
GAAAAGTTAGTTGTTGTCTTCTAGCGAAAA,.....(((((..(....)..))))).....,49.72078980820672
GAAAAGCGTTTACTTTGTAGTATGCGAAAA,......(((.((((....)))).)))....,49.71224004194898
GAAAAGCATTCTTGTGACTCTATGCGAAAA,.....((((((....))....)))).....,49.70489078238544
GAAAAGCAGTATGCCCTCGATACTCGAAAA,.....(((...)))..((((...))))...,49.698087603856976
GAAAAGGCTTCGTATTTGATCGTCCGAAAA,.....(((.(((....)))..)))......,49.69735244821116
CGAAAAACTCTTTTTCTAAGGAGCGAAAAG,.......((((((....)))))).......,49.694831402761835
AAAAGAATTCAGCCCCGATCATTCGAAAAG,...............(((....))).....,49.69143747784508
GAAAAGACCCATGTTTGGGATTATCGAAAA,((.((..((((....)))).)).)).....,49.68890958311178
GAAAAGAATTGTTTCTACACGAGTCGAAAA,....((((....))))..............,49.688907388318434
GTGCGAAAAGCCACACTGCGAAAAGCGAAG,((((.....).)))..(((.....)))...,49.68398618556931
GAAAAGCCATGATTGTTTATGCCGCGAAAA,.....(((((((....)))))..)).....,49.682354453971946
GAAAAGGTGTATCTTATAGGGAATCGAAAA,.....(((...(((...)))..))).....,49.66982998069017
TCGAAAAAAGCTTATTTGAGCCTGAAAAGA,.........((((....)))).........,49.669403106400964
AAAAGCAATCTCCCATCGTTATGCGAAAAG,...............((((...))))....,49.66792676887175
GAAAAGCTGGAGTTTATCCCATTGTGAAAA,........(((.....)))...........,49.65821394519527
CGAAAAGGATGCACTCGGTCTTCTGAAAAG,..............((((....))))....,49.65813796712065
TCGAAAAGATCTATCTTTAGAACGAAAAGA,.........((((....)))).........,49.65804640763507
TGAAAAGGTCTTCTTAGATGCGCCGAAAAG,.......((((....))))...........,49.65271013484846
GAAAAGTATTATGGGTTCCCCTCACGAAAA,............(((...))).........,49.65235877589882
AGCGAAAAGCTGATATAAATCCGAAAAGTT,(((.....)))...................,49.65134179892791
CGAAAAGTGCGTCTTCTACTAATCGAAAAG,(((..((((.(....)))))..))).....,49.6409837425968
CGAAAAGTTTCCTCGGGAATTCACGAAAAG,............(((........)))....,49.626256503106895
GAAAAGGAATTGTTGTTGCAGTTCTGAAAA,.....((((((((....)))))))).....,49.626078963027055
GAAAAGCGAGTCTATTGGTCGTAGTGAAAA,.....((((.((....))))))........,49.61434074960478
GAAAAGGATCCTGCTTAGTACTTCCGAAAA,.....(((...(((...)))..))).....,49.596104656100366
GAAAAGACGTATAGTTCTTGCTGTCGAAAA,.......((.(((((....)))))))....,49.594444884775655
AAGGTGTCCATTTGTCTGCTATGGTCTATG,.....(.((((.........)))).)....,49.590555010977475
CGGTACGAAAAGTACTCTCGAAAAGTGTAG,.(((((.....)))))..............,49.57086208345355
GCAGGAAAAGAACATTTTTCGAGGGAATTC,...((((((.....))))))..........,49.56787479130574
GAAAAGTATAAGAGTTGTCTCTTCCGAAAA,.........(((((....))))).......,49.55650696838961
GAAAAGCGTTTCCTTTGGTGCTATGCGAAA,.....((((..((...))....))))....,49.548938368983606
GAAAAGATATGCTTACTGGCTTCACGAAAA,..........(((....)))..........,49.548598585255476
CTCGAAAAGGGTTTTAGCACGAAAAGCACG,(((.....))).....((.......))...,49.54659690751741
GAAAAGAGTGCTGTTCTCTCAACTCGAAAA,.....((((...(....)...)))).....,49.53799095332042
GAAAAGACCTCGGTTGTTCGTTGTCGAAAA,.....(((..(((....)))..))).....,49.53494193911183
GAAAAGAATCGTTCTTCTTGGAGTCGAAAA,........(((((((....)))).)))...,49.53426831279213
CGAAAAGGTAAGGGATTTCTATCCGAAAAG,............((((....))))......,49.49985382144476
GAAAAGCTTGTGTACATTGTACACCGAAAA,.........((((((...))))))......,49.49504798673771
AAAGGTGTCCATTTGTCAGCTATGGTCTAT,......(.((((.........)))).)...,49.49008552351282
GAAAAGCATATGCGTTCAATAGTGCGAAAA,(((..((....)).))).............,49.488312013695236
GAAAAGCGTTCTTATTGAGACGGCGAAAAG,.....((..((((...))))..))......,49.47190864266908
CGAAAAGGGTAGTTCCTATTTCACGAAAAG,.((((((((....)))).))))........,49.469045659826584
GAAAAGCAATCTGTCTTCAGGTTACGAAAA,.......((((((....)))))).......,49.46890358481918
GAAAAGATTAGTGTCTTTACTTGTCGAAAA,.....(((.((((....)))).))).....,49.45189398233903
ATCCGAAAAGCATTTCTACGCGAAAAGTGT,....((((....)))).((((.....)))),49.44841497956614
GAAAAGCGAAAGCTGATTATGTAGCGAAAA,....(((....)))................,49.44363182286217
GAAAAGCCGATATATCGTTTTGTGCGAAAA,..............((((.....))))...,49.443024261680364
GAAAAGCTCACATAAGCATTATTGCGAAAA,...............(((....))).....,49.43439485405647
GAAAAGAACGCTCTATTGTCCGTTTGAAAA,.....(((((..(....)..))))).....,49.432995634182575
GAAAAGAGGAAGATTTTTCTTCCCCGAAAA,.....(.((((((....)))))).).....,49.42095215996913
GAAAAGAATGTCTCTTGACTCACTCGAAAA,.........(((....)))...........,49.41765243145243
GAAAAGTACACTATTCTATTGAGTCGAAAA,............((((....))))......,49.4125410275382
GAAAAGAAGTCAATCTTTTGAGATCGAAAA,.....((..((((....))))..)).....,49.40746701020374
GAAAAGGATATTATTCTTGGTATTCGAAAA,.....((((((((....)))))))).....,49.40209704730743
GAAAAGTCGATACTTCTGGTTCTACGAAAA,.....((.((..(....)..)).)).....,49.399995394987705
AAAAAGCCATCTTCTTAGTTTCTGCGAAAA,...........(((.(((...))).)))..,49.38663709056042
GAAAAGTGCACTGTTATACAGCCATGAAAA,.....(((..((((...)))).))).....,49.385807758369516
GAAAAGTGAAGTTATCTTAACCAGTGAAAA,.....((.(((....))).)).........,49.37344628586071
ATACGAAAAGTCCTTTCGAGCGAAAAGCAG,...(((((.....))))).((.....))..,49.37029496361776
GAAAAGCAATATCTTTTGATCCGGCGAAAA,.....((...(((....)))...)).....,49.363614400160145
GAAAAGTAAGCATTCTGCTGTTATCGAAAA,........((((...))))...........,49.3493460545686
GAAAAGTGGCTGTCTTCATCACTACGAAAA,....(((((.((....))))))).......,49.3416180562416
GAAAAGGAAATATCCACTATTTAGCGAAAA,.....(((....)))...............,49.33428585463258
GAAAAGCGTTTCCGTTGGTGCTATGCGAAA,.....((((..((....).)..))))....,49.332336062868826
GAAAAGTAGTGCTTCTGCGTTCTGCGAAAA,.....(((((((....)))..)))).....,49.33087139752247
GAAAAGGTCTGTCTTCAGTACTCCCGAAAA,....((..(((....)))..))........,49.32900299808807
ACGAAAAGAGGAGTCGTACTATCGAAAAGT,.............(((......))).....,49.32731988107607
CGAAAAGCCTTTCATTTGGTAGCCGAAAAG,......(((........)))..........,49.32138670305578
GAAAAGCTTACACATCGTTTACCGCGAAAA,..............((((.....))))...,49.317359378901614
GAAAAGCTTTGGCTTGTCCTTACGCGAAAA,((.((((....)))).))............,49.31518528855203
GAAAAGAGTTAGTACTCATTAAATCGAAAA,.....((((....)))).............,49.30838480857386
ATGCGAAAAGCATTAATCAGCGAAAAGTGT,((((.....)))).................,49.3000446254561
GAAAAGATGTTAGTATTTTGAAATCGAAAA,.....(((.((((....)))).))).....,49.29410905792024
GAAAAGTGTGTTCTTGCCACTAAACGAAAA,....((((.((....)))))).........,49.28671336125721
GCGAAAAGCGGACTTTATTCCACGAAAAGA,((.....))(((......))).........,49.279131698682235
GCAGTGAAAAGCATTTTTGCGAAAATCGGA,..........(((....)))..........,49.27659793625291
GAAAAGAGTGCATTTGCTTCACCTCGAAAA,.....(((.((....)))))..........,49.2703595626776
GAAAAGATGTTGGTCATTGACCCTCGAAAA,........(..((((...))))..).....,49.24958780652225
GAAAAGGGGCCAATCTTTTGCACTCGAAAA,.....(((..(((....)))..))).....,49.24708959943745
TAGGAAAAGTAGCTAGTCTTCGAAGGAATT,..................(((....)))..,49.24671074691359
GAAAAGAGTGTTGTTACGCTGTCTCGAAAA,((..(.(((((....))))).).)).....,49.246603635597495
CGAAAAGCATATCTTTTGAGTTGTGAAAAG,......(((..((....))..)))......,49.24444482906509
TGCCGAAAAGCATATTGTGCGAAAAGCGCG,(((......)))....((((.....)))).,49.24109689143424
AAAAGGTATTCTTATTGGGTTACTGAAAAG,....((((.(((....))).))))......,49.237280574256786
GAAAAGATAAAACAATTTGTTGTGCGAAAA,...............(((((...)))))..,49.23111882386068
GAAAAGTATAAGGAAATATCCCATCGAAAA,...........(((....))).........,49.22114633636389
CGAAAAGTTTAGAGATCGGATAACGAAAAG,...............(((.....)))....,49.20807883519078
GCGAAAAGGCGTTGGAATGTGCCGAAAAGT,((......)).((((......)))).....,49.20580551313006
GAAAAGATATCTAATCCTCGGAATCGAAAA,.................(((....)))...,49.20128624420025
GAAAAGATATTAAGCCCCCGCTTTCGAAAA,...........((((....)))).......,49.20116710239189
GAAAAGATGTCTTCTATGATGCATTGAAAA,.....(((((..((...)).))))).....,49.19636722560009
CGAAAAGTAATCTCTTGAGTGTTCGAAAAG,((((......((....))...)))).....,49.19264119346486
CGAAAAGATATAAATCGTTAGCTCGAAAAG,..............(((......)))....,49.17952453008802
GAAAAGGATATTCGTCATTTGACCCGAAAA,.............(((....))).......,49.17540951336373
GCATCGAAAAAAGTTTTCTTGAAAAGAGGT,((.((.....(((....))).....)).)),49.16248430697779
AAAAGCTGGAATTTCTAGCCCTACGAAAAG,....((((((...))))))...........,49.152643914680525
GCGAAAAGAAATATTCTTGGTTCGAAAAGT,.(((((((((...)))))..))))......,49.14632474606303
GAAAAGTTATAGAGTCTTCTCTACCGAAAA,.........(((((....))))).......,49.13626765036389
GAAAAGTAAAGAATTGTTTCGCTGCGAAAA,.....(((..(((....)))..))).....,49.13614093710284
GAAAAGCAAAACATTCGTTTCTTGTGAAAA,.................((((....)))).,49.11523033455917
GAAAAGCTACTTTATTAAGGATCGCGAAAA,.....((..(((....)))....)).....,49.11413861197306
GAAAAGCTAGATGCTTAGCATTTGTGAAAA,.......(((((((...)))))))......,49.10273584385181
GAAAAGATGCTATCCTAATTGCTTTGAAAA,........((..........))........,49.10113250630721
GAAAAGGTGTTCATCCTTTCAACCCGAAAA,((((.((.......))))))..........,49.10099025384454
GAAAAGCCATGATTTCCATTGTTGCGAAAA,............((((((....)).)))).,49.0869858189906
GAAAAGCTCGTAATGTTTTCGATGCGAAAA,.......(((((.((....)).)))))...,49.081481775099974
GAAAAGCCTATTATATTGCTAATGCGAAAA,...............((((....))))...,49.079038519473286
GAAAAGAACTTGGCTTTTGCCTTTCGAAAA,.....(((...(((....))).))).....,49.0789926672638
ACGAAAAGATTTCTATCCGAGTCGAAAAGT,.(((...(((....)))....)))......,49.06240907220688
GAAAAAGTTTTCCCTTGGGCAATCGAAAAG,......((((......))))..........,49.05372443994168
CCGAAAAGATTCTGTCATGATCGAAAAGAT,.(((..((((...))).)..))).......,49.05267383579838
GAAAAGACAGCGGTTGTTTTCTGTCGAAAA,.....(((((.((....)).))))).....,49.05236181420201
GAAAAGATCCGTTACCTCGTAAATCGAAAA,................(((.....)))...,49.049272000674456
GAAAAGGTGGGTTTTAGGCTTCACCGAAAA,.....((((((((...))).))))).....,49.04823523282926
ATCGAAACGTGTACTATTAAGCGAAAAGCT,...................(((.....))),49.03761143464639
GAAAAGTGGCGGATTATCCGTTTCCGAAAA,.....(.((((((...)))))).)......,49.02273191210975
GAAAAGTCTCCTATGTTTGGGTAACGAAAA,.....((..((((....))))..)).....,49.01917458516327
GAAAAGGGCTATATTGATAATGCGTGAAAA,.......((............)).......,49.01361183438623
GAAGGTCTATCGTCTCAGCTAGGTGTCCAC,...((.(.(((..........)))).))..,48.99132266076775
GTGCGAAAAGTACAATCTACGAAAAGTTTC,((((.....)))).................,48.982953684924766
ACTGAAAAGGATTAACATTGCCGAAAAGGT,...................(((.....))),48.97044770460775
GAAAAGATGGCTCTATTGATACATTGAAAA,.....((((..((....))..)))).....,48.96801998366183
GAAAAGCAAGAGTATCTCGTTCCGCGAAAA,................((((...))))...,48.96755085540549
GAAAAACAGCATTTTGCAAAGTTGTGAAAA,.....(((((..........))))).....,48.963001922414726
CGAAAAACGTTGAGTAGCTCTAGAGAAAAG,...........(((...)))..........,48.94996188034936
CGAAAAGCGTCAATCTTTTTCCGCGAAAAG,......(((..((....))..)))......,48.93666050005982
GAAAAGGTAGTCATCTTGACTGCTCGAAAA,.....((((((((...))))))))......,48.912794609169865
CTAGGTGTCCCTGGCTTGTTCACGGTCTAT,(((((....)))))................,48.907997839743196
GAAAAGGGAGCTTGTTTTCCAGCCCGAAAA,......((.(((.(....).))))).....,48.89346522054028
TCGAAAAGCCCTCGTTTCATTGCGAAAAGA,...........((((......)))).....,48.8746218920481
GAAAAGCAACATAGCTCGTGTATTCGAAAA,.....((......))(((......)))...,48.87355827643786
CGAAAAGCTTTTATCTCGGTCCGCGAAAAG,...............(((.....)))....,48.866876214069194
GAAAAGGCGCATCTTTGTTAAGCACGAAAA,......(((((....)))...)).......,48.8511383587402
GAAAAGGAGTTGCTTGTATCCATCCGAAAA,.....(((..........))).........,48.84713865780277
GAAAAGCCTAAGCCTCGTTATATGCGAAAA,..............((((.....))))...,48.844432955662796
GAAAAGTTGCGCTTCTTAGAGCATCGAAAA,.....(.(((.((....)).))).).....,48.844342217771725
GAAAAGTAACTATGTTTAGTAAGCGAAAAG,........((((....))))..........,48.84245818338289
GAAAAGCAGCTTATATTTACAGTGCGAAAA,.....(((.((((....)).))))).....,48.82709600796919
GAAAAGTGAGGTTTCTACTTCCTACGAAAA,....((.(((((....))))))).......,48.81683136767745
CCGAAAAGGTTTCAACATTAAGTCCGAAAA,((.....)).....................,48.81021729511712
GAAAAGCTGGCTCTTGTCAACTCGCGAAAA,....((.((((....)))).))........,48.80652052472075
CGAAAAGAGGTTTTGAACTTCGAAAAGTAG,......((((((...)))))).........,48.791052850943785
AAAAGTGTTATCTGTGATGTTACGAAAAGT,....(((.((((...)))).))).......,48.79035652724261
CAGTACGAAAAGATACGCGAAAAGCTATTG,...........((((.((.....)))))).,48.770848746598155
GAAAAGATGCTTACTAATATGCTACGAAGA,........((..........))........,48.76890323434236
GAAAAGAGTCTTGTGCATTCTGCTCGAAAA,((..((((((....).)))))..)).....,48.764554052219125
GAAAAGGGATCTTTCTCCGAATCACGAAAA,((...((((....)).))...)).......,48.761978584270835
GAAAAGGGTCGTTTCTGCTTACCCCGAAAA,.....((((.((....))..))))......,48.74647892438948
CGAAAAGCCTATTTGTCGTTGTGCGAAAAG,...............((((...))))....,48.74195380299864
GAAAGGAGTGATATTCATGTAGATCGAAAA,((.....((((...)))).....)).....,48.740688237134854
GAAAAGCTCGTTCTGTGATTTGCGAAAAGG,.......((((..........)))).....,48.73987647406322
GAAAAGTAAGGATAGCTTCCATCACGAAAA,.........(((.....)))..........,48.73831635714348
GAAAAGTCTTGTGATTCTTCACCGCGAAAA,(((.((((....)))).)))..........,48.729888195521184
GAAAAGATGTTAGTCTTTCGTCATCGAAAA,...(((((....)))))(((....)))...,48.72438659129641
GAAAAGCTCTCTCACTTGTTGTTGCGAAAA,...............((((....))))...,48.71957621338282
GAAAAAGTTGCTTCCCTTAGATACTGAAAA,.....(((..((......))..))).....,48.71887195613745
ACGAAAAGTGTTCATCGTTAAACGAAAAGT,..............((((...)))).....,48.71321820600273
CGAAAAGATACCTCGTTACGCGTCGAAAAG,............(((........)))....,48.7049632626214
GAAAAGAGTATATTCTCGAGAAACCGAAAA,.....(((......))).............,48.70249306433498
GAAAAGAGTATATCTCAGATAGTTCGAAAA,.....(((.....)))..............,48.70246149627889
GAAAAGGCTTAGCCTATCGTTGTCCGAAAA,....((((...)))).(((.....)))...,48.69871791078294
GAAAAGCTCGTTCCATGATTTGCGAAAAGG,.......((((..........)))).....,48.69406321833104
GCGAAAAGTGCAATTATTGACCCGAAAAGT,(((.....)))...................,48.69227104654479
CGAAAAGTAAATCTCGTAGTAATCGAAAAG,.............(((.......)))....,48.68978297282613
GAAAAGCAGTTTTTAATGTGAAAAGTCGTC,.....(((.((((((...)))))).).)).,48.687468128443136
GAAAAGATTCTAGGCCTTCGTAATCGAAAA,................((((....))))..,48.677073941935916
GAAAAGTAATCTCTTGGTAGCATACGAAAA,.....((.(((....))).)).........,48.662442937686585
GAAAAGCATGGATTTTAAATCCCCCGAAAA,.........(((((...)))))........,48.66082103923158
GAAAAGGTAACTATTGTTGAGATCCGAAAA,.....((((((....))))....)).....,48.65756565935548
GAAAAGGGATATATTCGCAAATCACGAAAA,.....(.((.....)).)............,48.63654158407927
GAAAAGTGTCACGTGTTCTTGATGCGAAAA,.....((((((.(....).)))))).....,48.62659806071272
GCGAAAAGCGACTTTGTCTAAGTGAAAAGT,((.....)).(((((.((.....))))))),48.61169379091501
GAAAAGCAGATTACCCTTGTTAGGCGCAAA,..............(((....)))......,48.6073478377557
GAAAAGTAATTTGCTGTCAAAGTCCGAAAA,((..((((...)))).))............,48.60721396680803
GAAAAGAACTCCATATTTGCAGTCCGAAAA,.......(((.((....)).))).......,48.60681405146201
GTTGGGGTCTATTCATAGGTGTCTGCATCG,((.((.(((((....))))).)).))....,48.586549174011125
GAAAAGACATCATCTTTGATTGTTCGAAAA,.....(((((((....))).))))......,48.58353281603962
CGAAAAGTATTGCTTTAACAGCCGAAAAGG,...(((((...))))).....((.....)),48.5798082812542
GAAAAGCTGTGTTCTTGTGAACAACGAAAA,.........(((((....))))).......,48.578910091238114
GGCGAAAAGTTTGGTTCATGTCGAAAAGAC,...................(((.....))),48.57642722072524
GAAAAGATAAATTGGGCTTGTTAGTGAAAA,...............(((....))).....,48.567415790120265
CGAAAAAGGATCTTGTTAGCGCCTGAAAAG,......(((..((....))..)))......,48.54176202550349
TGAAAAGGCTATCTGCATTTCGCCGAAAAG,.((((..((.....)).)))).........,48.537042851311796
GAAAAGATGTGTTGTAACCACCGAAAAGTC,........(((.......))).........,48.5351540327886
GAAAAGAAATTATGGATATACTTCCGAAAA,.............(((......))).....,48.52616938344766
GAAAAGGCTTACCTTGTCCGTACCCGAAAA,((.((((....)))).))............,48.52522131164528
GAGTTGGATCGAACTGAAAAGATCATTCTT,((((..((((..........))))))))..,48.52429886029251
GAAAAGCTATCCTGGATTCTTCCGCGAAAA,.........((.((((....)))).))...,48.51806861977783
GAAAAGGGGACCATGTTTGATTCACGAAAA,.......(((.((....)).))).......,48.51194167311412
GAAAAGGGATTGTGTTTAATCGCCCGAAAA,.....(((((((....))))).))......,48.50133532707879
ACCGAAAAGGTATTTATACTGAAAAGCTGT,(((.....)))...................,48.495051381911075
GAAAAAGTAGAATGGTATTCCATCTGAAAA,.......((((.(((....)))))))....,48.48616180011618
GAAAAGCTAGGGTTTGTATGCTAGTGAAAA,.....(((((.((....)).))))).....,48.48262925258948
GTGAAAAGTCCTTTTGCTAAGACGAAAAAT,((((((.....)))))).............,48.46629452669152
GAAAAGCTAGTAGCTCTTGTTCAGCGAAAA,.....(((.(.(((....))))))).....,48.45476686644184
GAAAAGTGGGTGTTTCCAGTATCACGAAAA,....(.((((....)))).)..........,48.45167048922076
GAAAAGTCAGTTGTTTGCACTGTTCGAAAA,(((.((((((....))).))).))).....,48.45000556806045
GCCGAAAAGGTATTTACTAGACGAAAAGGT,(((.....)))...................,48.43918236328009
GAAAAGTCGTGTTTATGTACTCAGCGAAAA,......((((.............))))...,48.43871415381048
GAAAAGGGTTTGCCCGTATTAATCCGAAAA,.....(((....)))...............,48.43777290303703
TGAAAAGCCTAGCATCTTGTTGGCGAAAAG,......(((.((((...)))))))......,48.43468974905758
GAAAAGTTGACACGTTGTCTGTCTCGAAAA,........((((.(....))))).......,48.42230459147936
TGCGAAAAGTACACAACATAACGAAAAGTA,(((.....)))...................,48.41067988982049
CGAAAAGAATCATCGTAATTATCGAAAAGG,............(((.......))).....,48.401886607968976
GATAGGCGAAAAGTCCACGAAAAGTTCATT,....(((.....)))...............,48.3954253812161
GAAAAGAAGGACTTCTGTCACGTTCGAAAA,.....(((((((....))).).))).....,48.39482495136113
GAAAAGGGAACTTCCTTCGGTTACCGAAAA,.....((((...))))((((...))))...,48.38725690976496
GAAAAGCGTTGTGGTTACCATTTGCGAAAA,.....(((..((((...)))).))).....,48.38088891613066
GAAAAGAATGGAGCTTAGTTCTATCGAAAA,.......(((((((...)))))))......,48.37876073191461
GAAAAGGATATTCTCCATGAAGAACGAAAA,.....(((.....)))..............,48.37758810850046
GTGCGAAAAGATTTATACATCGAAAAGATA,..................(((.....))).,48.37736522657731
GAAAAGAGAGCTGTTCTTTTGCTCCGAAAA,.......((((.........))))......,48.37702285881074
GAAAAGTACTGGCAATTTGCCAACCGAAAA,.........(((((...)))))........,48.367251106941595
GAAAAGGAATTACTATTGTATGTACGAAAA,..........(((....)))..........,48.36111962260174
GAAAAGATTAGCATATAATGCACTCGAAAA,..........((((...)))).........,48.360396635788675
GAAAAGGAATTGTTTGTGCTAGGCCGAAAA,.....((..(.((....)).)..)).....,48.358019579567255
GCCGAAAAGATATATTGTCATCGAAAAGCC,..(((...((((...)))).))).......,48.351782993607486
CTGAAAAGTGTTTTTCTGGATACGAAAAAG,.......((((((....)))))).......,48.34650255879552
AATCGAAAAGATAACGTTAACGAAAAGAGT,.(((.....)))..................,48.33673669273658
GAAAAGGACATTTTGTTGGATGCCCGAAAA,.....((.(((((....))))).)).....,48.326780573525596
GAAAAGGATATATTAGGATACCTCCGAAAA,...............(((....))).....,48.323207598568274
GAAAAGCGAGTTGTTTTGTAACGGCGAAAA,.........((((((....)))))).....,48.306072758256136
GAAAAGGCAAATTACGTTTCTTGGCGAAAA,..............((((....))))....,48.29496688774223
GAAAAGGCATTGTCTCCACTCCGAAAAGGT,....((((...)))).....((.....)).,48.28358851367958
GTGCGAAAAGTACTTAGTTCGAAAAGTTGA,((((.....)))).................,48.26655671562173
GAAAAGGGTTATCTTCTGGTGTGCCGAAAA,......(((((((....)))).))).....,48.265622992216855
TGCGAAAAGCATTGATTAAAGCGAAAAGTA,(((.....)))...................,48.264987731165675
TGAAAAGGATTTATATGCAGTTCCGAAAAG,......(((............)))......,48.25823406345545
GAAAAGTAGATGTTTTTGCGTGTACGAAAA,.....(((.((((....)))).))).....,48.254415072565365
GAAAAGTAAAGGTGTTCCTTCATACGAAAA,.....(((((((....))))..))).....,48.252756698541376
GAAAAGTCAATATCTTGGCATTGCCGAAAA,..............(((((...)))))...,48.25118919785875
GAAAAGTAACGTATTTAGTACGGTCGAAAA,.........(((((...)))))........,48.24965380961709
GAAAAGTGGTCATCCTATGTATATCGAAAA,.......((....))...............,48.24004279394228
CGAAAAGATTACATCGTGGATATCGAAAAG,.............(((.......)))....,48.23936654271136
GAAAAGATATCTGTATTGCGGATACGAAAA,.......(((((((...)))))))......,48.238272139911075
GAAAAGTATTTGCTTTAGCTTCAACGAAAA,..(((((....)))))..............,48.236300108589646
GAAAAGCTCTTGTGATAGTTTCTGCGAAAA,((((...((....))...))))........,48.23513060545483
GAAAAGCATTAGCCCATATCTACGCGAAAA,.....((....)).................,48.22629793838593
GAAAAGAATGTGCTTTTGTTGATTCGAAAA,.....((((..((....))..)))).....,48.2253453219435
GAAAAGCATATTCTTCCGCTTGTGCGAAGA,...........(((((.((....))))))),48.214187910727304
GAAAAGAAAATGTCTCTGACTATGCGAAAA,...........(((...)))..........,48.21281650727218
GAAAAGGGAAGTATCCATACTCTACGAAAA,......(((....)))..............,48.204239260844886
CGAAAAGATCATATCGTAGCAATCGAAAAG,.............(((.......)))....,48.201228888374374
GAAAAGTAAGCATTCCGCTGTTATCGAAAA,........(((.....)))...........,48.18487530160553
GAAAAGTATTCAATGGTTCGTATACGAAAA,................((((....))))..,48.16083810400756
GGAGGTCTATTCATCGAATCAGGTGTCCGC,(((.((((((((...)))).)))).)))..,48.15704451357965
GAAAAGAGTTATCCTCAAAATAGTCGAAAA,.....(((.....)))..............,48.15162903743723
GAAAAGGAATCTTGTTAGATTGTCCGAAAA,.....(((((((....))))..))).....,48.14602912863636
GAAAAGAATTGCTTTTGCAACTATCGAAAA,........((((....))))..........,48.14479320365365
GAAAAGGTGTTTCTTTGTCTGTACCGAAAA,(((((((....))))).))...........,48.14080121697718
GAAAAGCAGTGTCTTTGTTGAGCGCGAAAA,........(((.(((....)))))).....,48.139336940575674
GAAAAGCTGGTTCTTCGGTTACTGCGAAAA,....((((((....))))))..........,48.13878085136575
GAAAAGGATTCTCTGCTCGAAATTCGAAAA,................((((...))))...,48.13637713197285
GAAAAGTAACTATTCTTAGTGCAACGAAAA,.....(((.(((....))))))........,48.12835635203783
GAAAAGGGGCTTCTTCAGATACAACGAAAA,.....((((...))))..............,48.12679899747178
GAAAAGAGGTTTGCTCATAGTTCTCGAAAA,.....(((.....)))..............,48.126216804911564
GAAAAGCATGGTTGTTACTGTCTGCGAAAA,.....(((.(((....)))...))).....,48.12174922224121
GAAAAGAAGCTCATTTGAATTTCGAAAAGG,.....((((.((....)).)))).......,48.11981836190571
GAAAAGATGTGCTCTTGAGCATTTTGAAAA,...(((((((.(....).))))))).....,48.112735139214664
GAAAAGTGGATTTCCATAACGCCATGAAAA,.....((((....)))).............,48.11139692262923
GAAAAGTAGCATCTTGCATGTCTCGAAAAG,........(((...))).............,48.1101832795252
AAAAGGGAGATGTGTTTATTCACCGAAAAG,....((..((((....))))..))......,48.10561349527172
GAAAAGCACCCTATTTTTAGCATGCGAAAA,.....(((..(((....)))..))).....,48.1053770199436
AAAAATGTCGTTATTGCGTTCATGAAAAGT,....(((.(((....)))..))).......,48.09891875410363
CAGGAGTGGTCACATGGCATTGTGTCTTCG,.....(.((.((((......)))).)).).,48.08930509069846
GAAAAGCTTAATCTCTGCTGCCTGCGAAAA,....(((.........)))...........,48.08688354182663
GATGAAAAGTTCCTGTGTACGAAAAATACG,..............((((.......)))).,48.08638284641599
GAAAAGCATGTTCTTGTGATCGCGCGAAAA,.....((.((.((....)).)).)).....,48.07711292129013
CGAAAAGCCTTGCTCTGCCAATACGAAAAG,.....(((...)))................,48.07353571917544
ATATCGAAAAGATCACGAACGAAAAGATTT,..(((.....))).................,48.06659293984925
GAAAAGCCCCTATTCTCGTTAGAGCGAAAA,...............((((....))))...,48.06438975009719
GAAAAGCCTCCTGTCTTTAGTGGTGAAAAG,.....(((..(((....))).)))......,48.06021070873427
GAAAAGCATCTGTTTATCTTATTGCGAAAA,((.((((....)))).))............,48.05965433996832
GAAAAGATAGAAATTCTTCGTTGTCGAAAA,................((((....))))..,48.05742204976224
GAAAAGGGATATTATTGCTGAACCGAAAAG,....((.(((...))).))...........,48.055630219759266
GAAAAGACAATAATCATCGTTCGTCGAAAA,................(((.....)))...,48.05434237875353
GAAAAGCTTACAATATTTGTCCAGTGAAAA,.....(((.((((...))))..))).....,48.04422444680249
GAAAAACTGCAGGTTATCCTTCCGTGAAAA,.....((.(.(((....))).).)).....,48.03370829641499
ATGGTACATCGAACTGAAAAGACGTATTAT,(((((((.((..........)).))))))),48.03332942934499
GAAAAGCTTAAAAGTTTGCCTATGCGAAAA,..............(((((....)))))..,48.02065364185559
AACTTGCGAAAAGCATACGAAAAGCCATTT,....(((.....)))...............,48.018838907738356
GAAAAGTCGTGCTTTAGGTACTCGCGAAAA,........(((((...))))).........,48.018761427964314
GAAAAGTCGTTATGTTTAAAATGCGAAAAG,......((((............))))....,48.01760625612474
GAAAAGGGGTTACCTGTTATCTTCCGAAAA,((.((.(((...))).)).)).........,48.0136971156322
GAAAAGTCAGGTCTTCTTGATCAACGCAAA,.....((((((....)))))).........,48.00605287396493
GAAAAGAATGTTTAGCATAACCGTCGAAAA,((.....((((...)))).....)).....,47.996023910853545
GAAAAGGATTGGATCCATCTCATCTGAGAA,.....((((...)))).((((....)))).,47.98633480519186
ATTATCCGAAAAGCGTGCGAAAAGTATACT,...........((.((((.....)))).)),47.98191331276968
GAAAAGGAGATACTTCTCGAATCCCGAAAA,......((((....))))............,47.981833940116715
GAAAAGGTGTGTTCTGGTTCTTACCGAAAA,...........(((.(((....))))))..,47.979382174848425
GAAAAGCAGAAAACTTGTGTATTGCGAAAA,.....((((...((....)).)))).....,47.976727707304164
GAAAAGCTGTTATTATATGCCTCGCGAAAA,((...(((((....))).)).)).......,47.974518698882164
GTTATCGAAAAGTGTCTGCGAAAAGTAGAC,.............((((((.....)))))),47.972556818256066
GAAAAGTGTCATTGTTATGTCTGCGAAAAG,.....(((.(((....))).).))......,47.96991498035229
GAAAAGAGATTCATATCGTTAGCTCGAAAA,...............(((......)))...,47.967870837136275
GAAAAGGATTCTTGTTGTACTTCCGAAAAG,.....(((.............)))......,47.961166858638165
GAAAAGAGCTTGCCTTTATTCGCTCGAAAA,.....((((............)))).....,47.94789673917596
GAAAAGCATCTACTCTTGTCTTGCGAAAAG,.....(((...((....))..)))......,47.9347101116776
GAAAAGTGAGTATAATTACTCGCACGAAAA,.....(((((((....))))))).......,47.93225529818341
CATCGAAAAGATTTATGACCGAAAAGATTG,.(((.....)))..................,47.924726452296554
CATGAAAAGTCATCGTTATGTCGAAAAGGG,............(((......)))......,47.919939856471196
GAAAAGCATGCACTCTCGTTCATCCGAAAA,...............(((......)))...,47.91993774252673
GAAAAGCTAATGTTACTTTCCAAGCGAAAA,(((((((....)))..))))..........,47.910754425941576
TCGAAAAGGATTCGTCGCTCTCCGAAAAGA,..........((((........))))....,47.90909668755204
GAAAAGCATTAGGTCTTCCTTCTGTGAAAA,.....(((..(((....)))..))).....,47.89890237564296
CCGAAAAGGGCATATTACAAAGACTGAAAA,((.....)).....................,47.896202984192755
GAAAAGCGGATTTTGTTCATTGAGCGAAAA,..........((((((((...)))))))).,47.89465829877142
GAAAAGAATGAACACTTAGTGTCTCGAAAA,.........((((((...)))).)).....,47.88391319381387
GAAAAGTGCTCATGCCAATTGTGTCGAAAA,.....(.((....)))..............,47.87375155770508
GAAAAGAATGAAGGTTCCCTTCTGCGAAAA,.........(((((...)))))........,47.8693195754592
AAGCGAAAAGAAAACTATCGAAAAGATCTG,................(((.....)))...,47.867922791479835
CACGAAAAGTCAGCTTAATTGCGAAAAGGG,............((......))........,47.86765694494322
GAAAAGAAGTTTGTGCTCTACACTCGAAAA,....(((.((....)))))...........,47.86208415782991
GAAAAGCGGTATGATTTCGTACCTCGAAAA,.......((((((....)))))).......,47.85491670141543
GAAAAGTGGATTGTTCTCAATCGATGAAAA,.....((.(((((....))))).)).....,47.85295075342787
GAAAAGGAACATTTGTTCTGCTTCCGAAAA,(((..(((((....)))))..)))......,47.844742022022636
GAAAAGCACATGCTACATTTGAGCGAAAAG,....(((....)))................,47.84002824242715
GAAAAGGATTTTATGCTCTGTTCCGAAAAG,.....(((.............)))......,47.82935893582997
AAAAGCGATTATTCTTGATCTTGCGAAAAG,....(((((((....)))))..))......,47.816270860790496
CGAAAAGCTAATATCGTGATTATCGAAAAG,.............(((.......)))....,47.81331312936592
GAAAAGTTTTGCATACGCCCACAACGAAAA,..........((....))............,47.812382480564445
GAAAAGGGATAAATTCCAGTTACTCGAAAA,......(((.....))).............,47.79937957630914
CGAAAAGCAGTGTTATTCAACGTGAAAAGG,.(((.(((...))).)))............,47.790605277579886
TTCGAAAAACTGCACATGTTGTGAAAAGAT,............((((...)))).......,47.78221483942414
GAAAAGGAGTTGCTCCCCCCACTTCGAAAA,.....((((...))))..............,47.78199929805008
GAAAAGGATAATTATGCTGCTTCCGAAAAG,.....(((.............)))......,47.77895889616896
CGAAAAGGCTTCACAGTATTTGCTGAAAAG,........(((..((((....))))..))),47.77290914042172
CGAAAAGTTTCTCGTGCCGTAATCGAAAAG,...........(((.........)))....,47.74910679013589
CCGAAAAGATCTTCTTATGTTCGAAAAGCG,.((((((((...))))...)))).......,47.748591818652216
GAAAAGTGTTAGTATTACTGACTGCGAAAA,.....((((((((...)))))).)).....,47.740165526611634
GAAAAGTTAAGCATCTTGCTGTACCGAAAA,.....((..((((...))))..))......,47.73905337774333
GAAAAGACGGGAATATTATTCCTACGAAAA,........((((((...)))))).......,47.72508332687436
GAAAAGCAATTGTATTCGTGTTTGCGAAAA,..............(((((....)))))..,47.72058256562773
GAAAAGCTGGCATTCTTCTGACACCGAAAA,.......(((...((....))..)))....,47.71698179851548
GAAAAGCTTTGATATTCGTATTAGCGAAAA,..............(((((....)))))..,47.7129219385818
GAAAAGAGCTATGTATGAGAAACTCGAAAA,................(((...))).....,47.688399668425504
GAAAAGAGGTTTCTATTAGAGACGCGAAAA,........((((((...)))))).......,47.681905083437
GAAAAGGTATGAGCTCTTGTTCAACGAAAA,......((.(((((....))))))).....,47.68047152269847
CGAAAAGGTATATCATCGCATTACGAAAAG,...............(((.....)))....,47.6694827320373
AGCGAAAAGGCAGTCTATTCACGAAAAGAT,.((......))...................,47.650402816228734
GAAAAGTCTGTATCCTTGCTTCAGCGAAAA,...............((((....))))...,47.6387866795787
CGAAAAAGGGAATTTTGCTTAGCTGAAAAG,.....(((.((...)).)))..........,47.63681501193457
GAAAAGCACTCTCGTTTACCGCTGCGAAAA,...........((((........))))...,47.627630520552835
GAAAAGCTAATGTCCCTGCTCCTGCGAAAA,................(((....)))....,47.62581411844967
GAAAAGCGAGATTGTTATGTTTAGCGAAAA,...........((((((....))))))...,47.62551728179609
GAAAAGCGTGGAATCTTTTGTGCGTGAAAA,.....(((((.((....)).))))).....,47.621938147481785
GAAAAGTTCATATAGCCTACTGGTCGAAAA,..............(((....)))......,47.61654835106644
GAAAAGCGGATTTCACTTGTGTGGCGAAAA,............((((....))))......,47.61360463081952
CGAAAAGGATCTTCCATAGTTACGAAAAGG,......(((...)))...............,47.605314427333205
GAAAAGTAGCATGTTTATGCCGTCCGAAAA,........((((....))))..........,47.605031384383324
CTGAAAAGGCTTAGTCTATTCCCGAAAAGG,..(((.((((...)))).)))((.....)),47.597687546393146
TGCGAAAAGGCTTGATTTATCCGAAAAGGA,.((......))........(((.....))),47.57963431721509
GAAAAAGAACTTGCTATGCGTATCTGAAAA,.....(((...(((...)))..))).....,47.5764120513266
GAAAAGTAGGTATTGCTTATAGCACGAAAA,.....((((((...))))))..........,47.57526504294389
GAAAAGGAGAATTTTGTAGTCATCCGAAAA,.....(((..(((....)))..))).....,47.57089524398905
GAAAAGCAGATTCTCGTATCACAGCGAAAA,.............((((......))))...,47.55847677413971
TAGCGAAAAGGCACTCTCCGAAAAGATCTA,..((......))..................,47.546253142934916
GAAAAGAACCTTCTTGTGATGCTTCGAAAA,.....(((.(.((....)).).))).....,47.54487719302192
CTTGACGAAAAGTTTTCCGAAAAGGATATG,...(((.....))).(((.....)))....,47.5419077822538
GAAAAGAGTTATTCGTTACGAGCTCGAAAA,.....((((...(((...))))))).....,47.54123739985155
GAAAAGCCGCATTCTTGTGTCTCGCGAAAA,....((.((((....)))).))........,47.53004116046585
GAAAAGAAACAGGTTTATCGGGTTCGAAAA,.................(((....)))...,47.52156589314923
GAAAAGGTGTCTATTGGACATTGCCGAAAA,.....(((((((...)))))))........,47.52045677940892
GAAAAGCAATAGATTCTTCATTGTCGAAAA,.....(((((.((....)))))))......,47.51928330055652
TGTATCCGAAAAGGGTACCGAAAAGTATCT,.((((((.....))))))............,47.49949727844557
GAAAAGGAAACATCCCATGTACTTCGAAAA,.....(((....)))...............,47.498985761833254
GTCGAAAAGTCTTATCAATACGAAAAGTAA,..................(((.....))).,47.49859364520797
GAAAAGCCCTCTCGTTTATCCCTGCGAAAA,...........((((........))))...,47.49819268340038
GAAAAGGGTTCACCTGTTGTTTACCGAAAA,....(((.....)))...............,47.49375511234811
GAAAAGACCAAGGTATTCTTGCGTTGAAAA,........(((.(((....))).)))....,47.49213488583781
GAAAAGCCCACTCGTTTATCCCTGCGAAAA,...........((((........))))...,47.4895824481348
GCGTATCGAAAAGGTACGAAAAGATATTGT,.((((((.....))))))............,47.482249583256824
TACGAAAAGGTCTCATTATACCGAAAAGAA,........(((........)))........,47.47751369511285
GAAAAGCATGCTGATGTTTGCATACGAAAA,.....(((.((....)).))).........,47.468735451884555
GAAAAGTCAGTCATTCTTGATAGTCGAAAA,.........((((....)))).........,47.46315330196977
CGAAAAGCGTTTTTGCAATAAGTCGAAAAG,(((...(((....)))......))).....,47.45153655648173
GAAAAGCGTTGGATTTCCTGTTGCGAAAAG,.....(((..((....))...)))......,47.44601559825874
GAAAAGTTGAACTTCTTGGTTGACGAAAAG,.....(((.((((....)))))))......,47.43962703893763
GAAAAGCTGGATCTTATTGAGATGCGAAAA,.......((.(((((...))))).))....,47.43766037520501
TGAAAAGAGGCTTGTTATGCGTCGAAAAGG,......((.((.......)).)).......,47.43266434592946
CGAAAAGCAAATCTCGTTTCCGCGAAAAGG,.............((((....)))).....,47.42677563349478
GAATCGAAAAGATTCGTTTCGAAAAGATTA,(((((.....)))))...............,47.42578784858779
GAAAAAGGATATACTTCCGTATACTGAAAA,......(((......)))............,47.425011234837555
GAAAAGATTCTTGCTCTTGCATATCGAAAA,.....(((...(((....))).))).....,47.42135291279712
GAAAAGATAGTTAGTCTTCGTTATCGAAAA,....((((.....))))(((....)))...,47.42014442492072
GAAAAGATAAGTCATCTTGCCTTTCGAAAA,((((.(.((((....))))).)))).....,47.4162932210555
GAAAAGCATTCTAGTCTTCTAGATCGAAAA,.........(((((....))))).......,47.41087947158158
GAAAAGCGGGCTATTTTTGGCGCGAGAAAA,......((.((((....)))).))......,47.409961370312544
GAAAAGATTTAGGGTTCTCTCTGTCGAAAA,.....(((..((((....))))))).....,47.4061728133954
GAAAAGTCCGTAACTTCTGTTCTGCGAAAA,........((((((....))..))))....,47.40332569812567
GAAAAGAGCATTTAGCTTATTGATCGAAAA,.....((((.....))))............,47.40281919236476
GAAAAGGATGTTGATTTCAGGTTCCGAAAA,.....(((..(((....)))..))).....,47.40239469249709
ACGAAAAGACTGCATATGTTGTCGAAAAGA,.......(((.((....)).))).......,47.396000422779515
GAAAAGATAAAACATGTTTGTTACCGAAAA,..........((((....))))........,47.386081210415924
TACGAAAAGATATCTCTGAATCGAAAAGAA,..(((..(((....)))...))).......,47.38418465196938
GAAAAGAAAGCATCTGTCAAGTTTCGAAAA,((((.....((....))....)))).....,47.36678665607509
GAAAAGTTGGGCATTGTTGTTTTACGAAAA,.....((.(((((....))))).)).....,47.354935224524425
GAAAAGCGTCTGTATCGTATTCCGCGAAAA,..............((((.....))))...,47.349058301881314
GAAAAGCGATAGTTGTTCATACTGCGAAAA,(((.(((....))).)))............,47.34583299135559
GAAAAGGCTTATCTTTAAGATGCCCGAAAA,.....(((..((((...)))))))......,47.339545327984325
GAAAAGCACTCTCGTTTACTGCTGCGAAAA,...........((((........))))...,47.33858105594197
GAAAAGTCACATATCGTAATATAGCGAAAA,.............((((......))))...,47.3374515998767
CGAAAAATGCCATTATTGGGCCTGAAAAGG,.........(((....))).(((....))),47.33502058270382
GAAAAGTCTTAGCCCTTGCATTAACGAAAA,...........((....))...........,47.33427018800792
GAAAAGCAGTTAGTTGTCTTTCTGTGAAAA,.....((((..((....))..)))).....,47.32496820854121
CGAAAAGCATGAGGTATTTTGTGCGAAAAG,......(((((((....)))))))......,47.319205848035864
GAAAAGGTATTTGCTTTAGACATCCGAAAA,...(((((....))))).............,47.31181377364082
GAAAAGGATATCCTTTGGACTGTGCGAAAA,..(((((....)))))..............,47.310687006693186
GAAAAGGTAGGCTGTTGTTCAATCCGAAAA,.....((..(((....)))....)).....,47.306747251674196
GAAAAGGAATCCTTAGTTATTGTCCGAAAA,...((((...))))................,47.30332999816851
GAAAAGCCACGTAGCTTAGTTATGCGAAAA,.......(.((((((...)))))).)....,47.298999541938116
GAAAAGAATTGTCTCTTGACTGTTTGAAAA,.....((((.(((....))).)))).....,47.298526312622386
GAAAAGCATTGAATTATTCAAACCGAAAAG,........(((((...))))).........,47.29762116180872
GAAAAGCTATCATGTTTGGATTGGCGAAAA,.....(((((((....)))..)))).....,47.2964871358288
GAAAAGGATTGTCTCTTGATAAACGAAAAG,......(.(((((....))))).)......,47.29248107961172
GAAGAGATACGTATGTTTACGCGTCGAAAA,.....(((.((((....)))).))).....,47.28748999624038
GAAAAACGGGCTTATTAAGTCCCGCGAAAA,......(((((((...))).))))......,47.28703957508269
GAAAAGCTCAATCATACTCGTCAGCGAAAA,.................(((....)))...,47.27936058118518
GAAAAGCCTGAATTATTGTGACGGTGAAAA,.....(((...((....))...))).....,47.27825209292237
GAAAAGGGTCGAATCTTTTGATCCCGAAAA,.....((((((((...))))))))......,47.27814595125437
CGAAAAGGATTACTTTGCGACTCCGAAAAG,((.((((.....)))).))...........,47.27523950747225
GAATCGAAAAGATAGTATCGAAAAGATGTA,..(((.....)))..((((.....))))..,47.2744621155145
TACGAAAAGTACTCAGTATAACGAAAAGTG,(((.....)))...................,47.265587240000485
GAAAAGCTATAAGCAATTTACCCGCGAAAA,.....(((...)))................,47.2639796752844
GAAAAGAACTGTATTATGCAGGTTGAAAAG,........(((((...))))).........,47.262501201646316
GAAAAGCTGGCTCTGTTGATTTAGCGCAAA,.....(((((.((....)).))))).....,47.25943803464557
TTAAAAGTTATGCCCCGTAAATACGAAAAG,...............(((....))).....,47.24715676315508
GCCGAAAAGCTCTATTTGTACCGAAAAGGT,((......)).........(((.....))),47.246677150254015
GAAAAGAGTCGTACTCTGTATGTTCGAAAA,.....(((.(((((...)))))))).....,47.24096158802804
GAAAAGAAAGGTCTTTTGACTTTACGAAAA,.......((((((....)))))).......,47.23439893265936
GAAAAGGGTCTGAATTTCAGAATTCGAAAA,.....((((((((...)))).)))).....,47.233993126334745
GAAAAGAATGATGCATTGTGTCTTCGAAAA,.....(((.(((((...)))))))).....,47.23244127298348
GAAAAGCTAGAGGGTTCTTCCTGTCGAAAA,......(.(.((((....)))).).)....,47.225743696433696
GAAAAGTACTACGTTTTCCTAGTGCGAAAA,.....((((((.(....).)))))).....,47.22397874529317
GAAAAGATTCAACCTCTTGGTCATCGAAAA,.....(((...(((....))).))).....,47.212588428454936
GAAAAGTGTTATCTTCTGGCAATACGAAAA,.....(((((.((....)).))))).....,47.21233570590634
GACGAAAAGTCTTCTTTAAGCCGAAAAGTA,(((.....)))...................,47.18790148036422
GAAAAGCTTTAGATCGTATAATGGCGAAAA,.............((((......))))...,47.18513455982681
GAAAAGCATGATAGATTCTAGTAGCGAAAA,.....((....(((...)))...)).....,47.184603034647814
GAGCGAAAAGTTCTACATACGAAAAGTCTT,((((.....)))).................,47.18454695440158
GAAAAGGTATAGCAGATTTCTGCTCGAAAA,..........(((((....)))))......,47.17270990397936
CGAAAAGATTATTGTCGGAGATTCGAAAAG,((((..(((....))).....)))).....,47.15971579939828
ATGTAGCGAAAAGTGTGTACGAAAAGTAAT,.................(((.....)))..,47.15966815557698
GAAAAGAGTGCTTGCTTACATCCTCGAAAA,.....((((....)))).............,47.15877678570434
AAAAGAGTGCTTGCTTACATCCTCGAAAAG,....((((....))))..............,47.15877678570434
GTCGAAAAGTCTAATCAATACGAAAAGTAA,..................(((.....))).,47.158237167907714
GAAAAGATAATAACTTGTTGGTACCGAAAA,............(((....)))........,47.156771151127984
GAAAAGCTGTTTGTTCTTAGACATCGAAAA,.......((((((....)))))).......,47.154133835279296
TGTAAAGCGAAAAGCTTAACGAAAAGCTCA,(((.((((.....)))).))).........,47.150927858089524
TCCGAAAAGCTTAATTACCTGCGAAAAGTA,........((..........))........,47.14409221716228
GAAAAGCATTATCGTAGATTCTGGCGAAAA,...........((((........))))...,47.144025417605896
GAAAAGCACATTCTTGTTCTATAGCGAAAA,....((.(((....))).))..........,47.13303819182216
GAAAAGCGATGTCTTCTGCCTACGCGAAAA,.....(((..(.(....).)..))).....,47.13230203428439
GCGAAAAGGCTTTATCAAATTCCGAAAAGT,((......))....................,47.126735332246696
GAAAAGCCGCTTTTGTGAGTAGTGCGAAAA,.....(((((((....)))).).)).....,47.1247041231648
GAAAAGTAAGGAGTGTCTCCATTGCGAAAA,.....((((((((...)))).)))).....,47.11121297743693
GAAAAGTGTACCATTTGTGTGCTGCGAAAA,......((((.(((....))).))))....,47.10739159632632
CGAAAAGCCTATAGGTTATTCGGCGAAAAG,((((.((((....)))).))))........,47.10723723287175
GAAAAGAATTAAGCTATCTTGCTTCGAAAA,..........((((......))))......,47.08671065539599
GAAAAGACGTATTGATTCAATGGTCGAAAA,.....(((.(((((...)))))))).....,47.07909146180448
AGGAAAAGCTAGTTTACCAGTGAGGGAATG,.((.(((.....))).))............,47.07764670627817
GAAAAGCTTGATGCTTGCATTTAACGAAAA,...((((.....))))..............,47.068454837782554
AAAAGCTATGTCTTCATCTAGAGCGAAAAG,....((((((....)))....)))......,47.06557514351411
AAAAGCGAGCGAACTGAAAAGCTTATCTTT,.((((.((((..........))))..)))),47.064787026078214
GAAAAGTAATGCTGTTGTAGTCTACGAAAA,.....(((.(((....)))...))).....,47.05774987955979
GCGAAAAGAAGGTTGTTTGCCTCGAAAAGT,.........((((.....))))........,47.05636988590742
GAAAAGGGAATATTCTCATCGTACCGAAAA,.....((((....)))).............,47.05465615861928
GAAAAGTATGCTGTTATAGCACATGAAAAG,........(((((...))))).........,47.05299964481983
TGCGAAAAGGCTAGCATATTCCGAAAAGCT,.((......))...................,47.05280565007233
GAAAAGGAATTCCTTGCATAGTTCTGAAAA,...((((....))))...............,47.05264708162894
GAAAAGATGTGTGCATTGCATTCTCGAAAA,.....((.(.((((...)))).))).....,47.046382203681446
GAAAAGGTCTAGATTATCTTGACACGAAAA,......(((.(((...))).))).......,47.04473458042871
GAAAAGAAGTTTGTGTTCAAATTGCGAAAA,.......((((((....)))))).......,47.04415105231283
GAAAAGGATCTTGCTTAGTACTTCCGAAAA,.....(((...(((...)))..))).....,47.0418457024741
CTAGGTTGTCCATAGTCTACGGTGGTCTAT,.......(.((((........)))).)...,47.040748292514735
ACCGAAAAGGTTATCATTTCCGAAAAGAGT,(((.....)))...................,47.03365032977784
GAAAAGACAGTCGTTGATCTTCGAAAAGGT,..........(((........)))......,47.02788420586046
GAAAAGCCCTCAATTCATCGTCAGCGAAAA,.................(((....)))...,47.02719048077593
GAAAAGAGATAGTTCTACAAGGTTCGAAAA,(((...(((....)))......))).....,47.0249472450828
GAAAAGGTTCGTAGTCGTTCATCCGAAAAG,..............(((......)))....,47.02142269478143
GAAAAGTATAAGGTTTAATGCCCTCGAAAA,...........(((.....)))........,47.020634859289984
GAAAAGTTGCCTCGTCCTCGTGCTCGAAAA,...........(((..(....)..)))...,47.02021010546824
ACAACGAAAAGATTTGTTCGAAAAGGACGT,...............((((.....))))..,47.02011908019308
GAAAAGCATTATCTCCAGCTCCTGCGAAAA,.................((....)).....,47.01995784939517
GAAAAGTCGGACCTTTTTGGGCCACGAAAA,.....((.((.(((....))))))).....,47.018511285906484
GAAAAGAGGATATCATTCGATCTCGAAAAG,...............((((....))))...,47.01698074377552
CGAAAAGATCAGATCTTTCTCATCGACAAG,......(((.(((....))).)))......,47.0123920748283
CGTTTGCGAAAAGTTATCGAAAAGTCATAG,((...((.....))...))...........,47.007502714881916
GAAAAGAATGATGTGTTAACTTCTCGAAAA,.........((.((....)).)).......,47.00090966311912
GAAAAGATCAACTCGTCCTCATCGAAAAGG,............(((.......))).....,46.99356815894808
GATTACGAAAAGTATACGAAAAGGCTATTC,...(((.....)))................,46.98730651543502
GAAAAGGTAGCATGTTACGTTTACCGAAAA,.....(((((.(((...)))))))).....,46.98462035255927
GAAAAGTAAACATCCCTCGTTATACGAAAA,................((((...))))...,46.98133287282316
ATCTACGAAAAGTATTAAACGAAAAGAGGT,...(((.....)))................,46.98003453330131
TGAAAAGTTCTAGCTCGGTAGTACGAAAAA,..............(((......)))....,46.974472611243584
GAAAAGGGTCATCTTTAGGGTGTTCGAAAA,.....(((.(((((...)))))))).....,46.97040238109197
GAAAAGAAAACCTGATGTTGTTATCGAAAA,............(((((....)))))....,46.970311310130846
GAAAAGCGGCTTCCATTTTTGGTGCGAAAA,........((..(((....))).)).....,46.96834088062407
GAAAAGATGTGCTCTTGTTACATTCGAAAA,.....(((((((....).))))))......,46.95848240536159
ATGAAAAGATCGTCCTAATGTTCGAAAAGT,.........(((..(....)..))).....,46.955764396621
GAAAAGTAGGTATTACCGGACATACGAAAA,.....((.(((...)))..)).........,46.95279309587954
GAAAAGACATGTCCTTAGGGCATTTGAAAA,........((((((...)))))).......,46.94954163594343
GAAAAGGGGAATCCTATTCTAGTCCGAAAA,(((.(((.....))).)))...........,46.94942938153346
TGCGAAAAGATTAATGTTTGTCGAAAAGTG,..(((..((((....)))).))).......,46.94075207735244
GGGAGCGAAAAGTTCATACGAAAAGCAATC,..((((.....))))...............,46.94026373442519
AAAAGCTAGATATCGTATTCACGCGAAAAG,............((((......))))....,46.93339055404706
CGCAGGAGTGGTCAATACGTTGTCTTCGTG,..((.(((.((.(((....)))))))).)),46.92247325961435
GCGAAAAGGGTTCTATTGTTGCCGAAAAGT,........(((.........))).......,46.92188107976442
CGAAAAGTGGCATCATTGCAATTCGAAAAG,((((.....(((....)))..)))).....,46.911065300932165
ATGTCTCGAAAAGAGGCTCGAAAAGATACT,..(((((.....))))).............,46.8999947817114
GAAAAGCGATTGGCGTTTTTGCCGCGAAAA,......((..(((((....)))))))....,46.887101005170784
GAAAAGCGTATATTGCCTCGTTAGCGAAAA,.....(((.....))).(((....)))...,46.882680737000875
GAAAAGTGTAGACATTTGTGTATACGAAAA,.....(((((.((....)).))))).....,46.87964443228911
GAAAAGCGATAGTTATTCTCATCTCGAAAA,(((.(((....))).)))............,46.87571133866061
CGAAAAGGCTTCTGCTAATTAACCGAAAAG,......(((....)))..............,46.86774435791938
GAAAAGCTCGTTATCGTATATCAGCGAAAA,.............((((......))))...,46.86603673528903
GAAAAGACTTTGGTTCTCCTAAGTTGAAAA,.....(((((.((....)).))))).....,46.86066644883509
AATACGAAAAGTACAGAACGAAAAGATATT,..(((.....))).................,46.85984332331087
ATCGAAAAGTCACGTAGATACGAAAAGTAT,.................((((.....)))),46.84561239774321
GAAAAGCCGATTGTTTTCATTCTGCGAAAA,.....((.((.((....)).)).)).....,46.844747963936015
GAAAAGAAATCTTCTTAGGTCATTCGAAAA,.....(((((((....))))..))).....,46.837427373028675
GAAAAGCATGTTGGCTTATTGTGCGAAAAG,...((((......)))).............,46.82780403465514
GAAAAGAAATCGTGGCATTGCTTTCGAAAA,.........(((.(((...)))..)))...,46.8160478542791
GAAAAGCAGTAGATTCTTCTAACTCGAAAA,.......((((((....))).)))......,46.81204920022341
GAAAAGCGTTTTGTCGTATAGTAGCGAAAA,.............((((......))))...,46.80934584467422
GAAAAGAGAGGTTTTCTGACTGTTCGAAGA,.....(((.((((....)))).))).....,46.80457440565486
GAAAAGATGCAACTTTTGTTGTGTTGAAAA,.....((((((((....)))))))).....,46.80303321834468
GAAAAGGCACTTGCTCTAGTTATCCGAAAA,.....(((....)))...............,46.79633516807607
GAAAAGGTCTATGTTTTCACAGATCGAAAA,.....(((((.((....)).))))).....,46.79201108648532
GAAAAGAACATTCTCCCTCGGATTCGAAAA,.................(((....)))...,46.79027011926141
GAAAAGCTATCGTCGTTAGAGTTGCGAAAA,............((((.......))))...,46.78712900019245
GAAGAGAGTCATCTCGGGATATCTCGAAAA,...((((....))))(((....))).....,46.78066592614336
GAAAAGCATGTTATGCACGTAACTCGAAAA,.....((((...))))..............,46.77090348906802
GAAAAGCGGTCCTTGTATTTAGTGCGAAAA,............((((((...))))))...,46.768767583551366
GAAAAGTCGCCGGTTTTTTGTCGACGAAAA,.....((((.(((....))).)))).....,46.76652699400113
GAAAAGTGATCTTCTGATTCTACACGAAAA,....((.((((....)))))).........,46.76564143798872
CGAAAAGGGTTTGTATTCGAGAACGAAAAG,...............((((....))))...,46.760927884583175
GAAAAGAACACTCTCCCTCGGATTCGAAAA,.................(((....)))...,46.757179396106025
GAAAAGTTCTGACTCTTGTCTATACGAAAA,.....((...(((....)))...)).....,46.75039106634597
CGAAAAGGTCCATCGCTGTTATCCGAAAAG,............(((........)))....,46.749043103983325
GAAAAGGGTCGTGCTTGTTAGACATGAAAA,........(((((((....)).)))))...,46.74034248809193
GAAAAGGCTAGTGCTTCATCATTCCGAAAA,((..((((....))))..))..........,46.73729800483148
GAAAAGTATAATCGTCTTCGATTTCGAAAA,.........(((((....))))).......,46.73443863296327
GAAAAGGGACCTGATTCAGTGATCCGAAAA,......(((((((...))).).))).....,46.734262193072254
ATCCTCGAAAAGTTTAGCGAAAAGATGCAT,................((........))..,46.7294340140657
TCACGAAAAGTATGTCTAAGCGAAAAGTTA,..................(((.....))).,46.72009536474198
GAAAAGTATACGGAAAACGTTAATCGAAAA,.........(((.....)))..........,46.71502073027806
GAAAAGAAAAGATTATCTTCAGTTCGAAAA,.....(((..((......))..))).....,46.706558384482776
GAAAAGTGAAAAGCTGTTCTTTCCCGAAAA,(((.(((.....))).)))...........,46.69394591030856
GAAAAGGAAATTATGGTTACTTGCCGAAAA,..............(((.....))).....,46.68415879257215
GAAAAGAGGTTACTCTAGTTAGTTCGAAAA,....((((....))))..............,46.67281236104402
GAAAAGTCCGGATGTAAATTCCTACGAAAA,.........(((.......)))........,46.67264719695335
GAAAAGTGGCTTCCGCTTTGCCTTCGAAAA,..(((((((...)))))))...........,46.67247188915079
GTCGGTCTACCGCAAAGCATTCATCCTTTG,..(((....)))(((((........))))),46.67179905592876
GAAAAGTGGCTGTTCTTACCCCTCGAAAAG,....((.((.((....)).)))).......,46.668589130212865
GAAAAGAATGCTTAGCAGTTCATTCGAAAA,(((..((((((...))).))).))).....,46.66270448224786
GAAAAGACATCTTGTCACTAGTCGAAAAGT,.....((((...))))..............,46.65737632042769
GTTAAAGCGAAAAGCTTGCGAAAAGTTATC,....((((.....)))).............,46.652237553821806
GAAAAACGACTATTGTTGGTTCGTGAAAAG,.....(((((((....))).))))......,46.65106437618731
GAAAAGAGGGAGAGGTATCATACTCGAAAA,...........(((........))).....,46.64521789855954
GAAAAGTATGGAAGTTACACTCCTCGAAAA,.........(((........))).......,46.643025680484
GAAAAGCTGTTAGATCTTTCAATGCGAAAA,.....((.(((.((....))))))).....,46.64199821938529
GAAAAGCTTGGTGCTTGTACTTCGCGAAAA,...((((.....))))..............,46.62962345647265
GAAAAGCTGTATGTCTCGTGTGTGCGAAAA,...............((((....))))...,46.628976721553
GAAAAGGAGTAATTATCCGTACTACGAAAA,.....(((.......)))............,46.61998902976819
GAAAAGCACATAATCGTTTGATCGCGAAAA,.............((((......))))...,46.617406511828904
GAAAAGGATGATGATTTCCCACTCCGAAAA,.....(((........)))...........,46.615767909705596
TGAAAAGAATCTTCTCGAAGCTCCGAAAAA,..............(((......)))....,46.613838416871765
GAAAAGTTAGCTTGTGTTAGTCTCCGAAAA,....(((((((....))))).)).......,46.61367864103144
GAAAAATCTAGCTAAGAGATGAAAAGTCGT,.....((((.......))))..........,46.613123899987734
GAAAAGCCATCTGTTTTGCTAGTGCGAAAA,.............((((((....)))))).,46.59351908840967
CGAAAAGCAGTAAGCTATATAGGCGAAAAG,.....(((.....)))..............,46.59270325280079
CCACGAAAATACATTATGTTGAAAAGGCAG,................((((.....)))).,46.59011084056937
TGCTTACGAAAAGTTAGCGAAAAGGAAGTT,((((.((.....)).))))...........,46.58638995089935
GCGAAAAGTTCTCTCTTGGAGTCGAAAAGT,.(((......((((...)))))))......,46.56962211647018
TGAAAAGGGTACTCTTGTCTCACCGAAAAA,......(((.((....))))).........,46.56911127860062
GAAAAGTTCTCAGGTCTCCTGTCTCGAAAA,..........((((...)))).........,46.55423748095306
GAAAAGTAAAAACTCGTTGTTGTCCGAAAA,.............(((........)))...,46.55336717323151
GAAAAGAGGTTTCGCTCATGAACTCGAAAA,.....(((......))).............,46.55119566778529
GAAAAGTAATCGTGTTAATCGCTTCGAAAA,...........(((.....)))........,46.54908763906324
GAAAAGCATTCAGCCCCTTGATATCGAAAA,.....((.....))................,46.54573880396869
GAAAAGTATCATGCTTTTGCAATACGAAAA,.....((((..(((....))))))).....,46.545492378027355
GAAAAGGGAGGTAGTTTACTCGAACGAAAA,.......(((........))).........,46.54442447732272
GAAAAGCTGCTTTTTTGGGCCAAGCGAAAA,.....(((((((....))))..))).....,46.53927963712091
GAAAAGCGTTTATCCTTGGATTTGCGAAAA,......(((..(((....)))..)))....,46.5260061236212
GAAAAGTTTGTGATGTTTTCACCGCGAAAA,......((((((.((....)).))))))..,46.52481917438021
CTGAAAAGAGAGCATTTGCTTCCGAAAAGG,((.....(.((((....)))).)....)).,46.5244642834496
GAAAAGATAGGTTTTTGCCTGATTCGAAAA,.....(((((((....)))))..)).....,46.51774554885516
GAAAAGGGTTATGTTTAGCATTATCGAAAA,......(((.((((...)))).))).....,46.51727420476178
GAAAAGTGATCATTCATTTGGCAACGAAAA,(..((((((....))))))..)........,46.5108990668881
GAAAAGTAGATACCTTTGTTATAGCGAAAA,..............(((((....)))))..,46.508613668474126
GAAAAGGTCTTTACCATTGTCTACCGAAAA,.....(((....)))...............,46.507457007873526
GAAAAGGGAGGTTTCATACTCGAACGAAAA,.......(((........))).........,46.504965530678405
CGAAAAGTTTTCTCTTCGAATGACGAAAAG,((((.((....)).))))............,46.49955565220405
GAAAAGAAAACATCGTTCCTGGTTCGAAAA,............(((.........)))...,46.49903344408895
GAAAAGAACCCTGTTTGACAGATTCGAAAA,.....(((..((((...)))).))).....,46.477638926445444
GAAAAGAGACGTATGTTTAAACTCGAAAAG,((....((((....))))....))......,46.469257448792966
GAAAAGTACGTGTCTTAGACCTTGCGAAAA,.....(((.(.(((...)))).))).....,46.46898774818442
GAAAAGGTTGGGTCCTTGATCCTGCGAAAA,......((.(((((...))))).)).....,46.461431570163725
GAAAAGAGTATGCCTCATTTGTCTCGAAAA,.....(((.....)))..............,46.45818892522857
CGAAAAGGATTTTACTCCAGGGCCGAACAG,......(((......)))............,46.45298208999514
GAAAAGCTAGCTCGTTTAGATCCGCGAAAA,...........((((........))))...,46.44770475014176
GAAAAGGCTTGACATTCTTGCATCCGAAAA,.....((..((.((....)))).)).....,46.44544862690445
ATGAAAAGGGCACGTTACCGTCCGAAAAGT,.......((((........)))).......,46.441175663999395
GAAAAGCGTGTACTGGTATTCTTGCGAAAA,.............(.(((....))).)...,46.437040367683885
CGAAAAGTATCTTGCTTTGCACACGAAAAG,...((((((...))))))............,46.4336009016321
GAAAAGATGTTTGTTAGCACAATTCGAAAA,(((..(.((((....)))))..))).....,46.42353088253401
GAAAAGACCTTATGTTTACGGTGTCGAAAA,....(.(((.((....)).))).)......,46.41845210264303
TGAAAAGAATTAGCGAGTCATTTCGAAAAA,.............((((....)))).....,46.416306099759
GAAAAGGGTTCTCTTTTTGGAGCACGAAAA,.......((.((((....)))).)).....,46.40939003661552
GAAAAGGAAAATGTCCATACGTTTCGAAAA,.....(((.....)))..............,46.40782923796699
GAAAAGCTCTCGTTGTGTACTGTGCGAAAA,.........((((..........))))...,46.40756823559903
TGCCGAAAAGTGCTTTAGATCGAAAAGTCT,.(((.....).))...((((......)))),46.40043698468665
GATAGCGAAAAGCTTGCGAAAAGATTTACG,(..(((.....)))..).............,46.40031960721983
GAAAAGAGTAGACTTATTGCTGCTCGAAAA,.....((((((.(.....))))))).....,46.39673004860418
GAAAAGATATCCCTCATCGTGATTCGAAAA,................(((.....)))...,46.3872091229296
GAAAAGCCATGGACTTCTGCTGTGCGAAAA,.....((.((((.(....))))))).....,46.38321235297457
GAAAAGAGGGTTCACATTCATACTCGAAAA,.......((((..........)))).....,46.378094318854416
GAAAAAGAGGCCTCTTGTTTCCTCTGAAAA,.....(((((.(....)...))))).....,46.37762282792113
TGCGAAAAGCGAATTATATCCCGAAAAGCG,(((.....)))...................,46.37641330540569
GAAAAGATTGGATCCATAACTCCTCGAAAA,.........(((........))).......,46.37305863436336
GAAAAGGGTGCAACTAGTTTCGTCCGAAAA,((((..(((...)))..)))).........,46.37259824377725
GAAAAGAGGTTTCCACTCAACATTCGAAAA,.....(((.......)))............,46.37125993749375
GAAAAGGCTACTACCTCTCGTTACCGAAAA,....(((......))).(((....)))...,46.36555097426468
GAAAAGTTCGTCGCTTTGTGACCAGGAAAA,.........(((((...)))))........,46.36156225154564
ACGAAAAGGTTCTGTTTACTGCCGAAAAGG,.......(((..........))).......,46.360446893616114
GAAAAGTAATTGCTAGTCAATGACGAAAAG,((..(((....)))..))............,46.35615539416395
GAAAAGTCAGAGTCTTCTCCTCGGCGAAAA,.....(((.(((....)))...))).....,46.355756027640226
GATCGAAAAGATCTTGTATCGAAAAGTGGA,((((.....)))).................,46.35316033962667
GAAAAGCATTAGTCGTATAACGAGCGAAAA,............((((.......))))...,46.34857595375838
TTGAAAAGGGGGTTTTAGCCTTCGAAAAGA,.......((((((....)))))).......,46.34174919794163
GAAAAGATGATTCATTTAAAGCCTCGAAAA,....(((((...))))).............,46.3382581610329
GAAAAGCCTTATCGTCAGTATCAGCGAAAA,...........((((........))))...,46.33332803163633
GAAAAGTAAGAGGCTATCTCATGACGAAAA,.........(((.....)))..........,46.32492178366559
GAAAAGCAGTCGTTTAGTTTTGTGCGAAAA,.........((((..........))))...,46.31439575272126
GAAAAGGATGCACTTGCTTCAAACCGAAAA,......((.((....)).))..........,46.313091948096655
GAAAAGCGGTTATTGGGTAATCCCGAAAAG,............(((((....)))))....,46.298060054492375
TAGCGAAAAGTTCATTTGACGAAAAGTCTG,.................(((.....)))..,46.29562658564439
GAAAAGACATTAGTTCTCTAATTGCGAAAA,........(((((....)))))........,46.29189878111702
GAAAAGAGGATGTAACTCAAACTTCGAAAA,.....(((.......)))............,46.28933180743901
GAAAAGAAGTTGCTTCACCTTACTCGAAAA,.....((((...))))..............,46.28733303501683
GAAAAGAGCAAACATCTCGTGATTCGAAAA,................(((.....)))...,46.28610331321911
GAAGGTCTATCGTCGCAGCTAGGTGTCCAC,...((.(.(((..........)))).))..,46.28474371339934
GAAAAGCTTGATATCGTTGTACTGCGAAAA,.............((((......))))...,46.268426694129886
GAAAAGAGCTCCTTCTGTTGCCCTCGAAAA,....((.((..(....)..)).))......,46.265742094671474
GAAAAGGATGGTATTTGCTTCCGACGAAAA,.....(((.(((....))))))........,46.25867408624843
GAAAAGCGTTTGTGTTGTCGTTAGCGAAAA,......((((..((....))..))))....,46.25032081522285
GAAAAGCTGGTTTCTTAACTCAACGAAAAG,........((((....))))..........,46.24322565645559
AAAAGGTTTGCTCGTTGGTCCGAAAAGGTC,...........(((......))).......,46.23909789884077
TATGAACGAAAAGTTCTCGAAAAGTTTGGA,...((((.....))))..............,46.23756234555813
GAAAAGGCATGGATGTTTCAATTCCGAAAA,..........(((.........))).....,46.22685839767273
GAAAAGCTCGTTTAATGCAAAATGCGAAAA,.......((((............))))...,46.218309598468686
GGTTTGCGAAAAGTAAACGAAAAGCCTACT,.((((((.....))))))............,46.21386592289737
GAAAAGAGTATATGTCTCAATACACGAAAA,.....(((.......)))............,46.213695380536464
ACGAAAAGATTGGCTCGTGCTTCGAAAAGT,.(((.......(((....))))))......,46.20868248953157
GCTCATAGGTGTCCCCTGGTCTATGACCTG,..((((((((........))))))))....,46.2064907410153
GAAAAGAGTATATGTCTCAACACACGAAAA,.....(((.......)))............,46.20110052799794
GAAAAGATTTGTCTTGTAACATACCGAAAA,...((((....))))...............,46.20098831345793
GAAAAGGATATAGGTGTTCCATGACGAAAA,.....(((.........)))..........,46.198632407449296
GAAAAGGATTAGCATTTGCTTGTTCGAAAA,.....((((.(((....))).)))).....,46.19345761370903
GAAAAAGCTTGGTTCTTATCGTGCTGAAAA,.....(((.((((....)))).))).....,46.18766862955586
GAAAAACGTTAGCGGTGCTTTGAGTGAAAA,.....((...(((...)))....)).....,46.18676911765495
GAAAAGATAGGTTATCTACCCGTACGAAAA,.........(((.....)))..........,46.154316661066325
GAAAAGTGATCGTTATAACTCATGCGAAAA,.........((((..........))))...,46.152361680261166
GAAAAGAATGGTATTTGCCATAACCGAAAA,.......(((((....))))).........,46.14986078401878
GAAAAGGAATTGTCTCGTCTTGCCGAAAAG,..............(((......)))....,46.14976919274002
GAAAAGAGTTCAATCGTATGCCTCGAAAAG,.............(((.......)))....,46.14902291289023
GAAAAGCTATCTGTGTTTCTGGTGCGAAAA,((((.((.....)).))))...........,46.147763578070695
GAAAAGTGTTTGCTCTTCTGTTCACGAAAA,(((.(((....))).)))............,46.144954596702675
CGAAAAGTGTATTGATGGTTACCCGAAAAG,................((....))......,46.13744293219794
GAAAAGGATGTTGTTTCCCTAAACCGAAAA,.....(((.......)))............,46.13563426509441
TGAAAAGGGGGGATCATTCCACTCGAAAAG,.......((((((....))).)))......,46.12866879448664
GAAAAGAATTTGGTCCTTGGCCCTCGAAAA,...........((((...))))........,46.123127247542214
GAAAAGGATCTAGTACTCCATGCCCGAAAA,.....(((........)))...........,46.12019862485707
GAAAAGATTACACGTCTCGTGAGTCGAAAA,.....((((.((((...)))))))).....,46.11942004395024
GAAAAGGTATTGTGCCTTCACTAGCGAAAA,...((((((...))))))............,46.10751526695927
CGAAAAGATCTTCTTTGGACGTCGAAAAGG,((((((((...))))).....)))......,46.102465808088006
GAAAAGCCATCGTTTTATGACATGCGAAAA,.........((((..........))))...,46.102259857015916
GATTAGCGAAAAGCTGGCGAAAAGATATAC,(.(((((.....))))))............,46.09619132675571
CGAAAAGTTAGAGTATCGAATTACGAAAAG,............(((......)))......,46.0933504421735
CGGTTACGAAAAGTTCCGAAAAGTTTATCG,(((..((.....)).)))............,46.091252400834264
GAAAAGCTTGTATCGTATAATTCGCGAAAA,............((((.......))))...,46.088402254862004
GAAAAGAATTATGCCTTGCAGTTTCGAAAA,.....(((...(((...)))..))).....,46.08650857464344
GAAAAGGTTTGTCCTTAATTGACCGAAAAG,...((((.....))))..............,46.082772227320866
CACGAAAAGCTTTGTATTTCGCGAAAAGAG,(.(((((.((...)).))))).).......,46.07953363474533
GAAAAGCACAACTCGATTTGAACGAAAAGG,............(((.......))).....,46.0775048638485
GAAAAGCTTACATGCTTGTAATTGCGAAAA,...((((......)))).............,46.07186090843516
GAAAAGACCACCATTTTTGGGAATCGAAAA,.....((...(((....)))...)).....,46.071307303811786
GAAAAGGGTTGTCTTGATCATAACGAAAAG,((.((((....))))..))...........,46.07018447916211
GAAAAGGAGAACGATAGGTCCGTGCGAAAA,.....(((..........))).........,46.06965701118755
AAAAGAGTGAGTTTGTACGTTACCGAAAAG,......((((((....)).)))).......,46.069513477098525
CGAAAATGTCTTCATTAAACGGCTGAAAAG,....((((....))))..............,46.06136225902533
GAAAAGGTATCTTATCAATCTAACCGAAAA,((.(((....))).))..............,46.060440645824755
GAAAAGCGTTTGGTATTCGTATCGCGAAAA,...............(((((...)))))..,46.04897372036004
GAAAAGTTTCCACTCATGTGCATACGAAAA,.....((...(((....)))...)).....,46.041020434652
GAAAAGGAAACATCCGAGTTGTTCTGAAAA,.....(((....)))...............,46.040853207596015
GAAAAGGGTGCTATTCTGGTACACCGAAAA,.....((((((((...)))))).)).....,46.03466688304944
GGCGAAAAGTCTCATATTAGCCGAAAAGCT,(((................)))........,46.03286831670216
GAAAAGTGGGAGTCTGTTGCTTCTCGACAA,.....(((((((.(....).))))).))..,46.03187145938841
TGAAAAGAATCGTATCAGTAATTCGAAAAG,.........(((...........)))....,46.02464564160756
GAAAAGATGCCTATTTTTAGGGAACGAAAA,.......(.((((....)))).).......,46.023287770351715
TGAAAAGCGTCAAAGTTTATCTGCGAAAAG,.((.((((......)))).)).........,46.0213708233659
GAAAAGCTATCTGCGCTTCTGGTGCGAAAA,...........((((((...))))))....,46.01466560082803
GAAAAGCTACTGTTGATGTTACTGCGAAAA,....(((....)))................,46.011022615272935
ATACGAAAAGATATGTGAATCGAAAAGGTT,.................((((.....)))),46.007871965621625
GAAAAGCTATTTGTGTTTCCTCAGCGAAAA,((((.((.....)).))))...........,46.00628263266654
GAAAAGGTGATAACCTGTATATACCGAAAA,....((((....))))..............,46.0033025500353
GAAAAGAGGGCATTTGTGCTTATTCGAAAA,(((..(((.((....)).))).))).....,46.0024541083412
GAAAAGAGGTATAACTTCCGGACTCGAAAA,.....(((((...)))))............,45.989477237920454
GTAGTGAAAAGTATTACTACGAAAAACATC,(((((((......)))))))..........,45.98753373399137
TGCTCATAGGTGTCCCGTGGTCTATGACCT,...((((((((........))))))))...,45.98697854589335
GAAAAGATGCGTGTTTGTAACCCTCGAAAA,.......((((....))))...........,45.98456882944495
GAAAAGACTACACTTGTGTCTAGTTGAAAA,.....(((((.((....)).))))).....,45.98167936732409
GAAAAGCCCCTGGTGTTGTACCTGCGAAAA,...........((((...))))........,45.97906339883299
GAAAAGCAAACATCTTTTGATGGTCGAAAA,..........((((....))))........,45.97104100630912
GAAAAGCTATGACTTCACTCTTGCGAAAAG,.............(((.(....).)))...,45.97082177030393
GAAAAGGCGTGTTTCTAGCACTTCGAAAAG,.....((.(((((...))))).))......,45.967767003466925
GAAAAGGCTTAGCTTTTGCGTTGGTGAAAA,..((((((...)))))).............,45.967404639821886
TGTCCATAGGTGTCCGATCTGGTCTATGCA,....((((((...((.....))))))))..,45.96294563527889
GAAAAGGATTCATGGCACTTCCACCGAAAA,.....(((...........)))........,45.95454569617202
GAAAAGAATGGATATTGTTACCGTCGAAAA,.......((((.((....))))))......,45.947140341671115
AAAAGGGTTATGGTTTTCCTTGCCGAAAAG,.....(((...((....))..)))......,45.929890498971425
GAAAAGAGTGTGCCTTCTCATTATCGAAAA,.....(((........)))...........,45.92933971595556
CGAAAAGTAGTACCCCGTTTTAACGAAAAG,...............(((....))).....,45.92676123059955
GAAAAGTAGTAACTTGTTAGCTTACGAAAA,........((((((....)).)))).....,45.92387101054519
GAAAAGGGAGCATCTTGTAAAGTCCGAAAA,......(((.............))).....,45.921361446135734
GAAAAGCCTCGTTTACTAACTTGCGAAAAG,........((((..........))))....,45.92111356117405
GAAAAGATTCGCTTTCTAAGCTCTCGAAAA,..........((((...)))).........,45.91844623174799
GAAAAGATAGTTCTTTAAGGCGTTCGAAAA,..(((((....)))))..............,45.91307814843145
GAAAAGTCGGTTAATCCATATTCGCGAAAA,........((.....)).............,45.90945913339114
GAAAAACATTACTCTTAGGAATGGAGAAAA,...........((((.......))))....,45.90507901020915
GAAAAGAGAGGTATTTGCCTTTATCGAAAA,......((((((....))))))........,45.90189311941292
GAAAAGAAGTTTAGCTCGAAATTCGAAAAA,...............((((...))))....,45.900684875190265
CGAAAAGATGCCTTGCTAGTTCGAAAAGAG,((((.....((...))...)))).......,45.896736414146034
GAAAAGCAGGTCTTTCTACCGTCACGAAAA,........(((......)))..........,45.88242614899849
GAAAAGCATATTGTTTAGCTCTGTGAAAAG,......((((..((...))..)))).....,45.87912041343034
AGCGAAAAGCCTTCTATCTAGTGAAAAGTT,.((.....)).(((........))).....,45.87835126205046
GAAAAGGATTTGCCTTGCTATTCGAAAAGT,...((((.....))))..............,45.87630225375207
GAAAAGGATCTTCCTGGTTTGCTCCGAAAA,....((((...))))((......)).....,45.8697646463834
GAAAAGTAGCCCTTACTAGGTATTCGAAAA,..........(((....)))..........,45.86836185411693
TGAAAAGTTTCTAAACTCGTAAACGAAAAA,................(((....)))....,45.86542386839111
GAAAAGCTCACATCGTAGTAACCGCGAAAA,............((((.......))))...,45.86440580840612
GAAAAGAGATTAACATTGTATTCGCGAAAA,...............((((....))))...,45.861755025422866
GAAAAGATCATTCTAAGCAAAATCGAAAAG,....(((....)))................,45.85867253822249
GAAAAGGTCTTGATTATCTGCTGCCGAAAA,.....(((...((...))....))).....,45.853760198563336
GAAAAGAAGGTGTGTCACCGGTATCGAAAA,........((((...))))...........,45.85043632330108
CGAAAAGGCTTTCACATTTTAGACGAAAAG,.((((....)))).................,45.843855952098295
GAAAAGTATTGATCTTCGTTCATACGAAAA,..............(((((....)))))..,45.83580478124924
CTAGGTGTCCCTGCATTTGCCGAGGTCTAT,.(((((.((...((....)).)).))))).,45.81501151768087
GAAAAGCATGTCCCTTCGCACTTGCGAAAA,..............(((((....)))))..,45.81291176442205
TACCGAAAAGGTTAAGTAATCGAAAAGTTA,.(((.....)))..................,45.812515706789846
GAAAAGCTATCGTATAACTTCAAGCGAAAA,.........((((..........))))...,45.80601061599336
GAAAAGCATTTAGCCAAATCATGTGAAAAG,.....((.....))................,45.79241069599516
GAAAAGCTCTCTATTCTTAAGATGCGAAAA,.....(((((.((....))))).)).....,45.78996993703947
GAAAAGCCCTCCTGTTTTTATAGCGAAAAG,.........((((((....)))).))....,45.78730772486753
GAAAAGTGCACGCTTGGCGTGATGCGAAAA,.....((((((((...))))).))).....,45.7759373199261
GAAAAGCTCGTATCCTGATTTTAGCGAAAA,.......((((............))))...,45.77549264211645
ACTCTGTACATGGGCTACAATGACTAAGCT,.((..((.(((........)))))..))..,45.77053329337819
GAAAAGCATCTATATCTTGTGGTGTGAAAA,..........((((((....))))))....,45.76926657062222
GAAAAGGGCATTTGATGCTTTGGCCGAAAA,....(((((((...))))))).........,45.766288131922835
GAAAAGAATTGATCGTTTAGCAATCGAAAA,........(((((.((...)).)))))...,45.76120203940921
GAAAAGTCGTATGTTTAAAAGAGGCGAAAA,......((((.............))))...,45.75297674805301
TGCGAAAAGTGTTCTTGCATCCGAAAAGGA,(((((.........)))))(((.....))),45.75086699325174
GAAAAGGCCTTCCTTGTTAGTTCCGAAAAG,...((((....))))...............,45.75084030912309
GAAAAGTCACTGCTTTTGCATTGCCGAAAA,.....(.((.(((....))).)).).....,45.742215000551596
GAAAAGTGTAAGCTCCTTGCTTTATGAAAA,.........((((.....))))........,45.74147972271216
GAAAAGAACCTATTAGGCGATGTTCGAAAA,(((.....(((...))).....))).....,45.73193743736854
GAAAAGCCATTATCGTCTACTATGCGAAAA,............((((.......))))...,45.72658393726317
TGGGTCGAAAAGATTCTCGAAAAGATTACA,.(((((.....)))))..............,45.72391511683447
TAAAAAGGGTTATCCATTGTCCGTAGGCTA,.......((....))...(((....)))..,45.72373076740832
ATCCGAAAAGATAGCGTTATCGAAAAGAAT,.........((((....)))).........,45.723246045908894
GAAAAGGATAATTTATGCTGCTTCCGAAAA,(((.((.(((...))).))..)))......,45.717667623362146
AAGCAGCGAAAAGCTAGCGAAAAGTTAATT,..(((((.....))).))............,45.71486313123448
GAAAAGATCGCTTTAGGCAAGATTCGAAAA,.....(((((((...)))..))))......,45.71342061363755
CAGAAAAGGTCTTATTTGAGCCCGAAAAGG,.......((.(((....))).)).......,45.71304159494109
GAAAAGCTAGCTATCTTTATCTGCGAAAAG,.....((.((.((....)).))))......,45.7095167555699
GAAAAGCATGTTCTTTGCCATTGCGAAAAG,.............(((((....)))))...,45.70836146425914
GAAAAGCAGGATTATCAATCTTCCCGAAAA,........(((..........)))......,45.70550910466255
GAAAAGTGAGGTATCTTACCCGCCCGAAAA,.....(((.((((...))))))).......,45.701185254559
GAAAAGGTCTATCCTTGTAGTATCCGAAAA,...((((.....))))..............,45.69980588192982
TCGAAAAGGACATTATTATGGCTGAAAAGT,..........(((....)))(((....))),45.697710939226326
GAAAAGCTCGTTTCTTAAGCAGGCGAAAAG,.....(((.((((...)))).)))......,45.696642513727916
GAAAAGGATGACGCTTGCATATTCCGAAAA,.....(((..............))).....,45.69071135152926
GAAAAGGATTCATCTGACCAGTTCCGAAAA,.....(((..............))).....,45.68651439901873
GAAAAGAAATCATTGTGTGAGTGCGAAAAG,.....(...((((...))))...)......,45.68620428367867
ACGAAAAGGTTGGCTCGTGCTTCGAAAAGT,.(((.......(((....))))))......,45.685693982684526
GAAAAGTTTAAGCTTAGCCTTACCCGAAAA,...((((....))))...............,45.68280300922303
GAAAAGGACATGGATTATTCTGTCTGAAAA,.....(((((.(((...)))))))).....,45.682300193543426
GAAAAGTGGATACTGCAAATATACCGAAAA,.....((((...))))..............,45.681937523865216
GAAAAGGAGACTATCTATCATATCCGAAAA,.....(((..............))).....,45.680715351327876
GAAAAGAATCCTGAATATTATGTTCGAAAA,...........((((((...))))))....,45.67982619578928
GAAAAGTCATCAATTCTTTGTACGCGAAAA,.....((...(((....)))...)).....,45.67982178757476
GAAAAGGGTCCTCTGTGTTTTTACCGAAAA,...........((.(((....))).))...,45.67791233691919
GAAAAGGCATTTGTTCTGCATGCTGAAAAG,.....((((..(((...)))))))......,45.67700350064018
GAAAAGTGTGTGTTTATTGAACATCGAAAA,.........((((((...))))))......,45.66728664130095
GAAAAGAGCAGTCTAATGAAATCTCGAAAA,.....(((...((....))...))).....,45.666765763280566
GAAAAGGATCTACTTCTAACATTCCGAAAA,.....(((..............))).....,45.6579154492821
GAAAAGGAGATTCCCGTTCTTGTCCGAAAA,(((..(((...)))..)))...........,45.65106689856745
GAAAAGCGAAAGTTCTTTCAGTTGCGAAAA,(((((((....))).))))...........,45.63854924442311
GAAAAGGATCCCCATAATCTCTTCCGAAAA,.....(((..............))).....,45.62783634849502
GAAAAGTAGATACTCGATAGTTACGAAAAG,.............(((.......)))....,45.62731095489046
GAAAAGAGAGATCATTTGATTCCACGAAAA,.......(.((((....)))).).......,45.624054025312674
GAAAAGCTGTTAAGATTCTTGTAGCGAAAA,.....(((..((((...)))).))).....,45.623786199115784
GAAAAGTAAGATCCTCGGGATACGAAAAGG,..............(((.....))).....,45.61017599072895
GAAAAGGAGACGCTGTTTACAATCCGAAAA,.....(((..............))).....,45.60435690570028
GAAAAGCCGTTACATGTTCTTATGCGAAAA,............((((....))))......,45.60286996445425
GAAAAGAGGTTGTTTGTGACTCGTCGAAAA,.....(((...........)))........,45.60083969864126
GAAAAGCCAATGTTCTCATCTTGTCGAAAA,((.(((...(((....)))))).)).....,45.59922891087881
GAAAAGGTATATCTGCTTAGCGGCCGAAAA,.....((.....((((...)))))).....,45.59422429631055
GAAAAGTATTCAAGCTTAGCTTTACGAAAA,.....(((...((((...))))))).....,45.58833958929674
CGAAAATGAGCCTTTATTGTTGAAGAAAAG,...........(((((....))))).....,45.58589336200666
GAAAAGCATGCAAGTTACTTGGTTCGAAAA,..........((((...)))).........,45.569015549596074
GGTGCGAAAAGTTATTAGCGAAAAGTTATC,...............((((.....))))..,45.566772073668034
GAAAAGCGTCTTGATTTCATGTTGCGAAAA,.....(((...((....))...))).....,45.56281764243779
GAAAAGAACTATTGTTAGACTAGTCGAAAA,((..((..(((....))).))..)).....,45.557301312927756
GAAAAGAAACTTCTGTGTCAATTTCGCAAA,((((.((.((....)).))..)))).....,45.554006821280666
CGCGAAAAGGCCGTATGCTAACGAAAAGGG,.((......))(((......))).......,45.55348068713201
GAAAAGCCCGTTATGTTTAATCGGTGAAAA,.....(((.((((....)))).))).....,45.54621803188766
AAAAGAGTCATGATTATGTGTATCGAAAAG,....((..(((......)))..))......,45.530801322359466
GAAAAGTCTTTACCCTAGCTCAAGCGAAAA,.................((....)).....,45.5230531812356
GAAAAGAGCTTTTTAGTGTTGCTCGAAAAG,.....((((...........))))......,45.52143429031
AAAAGATTGTTGGTATGAAGAATCGAACAG,....((((.((......)).))))......,45.51823288601368
TCCGAAAAGGGTACTTGTCACCGAAAAGGT,...((.(((....))).))(((.....))),45.517797792273015
GTTTGCGAAAAGTTATGCGAAAAGCATATA,.............(((((.....)))))..,45.51291227150057
GAAAAGCTCAGAGTTGTCTCGCCGTGAAAA,.....((...(((....)))...)).....,45.51159911568362
GAAAAGAGGCTAATGTCTTGGTATCGAAAA,((...(((((....)))))....)).....,45.506838671147975
GAAAAGCCTATTGATCTGCTAGTGCGAAAA,................(((....)))....,45.506824912702854
GAGGAAAAGACTCGGATATTCGAAGGAATC,(((.......)))....((((....)))).,45.504037324275274
AAAAATCGATATTGTATGTCTGATGAAAAG,....((((((((...))))).)))......,45.501413251269696
GAAAAGCCCCGTATCTTTGTTCAGCGAAAA,...............(((((...)))))..,45.49607305034433
GAAGAGTGGGTTGATTATCAACTTCGAAAA,.......(((((((...)))))))......,45.494981695464865
ACGAAAAGTGGGATCCTTTCTACGAAAAGT,.......((((((....)))))).......,45.49265873283984
GAAAAGCAATATCATTATGGTTGGCGAAAA,.....((...((((...))))..)).....,45.489239805187324
AACGAAAAGCCAAATTCATGTCGAAAAGAT,...................(((.....))),45.47943125289682
GAAAAGATGTGGTTTCTAATCATACGAAAA,.......(((((((...)))))))......,45.473230000932304
GAAAAGTACTGCCATTTGGCTTAACGAAAA,.....((...(((....)))...)).....,45.468623593303064
GAAAAGCATTATAAGTCTGGCTTGCGAAAA,...((((............)))).......,45.45369424044233
GAAAAGGTGTATTCCTATGATCAACGAAAA,....(((......)))..............,45.44825411105023
GAAAAGAATTATTCTGCTCTAATTTGAAAA,((..((((...))))..))...........,45.44606282851315
GAAAAGCGTTATATCTTTGCTCAGCGAAAA,...............(((((...)))))..,45.43824967288178
GAAAAGGGTAAACCTCGATTATGCCGAAAA,....(((.....)))...............,45.43785732233157
GAAAAGAAGTTAAAGTCGTATACTCGAAAA,...............(((......)))...,45.4344895725117
GAAAAGCAGTGTTCTTATCCTCGCGAAAAG,.....((((.((....)).)).))......,45.42971844564286
CGAAAAACACACGTTCTCGTCTGCGAAAAG,.......((.(((....))).)).......,45.42692945193703
GCGAAAAGATATTCTACGTGATCGAAAAGT,(((...(((...))).)))...........,45.425122046484404
GAAAAGTGACCTACTGGCTGTGTACGAAAA,.........((....)).............,45.42465864110751
GAAAAGTCGTATACTTTGTTGAAGCGAAAA,......((((.............))))...,45.413472492169035
GAAAAGATGGTCGTAACATATCAGCGAAAA,..........((((.........))))...,45.407254970005006
GAAAAGTGATAAGTCATTCGTATCCGAAAA,................((((....))))..,45.40692779546613
GAAAAGTCGAATACTTGGTGTTTGCGAAAA,.....(.(((((((...)))))))).....,45.399719998172884
ACGAAAAGGTCATATTATAGCCCGAAAAGA,.......(((.........)))........,45.38942863942621
GAAAAGGCATATGTCTTCTCAGTCCGAAAA,((.(((((....))))).))..........,45.38449472501416
GAAAAGGGGTCGATATTATCAACCTGAAAA,......((((.(((...))).)))).....,45.38264160496384
CGAAAAGTAGTCGTCTATAATCTCGAAAAG,(((...((((....))))....))).....,45.38134885237804
GAAAAGATGGCACTTTAGTGTTATCGAAAA,.....((((((((....)))))))).....,45.373957461954134
CGAAAAGTATTTTGTCGAAGTCCGAAAAGG,..............(((.....))).....,45.37017525291073
GAAAAGTGATCATAAGTCGTATCCCGAAAA,................(((.....)))...,45.36588534473889
GAAAAGTGAGCTTTGGTTCCCGAACGAAAA,.......((((....))))...........,45.36519548029212
AATGCATGAAAAGGTCTCGAAAAGTGACTT,...........(((((.(.....).))))),45.35814362186237
GAAAAGTCATATACTTGTGTTAGACGAAAA,.....(((.((.((....))))))).....,45.35537354339829
GAAAAGATGTCTATTTCCAGCCTTCGAAAA,((((((....)).)))).............,45.34886473796462
GAAAAGTTATGCATCTGCTGTACCGAAAAG,.....((...((....))...)).......,45.34620027030658
CGAAAAAGGGTTGCGTGTCTTCATGAAAAG,.............((((....)))).....,45.34175767872723
GAAAAGAATGTTCATTTCATCATCCGAAAA,((((.((....)).))))............,45.33877449521031
GAAAAGATATGTCCCTTGGATCCTCGAAAA,..........((((...)))).........,45.32348854305958
GAAAAGGAGCCGTTATTGCTTACCGAAAAG,......((((.......)))).........,45.322803346289064
GAAAAGCATATTGTCTCGGCGTGCGAAAAG,.....((((.(((...))).))))......,45.30877383003816
GAAAAGAGGGAAGTTTATGGTACTCGAAAA,.....(((..............))).....,45.305543004161436
GAAAAGAGGTCCGTTGTATCTACTCGAAAA,.....(((..............))).....,45.303559336147224
GAAAAGTGTTTGGATTTCCGCATACGAAAA,.....((((.(((....))).)))).....,45.30118279354162
GAAAAGTGTGCTCCTGCTGGCCAACGAAAA,.....((..((....))..)).........,45.29972084404605
GAAAAGATAAGACTCGTTTGCTATCGAAAA,.............(((........)))...,45.29901767086142
GAAAAGGTTATCGATTAAGTCCCGAAAAGG,..........(((.........))).....,45.2923036941351
GAAAAGAGGGCATTAATCTATACTCGAAAA,.....(((..............))).....,45.28949860628373
GAAAAGTGAAAGCTACCTCGTTCCCGAAAA,....(((....)))...(((....)))...,45.289449328443496
GAAAAGAGGGTAGTTTGATTAACTCGAAAA,.....(((..............))).....,45.28612908184931
CGAAAAGTTTCCTCGGGAATTCACGACAAG,............(((........)))....,45.28422882894589
CGAAAAGATTCATATCACTTTAGCGAAAAG,......(((....)))..............,45.27573415509217
CGAAAAGCATTATGCAATTAATCCGAAAAG,......(((...)))...............,45.27177689497566
GCGAAAAGATCTCGTGATTATCGAAAAGTC,.(((...((((....)))).))).......,45.25921850569063
ATAGCATAGGTGTCCTTTGGTCTATCAATG,....((.(((...))).))...........,45.25765616911512
GAAAAGTATCTCGTTAGGGTCCGAAAAGGT,.........(((....))).((.....)).,45.2575408259306
GAAAAGTACGTTTTTGTAACGGTTCGAAAA,(((..(((((....))).))..))).....,45.25608117861158
TCCGTGCGAAAAGCTAGCGAAAAGAAATGA,..(((((.....))..)))...........,45.255702805267745
GAAAAGAATGGGTTACTCAAGGTTCGAAAA,(((.....((((...))))...))).....,45.25417140218474
GAAAAGCATACATCTAGCTAATTGCGAAAA,................((.....)).....,45.251777654893125
GAAAAGTCCTGTGCTTTACGTGACGAAAAG,.....(((.((((...)))).)))......,45.25175383020938
GAAAAGTATGGGCTTTTGTTCCATCGAAAA,.......((((((....).)))))......,45.249498850495826
GGGTCGAAAAGAGGTTTCTCGAAAAGAGAT,................((((.....)))).,45.24498548556722
GAAAAGGGTTGTGATTCACATGTACGAAAA,.........((((...))))..........,45.24191826886306
GAAAAGAGGATTCATCATACAACTCGAAAA,.....(((..............))).....,45.24055653769062
GAAAAGCTTTATTTCTTGGTCAGCGAAAAG,.....(((..(((....))).)))......,45.23613034611269
CGAAAAGTGTCAGTTATCGTTAGCGAAAAG,............((((....))))......,45.232785998609245
GAAAAGAGGTAGACTATATATACTCGAAAA,.....(((..............))).....,45.23136019919572
GAAAAGAGGTCGTTATGGTTCACTCGAAAA,.....(((..............))).....,45.22923545348104
GAAAAGCAATCGTCAATATTAACGCGAAAA,.........((((..........))))...,45.22802143699971
CTTGAACGAAAAGTTAACGAAAAGTAATGT,....(((.....)))...............,45.22401376492873
GAAAAGGATTATGCCTTGTCTACCCGAAAA,((.((((......)))).))..........,45.220182627780076
GAAAAGTTAACCTCTTGGTCCTAATGAAAA,.........(((....)))...........,45.21840193177752
GAAAAGTCATAGTTCTCTGAACTACGAAAA,......((.((((((...)))))).))...,45.216199741952465
CGAAAAGGTCTTATCATTGTCGCCGAAAAG,......(((..((....))..)))......,45.216024478896685
GAAAAGGGACAGGTTTACTTACCGAAAAGG,...........(((......))).......,45.21162349408632
GAAAAGCGAGCAGATATCTGTTCACGAAAA,.....(.((((((....)))))).).....,45.21128158733623
GAAAAGCACTGATTAGTGTCCTTGCGAAAA,.....(((..(((....)))..))).....,45.209611706431545
GAAAAGTAAACTACCATTGGAGTTCGAAAA,........((((.((...))))))......,45.2081269615921
GATAGTCGAAAAGGGCTCGAAAAGAGTATT,..............((((.....))))...,45.19968709147653
GAAAAGTATGCTCGTTATTGGCTGCGAAAA,...........((((........))))...,45.19560926381071
GCCGAAAAGCATCTTTTGGAGCGAAAAGGA,(((.(((((...))))).).))........,45.184502347664704
GAAAAGCTTTTGACTTCGTCTTTGCGAAAA,..............(((((....)))))..,45.18295585547173
GAAAAGTAGTGCTTTTTGCACATTCGAAAA,........((((.....)))).........,45.1798478613503
CGTGCGAAAAGATTTCATTCGAAAAGAATG,...............(((((.....))))),45.1724645705756
CTGCAACGAAAAGATTTACGAAAAGTAATG,...............((((.....))))..,45.16982320612351
GAAAAGGGAGTTGCTTCCTATTACCGAAAA,....((((((...))))))...........,45.169517375387585
GAAAAGTAAGCAAGTTTTCTTGGTCGAAAA,........(.((((....)))).)......,45.16753305283852
GAAAAGTAAATGCTTCTGCTGCTATGAAAA,....((((...((....)))))).......,45.16602043582444
CGAAAAGAAGGGACTCGTGTTCTCGAAAAG,.........(((((....))))).......,45.16253987298944
GAAAAGCTAAGAATTCGATTCATGCGAAAA,.............((((.......))))..,45.13540673778073
GAAAAGAAGGTTCACTCGTTGATTCGAAAA,...............(((......)))...,45.12189042054495
GAAAAGCTATATCTGACTTAGTCGCGAAAA,...........((((((...)))).))...,45.11598895199083
AAAAGTCTCTTTCATTGAAAGTTCGAAAAG,........(((((...))))).........,45.11178830034531
GAAAAGTTGTGCTTGTTCTAAAAACGAAAA,(((((((...)))).)))............,45.10764053912277
TGAAAAGGGGTATCTCATTTCCACGAAAAG,.((((.(((....))).)))).........,45.10644991255201
ATCGAAAAGAGACTCGTGTCTTGAAAAGCT,........(((((....)))))........,45.103245609283064
GAAAAGATAGTTATCGTCAAACATCGAAAA,.............(((........)))...,45.10297142659803
GAAAAGAGTTAAAATCTCATAACACGAAAA,.....(((.......)))............,45.092559125987655
GAAAAGGGGCTATTGGCGTTATCCGAAATG,.....((.(((...))).))..........,45.090557322134345
ATCGAAAAGCTTGTTTTGGCGAAAAGTATG,........(((......)))..........,45.09011416340127
GAAAAGTAACAGTTCATCGTTAAACGAAAA,................((((...))))...,45.090052313285675
GAAAAGCACGTTCTAATGTTCTTGCGAAAA,.....(((.(..(....)..).))).....,45.08942791513256
GAAAAGGAATGTATCTAAATCCACCGAAAA,.....(((...........)))........,45.08083664604999
GAAAAGAAGATACTCGTCGTAATTCGAAAA,.............(((........)))...,45.078474317828594
CGAAAAGGCACTACTCGTATTAACGAAAAG,..............((((....))))....,45.07819153927893
GAAAAGATAATCGTCGTTATTAATCGAAAA,.............(((........)))...,45.07678595680527
GAAGGTCTAGGTTATAGCTTAGGTGTCCAC,...(((((((((....)))))))...))..,45.069994281930114
GAAAAGTGGGCATTCTATCCCGTGCGAAAA,.......(((........))).........,45.06503625918154
GAAAAGATGTCTATTAGGCTAATTCGAAAA,(((.....((((...))))...))).....,45.061680747395286
GAAAAGTCTAGCAAAATTTGCATTCGAAAA,..........((((...)))).........,45.04837630355286
TGAAAAGGCGTATCTCTGATTGTCGAAAAG,......((((.(((...)))))))......,45.047918418711106
GAAAAGAGGTTTAAAGGTTCAGCTCGAAAA,.....(((..............))).....,45.04412989006785
GAAAAGAATCTCTTTGGCTAAATTCGAAAA,..(((((...)))))...............,45.04286165512276
GAAAAGATAGTGTAACTTCGATATCGAAAA,................((((....))))..,45.04078270407524
GAAAAGTGAGAATTTCTGCTCTAACGAAAA,.......(((........))).........,45.03550841340054
GAAAAGAAGGAGTTTGACGTATCTCGAAAA,.........(((..........))).....,45.02983214390196
GAAAAGTGAGGGAGTTATCTCTTGCGAAAA,.....((((((((....)))))))).....,45.019799642492316
CGAAAAGACTTCTGTTAATCGATCGAAAAG,(((...(((....)))..))).........,45.01933827154714
GAAAAGCCATCCGTTTTTTGATCGCGAAAA,(((((((.....)))))))...........,44.998003576709515
GAAAAGAAACAACTCTCGCATATTCGAAAA,...............(((......)))...,44.996457362394196
GAAAAGAGCTCATTTGCTAGTACTCGAAAA,......(((......)))............,44.9928310798814
GAAAAGGATCATTCCCGTACTCTCCGAAAA,.....(((....)))...............,44.98994877086328
GAAACGGATTTTTGCTTAGCATTCCGAAAA,....((((....(((...))).))))....,44.98852471785058
GAAAAGAGGGCCTAGTGGTAACATCGAAAA,.....((..(((....)))....)).....,44.98802699503588
GAAAAGCTAGAGTGCTATTTCTTGCGAAAA,(((((((......))).)))).........,44.981849788138334
GAAAAGTATAAGCTAATAGCATTTCGAAAA,...........(((...)))..........,44.96981175577844
GAAAAGACATTTGGTGTCCCAATTCGAAAA,(((..(((((...)))))....))).....,44.966971960228946
CGAAAAGCGTCAATCTTTTTCCGCGAACAG,......(((..((....))..)))......,44.963377368801375
CATCGAAAAGATGTTATCGAAAAGAGTCTG,((((.....)))).................,44.96292623743731
GAAAAGCTAGATATCGTATTCACGCGAAAA,.............((((......))))...,44.96193744343911
GGCATTCGAAAAGTCTGCGAAAAGAGTATC,.(((..(.....)..)))............,44.96105837810743
TCGAAAAGTTAAGTCTTCTGGGCGAAAAGA,............((((...)))).......,44.95722718657983
GAAAAGCTGAGTGTACTTGGTCGGCGAAAA,.....(((((.((....)).))))).....,44.94686024646458
GAAAAGGAATCATTAGTGTCGCTCCGAAAA,.....(((..............))).....,44.94613088388297
GAAAAGACAGTACTCGTAGTTATTCGAAAA,.............(((........)))...,44.94155693660457
GAAAAGTTGGGTATACTTGCCTTACGAAAA,.....((.(((((....))))).)).....,44.93480006962108
GAAAAGAGTATTCTGCTATAATATCGAAAA,......((((...)))).............,44.934007550244914
TGAAAAGAATGATCCATTCAATTCGAAAAG,((((..(((((...)))))..)))).....,44.93218738371128
GAAAAGAGATCGTCTAGTTATTCGCGAAAA,.........((((..(....)..))))...,44.92821672924572
GAAAAGGGATGTTTACTGACCCCGAAAAGG,.....(((..(((....)))))).......,44.92537565634497
GAAAAGGAAATATCGTCACTTCTCCGAAAA,.....(((..............))).....,44.92099900998899
AAAAGTTAGGGACTTATGTCTCACGAAAAG,........(((((....)))))........,44.912740406823964
GAAAAGCATTTTGGGATCTTCCCGCGAAAA,...........(((((...)))))......,44.91099550229603
GAAAAGCAACTGCACTATGTCTCGCGAAAA,.....((....)).................,44.90693460127774
ATACGTCGAAAAGGAATCGAAAAGATTTAT,.............(((((.....)))))..,44.89526168369841
GAAAAGTAATGCACTTTTGGGCATCGAAAA,........((((.(....).))))......,44.89410484780478
CTGAAAAGGCAGGTTTAGTTACCGAAAAGG,...........(((......))).......,44.89084301867234
TGAAAAGTTTATGCTCGAAGAAATGAAAAG,.....(((....)))...............,44.8864305755022
CATGCGAAAAGCATTATGCGAAAAGATGTG,.((((.....))))................,44.87753807079703
GAAAAGATAGTTATCGTAACTTAGCGAAAA,.............((((......))))...,44.87702820081884
GAAAAGAATTCATGTCGTCTAGTTCGAAAA,..............(((.......)))...,44.87672352117641
CGAAAAAAGCCTATCTTTAGCCTTGAAAAG,......(((.(((....))).)))......,44.87521528930611
GCGAAAAGATGTCTCATGTACTCGAAAAGA,.(((..(.(((...))).)..)))......,44.87347648964396
GAAAAGTGTATGCTTCTAGCGATACGAAAA,.....((((.((((...)))))))).....,44.86332133281931
GAAAAGTCATCACTCGTTATGGTTCGAAAA,.............(((........)))...,44.86301416817566
CGAAAAGCTCGTCAAACTTAATGCGAAAAG,........((((..........))))....,44.85605687528229
GAAAAGAAAATGGATTATAGGTTCGAAAAG,...........(((((...)))))......,44.855663535563835
GAAAAGGCCTATGATTTTATCGGTCGAAAA,.....((((.(((....))).)))).....,44.8425155246671
GAAAAGTTAGCCTTGATTTGCGTACGAAAA,.....((..((........))..)).....,44.83858171293397
GAAAAGCATCCATACTACGTATCGCGAAAA,.................(((...)))....,44.8376389581094
GAAAAGAGAAGTTCTCTGAGCGCTCGAAAA,.....(((..((((...)))).))).....,44.8342193209286
GAAAAGGATACCTGTGCATACTACCGAAAA,(...(((...)))...).............,44.83356311227623
GAAAAGCATTCAATTTGTGCCGTGCGAAAA,.....((((.......))))..........,44.8324578898484
GAAAAGTTGGCATCTTGCATGCTTCGAAAA,...((((..(((...)))..))))......,44.83210498113547
AAAAGCGATTTCTACTGAGATCTCGAAAAG,......((((((....))))))........,44.830114983558076
GAACGAAAAGGATTATAGACGAAAAGTCTC,................((((.....)))).,44.82681698119973
GAAAAGAGATATCTTAACCACCCTCGAAAA,...((((....))))...............,44.82516212759289
GAAAAGGATCGTTGTATTTACGCCGAAAAG,........(((.(((....))).)))....,44.823906834300885
GAAAAGTTAGGTGATACTTCCCAATGAAAA,.........((.((....))))........,44.819022126572406
GAAAAGAGATCATCCTTTTGCATCCGAAAA,...(((((......)))))...........,44.81832586032735
