Sequences,Secondary structure,Scores
TGCCATAGGTGTCCAGATTGGTCTATGCCT,...((((((...(((...)))))))))...,97.67436321554496
GAAAAGGTATCGAAAAGTCGTCCCGATGCT,.....(((((((...........))))))),92.21878797467485
ACTGCGAGTCAGTTTAGTCTGCTCTGACCT,.....(((.(((......))))))......,83.19480884754243
GAGCAAAAGGTGTCCCTTGGTCTATTGATA,((.((..(((....))))).))........,80.88848010705446
AGCATAGGTGTCCTGATTCTGGTCTATCCT,.....(((.(.((.......)).)...))),78.98936638870843
ACTCCCTTGCGGATGCTCTGCACTTTAGCT,.......((((((...))))))........,72.67314233068177
GAAAAGCTCAAATAACTCGTTATGCGAAAA,................((((...))))...,70.01468330622427
TGGTCTATGTCGTTTAGGCCTAGGTGTCTG,.((((((.......))))))..........,70.01126977706727
GAAAAGTCATATCCGAGCATATTGCGAAAA,................(((...))).....,69.9344037136215
GAAAAGCAATCTCCCATCGTTATGCGAAAA,................((((...))))...,69.9280015654609
GAAAAGCAACATTAAATCGTTATGCGAAAA,................((((...))))...,69.91074597932301
CACTGGGTCTCTTCAGAGGTTGTCTGATTG,............(((((.....)))))...,68.82854500921306
AGGAGAGTCTCTACTGAGAGTTGTCTGCGT,(((.((.((((....)))).)).)))....,68.72398491453568
GAGCAAAAGGTGTCCCTTGGTCTATTGTTA,((.((..(((....))))).))........,68.2964527307826
TAGAGGGTCTATTAATAGGGCTGTCCCCTG,..((.(((((.......))))).)).....,68.27289991561767
GAGCAAAAGGTGTCCCTTGGTCTATTGGTA,((.((..(((....))))).))........,68.26987527358966
GAGCAAAAGGTGTCCCTTGGTCTATTGTTG,((.((..(((....))))).))........,68.26048689274975
TGATTGGTCTATTCATAGGCGTCCAGAGGG,......(((((....)))))..........,67.78490044321175
CCGAAAAGTTCATAGTTTGTGCGAAAAGCG,....................((.....)).,67.71342054816185
TGGTCTATGCAGAGTATGTATAGGTGTCTG,...((((((((.....))))))))......,67.45213915479454
TACATCGAAAAGGCCTCGCGAAAAGCTGTT,.................((.....))....,67.33368640801037
CTCCCTTGCGGATGCTCTGCACTTTAGCTG,......((((((...)))))).........,67.24258677512621
GCGAAAAGCTTGAACTCTGATGCGAAAAGA,((.....)).....................,67.1386708364851
GAGCAAAAGGTGTCCCTTGGTCTACTGATA,((.((..(((....))))).))........,67.12646811947494
GAGCAAAAGGTGTCCCTTGGTCTAGTGATA,((.((..(((....))))).))........,67.08370928957345
ATAGGAGGTGTCCACTATCGTGGTCGTCTT,....((((((.((((....)))).)))))),67.07764272766767
CACGAAAAGTCAATTCCATTGCGAAAAGCG,....................((.....)).,67.04414310186881
AGCCGAAAAGTTCATTATGCGAAAAGCCCT,..................((.....))...,67.01252146433046
TGCGAAAAGCCTTTAGATTGACGAAAAGCG,.((.....))....................,66.771176462273
GCTGGTCTATTCATAGGCGTCCGAGTTCAG,....(((((....)))))............,66.74221937590819
TGCTGGTCTATTCATAGGCGTCCGAGTTCA,.....(((((....)))))...........,66.74221937590819
GAAAAGGCATAATCGGCATTATTGCGAAAA,...............(((....))).....,66.59044917466126
CTGATTGGTCTATTCATAGGCGTCCAGAGG,(((....(((((....)))))...)))...,66.40394806225937
GAGCAGAAGGTGTCCCTTGGTCTATTGATA,((.((..(((....))))).))........,66.37385297160867
AGTATGTGAAAAGTATTGCGAAAAGCTTCT,.................((.....))....,66.20590288018246
GAAAAGCATTAGTAATCGTTCTGCGAAAAG,...............((((...))))....,66.15917740323168
TGGGTAGTCTCTTCAGAGTTGTCTGCATAA,.(((....)))..((((....)))).....,66.08591696253352
TAGGAGTGGTCATACCGATGTATGTCTTCA,.....(.((.(((((....))))).)).).,66.08313388867299
ACGGTGGTCTCTTTAGAGGTCGTCTAGCTT,..(((((((((....)))))))))......,65.97847759651252
TAGTCCATTCTGGGTAAGAATAGATGTCTG,..(((.(((((.....))))).))).....,65.53515645096742
TAGTCCATGTGCCTAGTACATAGATGTCTG,..(((.((((((...)))))).))).....,65.53221773874262
TGGTCTATGTCGTTTTGGCCTAGGTGTCTG,.((((...........))))..........,65.51655102713414
GGAGGCTTAGCTTACAAGTTAGGTGTCCGC,(((.((((((((....)))))))).)))..,65.45996037631267
AGGAGGTGTCCAAGATTCTCCTTGGTCGTC,....((((.(((((......))))).)))),65.44526492615141
ACTAGGTGTCCAATGCTCATCTGGTCTATT,((((((((.........)))))))).....,65.26210384091064
TGGTCTATATCGGATAGATCTAGGCGTCCG,..(((((.(((.....))).))))).....,65.25877304604822
TGGCGAAAAGCAATGTATTCGAAAAGTTCA,..((.....))...................,65.03603491567321
GGCGAAAAGCATTAGTATATTCGAAAAGTC,.((.....))....................,65.020442999334
GGCGAAAAGCGTTATATAGTGCGAAAAGTT,.((.....))....................,64.99620818310956
TAGGAGCGGTCAACGTTTCAGTTGTCTTCT,..((((((.....))))))...........,64.91800786657748
TGCGAAAAGCTTAATTTATGTCGAAAAGTA,.((.....))....................,64.90137038509083
TATAGGTGTCCGCACGAGTTGTGGTCTATC,.(((((...(((((.....)))))))))).,64.80536360797383
CACGAAAAGTCAACTCCATTGCGAAAAGCG,....................((.....)).,64.80312133264772
GAAAAGGTAACGAAAAGTCGTCCCGATGCT,.....((..((((....)))).))......,64.78788443353612
GATAACGAAAAGTAAATGCGAAAAGCTATT,.................((.....))....,64.7678059564902
TAGTCCATTCTTGGTAAGAATAGATGTCTG,..(((.((((((...)))))).))).....,64.74521779652493
AACGAAAAGTAATGAATGTGCGAAAAGCTT,...................((.....))..,64.72431113322065
AAGGAGGTGTCCATTCTCCAGTGGTCGTCT,....(((((.(((((....))))).))))),64.67676869607703
GGCGAAAAGCATATGTTTATACGAAAAGAC,.((.....))....................,64.65867171115897
AGCGAAAAGCGTTATAGTACCGAAAAGTTG,.((.....))....................,64.50735356382793
CGGTGGATCGAACCAAAAAGATCTATTATG,.((((((((..........))))))))...,64.46638514373886
TAGGAGGTGTCCATAATTGTATGGTCGTCA,.....((((.(((((....))))).)))).,64.32205577046955
TGCGAAAAGCCTTATATACTGCGAAAAGAA,.((.....))....................,64.31241575757922
TAGTCCATCCCGTGTTGAGATAGTCGTCTG,..(((((........)).))).........,64.23194632236968
ACCGAAAAGCCTACCTAGTCGCGAAAAGCT,....................((.....)).,64.12669988661399
GCAAGCAGGTGTCCGATTCTCGGTCTCTTC,......(((.(.((((...)))).).))).,64.07818902982177
GAGTCGATCACAATCAGGGATAGTGGTCTG,.....((((((.(((...))).))))))..,64.06103088999745
GAAAAGATTAAGGTTTTACCGCTCGAAAAG,...........(((...)))..........,64.02609367718007
AGCAGGTGTCCGATACTAGTCTTGGTCTCT,....((.(.((((........)))).).)),63.99766418449646
GACGAAAAGCTAGTTATAATGCGAAAAGCC,....................((.....)).,63.880317036069094
GCAGAAGGTGTCCATGGTTCATGGTCTATC,......((((.(((((...))))).).))),63.505765750660586
GCGAAAAGCAAAATTATTCTGTGAAAAGTT,((.....)).....................,63.19350405584903
CATGAAAAGGGAAATGTATACCGAAAAGGG,....................((.....)).,63.178537862652156
AGCGAAAAGCAAGGTATCTAGTGAAAAGTT,.((.....))....................,63.1106360470156
GAAAAGCATTAAGTAATCGTTCTGCGAAAA,................((((...))))...,63.06918412285984
CCGAAAAGGTCATTAAATTACCGAAAAGCG,((.....)).....................,62.631793355248455
TATAGCGAAAAGCATACCGAAAAGCATTTA,....((.....)).................,62.55605747638027
GAAAAGCTTGTGCTAACTACCCTGCGAAAA,....(((....)))................,62.46952902145626
AACAGGTGTCCATCGTGAGATAGGTCTATT,.......(.(((((....))).)).)....,62.42418886388281
GTGCGAAAAGCCTTAAGTCGAAAAGTTAGT,..((.....))...................,62.283511369624165
GCCGAAAAGGAGACTGTTATACGAAAAGGG,.((.....))....................,62.12756702585258
TGGTCTATTCCGTAGCGATATAGGTGTCTG,...(((((..((...))..)))))......,62.068025920718384
TAGGAGCGGTCATACCGATGTATGTCTTCA,.....(.((.(((((....))))).)).).,61.994898594555345
CCGAAAAGGTTATATATGAAACGAAAAGTG,((.....)).....................,61.87530308944781
TACAAGCGAAAAGCTATACGAAAAGATTTA,....(((.....)))...............,61.871310014964024
GAAAAGCACTAAGTAATCGTTCTGCGAAAA,................((((...))))...,61.86358194848209
TCGAAAAGCGTATTATTAAGCGAAAAGCTG,..................(((.....))).,61.801465879286056
GATAGGTGTCCGATGAGTCATAGGTCTATG,.(((((...((.(((...))).))))))).,61.750210166296185
GAAAAGCACTTAGTCTCGTTCATGCGAAAA,...............((((....))))...,61.69410050413446
CCGAAAAGGTTTGTTTAGTTCCGAAAAGCG,((.....)).....................,61.64815385646585
CCGAAAAGGTTGTATAAGTATCCGAAAAGC,((.....)).....................,61.5563915255424
GAAAAGCCCTGATGCTCGTTCATGCGAAAA,...............((((....))))...,61.504672422694256
TGCGAAAAGCGTTTGTGTGAGTGAAAAGTA,.((.....))....................,61.39960930269214
GCCGAAAAGGCGTCAGTTTTCCGAAAAGGT,(((.....))).........((.....)).,61.27864601214323
CGTGAAAAGTGATCTACATTCCGAAAAGGG,....................((.....)).,61.17389132289697
CCGAAAAGGCTATTAAATTACCGAAAAGAG,((.....)).....................,61.1101527876385
GTTGCGAAAAGCTTATAGTGAAAAGAATTA,...((.....))..................,61.06739322425175
AAAAGGTGTCCGTATCGAGTTCGGTCTATT,.......(.(((.........))).)....,60.95446079634566
CTGAAAAGGTATTGTGTCTTCCGAAAAGGG,....................((.....)).,60.920598996580395
GCGAAAAGCTATTCCCGAATTGTGAAAAGT,((.....)).....................,60.80917537903065
ACGAAAAGATCGTTTCTGCGAATGAAAAGT,.........((((....)))).........,60.68667589615155
GAGTCCATCCCGAGTTTAGGTAGTCGTCTG,..........(((.(......).)))....,60.589501199518054
AGGTGTCCGAAACCTTTAGATTTGTGGTCT,((((.......))))..(((((...))))),60.540429620564446
GGCATTCGAAAAGTCTGCGAAAAGAGTATC,.(((..(.....)..)))............,60.26017299594059
TGGTCTATATCATACAGAAATAGGGGTCTG,...(((((.((.....)).)))))......,60.22693210149998
ATCTAAGGAAAAGGTTACGAAAAGTTACAT,.............((.((.....)).))..,60.21348312747389
GAAAAGCATTCATACTACGTATCGCGAAAA,.................(((...)))....,60.01343438423304
ATACTGCGAAAAGCCGAAGAAAAGATGGAG,.....((.....))................,59.98471082270794
GTAAGTCGAAAAGGCACGAAAAGATTTTAT,....(((.....)))...............,59.9161037096927
TGTCGAAAAGATTATGGATCGAAAAGATCG,.(((.....)))....((((.....)))).,59.74533378707062
CAAGTATACGAACTAAAAAGTCTCCTGTAG,....((((.(((((....))).)).)))).,59.63262579958953
TAAGTCGAAAAGACCGTCGAAAAGACCTTT,...(((.....))).(((.....)))....,59.59187646974934
GAAAAGAAATATGTCACTCGTCTTCGAAAA,.................(((....)))...,59.58050321250133
AAAGGCGTCCGAATCTAGAATTTGGTCTAT,......(.((((((.....)))))).)...,59.54027379351432
ATCGCCGAAAAGGCATTATCGAAAAGGGGT,...(((.....)))................,59.349977422765704
GATGTTCGGTAATCCACGATTCTCTAGTGA,((...(((........)))...))......,59.26132381258578
TAGTCCATCTGTACACGTGATAGTCGTCTG,..............(((.......)))...,59.16781694134667
GAAAAGTAGAGCTATTGCGAATTATGAAAA,..........((....))............,58.91034840320496
GAAAAGTATATAACAATCGTTTAGCGAAAA,................((((...))))...,58.8613517622821
GGTTTGGTCTATTCATAGGCGTCCGGGTGA,((....(((((....)))))..))......,58.82306309400755
ATCGAAAAGGCTTTAACATTCCGAAAAGGT,....................((.....)).,58.81755317075757
AGCAGGTGCCCATAGACGATATAGGTCTCT,...(((.(((.(((.....))).))).))),58.76085463171347
GAAAAGTGTCAGTGCTTGCTTATGCGAAAA,...............((((....))))...,58.736068503231394
GAAGGTCTAGGTTATAGCTTAGGTGTCCAC,...(((((((((....)))))))...))..,58.67609255245227
GAAAAGCATTTTGCCCAGATAAATCGAAAA,.....(((...)))................,58.66749485171028
GTATGACATCGAACCAAAAAGATCTCTTAT,(((.((.(((..........))).)).))),58.66498633020239
TTAAAGCTCGAACCAAAAAGACCCTTTACA,.(((((.((..........))..)))))..,58.40736700972241
AGTGCGAAAAGTATAATCGAAAAGTTACCG,.((((.....))))................,58.19908389268186
GGAGGTCTAGCTTATAAGTTAGGTGTCCGC,(((.((((((((....)))))))).)))..,58.06590467844142
CCGAAAAGGGTTCTGTGTGTCCGAAAAGCG,((.....)).....................,58.00008107845821
CATCGAAAAGATGGTATCGAAAAGAGTCTG,((((.....))))(..((.....))..)..,57.935026543454086
TGAAAAGGAGGTTATACCACGACGAAAAGG,.........(((...)))............,57.93437466785655
CATGCGTCTCGAACTAAAAAGTCTCACAGG,..........(((((....))).)).....,57.902824891765164
GGGTACCGAAAAGGTAACGAAAAGATATTC,.(.((((.....)))).)............,57.83528069739248
GAAAAGGTGTTACCGAAGGTCCAATGAAAA,.....(((...)))................,57.82315067950582
ATGCAGGTGATTCCGTGAGTTAAGGTCGCT,.....(((((..((.........))))))),57.81253139299991
AGCCATCGAAAAGGTATACGAAAAGATCCT,.(((........)))...............,57.799596866119984
CCGAAAAGGTTATACATTATACGAAAAGTG,((.....)).....................,57.79581765098163
GAAAAGAGTTATACTCGTTACGCTCGAAAA,.....((((...))))..............,57.73857194551748
GCGTCGAAAAGATATTACTCGAAAAGAGGT,..(((.....)))....(((.....)))..,57.6307702838478
ATGCCGAAAAGTGTAATGACGAAAAGTCTT,.................(((.....)))..,57.612328758514316
GAAAAGCGTCCTAGCATTTGTGTGCGAAAA,.............((((....)))).....,57.606389110854806
GCGAAAAGCGTACAGTCTCTAGTGAAAAGT,((.....)).....................,57.60351811575201
GAAAAGCACTTTACATTGTTATTGCGAAAA,...............((((....))))...,57.55483560212561
GAAAAGGCTATTGTCCATTTTGTCCGAAAA,.....(((....)))...............,57.50618594618496
TGCGAAAAGTATCTTCATCATCGAAAAGCT,(((.....)))...................,57.482286666170324
GAAAAGAAGCTGCTATTGTTTATTCGAAAA,.....(((...((....))...))).....,57.451183691041194
CCGAAAAGGCCTTAATATTCCGAAAAGTGG,((.....)).....................,57.39629408975144
TAACGCGAAAAGCTCAGGCGAAAAGCCTTG,....((.....))..((((.....))))..,57.391736607655815
ACAACGAAAAGATGTGTTCGAAAAGGACGT,...............((((.....))))..,57.35578696381262
CCGAAAAGGCAACAGATATTCCCGAAAAGG,((.....))............((.....)),57.30589548939371
CGAAAAGCATCTAGTCGTTTATGCGAAAAG,..............((((....))))....,57.27196644523767
CGAAAAGATTTAGGCCTCGTCCTCGAAAAG,................(((....)))....,57.26372249260824
GGTGTTCGAAAAGGACACGAAAAGAATTTA,.((((((.....))))))............,57.25382936687317
GAGCGAAAAGTTCTACATACGAAAAGTCTT,((((.....)))).................,57.15850650816542
TAGTCAGATCGAACTAAAAAGATTGTACTT,.(((..((((..........))))..))).,57.11676565633219
AACGGTGGTCTATTCATAGGTGTCCGACTT,..(((...((((....))))...)))....,57.09318961209939
GAGGTCTATCTGTCACGATAGGTGTCCCTG,((.(((((((......))))))).))....,57.0833947595556
TGAGGTCTATCTGTCACGATAGGTGTCCCT,.((.(((((((......))))))).))...,57.0833947595556
GAAAAGTGGCTATTGCCTTCTGCCCGAAAA,.......(((....))).............,57.06227513330123
GAAAAGCTGTTAGCATAATGTCCGCGAAAA,.....(((...)))................,57.01150205354254
ATTGCGAAAAGTATCCTACGAAAAGTCCAT,..(((.....))).................,56.9652822522198
GGGTACCGAAAAGGTAACGAAAAGTTATTC,.(.((((.....)))).)............,56.93547077323552
AACTAGCGTCGAACTAAAAAGACTCATGGT,.(((((.(((..........))).).)))),56.902642535059954
GGCGAAAAGTCTATCCATGTACGAAAAGTC,(((.....)))...................,56.8922225258833
TGATCTCGAAAAGATCTCGAAAAGGGATCT,...........(((((((.....))))))),56.87095345693409
GAAAAGATTGGTGTTAACCTCCTTCGAAAA,.........(((....)))...........,56.78196422648468
GGGAGCGAAAAGTTCACGCGAAAAGCAATC,..((((.....))))..((.....))....,56.75154347583621
GGCTATCGAAAAGTATACGAAAAGTGTGCT,...........(((((((.....))))))),56.622115302973675
GAAAAGCTTGCTACCTCGTATCTGCGAAAA,...............((((....))))...,56.54148412610488
GCGAAAAGTAACCTCCTAGGACGAAAAGTC,...................(((.....))),56.51557161433723
GAAAAGATCGTTATTCATCGTCATCGAAAA,.................(((....)))...,56.47208209170905
GGCGAAAAGTCTACTCAGTTATCGAAAAGC,(((.....)))...................,56.40380990092483
CTCGTAGAAAAGTGGGTCGAAAAGACGGTG,...............(((.....)))....,56.31503679913365
ATAATGGCGAAAAGCATGCGAAAAGCATAT,......((.....))((((.....))))..,56.30318378311037
GAAAAGATAGACTCTTGTCCCCTTCGAAAA,.........(((....)))...........,56.27894520348552
CATTTCGAAAAGGTTTCCGAAAAGGATTCG,............(..(((.....)))..).,56.20024623787868
GCGAAAAGCGATATGAAATTTGTGAAAAGT,((.....)).....................,56.18624776444285
CTGAAAAGGACAGTGTTATTACCGAAAAGG,.....................((.....)),56.157489075845035
GAAAAGGTTGTTGCCAAAACTCTCCGAAAA,.....(((....)))...............,56.13081069930491
TGAAAAGGTCTTATAAAATTACCGAAAAGG,.....................((.....)),56.11724384101888
GAAAAGGTTGTTGCCGTAGTACTCCGAAAA,.....(((....)))...............,56.04288706440221
GGAGGTCTATGCGTCAGATTAGGTGTCCGC,(((.(((((..(....)..))))).)))..,55.98994110895622
GGCGAAAAGCCTAGTCTATTGTGAAAAGTT,(((.....)))...................,55.95624065787883
GAAAAGCAGTGTTTATCGCTTCTGCGAAAA,...............((((....))))...,55.942489438691865
AGATCGAAAAGATCTCATCGAAAAGTAACT,(((((.....)))))...............,55.900447852298555
GATCCGAAAAGGTTTACGCGAAAAGGTTGA,...((.....))..................,55.86579675247849
GGGCGAAAAGCATATATTTGTGAAAAGGAC,..((.....))...................,55.82280314652215
AGGTCTAGCTTCCCAGTTAGGTGTCCACGT,.(((((((((....)))))))...))....,55.80556420397124
GGGAACCGAAAAGGTTACGAAAAGATTTCC,.(..(((.....)))..)............,55.789721578086734
ATACCCCGAAAAGCATGCGAAAAGTATTAT,..............((((.....))))...,55.78382364870066
CGAAAAGTATTATCTCTGTTACCGAAAAGG,.....................((.....)),55.770449851435814
ATGGATCGAAAAGTATCCGAAAAGAGTTAA,..(((((.....).))))............,55.73372561925153
ATCCGAAAAGGCATGTTAAACGAAAAGGTT,..((.....))...................,55.73025591952722
GAAAAGTTTTGCCCCCGTCGTATTCGAAAA,.................(((....)))...,55.6676720502958
CAGCGAAAAGCATATGTGCGAAAAGTATTG,..((.....))....((((.....))))..,55.625899041860144
GGCTACGAAAAGTTTATCCGAAAAGGAGTT,................(((.....)))...,55.61416088037215
CGAAAAGTTATTGTGAGATTACCGAAAAGG,.....................((.....)),55.600555127351925
GAAGGTCTAGCTTCTCAGTTAGGTGTCCAC,...(((((((((....)))))))...))..,55.57372832566442
GATACGAAAAGTATGTACACGAAAAGTCTC,.((((.....))))................,55.54410227980772
ACTTCGAAAAGAAGTATTTCGAAAAGAAAT,(((((.....)))))(((((.....))))),55.43367960721894
AGGACCGAAAAGGTTCCCCGAAAAGATCTT,.(((((.....)))))..............,55.431584946152995
TGCGAAAAGCTTACTCTAGGCGAAAAGTCT,.((.....)).......((((.....)))),55.36142975156404
TACACGAAAAGTGCTATACGAAAAGTTTTA,..(((.....))).................,55.3215998700924
TCACGAAAAGTGTTACCAATACGAAAAGGA,.(((.....)))..................,55.22397032455705
CTGCAACGAAAAGATTTACGAAAAGTAATG,...............((((.....))))..,55.168109561127736
GAAAAGGCTTATGCTCACATACATCGAAAA,.....(((....)))...............,55.16533299896834
GTCGAAAAGGCCCATCATTACCGAAAAGAT,(((.....)))...................,55.12966142940742
GAAAAGGAGTTTCCACGATAATACCGAAAA,.....(((...)))................,55.123315245784575
CACGAAAAGTGATCTGTCTTCCGAAAAGGG,(((.....))).........((.....)).,55.11489965037788
TCTGAAAAGGCTATTAAAACCCGAAAAGGG,...................(((.....))),55.10215820353407
GGGTGTCGAAAAGGTACGAAAAGAATATTC,..(((((.....))))).............,55.09540727647419
GAAAAGCTATGTCTACTCGTTACGCGAAAA,................((((...))))...,55.05757668929566
CCGAAAAGGTTAAGAGCTGGTGTCCGAAAA,((.....)).....................,55.04074199545699
TCCGAAAAGGATTCTTGAATACGAAAAGGT,(((.....)))...................,55.03852424559991
GAAAAGCATGTTACATCGTTTTGCGAAAAG,...............((((...))))....,55.03708992382626
TAGCACATTCGAACTAAAAAGGATGCCCTT,.....(((((..........))))).....,55.02925369860317
AGCACGAAAAGAGCTTAATCGAAAAGTCCT,(((.(.....).)))...............,55.01665217484708
CGAAAAGCTTGATTCTTGATCCCGAAAAGG,.....................((.....)),54.9822351764241
GAGCGAAAAGTTATCCTTCACGAAAAGTTA,.(((.....)))..................,54.980723676611916
AAACACGAAAAGTGAGAACGAAAAGATTTT,...(((.....)))................,54.95448053333141
GAATGCGCTCGAACTAAAAAGACCTCATTT,(((((.(.((..........)).).))))),54.917297253627986
GAAAAGCATATTGCTTGGCACTATCGAAAA,(..(((((...)))))..)...........,54.90172939167741
CGAAAAGCCTTCACTATCGATGTCGAAAAG,................(((....)))....,54.89392911982426
CGAAAAGGATCTCATTTGCACCCGAAAAGG,.....................((.....)),54.864636916896956
ATGTACGAAAAGCTTATGCGAAAAGCATAT,..............(((((.....))))).,54.790510037305665
AGATTGAAAAGATCCTAGTCGAAAAGATAT,.((((.....))))...(((.....)))..,54.730373603459206
GAAAAGTAATGTCATATGGTATTCCGAAAA,.................((....)).....,54.68523931812992
GCTATCGAAAAGAATAGCGAAAAGATATGT,((((((.....).)))))............,54.67478880912719
GCTATCGAAAAGAATAGCGAAAAGATATGA,((((((.....).)))))............,54.667800545323416
ATAGCGAAAAGATTCTACCGAAAAGGTCAT,................(((.....)))...,54.608201584582424
CGAAAAGTAATTGATCGTATCTGCGAAAAG,..............((((....))))....,54.58792371712377
GATGTTCGGTGAATAGCTTTCCTCTAGTGA,..(((((...)))))...............,54.58374824410081
GAAAAGAATAATCCCTATCGTGTTCGAAAA,.................(((....)))...,54.56425784774148
ATTGTTACGAAAAGGTACGAAAAGTCTGAT,.((((..(.....)..))))..........,54.53027508650863
ACCGCGAAAAGTTTAATCACGAAAAGTGCT,.................(((.....)))..,54.44592084576454
ATACGCTAGTCGAACTAAAAAGATGCCTAT,....((..(((..........)))))....,54.444265062458406
ATCATCGAAAAGATCCTTCGAAAAGAAGTT,...(((.....))).((((.....))))..,54.43590626086126
TAGTCCTTGCGAACTAAAAAGCATGCATTA,((((.(.(((..........))).).)))),54.40711408369019
AAGAAACGAAAAGTATCACGAAAAGCTCTT,..((.((.....)).)).............,54.38216885531202
GAAAAGTCTATTGGCGTAACAATCCGAAAA,.....(((....)))...............,54.33274589789154
GAAAAGTGATTAACATGCTTATAGCGAAAA,................(((...))).....,54.25697715234467
GGATCGAAAAGAATTCTACGAAAAGATATC,(((((.....).))))..............,54.20796661185258
GAAAAGAGGCTATGCGTCATACATCGAAAA,.....((.((...)).))............,54.19197996299545
GAAAAGGTATATCGTCATCGTTATCGAAAA,.................(((....)))...,54.187670119585306
TCGCGAAAAGTATATTGACGAAAAGTCGTA,................(((.....)))...,54.16509373390828
ATCACCGAAAAGGCAGAAAGAAAAGGTAGT,....((.....)).................,54.13854937009624
GAAAAGTTTAGAATAGATTCGATACGAAAA,.................((((...))))..,54.07665882977538
GAAAAGCCAACTACCGGATATTTGCGAAAA,..............((.(....).))....,54.057996288998865
CCGAAAAGGATCTTAGTGCTCATACGAAAA,((.....)).....................,54.053396460302885
GAAAAGAGTTATTGGTCTATTACGCGAAAA,....(((.(....).)))............,54.01089436148868
CGAAAAGTATAGTAATCGTTCTACGAAAAG,...............((((...))))....,53.98776803004707
GCCTCGAAAAGATGGATTATCGAAAAGATA,.((((.....)).))..((((.....)))),53.96991444819557
CGAAAAGTAGTACCCCGTTTTAACGAAAAG,...............(((....))).....,53.96297923800248
TTGTCCGAAAAGGTCATACGAAAAGTACTA,.((.((.....)).))(((.....)))...,53.930822776016406
CGAAAAGTAGTCTTAGCTCCACGAAAAGTG,...................(((.....))),53.916924789030645
GAAAAGCATGTTATGCACGTAACTCGAAGA,.....((((...))))..............,53.89224808618974
GAAAAGAACTATGTTCATAGGTATCGAAAA,.....((((...))))..............,53.83343291227243
GAAAAGCAATATTGATCGTTATGCGAAAAG,...............((((...))))....,53.8020622159394
AATACGAAAAGTACTTCACGAAAAGCTGTT,..(((.....))).................,53.79444201944302
GCGAAAAGCGTGTATATATTAGTGAAAAGT,((.....)).....................,53.75190396281239
GAAAAGAACATAGGCTCGGTATTTCGAAAA,...............((((....))))...,53.70714704119233
GAAAAGTGTATTCACGGATATCAACGAAAA,.....(((....)))...............,53.70457315350199
GAAAAGTGGTTTTAACCTGATACCCGAAAA,.......(((....))).............,53.582494355316236
GAAAAGATGCATCATTTGCTACATCGAAAA,........(((.....)))...........,53.57853740328477
GCATGCGAAAAGTCTTACGAAAAGTGATTC,..............((((.....))))...,53.566891111189996
TGAAAAGCTTTGGTTTCCACTGCGAAAAGG,......((..(((...)))..)).......,53.56558561121987
GAAAAGCCATTCAAATCGTTTGTGCGAAAA,...............((((....))))...,53.549013821116674
GAAAAGAATTCCGCATATTGCGTTCGAAAA,...........((((...))))........,53.53884961938061
ATTGTGCGAAAAGATCAACGAAAAGTTAAT,.(((..(.....)..)))............,53.52477477373292
CATCGAAAAGATGAATATCGAAAAGACTTG,((((.....)))).................,53.498265560691664
CGAAAAGTCCGAGTTCTCGCTTACGAAAAG,................(((....)))....,53.493651487677
TAGGAGCGGTCAACGTTTCTGTTGTCTTCT,((((((((.....)))))))).........,53.48559445224316
GAAAAGGCTGCAACTACGTTCATACGAAAA,................(((....)))....,53.45374615475391
CTGTCGAAAAGATATCCTCGAAAAGTGCCG,.((((.....))))................,53.41751430331068
TGTCTACGAAAAGTTCACGAAAAGTCTACT,...........(((..((.....))..))),53.39210187440321
GAAAAGAAGCTTGGGTTATTCCTTCGAAAA,............(((....)))........,53.36628026290607
GAAAAGGTATAGCCAAACGTTTAACGAAAA,.....(((...)))................,53.34942337979288
GAAAAGATTCCGCTACTGCATGTTCGAAAA,...........((....))...........,53.33658265151075
GAAAAGTTGTGTACGTGTATTCACCGAAAA,..............(((....)))......,53.31906841021279
GCGAAAAGCGTACAGTCTCTAGTGAAAGGT,((.....)).....................,53.30402666959649
AGCCATCGAAAAGGGATACGAAAAGATCCT,............(((((.(.....)))))),53.29661801143331
GAAAAGAGGATTATATCCAAGTCTCGAAAA,.......((((...))))............,53.278935726427285
GACGAAAAGTTATCTCATGTACGAAAAGAC,(((.....)))...................,53.26511854367541
GAAAAGTCATCGGGTATCCTGATGCGAAAA,.....(.(((((((...)))))))).....,53.23568470318146
ATCCGAAAAGCTCGTCTAGCGAAAAGATAT,...........((((...))))........,53.087168626263995
GAAAAGAAGGAATATTTCCGTAATCGAAAA,........((((...))))...........,53.08011155393123
GACGAAAAGTTATCTCAAGCACGAAAAGAC,(((.....)))...................,53.07792536979309
GCATCGAAAAGTTGTAGCCGAAAAGTATGT,(((.(.....).)))...............,53.0422498746495
AGTTCGAAAAGATGTTACTCGAAAAGAGTT,................((((.....)))).,53.040283411265136
GCGAAAAGATTTCCTCGGCTATCGAAAAGT,..............(((.....))).....,53.02650119846649
GAAAAGGATAATTCCATTGCACTCCGAAAA,.....(((....)))...............,53.02625207656124
GTTCGAAAAGAATTACAATACGAAAAGATC,((((.....)))).................,53.01689799889113
GATTACGAAAAGTATACGAAAAGGCTATTC,...(((.....)))................,53.00299607839733
GAAAAGAGTAGTTGGATCATTCCTCGAAAA,.............(((....))).......,52.997760586271234
GAAAAGTTTCGCCCCAGTCGTATTCGAAAA,.................(((....)))...,52.96608078764575
GGAGCGAAAAGTTTGGTACGAAAAGATTCT,.((((.....))))................,52.942203370322346
CATCGAAAAGATTTATGACCGAAAAGATTG,.(((.....)))..................,52.87227535013193
ACCGAAAAGGTATTTATACTGAAAAGCTGT,(((.....)))...................,52.84136385379122
GAAAAGACATATTGTCACAATTGCCGAAAA,.....((((...))))..............,52.82102752903435
ATTGTTCGAAAAGGATAACGAAAAGTTGAT,.((((((.....))))))............,52.74694763529442
AGTTCGAAAAGAAGTTTCTCGAAAAGAGGT,..(((.....)))...((((.....)))).,52.716446934202246
CTGCGAAAAGTAGTCCCTCGATCGAAAAGT,((((.....)))).................,52.69137905129014
CGAAAAGGCACTACTCGTATTAACGAAAAG,..............((((....))))....,52.68383629889235
GCCTCGAAAAGAGAGTACTCGAAAAGTTGT,(((((.....))).))..............,52.680060992119834
CTCATGAAAAGGGTATACGAAAAGTGTATG,............((((((.....)))))).,52.67365490750356
GAAAAGACCTTCGTATTTGAAGCTCGAAAA,.....((.(((((....))))).)).....,52.66425610515931
TCAACGAAAAGTATATCGAAAAGGTAGTTG,.............((((.....))))....,52.654786718896176
GGCTTGGTCTATTCATAGGCGTCCGGGTGA,.((((((((((....))))...))))))..,52.64935180013311
GCAGCTTTCCGAACTAAAAAGTAAATCTGG,.(((.(((.(..........).))).))).,52.64781048898819
AATCGAAAAGTTACGTGTCGAAAAGATTCG,.............((.(((.....))).)),52.64244229580545
TGCGAAAAGTAATAATTCTACGAAAAGTCT,(((.....)))...................,52.62759731943197
CGCAACCTCGAACAAAAAAGAGCTTTCTAG,......(((..........)))........,52.62623938249967
GAAAAGTTGCAGTTATGCCTGAAATGAAAA,........(((....)))............,52.60170271533759
TCGAAAAGTAGTATTAGGTCTCGAAAAGAG,...................(((.....))),52.597485994253944
GAAAAGAGAGGTTATACCTTTGTCGAAAAG,....(.((((((...)))))).).......,52.594541320921415
GAAAAGTAATTTATTCCGAAAAGTCGTCCC,................(((....)))....,52.57099838515245
TGCGAAAAGCTTTGCTAGTAGCGAAAAGTA,.((.....))((((((...)))))).....,52.54437397079358
AGGACCGAAAAGGTACTCCGAAAAGATCTT,.(((((.....))...)))...........,52.51896221154264
GAAAAGTATATATGACTCTGTCTGCGAAAA,.............(((...)))........,52.506173297542006
GAAAAGCCGTTCATGCATATGTTGCGAAAA,..............(((.....))).....,52.48508576440409
ATCGTGCGAAAAGTTTGCGAAAAGCATAAT,.((((((.....))..))))..........,52.47088558457033
GAAAAGAGCTATATTAGTTCAGTTCGAAAA,(((..((((((...))))))..))).....,52.43749535425857
GAAAAGTTACACCTATTGGTCCGCGAAAAG,..........(((....)))..........,52.40315153822506
GAAAAGTATCTAGTCATTGACAAACGAAAA,............(((...))).........,52.39572005258421
GAAAAGAGCGCTATGGGCCTGTCTCGAAAA,((..((.((.(...).))))...)).....,52.346972858594626
GAAAAGCATATTGCCGTTTCAATGCGAAAA,((((.(((...)))..))))..........,52.26095682420657
GAAAAGTTAGCAGGTATCCTGTATCGAAAA,.........(((((...)))))........,52.24072774524976
AAACCTCGAAAAGTGGTGCGAAAAGAATTT,..(((.(.....).))).............,52.21628000040185
TATTGCGAAAAGGAATACGAAAAGCTTTTA,((((.(.....).)))).............,52.20073406786425
AAGCATGAAAAGAGCACTCGAAAAGAGTTT,...............((((.....))))..,52.19074455663626
CATTTGCACTCGAACTAAAAAGACTGCCTG,.....(((.((..........)).)))...,52.13487176606295
ATGACGAAAAGTTATTGACGAAAAGTATAT,(((((.....)))))...............,52.12636656547393
CAGCCGAAAAGTATCAGACGAAAAGATCTG,..............(((((.....).)))),52.12091677369168
TACAAGTGAAAAGCTATATGAAAAGATCTA,....(((.....)))...............,52.11507268518574
GAAAAGCATACCACCGTATTATTGCGAAAA,..............((((....))))....,52.10634169112197
GCCGAAAAGATGTCCAGAGCTCGAAAAGAG,...................(((.....))),52.10504194658982
GAAAAGATTCGCTACTGCTAAATTCGAAAA,..........((....))............,52.09496197347548
CGAAAAGAGCAACTTTAGACTCGAAAAGAG,...................(((.....))),52.07875169641786
CGTTAGGTCTATTCTCAATAGGCGTCCAGT,......(((((((...))))))).......,52.077900597297926
GTTAGGTCTATTCTCAATAGGCGTCCAGTT,.....(((((((...)))))))........,52.077900597297926
CGAAAAGTTGATTCTCGGCCATACGAAAAG,..............(((......)))....,52.06913457938495
GAAAAGGTTTAGCTAATTGGATTCCGAAAA,................((((...))))...,52.06422653430599
CCTGTCACGAAAAGTGTACCGAAAAGTTCT,.(.(((((.....))).)).).........,52.03867762567957
CGAAAAGAATTCCGGATCGTGATCGAAAAG,................(((....)))....,51.96661590168338
CGAAAAGATGTTTACTCGTAATGCGAAAAG,...............((((...))))....,51.953722021331814
GAAAAGAGTTCTTACTCCAAACCTCGAAAA,.....((((....)))).............,51.95361554584456
GAAAAGTATGTGTTTATCGTCTACGAAAAG,................(((....)))....,51.91949595139429
GAAAAGCATATTGTTGTTCATTCGCGAAAA,(((.((((...)))).)))...........,51.91077492086044
ATGAAAAGGTAACGCTCGTTAACGAAAAGT,...............(((....))).....,51.89202381102972
GAAAAGCAAGAGTATCTCGTTCCGCGAAAA,................((((...))))...,51.8769944181593
GAAAAGGCTATTGCTGTTATACCCGAAAAG,.....(((....)))...............,51.87519338749497
GAAAAGCAAGTGTATCTCGTTCCGCGAAAA,................((((...))))...,51.8751913992244
GAAAAGTGTGATAAGGTTATCCTTCGAAAA,............((((....))))......,51.86639831191785
GCAACGAAAAGATTTACGAAAAGTAATGGT,.............((((.....))))....,51.83472540445632
CACAAGCGAAAAGCTATGCGAAAAGATTTA,(.(((((.....))).)).)..........,51.77146009921614
GTTAGGTCTATTCTCAATAGGCGTCCATTT,.....(((((((...)))))))........,51.75191524832485
GAAAAGCCTGTTGGCATGTGCATGCGAAAA,.....(((....)))...............,51.73461224598952
GAAAAGTGTACTGCCTATTGGTTCCGAAAA,............(((....)))........,51.73429587616917
GAACATTGAAAAGAGGATCGAAAAGATTTC,..............(((((.....))))).,51.710447866177525
GAAAAGTGTATTCGCATGCGATATCGAAAA,.....(((....)))...............,51.674164180865084
GAAAAGCAGCTATGCCCCTAAATGCGAAAA,.....(((....)))...............,51.67108197784119
GCGTGAAAAGGCATCCATAACGAAAAACTC,((.(....).))..................,51.64361995562881
GGGTAACGAAAAGTGTATCGAAAAGTATCT,.((((((.....)).))))...........,51.640200806672084
ATTCAGACGAAAAGTGTGCGAAAAGACCAT,...((.((.....)).))............,51.62976725788979
ATCAATCGAAAAGTAATCGAAAAGGTTAAT,.............(((((.....)))))..,51.612404887871776
AGAGGGTCTATTAATAGGGCTGTCCCCTGG,.((.(((((.......))))).))......,51.586625405813756
TAGAGGGTCTATTAATAGGGCTGTCCCCTT,..((.(((((.......))))).)).....,51.57682148424513
CGAAAAGTAGTGCCTCGGTTTTACGAAAAG,..............(((......)))....,51.55429519688819
TAGGAGCGGTCAGCGTTTCAGTTGTCTTCT,..((((((.....))))))...........,51.540777695825085
GAAAAGCGAAGTACTTGCATTAGCGAAAAG,..............((((....))))....,51.537064103889136
TCGAAAAGTTCCCCCCTCACGAAAAGTAGG,..............(((.((.....))))),51.52726948975737
GAAAAGTCTGGTCTTTGACCTATTCGAAAA,.........((((...))))..........,51.52357353236684
GAAAAGGAGTTTCTCCTGGTATTCCGAAAA,....(((((...)))))((....)).....,51.51110664084782
GAAAAGCATGCAATTATATTGCTCCGAAAA,.........(((((...)))))........,51.505066800714914
GCCACATTGCGAATTAAAAAGCATTCTGGT,((((...(((..........)))...)))),51.478442841520234
GAAAAGAATTAGAAGGTTCGTAATCGAAAA,................((((....))))..,51.473058445120856
ACGAAAAGTAGTCGGAGTTCCACGAAAAGT,...........(((........))).....,51.43996364697546
ATGAATCGAAAAGGTTACGAAAAGGGTCTT,...((((.....))))..............,51.431924969694045
AATCGAAAAGATTAAATAAACGAAAAGATG,((((.....)))).................,51.399991846598866
ATGAACGAAAAGTCAGTGCGAAAAGTTACT,..............(((((.....).)))),51.39669506786232
GAAAAGGTATCGAAAAGTCGTCCCGATGTT,.....((...(((....)))..))......,51.37489183548122
CGAAAAGCTTTCTTAATCGTACGCGAAAAG,................(((....)))....,51.352897628714985
GAAAAGGTTTATGACCTGTTCATCCGAAAA,(((.(((((...))))).))).........,51.34669054610108
TTGAGGGTCTATTAATAGGGCTGTCCCCTG,..((.(((((.......))))).)).....,51.32780187640199
GAAAAGTGTTGTTTCCCTCGTTCACGAAAA,.................(((....)))...,51.311731787166465
AGTGAACGAAAAGCTTTACGAAAAGATACT,.((((((.....).)))))...........,51.294057913743956
GAAAAGTCATATCCGTGCATATTGCGAAAA,...............((((...))))....,51.29061842123228
GAAAAGTAAGGATATTCCTACTTACGAAAA,...(((((.(((...)))))))).......,51.2830181489919
GAAAAGTTAGCACCATTGCATATACGAAAA,.........(((....)))...........,51.26470736595516
GAAAAGTTATCCGCTTCTGCTGTACGAAAA,............((....))..........,51.26255286270178
GAAAAGCTAATGCCTTACTTGTCGCGAAAA,.....((....)).................,51.25972994976496
GAAAAGAAGTAGGATATTCCGGATCGAAAA,...........(((...)))..........,51.22865520295129
GAAAAGTAGTTATCTCATCGTACTCGAAAA,.................(((....)))...,51.228562466477605
GCAAGCGATCGAATTAAAAAGCTCCCTGTA,((((((..............)))...))).,51.215219465791805
CGAAAAGCTCGTTCTATGATTTGCGAAAAG,........((((..........))))....,51.14785290049878
GAAAAGGAATATTCCGATTTATACCGAAAA,.....(((....)))...............,51.14618071239329
GAAAAGCAGGTTTTACCGTGCATGCGAAAA,.....((((((...))).))).........,51.10430287178586
GAAAAGGAGTATCTCTTATCCATCCGAAAA,....(((((...))))).............,51.10177932367594
TGTTGCGAAAAGGAATACGAAAAGCTTTTA,((((.(.....).)))).............,51.08314184024424
GTTATCGAAAAGAGCAACGAAAAGGTATTA,(((.((.....))..)))............,51.08223637173113
TGAGGCATAGGTGTCCCTTGGTCTATCTCG,..((((..(((....)))..))))......,51.068045521958155
ACTTCTGAAAAGGTCATACGAAAAGGTTGT,..............((..(.....)..)).,51.064108455926885
CTGCAACGAAAAGATGTACGAAAAGTAATG,.((((.(.....).))))............,51.06272453959349
GAAAAGTCATAACAGCGTATATTACGAAAA,...............((((...))))....,51.055878932195974
GAAAAGGTTAAGTACTGCGGTATCCGAAAA,.................(((...)))....,51.053500137095995
TGAGGCATAGGTGTCCCTTGGTCTATCCCG,..((((..(((....)))..))))......,51.05254655902424
GGATTATGAAAAGGATACGAAAAGTAAATC,...............(((.....)))....,51.03435688057201
GAAAAGTTGAGTCTATGACTCTTTCGAAAA,((((....(((((...))))))))).....,51.03203872994282
GAAAAGTTGGATATTATCCCTGAACGAAAA,........((((...))))...........,51.01016897942881
GAAAAGCAGGCTCATGTCATTTAGCGAAAA,........(((....)))............,50.99636798805954
GAAAAGAGGGATATGCTTGTCCTTCGAAAA,.....((((((((....)))))))).....,50.94373967961578
GAAAAGCATTGTTGTGCCTACAATCGAAAA,.....((((....)))).............,50.93372584057235
GAAAAGCCCTTACATCGTTATATGCGAAAA,..............((((.....))))...,50.93362751764276
GAAAAGCCGTAAATATCGTTTCAGCGAAAA,...............((((....))))...,50.93310276609117
GAAAAGTGTCGCATTCTTTGCTATCGAAAA,..........(((.....))).........,50.92078779113457
CTGCCATAGGTGTCCAGATTGGTCTATGCC,....((((((...(((...)))))))))..,50.916787457969214
GAAAAGTTGTATCAACGCTATACACGAAAA,.....((((...))))..............,50.90499238863111
AGAACGAAAAGGACAGTACGAAAAGTGGCT,..............(((((.....)).))),50.90319749756883
GAAAAGAGTGTATCGCTGGCCAATCGAAAA,......((((...)))).............,50.866970272456996
GAAAAGGGATTATTCCCCATATCACGAAAA,.....((((....)))).............,50.8555068460183
TGAACGAAAAGATGAGTATCGAAAAGAGCT,..............(((.((.....))))),50.837857622709734
TGCATCTGAAAAGATCTCGAAAAGGGTTCA,............((.(((.....))).)).,50.82313565811167
GAAAAGGTACCGAAAAGTCGTCCCGATGCT,.....((...(((....)))..))......,50.81992221246954
GAAAAGTGTATGGATGTTCCTCATGAAAAG,...........(((...)))..........,50.819382461396614
ATGTTACGAAAAGTTGTCGAAAAGGAACTT,..........(((((.((.....))))))),50.79889765009944
GAAAAGTTGTCACGGTATCCGTCACGAAAA,......((((.((((...)))).))))...,50.794277850941135
CGAAAAGTAGTACCTCGTATCATCGAAAAG,..............(((......)))....,50.786112219484245
AAAACGAAAAGTTAGTATCCGAAAAGATTT,..(((.....))).................,50.76650947846386
TCCGAAAAGATATCTCGCTAACGAAAAGGT,..............(((....)))......,50.758298452426104
GAAAAGACGGATTGTATTAGTCCTCGAAAA,.....((.((((((...)))))))).....,50.735083041667586
GAAAAGAAAAGATTCCGATATTTCCGAAAA,............(((.((....)).)))..,50.71900018446476
GAAAAGCTGCATATATCGTATTCGCGAAAA,...............((((....))))...,50.718985946785466
GAAAAGACCGTATTCGGTTCTGGTCGAAAA,((..((((((....))).)))..)).....,50.685984056517064
AGACGAAAAGGATTTGAAGACGAAAAGTTT,.................((((.....)))),50.68315794814082
CGAAAAGTATGAAATCTCGTCAGCGAAAAG,................(((....)))....,50.67781146480904
TCCGAAAAGTCTCGTTTTGTGCGAAAAGGT,...........((((.....))))......,50.63475877187957
TAGGTGCTTCGAATTAAAAAGGAGGACATG,...((.((((..........)))).))...,50.63410444243935
GAAAAGACAAGAGGTATTCTTCTCGAAAAG,.........(((((....))))).......,50.601821022620214
CGAAAAAGCCTCTTTATTGAGCCTGAAAAG,......((.(((......))).))......,50.587825817060335
GAAAAGCGTGGCGTATTTGCTACTCGAAAA,.......((((((....)))))).......,50.58609344657787
CGAAAAGTTTCCTCGGGAATTCACGAAAAG,............(((........)))....,50.56295105375125
GAAAAGGATATATTGCTATGCACCCGAAAA,.............(((...)))........,50.55180420283114
GAAAAGAGTTATCTCTATGTGCCTCGAAAA,....((((....))))..............,50.55094745917699
AAACTCGAAAAGTTCAACGAAAAGTAGCTT,.........(((((..((.....))))))),50.543757779777955
GAAAAGCATTATCTCCAGCTCCTGCGAAAA,.................((....)).....,50.49633926941574
AACTTAGGCGAATCGAAAAGCATTAACTTG,.......((..........)).........,50.49295529788924
CGAAAAGGAATAAGTCGTTAGTACGAAAAG,..............((((....))))....,50.48832186505845
GAAAAGGTTTCCTATGTCAATGTCCGAAAA,....(((...))).................,50.482159751617836
CGAAAAGCATACTCGGAAGTATACGAAAAG,............(((........)))....,50.471022776972546
ATCTGCGAAAAGTGATACGAAAAGTTAAAT,(((.((.....)))))..............,50.43359765877293
CGAAAAGCGTTAAGCATTATACCCGAAAAG,......((.....))...............,50.42225931991291
GAAAAGACTGCGGTATCCTTAAGTCGAAAA,.....((((..((...))...)))).....,50.41641309237728
GAAAAGCATTTATATCGTGTATCGCGAAAA,..............(((((...)))))...,50.39624876377043
GAAAAGGAGGTATCTTCCCATGTCCGAAAA,.....(((((...)))))............,50.39267629236697
GAAAAGATGCAGGTTATCCTTCGTCGAAAA,.....((((.(((....))).)))).....,50.392253156617585
GAAAAGTTGTTTACATCGTATCACGAAAAG,...............((((...))))....,50.37198945094744
GAAAAGTACTCCACTATTGTGTCACGAAAA,...........(((....))).........,50.35751521349389
GAAAAGTGTATGCCTATGGTTTAATGAAAA,...........(((...)))..........,50.334034119663016
GAAAAGACAGATCTTATAGATCCTCGAAAA,.........(((((...)))))........,50.31168206533807
GAAAAGTGATTCAAGCTCATTGAGCGAAAA,..............((((...)))).....,50.302741758213685
GAAAAGAGCTTCTGCTGGATGTATCGAAAA,......(((....)))..............,50.299683581780414
GAAAAGCACAGGATATTCTTCATGCGAAAA,.....(((.((((...))))..))).....,50.28917074394228
GAAAAGGGAAAATTCAGGTTATACCGAAAA,............(((.(((...))))))..,50.28379735419397
GAAAAGTACTGATTATGTCAGTTTCGAAAA,(((....((((((...))))))))).....,50.27794910490422
CGAAAAGAATTGGACTCGTTAATCGAAAAG,...............(((.....)))....,50.27152130295548
GTGCGAAAAGGGCTTTTTAACCGAAAAGGA,((.(.....).)).......((.....)).,50.266944928279344
TGCGAAAAGGTCTTCATATCCCGAAAAGGA,....................((.....)).,50.25484688039251
GAAAAGATCCTGGATATTTCCAGCCGAAAA,.........(((((....))))).......,50.24745095463142
CGAAAAGTTTTATGGCTCGCTAACGAAAAG,................(((....)))....,50.24619263411115
GAAAAGCCAATTAGTCACGTTATGCGAAAA,.................(((...)))....,50.239459525030206
GAAAAGAATAGTACTCACGTTATGCGAAAA,.................(((...)))....,50.22909635274063
GAAAAGAGCATTTGCATATCAACTCGAAAA,.......((....))...............,50.207130281299314
CCGAAAAGTAATTAAATGTGCGAAAAGTAG,..................(((.....))).,50.198018413328285
GAAAAGCACTATTCCGCATTATTGCGAAAA,..............((((....))))....,50.18908504560408
ATCGGCCGAAAAGTATACGAAAAGATCAAT,.(((.............)))..........,50.165551241372086
CGAAAAGTATTATCGGGTTATAGCGAAAAG,............(((........)))....,50.156090607524945
GAAAAGAGTTCACATATTGTGAATTGAAAA,......((((((((...)))))))).....,50.13886555055193
GAAAAGAGGTTACTCGTTATTACCCGAAAA,.....(((....)))...............,50.13324590888169
GAAAAATAGGCTATTGCCGTCTAATGAAAA,........(((....)))............,50.131872981916615
GAAAAGCGAAATACGGGATATTTCCGAAAA,.............(((((...)))))....,50.129288842656464
CGAAAAGGTGATCGGGTTGTGACGAAAAGG,...........(((........))).....,50.12513237387969
GAAAAGGTGTGTATCATACGTCATCGAAAA,((..(.(((((...))))).)..)).....,50.12157253222094
ACCGAAAAGGCAGTTTATGTACGAAAAGAT,.((.....))....................,50.1056139346224
GAAAAGATGCATTTATATGCTTAGCGAAAA,........((((....))))..........,50.10486942262092
GAAAAGTCTAAACTATCGTACTAGCGAAAA,...............((((....))))...,50.085729263736084
TATCGACGAAAAGTCTACGAAAAGTAAGTA,....(((.....)))(((.....)))....,50.07611885892758
CGAAAAGAATCAAGCTCGCATCTCGAAAAG,...............(((.....)))....,50.044222978223864
GTAGGAGAACGAAGTGAAAAGTTTTCTGCC,((((.(((((..........))))))))).,50.042113388162335
GAAAAGTGATGTATCATTACTAGACGAAAA,....(((((((...))))))).........,50.03257334432598
GAAAAGTTACTGCTATGCAATTCACGAAAA,..........(((...)))...........,50.031126554271
CGAAAAGGATAATGTCGGTATAACGAAAAG,..............(((......)))....,50.028306752158215
TAGGTGTCCACTACCTAGGTTGAAGGTCTA,((((((.....)))))).............,50.01372358949008
GAAAAGTTTTGCAAAGTATCTTAGCGAAAA,......((((((.(((...))).)))))).,49.999939643113095
CGAAAAGTAATCATCGTTTTGTGCGAAAAG,.............((((.....))))....,49.97262656133475
TGCCGAAAAGGAATTATAAACGAAAAGCTA,..((.....))...................,49.96680046915305
GTAATTCCGCGAACCGAAAAGCATCATTTC,........((..........))........,49.95098415052507
GAAAAGGTTTTGCTATGCATTCTCCGAAAA,.....((...(((...)))....)).....,49.94323641391894
CTCGAAAAGTACGATTCATACGAAAAGATG,.(((.......)))................,49.93929708687331
GAAAAGCTGCTATGGAGCTTCTTGCGAAAA,...(((((.(...).)))))..........,49.9333380801346
GAAAAGATAAGAGCTATTGTTCATCGAAAA,.....(((..((((....))))))).....,49.927184795527914
GGTAACTCTCGAATCAAAAAGGGACTTAAC,..(((.((((..........)))).)))..,49.88986252418503
TCGAAAAGTTCTCGCATTCAGACGAAAAGA,...........(((........))).....,49.88156351741808
GAAAAGTTAGCAATCCCTCGTCTACGAAAA,.................(((....)))...,49.86684861531151
GTAACTCTCGAATCAAAAAGGGACTTAACG,.(((.((((..........)))).)))...,49.86156345033182
GAAAAGAGGTTATACCTTGTACATCGAAAA,((...(((((...))))).....)).....,49.85044401547684
GAAAAGAGAAGATACGTATTATTGCGAAAA,..............((((....))))....,49.843406956845385
GAAAAGACTACTGTCGTAAGGGTTCGAAAA,.....(((....)))...............,49.835919048502994
GAAAAGCAGATTCTCGTATCACAGCGAAAA,.............((((......))))...,49.83463036576532
GAAAAGCATTCTTCTATCGAATCCGAAAAG,................(((....)))....,49.82465757232056
TGCGAAAAGTATATGTAAGTCCGAAAAGCT,(((.....)))...................,49.81912009641652
GAAAAGAAGTGGCATATTGTGTTTCGAAAA,.....((((..(((...))).)))).....,49.78542722267683
CGAAAAGTAACATATCGAGATTACGAAAAG,..............(((......)))....,49.753665871571854
TATAAGCGAAAAACAGCGCGAAAAGCATTA,.....((........))((.....))....,49.74615692334751
TACGAAAAGTAATATAAATGCGAAAAGATA,(((.....)))...................,49.69868822476674
CGAAAAGTACTACATCGCTCATACGAAAAG,..............(((......)))....,49.686796803262524
GAAAAGGATGGAGGTATCTTCTGCCGAAAA,.....((.((((((...)))))))).....,49.67194624688513
GAAAAGGTGTGTTTTATACACCAACGAAAA,.....(((((((...)))))))........,49.668440652981985
GATGGTCTAGGCTTTAGCTTAGGTGTCCGC,...(((((((((....)))))))...))..,49.659092394579794
GAAAAGAATGCACCCTGCTATACTCGAAAA,.........(((...)))............,49.65311549296298
GAAAAGACGACAATATTTTGTCCGCGAAAA,........(((((....)))))........,49.64334832606962
TACGAAAAGTAAGTCTCATCTCGAAAAGAA,(((.....)))...................,49.63600719723534
GAAAAGATCATGCTATTGTTCGATCGAAAA,.....((((..((....))..)))).....,49.63289329737066
GAAAAGACCGCATTAATGCACACTCGAAAA,.........(((....)))...........,49.631228964087875
GAAAAGCTTCATCCGTTGCTGTTGCGAAAA,...............((((....))))...,49.61828972628099
GAAAAGAGTCTGATCATTCGTCATCGAAAA,................((((....))))..,49.59551548567253
CGAAAAGTTGATCGGTAAATATACGAAAAG,...........(((.........)))....,49.59452102373527
GAAAAGAGTCTTCTTATGCGGATTCGAAAA,.....((((((.(....).)))))).....,49.583011176003296
CGAAAAGATAATACTCGAATTCACGAAAAG,..............(((......)))....,49.57346780623276
GAAAAGGAATGGTATCGCTTATGACGAAAA,..............((((....).)))...,49.56659611068113
CGAAAAGTGGCTCGGTACCTTCACGAAAAG,...........(((.........)))....,49.55687383579872
GAAAAGGCGGTTCTTTTGGAATGGCGAAAA,......((.(((((...))))).)).....,49.555169309652285
GAAAAGATAGAAGTCTCTCGTATTCGAAAA,....((((....)))).(((....)))...,49.554787195309004
TACGAAAAGTATTGTCTCCATCGAAAAGTA,(((.....)))...................,49.541098104369034
TGCGAAAAGCATTGATTAAAGCGAAAAGTA,(((.....)))...................,49.53287264668311
CGAAAAGAAATATATCGCTGTATCGAAAAG,..............(((......)))....,49.52623519791807
GAAAAGCCTATTATATTGCTAATGCGAAAA,...............((((....))))...,49.520055065636384
GGAGTGCTTCGAACTAAAAAGAATCTTTCT,((((.(.(((..........))).).)))),49.50532833730319
GAAAAGAGCACATCCCTATCTTCTCGAAAA,((.((((...........)))).)).....,49.502946652940324
CGAAAAGTATTATCGAAGAATCCGAAAAGG,............(((.......))).....,49.48879655682229
AAGGTGTCCGCCATTACAATGGGAGGTCTA,.....(.((.((((....))))..)).)..,49.48379465515235
CGAAAAGCTGTATTACGTTTCTGCGAAAAG,...............(((....))).....,49.47071784105171
GAAAAGAATCGTCTCACTCGTATCCGAAAA,.................(((....)))...,49.468709490084166
GAAAAGAATTGCTTATTGGCTAGTCGAAAA,.....((...(((....)))...)).....,49.46809911617031
TACGAAAAGTAATGAATTCAGCGAAAAGTA,(((.....)))...................,49.45864101144593
GAAAAGCTTGTGTTCTTCCTTCTGCGAAAA,(((.(((....))).)))............,49.43225217764055
GGCGAAAAGTCCATTTTATAGCGAAAAGCT,(((.....)))........(((.....))),49.41425340088428
AAAAGACAGATATTCTCTCTTTCGAAAAGT,.(((((.(((...))).)))))........,49.41186374108935
CGAAAAGGTATATCATCGCATTACGAAAAG,...............(((.....)))....,49.40416108816921
TACGAAAAGTAATATGTCATTCGAAAAGGA,(((.....)))...................,49.40371025719171
GAAAAGAAGTATCTATTGATAGCTCGAAAA,.....((..((((....))))..)).....,49.38921907523556
TACCGAAAAGGCTGTTAATCTGAAAAGTTA,..((.....))...................,49.387978873102945
CGAAAAGATTTATCGTACCGATTCGAAAAG,............(((........)))....,49.37540521578727
GAAAAGGTGTTAATCAGTCATATCCGAAAA,.....(((....)))...............,49.374400501077055
CGAAAAGGCTCTACTCGTATTAACGAAAAG,..............((((....))))....,49.35882562464374
GAAAAGTCTTAGAATCATTCGAAACGAAAA,.................((((...))))..,49.34915303953106
GAAAAGGGACAGGTATTTTTGTCCTGAAAA,.....((((((((....)))))))).....,49.34508882759704
GAAAAGGAACAGCATTATTTGCCCCGAAAA,...........(((.....)))........,49.34413671500561
CGAAAAGGCCCTACTCGTATTAACGAAAAG,..............((((....))))....,49.33664856950953
CGAAAAGATTTATCGTACATGATCGAAAAG,............(((........)))....,49.327552038264486
GAAAAGACGACAATATTTTGTCCTCGAAAA,.....((.(((((....))))).)).....,49.32461497252532
GAAAAGATCAAGCGTTATTGCTTTCGAAAA,.........(((((....))))).......,49.32388667975094
CGAAAAGATCTTGTCTTTACGATCGAAAAG,((.((((((...)))))).)).........,49.31750600353873
ACGGTGGTCTATTCATAGGTGTCCGACTTG,.(((...((((....))))...))).....,49.31541183432161
GAAAAGACTCTCGTATTTGAGAATCGAAAA,.....((.(((((....))))).)).....,49.314979518503876
CGAAAAGATCTATCGTAAACGTTCGAAAAG,............(((........)))....,49.31141100999042
GAAAAGCATGTACTTGTGTGCAAGCGAAAA,.....((.(((((....))))).)).....,49.31124860347356
GAAAAGATGTCATCGTTTGATCTTCGAAAA,((..(((((....)))))..))........,49.30877688198286
GAAAAGTCACATGTTTGCATTAGCCGAAAA,................((....))......,49.29656913658631
AGACGAAAAGTGCAATGTTACGAAAAGTAT,..................(((.....))).,49.29488249152651
GAAGGTCTATCGTCTCAGCTAGGTGTCCAC,...((.(.(((..........)))).))..,49.27194906250252
GAAAAGTAGCTACCCGAGTATTCTCGAAAA,..............((((....))))....,49.2516190902751
CGCATGTGCACGAACAAAAAAGTTTACAAG,....((((.((..........)).))))..,49.24469903974353
CGAAAAAGTATTCCTCGGAGCTACGAAAAG,..............(((......)))....,49.24321271637706
CGAAAAGAGTCATCGTAGGTATTCGAAAAG,............(((........)))....,49.24166756225412
GAAAAGCCATTTTGGCTTTCAAAGCGAAAA,((((.((((...))))))))..........,49.23286364826272
GAAAAGCATGATGTCTCGATCATTCGAAAA,...............((((....))))...,49.2238143319974
CGAAAAGTAAGCTCGCTCCGTAACGAAAAG,............(((........)))....,49.220538209300656
GATACGAAAAGTACAAAACGAAAAGAATTT,..(((.....))).................,49.20666436112881
GAAAAGATAGTAAGTCTTCGTTATCGAAAA,....((((.....))))(((....)))...,49.204040693096346
GAAAAGAATTCGTTTTAACGACTCCGAAAA,.........((((....)))).........,49.196903265197385
GAAAAGCTGTTGTTAATCGTTCTGCGAAAA,....(((....)))..((((...))))...,49.19049007989225
GAAAAGGATTGGCTATTGGCATTTCGAAAA,.....(((.((.(....).)).))).....,49.188498675086436
GCGAAAAGTCTTGTCTTAAGCGAAAAGCTG,..................(((.....))).,49.16884444503022
GAAAAGATTTGAGTTATGCTCCATCGAAAA,.....(((..((((...)))).))).....,49.160995826908426
CGAAAAGTATTAATCGAAGAATCCGAAAAG,.............(((.......)))....,49.155824644552155
TCGAAAAGGATTCGTCGCTCTCCGAAAAGA,..........((((........))))....,49.151962980179974
GAAAAGGGATATTCCAGTCAATCACGAAAA,((....(((...)))..))...........,49.142945233152155
GAAGAGGTAACGAAAAGTCGTCCCGATGCT,.....((..((((....)))).))......,49.13236054360624
GAAAAGCGCGTTTATCGCATTTGCGAAAAG,..............((((....))))....,49.129067961495565
CGAAAAGGCATATGACTCGGGTCCGAAAAG,................(((....)))....,49.12274741470901
GAAAAGAAATCTATTTATCGATTCCGAAAA,.................(((....)))...,49.11944556675201
CGAAAAGGGTTTTATCGAATATACGAAAAG,..............(((......)))....,49.09917399585943
CGAAAAGTTATATCGCACAGCTACGAAAAG,............(((........)))....,49.09398383263215
GAAAAGCTGGTAATCGTTCTTCTGCGAAAA,.............((((......))))...,49.07700885492554
CGAAAAGTGCAATATCGTTGATACGAAAAG,..............((((....))))....,49.07568894024368
GAAAAGGGAGATGTATTCGTCTTCTGAAAA,.....((((((((....)))))))).....,49.0749668056485
GAAAAGAATTAGTCTATGACTCCTCGAAAA,..........((((...)))).........,49.067590425888696
CGAAAAGTTCCTACCTCGAGACACGAAAAG,...............(((.....)))....,49.04763807442839
CGAAAAGTTGTCGTTTGATCTTGCGAAAAG,..........((((........))))....,49.04107125431526
GAAAAGAACTATTGTTACTAGTCGAAAAGT,((..(((((....))).))..)).......,49.038974996954224
GAAAAGCTACCCTATGGGATTTTGCGAAAA,.....((..(((...))).....)).....,49.02180518768489
CGAAAAGTCATACTCGTTAGCTACGAAAAG,.............((((.....))))....,49.02134550321427
AACACGGATCGAAATGAAAAGATCTCTCTT,.....(((((..........))))).....,49.0163774661813
AGGTGATGAAAAGTGATCGAAAAATATTCT,.(((.((.....)).)))............,49.01292932792574
CACGAAAAGGTCAGTTAATACGAAAAGTAG,..................(((.....))).,49.01010572986774
GAAAAGTGCTAGTGCGTGAACTTCCGAAAA,.......((....))...............,49.004937374213
CGAAAAGATCAGCTCGTTATAATCGAAAAG,.............(((.......)))....,48.97056783854615
CGAAAAGATAAACTCGTACTCATCGAAAAG,.............(((.......)))....,48.94828943138369
GAAAAGATGTGCTTTTAGCAGCATCGAAAA,.....((((((((...)))).)))).....,48.93614327676296
CGAAAAGAATCTAGCTCGCATCTCGAAAAG,...............(((.....)))....,48.93169682053221
GAAAAGATATAATACCATATTGGTCGAAAA,.............((((...))))......,48.92667191138037
CGAAAAGATTGATCCTCGACTCACGAAAAG,...............(((.....)))....,48.91139048324358
GAAAAATAATCAGCTTTGCTTCTATGAAAA,...........(((...)))..........,48.8969602894239
CGAAAAGGTTTCTATCGATGTACGAAAAGG,..............(((.....))).....,48.88767856268025
GAAAAGATCTTGCTATTGTTCGATCGAAAA,.....((((..((....))..)))).....,48.865574138112436
CGAAAAGGTTACTCGCTCTGCTACGAAAAG,............(((........)))....,48.85674352193675
AAAAGAATCCATGTGATCGAATTCGAAAAG,................(((....)))....,48.84820042639071
GAAAAGTTTTCGCTGATGCGATACCGAAAA,.........((((....)))).........,48.84541084437175
TGAAAAGTGATTCGGCCCAACGACGAAAAG,...........(((......))).......,48.83600208665937
GCCGAAAAGGTCTTCAAATTCCGAAAAGTC,(((.....)))...................,48.82577296789954
GAGGATTGTCGAATTAAAAAGACCTTCGTT,((((...(((..........)))))))...,48.81040861891543
TGCCGAAAAGGTTTTTGAATCGAAAAGTAA,.(((.....)))..................,48.79852077409557
CGAAAAGTTTCTCGTGCCGTAATCGAAAAG,...........(((.........)))....,48.78915214278089
GAAAAGTCTAAACTATCGTTCAAGCGAAAA,...............((((....))))...,48.77576658684527
GAAAAGCATTAATGCCTAATACCGCGAAAA,.....(((....)))...............,48.75485773215565
GAAAAGCTACATTAATCGTAATGCGAAAAG,...............((((...))))....,48.7546658215998
GAAAAGATTAGGGTTTAACCCCCTCGAAAA,..........((((...)))).........,48.745551886375665
AGGTCTATCGTTGTACAGGATAGGTGTCCA,.((((((((.........))))))...)).,48.735880588484065
GAAAAGCCTAAATTGCCATATTGGTGAAAA,............((((((...))))))...,48.728312244677085
GAAAAGAATTAGTCTATGACCCCTCGAAAA,...........(((...)))..........,48.71061127445381
GAAAAGACTAATGTCAATCATTAACGAAAA,.....(((....)))...............,48.69721658193835
GAAAAGAGCTATATTAGTACTGATCGAAAA,((..((.((((...)))).))..)).....,48.68849798075214
GAAAAGTGTCAGCTTTTGGTTGACCGAAAA,.....(.(((((((...)))))))).....,48.68145502643184
CGAAAAGTGATATCGTTGTGTTCCGAAAAG,............(((........)))....,48.66660884303733
CGAAAAGCTATCGTTATGTAATGCGAAAAG,..........((((........))))....,48.657364713545576
GAAAAGGGTCTTGCTTTGCATCTCCGAAAA,......((...(((...)))...)).....,48.652737371678796
GAAAAGTGGCTATTGCTATTGATACGAAAA,....((((((....))))))..........,48.64377561772517
GAAAAGGATTGAATCTATGATTCACGAAAA,.........((((((...))))))......,48.63292560177342
GAAAAGCAGGATCTATTGATTCTCCGAAAA,.....(.((((((....)))))).).....,48.614530227997946
GAAAAGCAAGTTGCCTGTTATCTGTGAAAA,.....(((...)))................,48.614398599285245
GCCGAAAAGTTAATGGCATTCCGAAAAGGG,(((...........)))...((.....)).,48.61355982918619
GCCGTATAGGTGTCCCTTGGTCTATTCAGA,((((...(((....))))))).........,48.6074372483089
GCCCGAAAAGGGCGTTTAACCCGAAAAGTA,((((.....)))).................,48.58970010533493
TGCGAAAAGTAGGAATTATCATGAAAAGAA,(((.....)))...................,48.585585385136035
CGAAAAGTGCTCGTATTCCGACTCGAAAAG,..........(((..........)))....,48.56765088797823
GAAAAGCAACCCTCGGTTATACCGCGAAAA,...........(.((((...)))).)....,48.563027079906476
GAAAAGTAAAACGTTTATAACGTTCGAAAA,.........((((((...))))))......,48.53315290980835
GAAAAGCATACACTATTGTGTAACCGAAAA,........(((((....)))))........,48.520807893796885
GAAAAGGCAGGTCATATTTGACTACGAAAA,.........(((((....))))).......,48.517738703983866
GAAAAGTCTAGCATAATTTGCGATCGAAAA,..........(((.....))).........,48.512544625582215
GAAAAGCTGTTTTAGCTTGATCAGCGAAAA,((.((((((...))))))..))........,48.511486860193735
GAAAAGAATCAGTATTTTGATCGAAAAGTC,.......(((((....))))).........,48.50066838576117
GAAAAGTCAGATTCATCGTGCCTGCGAAAA,...............((((....))))...,48.500157653975165
GAAAAGTAAGCTTTTTAAGCAATTCGAAAA,.........((((...))))..........,48.48704847286835
GAAAAGTGTTATGGGGCATAATTGCGAAAA,...............(((....))).....,48.42563954874771
GAAAAGAGTTGTCTCGTGTTATCTCGAAAA,.....(((....)))...............,48.42069076772259
GAAAAGTAGAGTATCTTTACCACACGAAAA,.....((((((...))))))..........,48.418167055147585
TACATGCGAAAAGCAAACGAAAAGTCATTA,....(((.....)))...............,48.41464835812207
CGAAAAGTTGTGATTCGATGCTACGAAAAG,.............((((......))))...,48.41381470419873
CGAAAAGAGTATCGTTACATTCGCGAAAAG,...........((((.......))))....,48.40815913311031
GAAAAGGTTTTGTGACCTAGCACCGAAAAG,....(((((....)))))............,48.4068288469418
GAAAAGTACTTAGCTCGTGTAGTCGAAAAG,..............(((......)))....,48.39838842267044
GAAAAGCGGTCTTTGACTGTTATGCGAAAA,....(((((((...))))))).........,48.37907204497401
GAAAAGGCACGTGTTTTACGCTAACGAAAA,..........((((...)))).........,48.377096265079466
GAAAAGTATTAGCGTTATATGCCACGAAAA,...........((((...))))........,48.34252747725966
GAAAAGGTGTTAGGCGGAATTTCCGAAAAG,..............((((...)))).....,48.33833912037393
ACGAAAAGTCAGTGATTTACTGCGAAAAGG,.......(.(((((...)))))).......,48.335481052348555
GAAAAGAGTGATATTCATGTAGATCGAAAA,((.....((((...)))).....)).....,48.3309783263052
GAAAAGTTGGGATCTTTGGTCCTGCGAAAA,........((((((...)))))).......,48.32636912040003
GAAAAGTAAAGTCTCGGATCTCTACGAAAA,.............(((........)))...,48.320753311334094
AATGAAAAGTGAAAGTATTTCCGAAAAGGT,....................((.....)).,48.3080523619383
GAAAAGCATATACTTGCATAGCCGCGAAAA,.....(((......))).............,48.30501321166369
GAAAAGTAGATGCTATGCTATGTGCGAAAA,.....(((.((((...)).)).))).....,48.30171504602369
GAAAAGAAGTGTTTACACGGTACTCGAAAA,........(((....)))............,48.294043395089076
ACAATCTAGGTGTCCCCTGGTCTATGCTGT,.....(((((.....)))))..........,48.285493324780774
CGAAAAGGTTTAGTCGATTAGTCCGAAAAG,.............(((.......)))....,48.26666772670877
GAAAAGCATTCTTACTTGCAACTGCGAAAA,.....(((........)))...........,48.239682415348334
CGAAAAGCAAATACGTTCTTACGCGAAAAG,.............(((....))).......,48.20882634978376
GAAAAGATCTATCTATGACAGATTCGAAAA,.....(((((.((...)).)))))......,48.199153100696634
TGCGAAAAGCAATCTTCATAGCGAAAAGGA,(((.....)))...................,48.19212412199653
GAAAAGCTCTTAATGTCCGTATAGCGAAAA,.................(((...)))....,48.19084914137315
GAAAAGCTATAGCATATACTTGCGCGAAAA,...........(((......))).......,48.17525298463869
GAAGGTCAATGATACATCATAGGTGTCCGC,...((.((((((....))))...)).))..,48.167025745889845
GAAAAGTTGGGCACTCGTTCTCTGCGAAAA,..............((((.....))))...,48.16410050926475
GAAAAGTGGTCATCCTATGTATATCGAAAA,.......((....))...............,48.154520962426695
AAAAGTGGTCATCCTATGTATATCGAAAAG,......((....))................,48.154520962426695
GAAAAGTCTACGTTTTGCGTACGGCGAAAA,.....((((((((...))))).))).....,48.1483427105408
CGAAAAGTCTCGTGTCTTGTAAGCGAAAAG,.........((((.........))))....,48.13308661394071
AAAAGGGTCTTGCTTTGCATCTCCGAAAAG,.....((...(((...)))...))......,48.1192173090473
TGAAAAGACTTAGCTCGTATTGTCGAAAAG,..............(((......)))....,48.116170410309586
GAAAAGAGAAAACAACGGATATTTCGAAAA,...............((((...))))....,48.10237247392891
GAAAAGCTGTCTACGTATCGTACGCGAAAA,.......(((.((((...)))).)))....,48.07738813131621
GAAAAGCCGATTGTGTTCATTCTGCGAAAA,.....((.((.((....)).)).)).....,48.06883925146417
GAAAAGCATTAACCTGATCTTGCGAAAAGT,.....(((............))).......,48.05893897548006
GAAAAGATTCTACCTATGGTCCGTCGAAAA,.....(((...(((...)))..))).....,48.05412730441802
GAAAAGAGGATATCATTCGATCTCGAAAAG,...............((((....))))...,48.044611179743576
GAAAAGAGCTCGTGCAACAGATATCGAAAA,.......((....))...............,48.03512982460134
GAAAAGCGATGTACTATTGTGCTGCGAAAA,.....(((..((((....))))))).....,48.032594391751644
CGAAAAGGTTAATCGCGTAATATCGAAAAG,............(((........)))....,48.00976952580697
GAAAAGTAGTGAATCGTATTCTAGCGAAAA,.............((((......))))...,48.00776370609707
GAAAAGATAGGATGTATCATTTGTCGAAAA,.....(((((.(((...)))))))).....,47.996206739481146
GAAAAGGATATGTCTATTGGCATGCGAAAA,......(.((((((....))))))).....,47.99402015658139
GAAAAGAGTGTCTCATTTAGTAGTCGAAAA,.....(((...)))................,47.98508821781953
GAAAAGCGAGCAGTTATCTGTTCACGAAAA,.....(.((((((....)))))).).....,47.98481097953359
GAAAAGTTAGTGTCTTTGACATTGCGAAAA,.......(((((((...)))))))......,47.96457095885577
GAAAAGCAATGCATATTGTATCAGCGAAAA,.....((.(((((...)))))..)).....,47.956178202093895
TGCAGGGAACGAACTAAAAAGTTGAATGTA,((((...(((..........)))...)))),47.9533050199991
GAAAAGGCCTATCATCTATGATGACGAAAA,...........(((((...)))))......,47.947772225663925
GAAAAGTTACCGGTAATCGCTCACGAAAAG,................(((....)))....,47.93327290528012
CGAAAAGTTACCCATATTCGTCACGAAAAG,................((((...))))...,47.928542371443214
GAAAAGCTGCAATTTGCTTATTAGCGAAAA,............((((((....))))))..,47.923433796338784
CGAAAAGTTACCCTAATTCGTCACGAAAAG,................((((...))))...,47.91312010248055
GAAAAGTAGGAGATTATTCGCCTCGAAAAG,.......(((.((....)).))).......,47.91187908111308
GAAAAGATGTACTGGGACTAGTGTCGAAAA,...............(((....))).....,47.909523033667156
TGAAAAGGCATTCCCATATTTGGCGAAAAA,..........((((((....))).)))...,47.90304264486853
CGAAAAGTGTCGTGGCAATTCAGCGAAAAG,.........((((.........))))....,47.90289050355623
CGAAAAGTATCGTTCGCCGTTACGAAAAGG,.........((((........)))).....,47.90108086859415
GAAAAGCATACCGAGATATTCTTGCGAAAA,...........(((((...)))))......,47.90057439112956
GAAAAGAACGCTATGGGATCGCTTCGAAAA,(((..((.(.(...).).))..))).....,47.90009185518135
CGAAAAGTTACCCAAATTCGTCACGAAAAG,................((((...))))...,47.895621665553435
TGAAAAGTATCAATATCGTGTATCGAAAAA,...............(((.....)))....,47.88741623006854
GAAAAGCTGTATTCGGCCAATCATCGAAAA,((...((((....))))...))........,47.886060443172724
GAAAAGATGCTGGTTATCCTTCGTCGAAAA,.....((((..((....))..)))).....,47.885907776104325
GAAAAGAGCTCTATCCTCGTACCTCGAAAA,................(((.....)))...,47.8858786960088
GAAAAGATGTGATTATTGTGACCTCGAAAA,.....((.((.((....)).)).)).....,47.8816493692522
GAAAAGCTTCCTATTGGGGTTTCGCGAAAA,(..(((((.((....)))))))..).....,47.85092729642025
GAAAAGAGCTTCTTGGCTTCCTCGAAAAGG,.....(((((....)))))...........,47.799255734386314
GAAAAGGGATGTCATTTTGATGCCCGAAAA,.....(((.(((((...)))))))).....,47.79286948748134
GAAAAGTCACCAGTATTCTGATCACGAAAA,..........(((....)))..........,47.78856268891417
GAAAAGCGATCGAGTATTCTTTAGCGAAAA,.....((....(((....)))..)).....,47.78306439350957
GCCGAAAAGGATATGTATATCAGAAAAGCC,.((.....))....................,47.771634921730616
CGAAAAGTAACTCGTTTAAGCCGCGAAAAG,...........((((.......))))....,47.767812250690596
CGAAAAGAGTTAATCGTCCATACCGAAAAG,.............(((.......)))....,47.76589091490713
GAAAAGATCGTTCGTTATACGCTTCGAAAA,.......(((..(((...)))...)))...,47.75643689748863
GAAAAGCACATGTGCATCTCTTAGCGAAAA,.....(((....)))...............,47.75123925298324
AAAAGAGATGCTATTGCCTTGATCGAAAAG,.........((....)).............,47.73466053634456
GAAAAGGAAGGGTTATTGCTCGCACGAAAA,.........((((....)))).........,47.72739804082282
TGAAAAGAAATCGTCTCGTATTCCGAAAAG,...............(((.....)))....,47.71589049042096
GAAAAGACATCGTCTATGACTATGCGAAAA,.......(((.(((...))).)))......,47.70388510327214
GAAAAGACTATGTCTCGACATCGTTGAAAA,.....(((...)))(((((...)))))...,47.699184945998525
GAAAAGGATATCCTATATAATCACCGAAAA,....(((....)))................,47.69648137100121
GAAAAGATAAACTATCGTATTTAGCGAAAA,..............((((.....))))...,47.695224400369405
GAAAAGCTTCTGCCTTTCAGTACGCGAAAA,((((.((....)).))))............,47.69441976558208
ATGTCGTGAAAAGTATTCGAAAAGCTACTT,...(((...........)))..........,47.68899961041094
AGTCCCTAGGTGTCCCCTGGTCTATGCATT,.....(((((.....)))))..........,47.68422228895399
GAAAAGAAAATACTCCTGTTGATTCGAAAA,.....(((...((....))...))).....,47.6793922079067
GAAAAGTGTAAGAGTATTACTCATCGAAAA,...........((((...))))........,47.67567237551687
GAAAAGAAGTCTGGGTTATCCTTTCGAAAA,.....(((....(((....)))))).....,47.66797275828349
GAAAAGGTGTAGGTTGTGTTACAACGAAAA,............(((((...))))).....,47.66683448879772
GCGAAAAGCTTTCATCTTGTAGCGAAAAGA,((.....)).....((((........)))),47.658059265155615
GAAAAGTAGTCGTTTTGCGACCATCGAAAA,........(((((...))))).........,47.65507575892524
CGAAAAGTGTAGTATTCTTGTGCCGAAAAG,...........((((....)))).......,47.64908349341418
GAAAAGATTTATAGTCTTCTACATCGAAAA,...((((((...))))))............,47.64756778661875
GAAAAGATAGATATCGTGTATCAGCGAAAA,.............((((......))))...,47.64725639522789
GAAAAGTTATGCCCTATTGGTGCACGAAAA,.........(((((....)).)))......,47.6460640035863
GAAAAGTGTTATCACGGATCATCATGAAAA,((...(((....)))...))..........,47.643432001481614
CGAAAAGGGTATCGTATCATTCGCGAAAAG,...........((((.......))))....,47.642423700417254
GAAAAGCTAAGTCTTCGTAGTTTGCGAAAA,.............((((((...))))))..,47.63892063346225
GATGGTCTATGTGTCAGCTTAGGTGTCCGC,...((((((.((....)).))))...))..,47.63721809679542
CGAAAAGTTACAAATCGTTTTCACGAAAAG,..............((((....))))....,47.636700936636245
GAAAAGCATAAAGTTGTCACGGTGCGAAAA,.....((((...(....)...)))).....,47.60937837928647
GAAAAGTCGAGGTTTCTTCGAGTACGAAAA,....(.((((((...)))))).).......,47.60866966535391
GAAAAGCTTCCTGATATTCAACTGCGAAAA,.....((....(((...)))...)).....,47.6031592974652
GCGAAAAGACTAGCTCGTGTATCGAAAAGT,((..........))(((.....))).....,47.585016421017784
GAAAAGGTGCGATCTATGATTTCCCGAAAA,.....((.(.((((...)))).))).....,47.57302290040858
GAAAAGCACTTATGTGTATAGTTGCGAAAA,.....((((....)))).............,47.5523327776973
AAAAGGAGCGATCTATGATTTCCCGAAAAG,....((.(.((((...)))).)))......,47.551395470552265
GAAAAGAATCAAGCTCGCATCTCGAAAAGG,..............(((.....))).....,47.54939500338786
CATTAGCTGCGAAGAGAAAAGCACCTTTTG,((..((.(((..........))).))..)),47.541927628720806
GACTCGATCGAATTAAAAAGATTAGTAGTT,.(((.((((..........)))))))....,47.52334148623686
GAAAAGATCCAGCTTATAGCTCTTCGAACA,..........((((...)))).........,47.520478337581395
GAAAAGCATCACATTTTTAAATTGCGAAAA,.....(((..............))).....,47.5120047971392
GCCGTATAGGTGTCCCTTGGTCTACTCAGA,((((...(((....))))))).........,47.507748674557355
GGAGGCCTATATGGGAAAATAGGTGTCCGC,(((.((((((........)))))).)))..,47.50069951336097
CGAAAAGTGACTATCGTTTGATACGAAAAG,.............((((.....))))....,47.49668001764984
GGTTCCTAGGTGTCCCCTGGTCTATGCACA,.....(((((.....)))))..........,47.49315171398493
GAAAAGAATTAGGTCTAACCAGTCGAAAAG,...........(((...)))..........,47.487687940160384
GAAAAGAGATCGTTGTATTCAACTCGAAAA,...........((((....)))).......,47.48426506786423
TCGAAAAGTATCCTCGTACAAACGAAAAGA,.............((((....)))).....,47.480662562297915
GAAAAGTTAAAATGCATCGTTTTGCGAAAA,.............(((......))).....,47.46238798345637
GAAAAGCATTACTCAGATATTCTGCGAAAA,...........(.((((...)))).)....,47.45907806988777
GAAAAGCTGTTCATTGCGCTACTGCGAAAA,................(((....)))....,47.456197062831876
GAAAAGTAAACGTTCCTCGTCTAACGAAAA,................((((...))))...,47.44925862265764
GAAAAGCAGTGTACCTTCTTATGCGAAAAG,.....(((.............)))......,47.44395802131428
TCCGAAAAGGCGTTTTGTTACCGAAAAGGT,.((.....)).........(((.....))),47.43789609768871
GAAAAGGGTTATTCCTTATCCGCCCGAAAA,((.(((((....))))).))..........,47.43763179600714
GAAAAGCTATTGCCTGCTGTTATGCGAAAA,.....((....)).(((......)))....,47.4296264504774
GAAAAGCATTGATAGGTTTCCTGCGAAAAG,........(((.((((...)))))))....,47.42418027392942
GAAAAGCTAAATCATATTGACTTGCGAAAA,.....((.((.(((...))).)))).....,47.41797189552583
GAAAAGTTTGGAAGTTTCTTCCCTCGAAAA,.........(((((...)))))........,47.41763534104569
GAAAAGCAGCTAATCTTGAATGTGCGAAAA,.....(((..............))).....,47.41486767300449
GAAAAGGTTTATACCGCGTCTTACCGAAAA,((...(((....)))...))..........,47.41280056331214
AGGTCTATCGGAGTCTAAGATAGGTGTCCA,.((((((((.........))))))...)).,47.396605228920855
GAAAAGTTGACATCTGTCTTGGCACGAAAA,........(((....)))............,47.39526509562147
GATCGAAAAGATCGTTGCATCGAAAAGGTC,((((.....)))).................,47.38283384488142
GAAAAGCAGTCTTCTGTCAACTGGCGAAAA,.....((((....)))).............,47.342700913776724
GTGGCGAAAAGTGAATGCGAAAAGTATCTC,.(.((.....)).)((((.....))))...,47.33944733998882
GAAAAGCGAACCCTTTTGTTTATGCGAAAA,.............((((((....)))))).,47.33107980514686
GAAAAGCAAAATGGTCGTTTCTCGCGAAAA,..............((((.....))))...,47.32575227723692
GAAAAGCTCACACTTATGTGTTCCGAAAAG,.........((((....)))).........,47.316835126175484
GAAAAGTCTGGAAGTTTCTTCCCTCGAAAA,.........(((((...)))))........,47.31185998764348
GAAAAGGTCTCAACGCAATAATGCCGAAAA,..............(((....)))......,47.30617076384081
GAAAAGGGCTAATTTTATTAGCGACGAAAA,.......((((((...))))))........,47.30001275508556
GAAAAGCAAGTTTAACGTATTAGCGAAAAG,...............(((....))).....,47.290674325025606
GAAAAGATATTAGCTTGTGCGGTCGAAAAG,............((....))..........,47.288971971700114
GAAAAGATCGCATTATTGCCTAGTCGAAAA,.....(((.(((....)))...))).....,47.2731867099901
GAAAAGCAATGAGATCCTATATTGGGAAAA,..............(((((...)))))...,47.26399403033035
GAAAAGCAAATCCCTATTGGGTTTCGAAAA,((((.......(((....))))))).....,47.257740290269716
GAAAAGTTTCAGTCGCTTACAAACGAAAAG,............(((........)))....,47.256642141128935
GAAAAGCACCTGGTATTTTAGCGGCGAAAA,.....((..((((....))))..)).....,47.24934821893467
TGAAAAGAGTCATCAGATCGATACCGAAAA,.................(((....)))...,47.23061413907104
GAAAAGCTAGCTCGTATACTTTAGCGAAAA,...........((((........))))...,47.22599863205451
GAAAAGTAAAGTACCGTCGTATGTCGAAAA,................(((.....)))...,47.218877673137214
GAAAAGCAAAGGTCGTTATATCTGCGAAAA,............((((.......))))...,47.19824793116591
GAAAAGCTAGTATGATCGTCATCGCGAAAA,...............((((....))))...,47.19821884083615
GAAAAGCAGATGTTTTGCATTTGGCGAAAA,......(((((((...))))))).......,47.19806993149742
AACGAAAAGTATCCCCATCGAAAAGGTGTC,...............((((.....))))..,47.15304029090261
GAAAAGTACTCCACTATTGTGTCACGACAA,...........(((....))).........,47.145754804389014
CGAAAAGATCATCTTATCGCTCGAAAAGAG,(((.((((...)))).)))(((.....))),47.14436165269336
GAAAAGCTTCCGATCATTGATCGGCGAAAA,.........((((((...))))))......,47.13949824223056
ATCCGAAAAGTATCGTTATACGAAAAGTAT,...(((......)))..((((.....)))),47.12647364712423
GAAAAGCCATGGTGTTTACACAGTCGAAAA,...........(((....))).........,47.117009152438264
GCGAAAAGGCTATTTCTATCGACGAAAAGT,((......))....................,47.09064562857868
GAAAAGTCAATAATCGTTCTTATGCGAAAA,.............((((......))))...,47.09054411496738
TCAACGTTCGAATTGAAAAGATCCTTGTGT,((((........))))..............,47.088028927538836
CGAAAAGCCTCGTATTTTGTCCGCGAAAAG,.........((((.........))))....,47.08160934457416
GAAAAGCACAGTTCTCGTCATCTGCGAAAA,..............((((.....))))...,47.07819886728518
GGTCCGAAAAGCGTCAAGCGAAAAGCTATC,................(((.....)))...,47.06646169992017
GAAAAGCTTCATTGAAGTCATGTGCGAAAA,.....(((((...)))))............,47.05881493578537
GAAAAGTTATATCCTCGGATCAGGCGAAAA,..............(((.......)))...,47.04393785674705
GAAAAGTCAGTCTATCGTTTGCTGCGAAAA,..............((((.....))))...,47.03535139785424
GAAAAGATATCCCTCATCGTGATTCGAAAA,................(((.....)))...,47.03038407537068
CGAAAAGTCCAAATCGTAATTCACGAAAAG,.............((((.....))))....,47.01950819032611
GAAAAGAGATAGCTATGCATATTCCGAAAA,.......((((((...)).)))).......,47.00445191386979
GAAAAGCATGTTCTTGTGATCGCGCGAAAA,.....((.((.((....)).)).)).....,46.995139491701785
GAAAAGCTTGTTGCCTGCATTTTGCGAAAA,.....((.....)).((((...))))....,46.99392436231106
GAAAAGCCGTGTCTATGATTCCGCCGAAAA,.....((.(.(((...))).).))......,46.98482173514236
GAAAAGTATGATCTCGGATCTAGACGAAAA,.............(((........)))...,46.9800102473923
GAAAAGTCAAGATTGTTCTTGAAGCGAAAA,......((((((....))))))........,46.97606344821622
GAAAAGTTTGGTCTTTGGCCTCTACGACAA,.........((((...))))..........,46.97110564194757
GAAAAGGGAGATATTTCTAATCCACGAAAA,.....((((((....)))..))).......,46.96628989447531
GAAAAGATACGCCATTATTGGTTTCGAAAA,..........((((....))))........,46.959875000357016
GAAAAGCTGCATTTTGTGACTCAGCGAAAA,.....((((..((....))..)))).....,46.954417809480965
GAAAAGCTCATCGTTATGCTGTGCGAAAAG,..........((((........))))....,46.92791955721046
CGAAAAGACTGCTATGCAGATCGAAAAGTG,......((((((...)))).))........,46.92629061452375
GTTGCGAAAAGTTAATAGCGAAAAGCTTTA,................(((.....)))...,46.92349293951498
GAAAAGCTAGCACTTGATTCCTTGCGAAAA,.........(((..........))).....,46.922819774979864
TGAAAAGCTCGTCGTATCTTAGCGAAAAAG,...........((((......)))).....,46.90394865618411
GAAAAGTGTTGCAAGTTTTGCTAGTGAAAA,..........((((...)))).........,46.896753899845024
GAAAAGCAGCATTTGCAAATGTCTCGAAAA,.....(((.....)))..............,46.896085412857886
GAAAAGTCGGGTGGGTTCCACTTGCGAAAA,.....(.(((((((...)))))))).....,46.89289689979924
GAAAAGGATATTGCTCGTAAACCCGAAAAG,..............(((......)))....,46.88972660814885
GAAAAGTTCCTCCTCGGATTATAACGAAAA,.............(((........)))...,46.886600086923764
GAAAAGCTTACACATCGTTTACCGCGAAAA,..............((((.....))))...,46.8850677783618
GAAAAGCTCATGCACATATATCTGCGAAAA,...........(((........))).....,46.883869878502466
GAAAAGGATAGCTGTTTTAGCGTTCGAAAA,......((..((((...))))..)).....,46.87742039408555
TAGCGAAAAGCTTATATACCGAAAAGTCTA,.(((.....)))..................,46.87081817125695
GAAAAGCTAGGAATGTATTCATACCGAAAA,.........((.(((....))).)).....,46.868647910154394
GAAAAGGTAAGTGCTCTTGTACGTCGAAAA,..........((((....))))........,46.86393950852535
GAAAAGCGCTTACTCGTTGCTCTGCGAAAA,.............((((......))))...,46.85389813159005
GAAAAGACTATAACTATTGTCAGTCGAAAA,.....((((...((....)).)))).....,46.83548955287861
CACGAAAAGTCAATTCATTGCGAAAAGCGG,..................(((.....))).,46.818749983195815
GAAAAGTTTTAGTAACTATTGTTGCGAAAA,...........(((((....))))).....,46.81828604870005
CGAAAAGCTCGTCAAACTTAATGCGAAAAG,........((((..........))))....,46.806018424767544
GAAAAGCAATGTATCGTCACTTAGCGAAAA,.............((((......))))...,46.80570276774627
GTACGAAAAGTATTACCTAAGCGAAAAGTA,((((.....)))).................,46.790412515218684
GAAAAGGTTCCTATTGGTACTTACCGAAAA,....((((.((....)).))))........,46.7806556880552
GAAAAGTGCTTATGTATCGAATCACGAAAA,.....((((....)))).............,46.77764323292028
CTATGCATTGCGAACAAAAAAGCTTCATTG,.........((..........)).......,46.770711353796834
GAAAAGAGTAGTATCGTGACTAAGCGAAAA,.............((((......))))...,46.77061139627452
ATCCGAAAAGTATCGCTATACGAAAAGTAT,...(((......)))..((((.....)))),46.76464651845001
GAAAAGTAACTAATCGGTTTGTCACGAAAA,.............(((........)))...,46.758865566580546
GAAAAGCATTCAGCCCCTTGATATCGAAAA,.....((.....))................,46.75702818922732
GAAAAGAGGGTCCTCTTGGATTCACGAAAA,.......((((((....)))))).......,46.75484447250299
GAAAAGTAGTATCGTTCCGTTATGCGAAAA,...........((((........))))...,46.74528473593843
GAAAAGACTTCTGTATTACAGGGGCGAAAA,.......(((((((...)))))))......,46.74036877336787
GTGCGAAAAGCACTGTCTGCGAAAAGTTAA,((((.....)))).................,46.73285984119439
GAAAAGTAGATTCATATTTGACTCCGAAAA,........((.(((....))).))......,46.72852538445634
GAAAAGGCCATAACTATCGTTTAACGAAAA,................((((...))))...,46.71955624111661
GAGCCGCTTCGAATTAAAAAGACCGCCCGA,(.((.((((.........))).).)).)..,46.71664973858853
GAAAAGCAACATTAAATCGTAATGCGAAAA,................((((...))))...,46.71584993397626
CGAAAAGGATTGCCTTAATTACCGAAAAGG,....((((....)))).....((.....)),46.710309317235115
CGAAAAGGATTGCCTTATTAACCGAAAAGG,....((((....)))).....((.....)),46.70634325017649
GAAAAGCTTGATTTGTATCGTCGCGAAAAG,.....((.((((....))))..))......,46.701139324379824
ATATACCGAAAAGTCAGCGAAAAGCTATGT,...............(((.....)))....,46.69812078376631
GAAAAGCACAATCTCGTGTGATGGCGAAAA,.............((((......))))...,46.68927662308256
GAAAAGTAGCATTTATTAGTGTTTCGAAAA,.....(.((((((....)))))).).....,46.68369647862479
CGAAAAGTAGTACATCGTCTAAACGAAAAG,..............((((....))))....,46.65443688703443
GAAAAGTATTCCCGATTCGGGATTCGAAAA,.........(((((...)))))........,46.6539901979461
CGAAAAGTTCCTCGTGGCGTTAACGAAAAG,...........((((.......))))....,46.64979156792944
GAAAAGCAACGTTATCGATTCTTGCGAAAA,.....((((((....))....)))).....,46.645081781902185
GAAAAGCAATCTACTTCCGTATAGCGAAAA,.................(((...)))....,46.634054121747226
GAAAAGATCGGATGTTTCATCAGCGAAAAG,.......(((((((...))))..)))....,46.63072895912159
GAAAAGGGTTAACCCTTGGTATTCCGAAAA,...(((((....)))))((....)).....,46.63063721793114
GCAAGCGATTGAAGGAAAAAGCTCCCTGTA,((((((..((......))..)))...))).,46.6290124788399
GAAAAGTAAAACAGTCTATTGATACGAAAA,.............(((....))).......,46.61098751204284
GAAAAGACATTGCTTATGCGATCTCGAAAA,.....((.(((((....))))).)).....,46.6106857424418
GAAAAGCTCCCTCGTTATATGTGCGAAAAG,...........((((.......))))....,46.593071398322714
GAAAAGATGGTCTTTTGGTATCATCGAAAA,.....((((((((...)).)))))).....,46.585738454901055
GGCTAAAAGGTGTCCCTTGGTCTATTACAC,(((((..(((....))))))))........,46.58412950647631
TTGAAAAGTCAGGTTTAGCCTTCGAAAAGA,..........((((...)))).........,46.58374698943846
GAAAAGAATTGTTTCTACACGAGTCGAAAA,....((((....))))..............,46.55672578034499
GAAAAGAAGCATTTAAATTGCCCTCGAAAA,........(((.......))).........,46.54633103897437
GAAAAGTTAGCTCTATTGAGTTTGCGAAAA,.....((.(((((....))))).)).....,46.536441010876146
GAAAAGCAGATTCTCGTATCACGGCGAAAA,.............((((......))))...,46.535109131763505
GAAAAGTATGCTCTCGTCATGTGCGAAAAG,.............((((.....))))....,46.534569273993526
GAAAAGATTCTCCTAGTCGTTAATCGAAAA,................(((.....)))...,46.51947668355932
GAAAAGATAGCTTGTTATCACTGTCGAAAA,.....(((((..((....))))))).....,46.51932398222186
GAAAAGCATAAATCTGTTCCTTTGCGAAAA,.....(((..............))).....,46.507674879810125
GAAAAGTGAATTCCTCGGTAGATACGAAAA,..............(((.......)))...,46.50692484688919
GAAAAGGGATCTTTCTCTGAATCACGAAAA,((..(((((....)))))...)).......,46.50047657430132
GAAAAGCCCTCTCGTTTATCCCTGCGAAAA,...........((((........))))...,46.49301605792097
GAAAAGTTGTAACTTTGTTGCACGCGAAAA,.....((((((((...)))))).)).....,46.469353594827965
GAAAAGCGGTATCTTGTGTATTTGCGAAAA,.....((((...(....)...)))).....,46.46724600807953
GAAAAGATAGAACCTTGTTTATAACGAAAA,..............(((((...)))))...,46.458221625154174
GAAAAGCTCCCTCGTGTCTTTAAGCGAAAA,...........((((........))))...,46.44780689804641
GAAAAGCTACATCGTTTCTTAATGCGAAAA,...........((((........))))...,46.435200470460536
TGCCAGAGGTGTCCAGATTGGTCTATGCTT,.(((((.((...))...)))))........,46.434944830535365
GAAAAGACATATCCTCTCGTTAGTCGAAAA,................(((.....)))...,46.42420765042135
CGAAAAGTGTTTCTAGTTCTCCCGAAAAGG,.((((....))))........((.....)),46.409571256876355
GAAAAGGCGCAGTTATTACTTGCACGAAAA,......(((.(((....)))))).......,46.409089938211025
CATCGAAAAGTTCGTTAACGAAAAGATACG,..........((((....))))........,46.40458858004224
GAAAAGCTCTACATCGTGTTCATGCGAAAA,.............((((......))))...,46.396737790714575
GAAAAGGTTTCCCTTTGGGATTAGCGAAAA,......(((((((...))))..))).....,46.396623791178136
GAAAAGAGGAGTTTATACACCTCCCGAAAA,.....((((.((....)).)))).......,46.38977646394491
GAAAAGGAGGTGCGTAGTTATCTACGAAAA,............(((((....)))))....,46.379387547844615
GAAAAGAAAGTGTTTTGCGCTGCTCGAAAA,.....((.(((((...)))))..)).....,46.3748408520808
CTGAAAAGTCTATAGGTTTAGCCGAAAAGG,..............(((...))).......,46.369854004431396
GAAAAGCATAGTGTATTCCTATTCGAAAAG,.....(.((((.(....))))).)......,46.36767854115183
GAAAAGTGTTCTACCTATTGGTACCGAAAA,........(((((((....))))..)))..,46.36510451028765
GAAAAGGCGGCCTATTTTAGGTGACGAAAA,......(..(((((...)))))..).....,46.3650123674058
GAAAAGCCTACACTATGTGTCTTGTGAAAA,.........((((...))))..........,46.36065550788873
ATGCGAAAAGTCATTAGACGAAAAGTCAAT,................(((.....)))...,46.35893028907864
GAAAAGCTACTACTTGTGATTTGGCGAAAA,.....((((...(....)...)))).....,46.34413901569065
ATACGAAAAGGTATAGTTCCCGAAAAGGTT,((((......)))).....((.....))..,46.338675962504865
GAAAAGTCGCATAGTATCTATACACGAAAA,......(((.((((...))))...)))...,46.33254117185966
GAAAAGCAATAATGTATTCAGCTGCGAAAA,.....(((....((....))..))).....,46.32614598244622
GAAAAGCACTTAATATGCATGTTGCGAAAA,.....(((.......)))............,46.325969352962815
GAAAAGGCATGGCATTATTGCTATCGAAAA,......(.((((((....))))))).....,46.32278475639247
GGCGAAAAGCTCTAATTTATGCGAAAAGAA,(((.....)))...................,46.30986283883433
GAAAAGCTCTCTCACTTGTTGTTGCGAAAA,...............((((....))))...,46.30578484131094
ATGAAAAGTCGTTCTCAGATCGCGAAAAGT,........((((.........)))).....,46.30502892514191
GAAAAGAAGCTTATCATTCGTATTCGAAAA,................((((....))))..,46.30479608288862
GAAAAGCTCCTTATACTCGTACAGCGAAAA,................((((...))))...,46.29663978064674
GAAAAGCTATGTCTTGTGACATCCCGAAAA,........(((((....)))))........,46.29248846902232
GAAAAGGATAATTCCGTTGCACTCCGAAAA,.....(((....)))...............,46.26342905922615
GAAAAGAAACTTGTGTTGACAGTTCGAAAA,(((....(((....))).....))).....,46.2515998233961
TGCGAAAAGGCTTGATTTATCCGAAAAGGA,.((......))........(((.....))),46.24648835263251
TCGGTTCGAAAAGAGCTCGAAAAGATTAGA,(((((((.....)))).)))..........,46.23538965577545
GAAAAGAATTCAGCTTTAGCATATCGAAAA,............((....))..........,46.23495686477314
GAAAAGCTAATACCTCGTCAATTGCGAAAA,..............((((.....))))...,46.225252057105706
AAAAGTTGTTTAGTCTCGTAACGCGAAAAG,...............((((...))))....,46.223512713771996
GAAAAATGAAAGTGCCTATGGTCGCGAAAA,...........(((((...)).))).....,46.22181301499579
GAAAAGCTATCTACGCTGATTTAGCGAAAA,.............(((((...)))))....,46.197879907402154
TAGCAGAAGGTGTCCATGTTGGTCTATCTT,......((((((.(((...))).).))))),46.19395314204469
GAAAAGAGTTGACTCGTCCCTCTCGAAAAG,.....(((....)))...............,46.18748386170467
TGCGAAAAGCGAATTATATCCCGAAAAGCG,(((.....)))...................,46.18495075150211
TTGAAAAGGAAGTGATTCGCAACGAAAAGA,...............((((...))))....,46.183251630254006
GAAAAGCTAGAAGGATTCCTTATACGAAAA,..........((((...)))).........,46.1817250485783
GCGAAAAGCGGTTACTATTATGCGAAAAGT,((.....)).....................,46.17738961968219
GAAAAGCAGTACTCGTAGTTATAGCGAAAA,............((((.......))))...,46.17563689413882
GAAAAGTCCGAAACTTTGTTTCTTCGAAAA,.........(((((...)))))........,46.17376217903886
GAAAAGCTGCTATGTTTTGCATTGCGAAAA,.......(((.((((...)))).)))....,46.17301066743535
GAAAAGCTTTCTCATCTCGAACCGCGAAAA,................(((.....)))...,46.16132666820673
GAAAAGATGTTGCGTATTCCAACCCGAAAA,........((((.(....))))).......,46.16123840172733
GCGAAAAGGATTATACCTAGACGAAAAGTC,......(((......))).(((.....))),46.148975471414424
GAAAAGATCGCATTATTGCCCAGTCGAAAA,.....(((.(((....)))...))).....,46.1386926978579
GAAAAGTAAACTCGGTATGTTCTACGAAAA,...........(((..........)))...,46.12665778939971
GAAAAGCCTTTAACATCTCGTGTGCGAAAA,.................(((....)))...,46.119497942682486
GAAAAGCTAGATATCGTATTCACGCGAAAA,.............((((......))))...,46.10573177121805
TGAAAAGTATATGCTCGTCTCTACGAAAAG,..............((((....))))....,46.10126160330594
GAAAAGCGTTGCTTGTTCATTCAGCGAAAA,(((((((...)))).)))............,46.08892966038295
GAAAAGTGTTCCATAGTCGTATAACGAAAA,................((((...))))...,46.08669385649679
ATACACCGAAAAGGGATCGAAAAGGATGTT,.....((.....)).(((......)))...,46.08095924794448
TACGAAAAGTGAGTTTATGTCCGAAAAGTG,(((.....)))...................,46.07043495211027
GAAAAGTATGCTATGCAATTGTCGCGAAAA,((..(((.(((...)))))).)).......,46.06777413583807
GAAAAGAAGTTTGTGCTTGACATTCGAAAA,(((...((((....))))....))).....,46.06593881182364
GAAAAGTGCAAACCTCTTGGTCTCCGAAAA,...........(((....))).........,46.06060359830501
GAAAAGCTGTTAGTTGTTTATCGGCGAAAA,.....((((.(((....))).)))).....,46.06012961695296
GAAAAGGATATCCACTTATGATAACGAAAA,.....((....)).................,46.05620056877206
TGGGCGAAAAGACAGAGGCGAAAAGCTAAA,................(((.....)))...,46.05306123529336
GAAAAGCATTCCTCTCTCGTAAAGCGAAAA,................((((...))))...,46.05257893501482
AAAAGCATTATCTCCAGCTCCTGCGAAAAG,................((....))......,46.0518948249713
GAAAAGCCTTCCATTCATCGTTAGCGAAAA,.................(((....)))...,46.04536580473316
GAAAAGCAGAGTGTTATCACTGTCCGAAAA,.....(.(.((((....)))).).).....,46.04282470570481
TAGCGAAAAGTTCATTATGACGAAAAGTCT,..................(((.....))).,46.04025266516334
GAAAAGAGAAGAGTCATCGTATATCGAAAA,................(((.....)))...,46.027327728350954
GAAAAGCCTCGTTTAATCGTCTGCGAAAAG,........((((..........))))....,46.02380832603528
GAAAAGTGTTATCACCGTTTCACACGAAAA,((((.(((....)))..)))).........,46.01981492758223
GAAAAGAAGGAACTTATTGGTATTCGAAAA,........((((((....))).))).....,46.01933761020661
GAAAAGAGTGCTGTTCTCTCAACTCGAAAA,.....((((...(....)...)))).....,46.017309666256736
GAAAAGCTCGTTAGTCCTATATGCGAAAAG,.......((((...........))))....,46.01465229165845
GCGTCGAAAAGATATTCTCGAAAAGAGGTG,..(((.....)))..((((.....))))..,45.997572313984584
GAAAAGGATATCCATAGAGTATGACGAAAA,.....((....)).................,45.99191105338363
GAAAAGGAAATCAATCGGATCTTACGAAAA,..............(((.......)))...,45.99167939538513
GAAAAGTCGAGAATTTTTCGAAAACGAAAA,......((((((...)))))).........,45.988114975676496
GAAAAGGGCTAACCCTTGGTATTCCGAAAA,...(((((....)))))((....)).....,45.95776506784645
GAAAAGAATAGTATTCTAAGCGTTCGAAAA,(((..(..(((....)))..).))).....,45.945956998116785
GAAAAGCTCTCTCTCCTATTGGTGCGAAAA,.........((.(.((....)).).))...,45.938839425900845
GAAAAGAGAAGAGGCATCGTATATCGAAAA,................(((.....)))...,45.93851538281477
GAAAAGGTACGTTTTACGAACTCCGAAAAG,.....(((.(((...))).)))........,45.936537976057394
GAAAAGGAAATTCCATGGATTTGTCGAAAA,.....(((...)))................,45.936094181776824
GAAAAGTGTTGTCATTGATTACTACGAAAA,....((((....))))..............,45.934718101383936
GAAAAGCTTGCTACTCGTTACCCGCGAAAA,..............((((.....))))...,45.92940403206403
CACGAAAAGTGTTGTTGACCCGAAAAGCTG,(((.....)))...................,45.92677490646857
GAAAAGTGACCTGTAATATTTGCACGAAAA,...........(((((...)))))......,45.91714683783083
AAAAGTATATCGGTCTTCACATACGAAAAG,.........(((...........)))....,45.91668364454811
GAAAAGCTGGGTTTGTACTGTTAGCGAAAA,.....(((((((....)))..)))).....,45.912653541343374
GAAGGGCTATCGTCGGAGCTAGGTGTCCAC,...((((.(((..........)))))))..,45.89260895217616
GAAAAGTATTGGCATGTTATGCCACGAAAA,.........((((((...))))))......,45.88974425105393
GAAAAGAATTATTTCTTAGTAACTCGAAAA,...(((((....))))).............,45.88669501920822
GAAAAGAAAGGTTTGTTGACCATTTGAAAA,.........((((....)))).........,45.88259250541819
GAAAAGGTAATCCTCCGCATTTAACGAAAA,....(((....)))................,45.882429046610824
GAAAAGGTACTTCTGTTCACTAGCCGAAAA,(((.(((....))).)))............,45.88184796011507
TGTGAAAAGCCCTGTTTAATGCGAAAAGCA,...................(((.....))),45.87793921102023
GAAAAGTATCACCAATCGTTGCTACGAAAA,...............((((....))))...,45.86921514937195
GAAAAGAGAAATAATCTATTGATGCGAAAA,.............(((....))).......,45.86742065557384
GAAAAGCTCTACTATTGTTGACAGCGAAAA,.....(((..((....))....))).....,45.86531989045509
CATATCGAAAAGATTCGTCGAAAAGACCTG,...(((.....)))..(((.....)))...,45.857290303458335
GAAAAGAGTGCTTGTTTCAACACTTGAAAA,.....(((((.(((...)))))))).....,45.8519638567371
GAAAAGGTTAGCAGTTATCTGTACCGAAAA,.....(((..((((....))))))).....,45.85098248296403
GAAAAGACATGTCTTTATGTCTGGCGAAAA,....(((((((....)))))))........,45.84977372282579
GAAAAGATCCATATTTGGTACAATCGAAAA,.....((((((....)))....))).....,45.84751372464946
TGTGAAAAGCCCTGTCTAATGCGAAAAGCA,...................(((.....))),45.84407465466375
GAAAAGTTATTACTTCTGGATCAACGAAAA,...((((....))))...............,45.83219967990655
GAAAAGCAGAGATTCCTATCTCCTCGAAAA,........(((((....)))))........,45.8312857695727
AAGCAGCGAAAAGCTCGCGAAAAGTTAATT,..(((((.....))).))............,45.82972185213405
CGAAAAGTAGAATAGTTCGTCGACGAAAAG,...............((((....))))...,45.829066936345455
GAAAAGGATAGATTAGATCGCATACGAAAA,.................(((....)))...,45.82639982338909
GAAAAGTATGCTATTGTGTGCTAGCGAAAA,....(((((((....)))))))........,45.82558849608809
GTACGAAAAGTTACTCTAAACGAAAAGTTA,..................(((.....))).,45.8233394348786
GGTCCTAGGTGTCCCTCTGGTCTATGATTA,((.((.(((....)))..)).)).......,45.81373213052733
AGAATGCTTCGAATTAAAAAGACGTGTCCT,((.((((.((..........)).)))).)),45.81290029603971
GAAAAGATGGCTGGTTTGTACCGTCGAAAA,........(((.(((....)))))).....,45.80992185364504
CGAAAAGTGTCGCCTATCGTATCCGAAAAG,(((......)))....(((....)))....,45.80984640400389
GAAAAGTTGTTGCTTATGCGCTATCGAAAA,..........(((....)))..........,45.80834945464465
GAAAAGTTCAGAAGTATTCTTATGCGAAAA,.............((((....)))).....,45.80459046215617
GAAAAGGAGCATACTGTGTATTCACGAAAA,..............((((....))))....,45.80451946605146
GAAAAGATCCGGTTTACCGACGAGCGAAAA,.........(((....)))...........,45.79673255965572
GAAAAGTAATCCGTTCTCGTAGTCCGAAAA,................(((.....)))...,45.79269393502221
GAAAAGCTGTTGGTATTCGTATAGCGAAAA,.....(((((..(....)..))))).....,45.78544982668535
GCCGAAAAGGTAAGTTAATTCCGAAAAGCC,(((.....)))...................,45.77659577595051
GAAAAGTAAGCATCGGTAATATTGCGAAAA,.........(((..........))).....,45.77250283804497
GCGAAAAGGCAAGTTATTAGGCGAAAAGTC,((......)).........(((.....))),45.77103539756585
GGCGAAAAGCTGTTTACTTCACGAAAAGAC,(((.....)))...................,45.77062200711763
GAAAAGTGTTATCACCGTTCCACACGAAAA,(((..(((....)))..)))..........,45.769859590314496
GAAAAGCGTGTATTCAGTCTACTCCGAAAA,((..((..((....))..))..))......,45.76586073193627
AAAAGGGATCGGTATTTTGTTCCCGAAAAG,....((((.(((....))).))))......,45.7461590999048
GAAAAGTTAATTGCTCGAAATCTACGAAAA,..............(((.......)))...,45.74151742537415
GAAAAGTTGGGTCTGTATTACACACGAAAA,..........((.(((...))).)).....,45.73837514410578
GAAAAGCAAATCTGTTCATAACTGCGAAAA,.....(((..............))).....,45.72013328493881
GAAAAGTCCAATTACCTCGTAATACGAAAA,................((((...))))...,45.714342447425025
GAAAAGCCATGGTTTCCATTGTTGCGAAAA,....(((.((((...)))).))).......,45.71114571801541
GAAAAGGATTCTCGGACTCGAATACGAAAA,...........(((..........)))...,45.70962785155507
GAAAAGGGTCTTCCGTTTACTAGCCGAAAA,..(((.((....)).)))............,45.69066741749367
GAAAAGCATTCTATATCGTTGGTGCGAAAA,...............((((....))))...,45.68039624933987
GAAAAGAGAGGCATTTATTCTGCGCGAAAA,..........(((.......))).......,45.67980283324843
GAAAAGCAACTTCCCTGACTTCTGCGAAAA,.....(((..............))).....,45.67516375701824
CGAAAAGTTCAACCCGTTATACGAAAAGTG,..............(((...))).......,45.66548028141888
GAAAAGTATTAAAGCGTTAGCTATCGAAAA,............(((....)))........,45.664550284722026
TGGTACGAAAAGTCATCCACGAAAAGTGTA,.................(((.....)))..,45.66008183288901
TGCCAGAGGTGTCCTGATTGGTCTATGCTT,.(((((.((....))..)))))........,45.658109741067136
CGAAAAGGTCATCCTTGTAAGAACGAAAAG,....((((....))))..............,45.65763749459373
GAAAAGTAATTTGCTCGTAGAATTCGAAAA,..............(((.......)))...,45.651080230847896
GAAAAGCCCTTGTGGTTCACAGCGAAAAGT,.....((...((((...)))))).......,45.6452265865449
GAAAAGCAGTTTTCATCGCTTCTGCGAAAA,(((((....))))).((((....))))...,45.62497002331476
GAAAAGCTTTTGACGTTGTCTTTGCGAAAA,.....((....(((...)))...)).....,45.622580862919875
GAAAAGTCAATATCTTGGCATTGCCGAAAA,..............(((((...)))))...,45.617560860441394
GAAAAGCCATCTAGGTCTCGATGTCGAAAA,.....(((.....))).(((....)))...,45.60742241441252
GAAAAGAATAGATCACTCGGCATTCGAAAA,................(((.....)))...,45.606962349334836
GAAAAGTAATATCGTTCCGTTATGCGAAAA,...........((((........))))...,45.59209179126326
AAGGCGAAAAGTTTGAATCCGAAAAGGTTT,.((((.....))))....((.....))...,45.59191724586691
GAAAAGCTATTGTGGGTCTATTGCGAAAAG,((...((....))...))............,45.58445339870516
GAAAAGATCGTGATATTACCTCGGCGAAAA,.......((((............))))...,45.58311898159531
GAAAAGTTATCTCATGCTCGCAAACGAAAA,.................(((....)))...,45.580359209122705
ACTCCTTTAGGATGCTTCTGCACTTTAGCT,..(((....)))(((....)))........,45.572349482420265
GAAAAGTGTGTTGCTTATGTATCACGAAAA,......((((.(((....))).))))....,45.56873462605316
GTCGAAAAGATAGTATCATAACGAAAAGAG,(((.....)))...................,45.567933956382866
GCCGAAAAGCTTATATTCATCCGAAAAGGG,((......))..........((.....)).,45.567547196766036
GAAAAGCAAGTCATCTATTCAGTGCGAAAA,.....(((..............))).....,45.565888086289206
GAAAAGCGGTCTGTTTCATGCCCACGAAAA,.......(((.((...)).)))........,45.565378838494645
GAAAAGATGTCGTGGTTCATGCATCGAAAA,.....((((.((((...)))))))).....,45.55268000564964
GCCGAAAAGTACCATTCGGACCGAAAAGGT,.(((((........)))))(((.....))),45.53097107263723
GAAAAGATTTATTCCAGGCCTTAGCGAAAA,.................((....)).....,45.52904977658542
CACATGATGCGAATCGAAAAGCACTAATTG,.......(((..........))).......,45.52614032328135
CGAAAAGCTTACATTTACTAACCGAAAAGG,.....................((.....)),45.51070152501905
GAAAAGGATCATAGCTCGAATCTCCGAAAA,...............(((......)))...,45.50960254054845
GAAAAGTCTAGTATCCTCGTAGTACGAAAA,................((((...))))...,45.50091752214695
GAAAAGTAGGGAGGTTCTCCATTTCGAAAA,.........((((...))))..........,45.492624566604135
GAAAAGTGTTGTGTCTCGTAACTGCGAAAA,...............((((....))))...,45.49257187095089
GAAAAGAGCTGTATTTACTTCATTCGAAAA,(((..(((.((....)))))..))).....,45.49014681563027
GAAAAGCATTGTCCCTGTATCTTGCGAAAA,.....(((..............))).....,45.48782712876952
ACGAAAAGATAAGTGCTCTGTACGAAAAGT,............((((...)))).......,45.487729432728386
GAAAAGAACTCACTCTTGTGATAGCGAAAA,.........((((....)))).........,45.48193733043079
GAAAAGCAGTCTTCTTGTCTTATGCGAAAA,.....(((..............))).....,45.47826275826576
GAAAAGCATTATCTACTCCATTTGCGAAAA,.....(((..............))).....,45.47710900543544
CGAAAAGGATTACTTTGCGACTCCGAAAAG,((.((((.....)))).))...........,45.47051368238658
GAAAAGATAGCTGAGTTTCTCGCGCGAAAA,.........((((((...)))).)).....,45.46830587186823
TGCGAAAAGCAGATATTGTGCGAAAAGAAG,(((.....)))...................,45.46294543001102
AAACGAAAAGTTATATCTACGAAAAGTATG,.(((.....))).....(((.....)))..,45.46177976086222
GAAAAGATAGTCGTTAGTCTACGAAAAGTC,..........((((......))))......,45.46055679307896
GAAAAGCCAGTCGTTTTCTATCTGCGAAAA,..........((((.........))))...,45.459898671828135
GAAAAGAGTTCTTCTTAGAGATCGCGAAAA,.....((.((((....)))).)).......,45.454663524404324
GAAAAGGTTCTCAGTCTCGTCATCCGAAAA,................(((.....)))...,45.45002253628063
GAAAAGTATAATACTCTCGAGTAACGAAAA,................(((.....)))...,45.44688395469313
CGAAAAGTGTCGTTAATCTCGTACGAAAAG,.........((((.........))))....,45.446644703664575
GAAAAGCATTTAAAGCCCTTGTTGCGAAAA,.....(((..............))).....,45.437714704753574
GAAAAGAAATAGAGTTTCCTCGATCGAAAA,...........(((....))).........,45.43681440820913
GGCGAAAAGTAGGTTTAGTGGCGAAAAGCT,...................(((.....))),45.431482273339014
GAAAAGCATTGTTGTTACTTCCTGCGAAAA,....((((....))))..............,45.42781156114844
AGTGCCTAGGTGTCCTTAGGTCTATGCGAT,...(((((((....))))))).........,45.42572130908655
GAAAAGCATTTGGTCCTGATATTGCGAAAA,.....(((..............))).....,45.42464208731471
GAAAAGCTCGTTCCTAGTGTTATGCGAAAA,.......((((............))))...,45.42456847067305
CGAAAAGTATTCTTCCGTATTACGAAAAGG,...............(((...)))......,45.42353384130968
GAAAAGATTTGTGTTGTCGCAAGTTGAAAA,.....((((((((....)))))))).....,45.4175712201425
AAAAGAAGCATGGGGGATTCCTTCGAAAAG,...........(((((...)))))......,45.411718768191555
GAAAAGAGATACATATCGTTAATCGAAAAG,...............(((.....)))....,45.41134782663977
GAAAAGCATAAACAGTATCTCTTGCGAAAA,.....(((..............))).....,45.40513421693507
GAAAAGGGAACAATATTTTGTGTGCGAAAA,.....(.(.((((....)))).).).....,45.40340763584881
GAAAAGTGAGAGTCGTATTTTGAGCGAAAA,............((((.......))))...,45.401942930943726
GAAAAGCATCACCAGAGTATCTTGCGAAAA,.....(((..............))).....,45.400557826946226
ATGAACGAAAAGTTCTTATCGAAAAGGAAT,..((((.....))))...............,45.39994399085126
GGCCGAAAAGCGCTTTATCCGAAAAGGGTG,((((.....).))).(((((.....))))),45.39859883655781
TGTGTCGAAAAGTAATCGCGAAAAGTGTCA,................(((.....)))...,45.39815481819065
GAAAAGCATCTGGTTTCCAAGTCGCGAAAA,.....((..((((...)).))..)).....,45.39148260179843
GTACAAGATGCGAACCAAAAAGATTCTTTA,....((((..(..........)..))))..,45.386139499348346
GAAAAGCATAAATATGATCTCTTGCGAAAA,.....(((..............))).....,45.38049444210138
GAAAAGCATACTATCTGTCAATTGCGAAAA,.....(((..............))).....,45.37432374528771
GAAAAGCATGGTTCTCCCTTATTGCGAAAA,.....(((..............))).....,45.37367928533714
GAAAAGCATCCAATCCATTCTTTGCGAAAA,.....(((..............))).....,45.373094022828596
GAAAAGCATAAATCCTTCTCTTTGCGAAAA,.....(((..............))).....,45.37143976941925
GAAAAGCATAGCCATTCATTTTTGCGAAAA,.....(((..............))).....,45.37139564846983
GAAAAGCTCATGTCGTATCCTAAGCGAAAA,............((((.......))))...,45.362642019984435
GAAAAGCTTGTTACTGGTTATCCGCGAAAA,..............(((....)))......,45.362385261040245
GAAAAGCATCATCAAAAATATTTGCGAAAA,.....(((..............))).....,45.35532982968128
CTAGTGAAAAGTTGTAGCGAAAAGCTTATG,...............(((.....)))....,45.352978556683524
GAAAAGCATATAAACCTCCTTTTGCGAAAA,.....(((..............))).....,45.35227624896544
GAAAAGCTTTCATTGAGAGTAGAGCGAAAA,.....((((((...))))))..........,45.35197132415342
CGAAAAGGATAGTCGTCTAATAACGAAAAG,............((((......))))....,45.34736110161528
GAAAAGCATCTCCATATAATATTGCGAAAA,.....(((..............))).....,45.34640956733482
GAAAAGCAGATTATACGGTTTATGCGAAAA,.....(((..............))).....,45.34509362262453
GAAAAGCATACACAGTATACCTTGCGAAAA,.....(((..............))).....,45.343070474749254
GAAAAGCATACTCTAGGTTAATTGCGAAAA,.....(((..............))).....,45.34302973506459
GAAAAGATTCAACCTCTTGGTCATCGAAAA,.....(((...(((....))).))).....,45.33724725662449
GAAAAGCAGTTTGTTAACTTCATGCGAAAA,.....(((..............))).....,45.335825530382905
GAAAAGATCGTTATTCTGTGCGAACGAAAA,.......((((........)))).......,45.33423273948654
GAAAAGCTGGCATTGCCATTCAGTGAAAAG,(((....((((...))))))).........,45.32723061804401
GAAAAGGCATAAAATCTTTGCATCCGAAAA,......(((.........))).........,45.32593181051931
GAAAAGTAGTAGCACGTCGTATCTCGAAAA,................(((.....)))...,45.31884051592479
GAAAAGTGTCATTGTTGTTGTTAGCGAAAA,...........((((((....))))))...,45.31881667041192
GAAAAGCAATTATCGTATGTTCCGCGAAAA,............((((.......))))...,45.313382307913905
GAAAAGATAAGGATTTTCCGAGGTCGAAAA,.....(((..(((...)))...))).....,45.30719063637925
GAAAAGCATCTAGTCCTCACCTTGCGAAAA,.....(((..............))).....,45.30449698367863
GAAAAGCATAAATACATAACCTTGCGAAAA,.....(((..............))).....,45.30270516391778
GAAAAGCGGATCTGGTTTCTAGTGCGAAAA,......((.(.((((...))))).))....,45.30260133321387
GAAAAGCAGTTAACATGTTCCATGCGAAAA,.....(((..............))).....,45.29781580446843
GAAAAGCAGAAAACTTGTGTATTGCGAAAA,.....((((...((....)).)))).....,45.296826126315835
GAAAAGGTAGAAAGTGTTTAACACCGAAAA,.............((((...))))......,45.294765752271445
GAAAAGCATCACCATAGTACCTTGCGAAAA,.....(((..............))).....,45.29228975742183
GAAAAGATGTGTTTGGTATTATCGAAAAGT,...........((((((...))))))....,45.28876336890713
GAAAAGCTAGTTACATTGTTTGAGCGAAAA,.....(((....((...))...))).....,45.28197384571136
GAAAAGTCTGCACTCTCTGCCACACGAAAA,.........(((.....)))..........,45.28180051684403
GAAAAGCAGTCATACTTACTAATGCGAAAA,.....(((..............))).....,45.27362539364617
GAAAAGAATTCATGTCGTCTAGTTCGAAAA,..............(((.......)))...,45.27028402470668
GCGAAAAGACTTCTTTACGAATCGAAAAGT,.((.((((....)))).))...........,45.269272202467405
GAAAAGGTGGAACATTGTTCAATTCGAAAA,.........((((...))))..........,45.264162059906
GAAAAGATGTTATCTGAGTTAATCGAAAAG,....((((...))))...............,45.26391970724384
GAAAAGTATACACCTCGATAAATACGAAAA,..............(((.......)))...,45.260901467824766
TGCGAAAAGTGTTCTTGCATCCGAAAAGGA,(((((.........)))))(((.....))),45.25908892739185
GAAAAGCTTTGTGTATTCATCGAGCGAAAA,.....((((.(((....))).)))).....,45.25719007779064
CGAAAAGTAACATATCGAGATTACGACACG,..............(((......)))....,45.25698044880706
GAAAAGCAATCTCATCGTCTTGTGCGAAAA,..............((((.....))))...,45.25616335181549
CTAGGTGTCTGTCGGTATTCGATGGTCTAT,......(.((((((.....)))))).)...,45.2441603235155
GAAAAGAGAGTCCTATTGTACTAACGAAAA,........(((.(....).)))........,45.239715392195464
GAAAAGCAGCTCTTTCTACAAATGCGAAAA,.....(((..............))).....,45.23838823649453
TACGAAAAGTTATGAATCACGAAAAGTGCG,.................(((.....)))..,45.231055588353605
CGAAAAGGTGAATGCGTTGCAATCGAAAAG,........(((.(((...))).))).....,45.23083719618806
TTACACGAAAAGTGAATTCGAAAAGTCTAA,...(((.....)))................,45.22295680811623
GAAAAGTAATAGTCTCGCCATGTACGAAAA,..............(((.......)))...,45.218895660273375
AATGTGATGCGAACCGAAAAGCAATTTATT,.......(((..........))).......,45.21650817191737
GAAAAGTCAGAAGTATTCTTTCCGCGAAAA,.....((..((((....))))..)).....,45.204951148800525
GTACGAAAAGTACATTAGTGCGAAAAGGTC,((((.....)))).................,45.203084677205666
GAAAAGCTCATTCTTATGGATCTGCGAAAA,.....((..((((....))))..)).....,45.20086182281624
GAAAAGCATGATGCCAATCTCAGTCGAACA,.....(((...)))................,45.199557765197085
GAAAAGTCGGATCTTCATCACCAACGAAAA,......(((...............)))...,45.19917083017352
TTAGTGAAAAGTATCTTAGCGAAAAGCTCA,.................(((.....)))..,45.19781788857904
GAAAAGCTACTTGTGAAGTTTTTGCGAAAA,.(((((((.(....).))))))).......,45.19730422553178
GAAAAGCAGTAATCTACTTCCGTGCGAAAA,.....(((..............))).....,45.196947753324345
GAAAAGGCATATCTCTCGCTCTGACGAAAA,...............(((......)))...,45.19420373583772
GAAAAGGCGCATTATTATGGGATCCGAAAA,.....(((.(((....))).)..)).....,45.17697232756345
GAAAAGTATAGTACTCGCACTTAACGAAAA,..............(((.......)))...,45.168128747271005
GAAAAGTGATATCCTCGAGTGATACGAAAA,..............(((.......)))...,45.139061957223156
GAAAAGCACCTCTGTCTTTGGAGGCGAAAA,......(.((((((....)))))).)....,45.13610466955723
GAAAAGCTAGGCTTGTGTTATCAGCGAAAA,.....(((.(((....)))...))).....,45.13565202889949
GAAAAGCAGCTAATCCTGAATGTGCGAAAA,.....(((..............))).....,45.1343506520563
CAGCCGAAAAGTTCCGTACGAAAAGTATGG,.............((((((.....)))))),45.13427367401825
GAAAAGCCATATATATTTGTAACGCGAAAA,.....((..((((....))))..)).....,45.126699236216965
AAAAGAATTCAGCTTTAGCATATCGAAAAG,...........((....))...........,45.123845753662025
GTCGAAAAGGCCCAGCATTACCGAAAAGAT,(((.....)))...................,45.1218382877337
GAAAAGGCTTTATGGTACGTTAAACGAAAA,......(((....)))..............,45.118557732377724
TACTGGATACGAATTAAAAAGGAACTGGGA,..((((...(..........)...))))..,45.11843332307738
GAAAAGCAAACGCTCGTATCATTGCGAAAA,.....((....))(((((....)))))...,45.116938120730964
GAAAAGTCTTCCTATTGGTTTATGCGAAAA,..........((....))............,45.11620378946448
CGAAAAGAATTCGCGTTTAGTATCGAAAAG,((((.....)))).................,45.10396613688643
GAAAAGGCAGAATATTTCCAAGTCCGAAAA,.....(((.(((...)))...)))......,45.09821319476822
GAAAAGGTGTTTTGCGTCCGCTTCCGAAAA,(((..(((((...))).))..)))......,45.097584130532994
GAAAAGCGTTTATACACTTCTCCGCGAAAA,((.(((.((....)).))).))........,45.08726345889275
GAAAAGCCGGGATCGTTGATTGGGCGAAAA,.....(((..((((...)))).))).....,45.08617805488612
GAAAAGCAGATCGTATGTTCATAGCGAAAA,..........((((.........))))...,45.08548345954231
GAAAAGAATTGGCCTTATGGATATCGAAAA,............((....))..........,45.081711572960295
GAAAAGTTGATTCATGTCTAATCCCGAAAA,........(((....)))............,45.07866564369016
GAAAAGCTCACATCGTAGTAACCGCGAAAA,............((((.......))))...,45.072247576621294
GAAAAGTGAGCATTCTTGTGTATCCGAAAA,.........((((....)))).........,45.063335216945255
GAAAAGGTCGTTGGCTTGTTCACCCGAAAA,(((.(((((...))))).))).........,45.05207691838953
GAAAAGATTCAGTTTGTACGTGATCGAAAA,.....((((..((....))..)))).....,45.05132788223597
GAAAAGCTTCCGATCATTGATTGGCGAAAA,.........((((((...))))))......,45.05028217192328
GAAAAGATTCATGAGTTTCGGAATCGAAAA,.....(((((.(((...)))))))).....,45.04144257724436
GAAAAGCGTTAGTCTATTGATATGCGAAAA,.....((((..(((....))))))).....,45.027236370964644
CGAAAAGTTTTGATCTCGTGTCATGCGAAA,...............((((.....))))..,45.02299127136429
GCTCGAAAAGATGTTTTACACGAAAAGTGT,.................((((.....)))),45.020045217330825
GAAAAGAGACCTCTCATACCATTTCGAAAA,.....(((....)))...............,45.00826780924841
GCGAAAAGCGATAGCCATGATGTGAAAAGT,((.....)).....................,45.006420672186046
GAAAAGTGGAATGCTATTGCGGAACGAAAA,.....((....(((....)))..)).....,44.999064853782045
GAAAAGCATTAATGCATATTAAACCGAAAA,.....(((....)))...............,44.997175614818985
GAAAAGCAATCTATTGATCCTAGGCGAAAA,........(((....)))............,44.99608497318612
CGAAAAGTTAGTCGTCCCCGGAACGAAAAG,...........((((.......))))....,44.987091062492055
GAAAAGGGGTACTATTGTACATTCGAAAAG,.....(((((((....)))).)))......,44.98492613558645
TGCGAAAAGTCGAAGGTTGCGCGAAAAGCT,.((((...........))))((.....)).,44.98080650828339
GAAAAGATCAGTTTATTAGCCGTTCGAAAA,.....((.(.(((....))).).)).....,44.98023331270342
GAAAAGAAGGGTTTATACCTACCTCGAAAA,....((..((((....))))..))......,44.967664945682
GAAAAGCATTAATGCAAATTAAACCGAAAA,.....(((....)))...............,44.96741919306979
GAAAAGCCATTATCGTCTACTATGCGAAAA,............((((.......))))...,44.9647180396033
CAACGAAAAGGATTCCAGTCGAAAAGTCTG,...............(((.(.....).))),44.963337051949495
GAAAAGAGTAGTATCTTTCGTACTCGAAAA,.....(((((..(....)..))))).....,44.957979080841625
GAAAAGCAATCGTAATTACTCTGGCGAAAA,.........((((..........))))...,44.95262852843436
GAAAAGCAGTCTGTTTTAGACACGTGAAAA,........(((((...))))).........,44.94952780173088
GAAAAGCCGTTCCGTTGTATTTAGCGAAAA,............(((((....)))))....,44.949379759463866
GAAAAGGAAGCGCTATATTAGTTCTGAAAA,........((.((((...)))).)).....,44.941355429327025
GAAAAGTAAAGAATTGTTTCGCTGCGAAAA,.....(((..(((....)))..))).....,44.94005100975056
ATACGAAAAGTAATAATGTACGAAAAGGTT,.(((.....)))..................,44.93501986128557
GAAAAGCTTGGATGTATTCGGTGTCGAAAA,................((((....))))..,44.925784408520244
GAAAAGATTGCGTTCTTATGCACTCGAAAA,.....((.(((((....))))).)).....,44.92169004296501
TGCGAAAAGCCTTAATTTAGTGAAAAGCTG,.((.....)).......((((.....)))),44.91876516808577
GAAAAGTGAGTTATCTTACCTGCCCGAAAA,.....(((((....)))))...........,44.91667649168831
GAAAAGCTCGTAGTCGTCTCGTTGCGAAAA,.......((((((.((...))))))))...,44.913768681337295
TGAAAAGCTAGTCGTTTCCGGTGCGAAAAA,...........((((.......))))....,44.908120328447666
GAAAAGGGTTTCAGCTTATGCATCCGAAAA,.....((((....((....)))))).....,44.89620651544126
GAAAAGCGAGCAGATATCTGTTCACGAAAA,.....(.((((((....)))))).).....,44.886706574216966
GAAAAGCGAGGTTTCCTCCTTTAGCGAAAA,..((((.((((...))))))))........,44.88645663076974
GAAAAGCTCGTATACTATTCTCAGCGAAAA,.......((((............))))...,44.88641425744406
GAAAAGCTGACATTCTTATGTCTACGAAAA,........(((((....)))))........,44.885694356281604
GAAAAGAGCGTTTTAGCAATCACTCGAAAA,.......((......)).............,44.88410779427426
GAAAAGAGCGTTATTGTTACAGTCCGAAAA,((....((((....))))....))......,44.878755919271676
GAAAAGAATTCCTCGTAGACTGTTCGAAAA,............(((.........)))...,44.87718247098604
GAAAAGTAATTGGTGTTTAGCCTACGAAAA,...........(((.....)))........,44.87467862491521
GAAAAGTGATCTTTGTAGATGTCGCGAAAA,.....(((((((....)))..)))).....,44.87406389365204
GAAAAGGTGTGTTGCGTCCGCTTCCGAAAA,(((..(((((...))).))..)))......,44.873803440661334
GAAAAGCTGGTATTCTGGTGTCCACGAAAA,.....(((((....)))))...........,44.87281382396771
GGGTCGAAAAGAGGTTTCTCGAAAAGAGAT,................((((.....)))).,44.859390657007594
GAAAAGATGTTTGTCTTCTGTCATCGAAAA,.....((((...(....)...)))).....,44.856630637902036
CTTCGAAAAGACTGGCGTCGAAAAGATGTG,..............(((((.....))))).,44.854958812817316
GAAAAGCAAACGCCCGTATCATTGCGAAAA,.....((....)).((((....))))....,44.84987339870294
CTGAAAAGCTTTACTCGTAATACGAAAAAG,..............((((...)))).....,44.84404299139562
CGAAAAGATCAGATCTTTCTCATCGAAAAG,......(((.(((....))).)))......,44.83876004910809
GAAAAGCATTAGCCCATATCTACGCGAAAA,.....((....)).................,44.83464851981694
GAAAAGCTATTGTTTTTAAAGCAGCGAAAA,.((((((....)))))).............,44.83360055902175
GAAAAGTTCTGACTCTTGTCTATACGAAAA,.....((...(((....)))...)).....,44.80402315063217
TCCGAAAAGGACGTTTTGTGCCGAAAAGTA,(((.....)))...................,44.800652588638144
ACCGAAAAGTACGGTTCTCGTCGAAAAGAT,((((.......))))....(((.....))),44.798805132746175
GAAAAGCGTTAGTTATTAAAACCGAAAAGT,....(((....)))................,44.7973457334231
GAAAAGATGTAGGTATTACCTGCACGAAAA,.......(((((((...)))))))......,44.79225193625951
GAAAAGAAGATTATCTTTGATCTCCGAAAA,.......((((((....)))))).......,44.78147477470133
AAAGCAGAGATTCCTATCTCCTCGAAAAGT,......(((((....)))))..........,44.77668690806502
GAAAAGTGTTCGCTTTGGGAAATACGAAAA,.....((((((.(...).).))))).....,44.77422845179812
GAAAAGGCCTTAAGGATTTTAATCCGAAAA,.............((((....)))).....,44.771313691400536
TCGAAAAGAGGACTCCTTATCTCGAAAAGA,((((...((((...))))...)))).....,44.77109526083066
GAAAAGATCGTAATTCTGAGCGAACGAAAA,.......((((........)))).......,44.76522334671422
TTGAAAAGATCAATATAGGGATCGAAAAGA,.......((((........)))).......,44.76172917810566
GCGAAAAGCGATACAATTTGAGTGAAAAGT,((.....)).....................,44.760579578190296
GAAAAGTGCTCTTGTATCATGAAACGAAAA,.....((((....)))).............,44.75361821406705
GAAAAGCACAAGGATTTCCTGTCACGAAAA,..........(((....)))..........,44.75101135674103
GAAAAGATGCCCGTGTTCTCACATCGAAAA,............(((....)))........,44.74272304805153
GAAAAGGCTCATTGGGTCTGTGAACGAAAA,....((((((...))))))...........,44.72780247545235
GAAAAGGGTTGGTTTAGCCATATACGAAAA,......(((((...)))))...........,44.71549506651992
GAAAAGCTAGTTGTTGTCAGTTGCGAAAAG,.....((.(((((....)))))))......,44.7140159606105
AGCGAAAAGGCACTTACATAACGAAAAGTT,.((......))...................,44.708653064495564
GAAAAGCATTCTATTGTTAGTGAGCGAAAA,.....((.(.(((....))).).)).....,44.69449055726302
GAAAAGAGTCTTTCGCATATGCCTCGAAAA,((((......))))((....))........,44.67877760124663
ACGAAAAGGTATTGTTCGCTTCCGAAAAGT,..............((((....))))....,44.661449931718515
GAAAAGATGGCGGGTTACGGCTATCGAAAA,.....((((((.(....).)))))).....,44.656005068031135
GAAAAGGTATTGTTACTTGCTGACCGAAAA,....(((((....)))))............,44.653668718915355
GAAAAGTGTGTTCCTCGTAAATTCCGAAAA,..............(((.......)))...,44.65287002365778
GAAAAGTTATCCCGCTATTGCTAACGAAAA,.....((((....((....)))))).....,44.64211094245714
GAAAAGGGAATCCGGGGTTATTGCCGAAAA,............(((.(....).)))....,44.637050829952514
GCCGAAAAGGTAGTTTAATTCCGAAAAGCC,(((.....)))...................,44.62782265104874
GAAAAGCAATCAACGATTATACTGCGAAAA,.....(((..............))).....,44.60804805321823
GAAAAGCAATGTACACTTAGTGTGCGAAAA,..........((((((...)))))).....,44.600393269869016
GAAAAGCAAATCTATGAGTTCCTGCGAAAA,.....(((..............))).....,44.596938222004695
GAAAAGCAATGGATGTATTAACTGCGAAAA,.....(((..............))).....,44.59476975314079
CGAAAAGTTCAAGTATTCGTCAACGAAAAG,...............((((....))))...,44.593258813941645
GAAAAGAACGCTCTATTGTCCGTTTGAAAA,.....(((((..(....)..))))).....,44.59080801190634
AGCGAAAAGGCACATCATATCCGAAAAGTT,.((......))...................,44.58994197853422
CCGAAAAGGATCTTTCATATAACGAAAAGG,((.....))...((((.......))))...,44.58485014929444
GAAAAGAACTGATATTTCAAAGATCGAAAA,.........(((....)))...........,44.58267220298238
GAAAAGCTATCGTCTCGATTTCCGCGAAAA,.........((((..........))))...,44.5816280230264
GAAAAGATATTGAACCTCGTTGAACGAAAA,................((((...))))...,44.581015203263476
GAAAAGCTTCCCAATCTATTGATGCGAAAA,.......(((.((.((....)))).)))..,44.57525508023425
GAAAAGCAATACTATTTACCCCTGCGAAAA,.....(((..............))).....,44.570848704599655
CGAAAAGTATCCTTCAGCTCGTACGAAAAG,..............................,44.55530667094408
GAAAAGCAAATTTGAACTTAACTGCGAAAA,.....(((..............))).....,44.55356615692478
GAAAAGCAATTATTAGCCTGCCTGCGAAAA,.....(((..........))).........,44.55260738361281
GAAAAGTTAAATGGGATACTTGCCGAAAAG,............((.(....).))......,44.54862776405443
GAAAAGCCGTACTCTGTGCATCTGCGAAAA,........((((...))))...........,44.54723726519974
GAAAAGCAGTCTCATCTCATGTGCCGAAAA,.....(((.............)))......,44.54607746335782
CGAAAAGGATCATTGCCGTTATACGAAAAG,................(((...))).....,44.54417355590631
GAAAAGGTTAGTGTTTTATATTGCCGAAAA,.....(((.(((((...)))))))).....,44.54333583904588
GAAAAGAAGCTATCTATCGTCATTCGAAAA,................(((.....)))...,44.541640847832625
TAGGTCTATCGTTAAACTATAGGTGTCCAG,..((.(.(((...........)))).))..,44.541203915928875
AAAAAGCTTATGTCGTCATCTTGCGAAAAG,............((((......))))....,44.54049987090333
ACGAAAAGAGTTCCTACGTCTCGAAAAGGG,.......(((.........)))........,44.53395564969273
GGTGGTCTATCATAGCATAGGTGTCCTAGA,((...(((((......)))))...))....,44.527521471233214
GAAAAGCATCATATCTAATCTGCGCGAAAA,.....(((............))).......,44.510782113020014
GAAAAGATTATGCCATTGGTAAATCGAAAA,.....((((.((((...)))))))).....,44.50737160280501
GAAAAGCAATGGTGTTATTACATGTGAAAA,...........((((....)))).......,44.50460068649645
GAAAAGAAAGACGTCTCGGATATTCGAAAA,...............((((....))))...,44.497209941601916
GAAAAGCAATTTCTACTGTATGCGCGAAAA,.....(((............))).......,44.49648406550604
GAAAAGCCATCGTCCATCTATTTGCGAAAA,.........((((..........))))...,44.49079658308322
GGCCGAAAAGGTCATCTACACGAAAAGGAT,((((.....)))).................,44.48581410351257
GAAAAGAGGCAATGTCATTCATATCGAAAA,.......(((...)))..............,44.48358790226537
GAAAAGCAATAGTCTATCCGTGCGCGAAAA,.....(((............))).......,44.48099634934729
GCCGAAAAGGTTCTAATTGTTCGAAAAGGT,(((.....)))...................,44.4801396896966
GAAAAGATACTCCATTATTGGTTTCGAAAA,.....((....(((....)))..)).....,44.47917428651422
GAAAAGTATGTATCGTATTCAAACGAAAAG,............((((......))))....,44.47808516835529
GAAAAGTAAGACCTATGTCCTGAACGAAAA,.........(((....)))...........,44.47681686101362
GAAAAGATGCATCTATTGATACAACGAAAA,.......((.(((....))).)).......,44.474436311171566
GTGCGAAAAGTACTTAGTTCGAAAAGTTGA,((((.....)))).................,44.47189491934518
GAAAAGTGTGCATTTTGTGAACTTCGAAAA,...((((..(((...)))..))))......,44.46462594598535
ACGAAAAGCCTCTCTTGCCTAGCGAAAAGT,..............((((...)))).....,44.46397860123744
CGAAAAGATGTAAGTTTCGTTATCGAAAAG,..............(((((....)))))..,44.46306959247056
GAAAAGCATCAATTAAGTAGTCTGCGAAAA,.....(((..............))).....,44.449933450088515
GAAAAGAAACAGGTTTATCGGGTTCGAAAA,.................(((....)))...,44.44481334054127
GAAAAGGGTCTAATTTTTAGCACGCGAAAA,.....(.((((((...)))).)).).....,44.44207141188082
GAAAAGGGTGATCTATTGAGCTACCGAAAA,......((((.((....))..)))).....,44.437947939427545
GAAAAGCTAGATTGTTACATTCAGCGAAAA,.....(((.((.((...)).))))).....,44.43308004540664
GAAAAGCAAATTACTGTCATTGTGCGAAAA,.....(((..............))).....,44.432720091796725
GAAAAGATTATCTATCGGTAACCGAAAAGG,..............((((...)))).....,44.4258681087937
GAAAAGTTCATCGTTAACGCTGTGCGAAAA,..........((((.........))))...,44.41615916697275
GAAAAGCATCTTACCCTATACCTGCGAAAA,.....(((..............))).....,44.415229173681496
GAAAAGAAGCTTAATGTCGTTGTTCGAAAA,................(((.....)))...,44.407852806604765
ATCGAAAAGCTAAGTATTTACCGAAAAGGT,...................(((.....))),44.405273140886365
GAAAAGTCGTGTTCCTCGTATAGGCGAAAA,...............((((....))))...,44.40484213521998
GAAAAGCATCTACCAATCACTCTGCGAAAA,.....(((..............))).....,44.40128986671564
TGTAAAGCGAAAAGCTTAACGAAAAGCTCA,(((.((((.....)))).))).........,44.401262481764874
GAAAAGCTTTAGTTTGTAGTAACGCGAAAA,.....((.(((.(....).))).)).....,44.39711902689624
GAAAAGCGTGTGTTATCATTCGTGCGAAAA,.....(((.(((....))).))).......,44.391847634954146
CGAAAAGTCGTACCATTTACTCACGAAAAG,.......((((...........))))....,44.391186334029015
GAAAAGTATCGTTCTACCGTAATGCGAAAA,........((((...........))))...,44.388331087695846
GAAAAGCTATAGTCATTGATTTTGCGAAAA,.....((...((((...))))..)).....,44.38751434464854
GAAAAGCATTATCGTAGATTCTGGCGAAAG,...........((((........))))...,44.38398951958875
GAAAAGCAATAAATTATCCGCATGCGAAAA,.....(((..............))).....,44.380727884518635
GAAGGTCTATATACGTACATAGGTGTCCAC,...(((((((........)))))...))..,44.37807399609813
GAAAAGCAAATTATGAGTTCTGTGCGAAAA,.....(((..............))).....,44.37256212001863
GAAAAGCTATGTTGCCATTTTGAGCGAAAA,...........((((((...)).))))...,44.35550961741236
GAGCAAAAGGTGTCCCTTGGTTTATTGATA,((((..((((....)))).)))).......,44.35086319841422
GCGAAAAGCAATTCGTTTAGTGCGAAAAGT,((.....))..(((((.....)))))....,44.34909778259441
GAAAAGTTCCGTATATTGCGATAACGAAAA,.........((((...))))..........,44.346242921959586
GAAAAGAATTCTTTAGTTTGCCGAAAAGGT,..((((....)))).....(((.....))),44.34140221316815
GTTAGACGAAAAGTGTAGCGAAAAGTATTA,((((.((.....)).))))...........,44.338959551749596
GAAAAGGGTCCTATTGGTAATACACGAAAA,.........((....)).............,44.33687777758822
CACGAAAAGTGATTATGTTTCCGAAAAGAG,(((.....)))...................,44.336776049778166
GAAAAGCAACTGCATTATGTCTCGCGAAAA,.....((....)).................,44.3285890524611
GTGCGAAAAGTACATATTCCGAAAAGCTTA,((((.....)))).................,44.32531626658839
TATCGAAAAGACCTATTCCTCGAAAAGAGA,..................(((.....))).,44.32182630538867
GAAAAGGGATCTTTCTCTGTATCACGAAAA,((..(((((....)))))...)).......,44.32089420123987
GAAAAGCTCCCATGATATTTCACGCGAAAA,.......((.(.(((....))).).))...,44.319088239608405
GAAAAGTCACATCGTTCATGTTCGCGAAAA,...........((((........))))...,44.31889390658882
GAAAAGCAAAACCCATGATTAGTGCGAAAA,.....(((..............))).....,44.31542121838352
GAAAAGTTTAGCTGCTCACGTTAACGAAAA,((..(((...)))..)).............,44.31464907768378
GAAAAGTCTACACCTCGTGTTTAACGAAAA,..............((((.....))))...,44.31152603348549
GGCGAAAAGCATGGAGTACTCCGAAAAGTC,.((.....))..(((....)))........,44.3108469483515
GAAAAGGCTTCTTGCAAAGATAAACGAAAA,......((.....))...............,44.310215117287775
GAAAAGTCAGTCGTTATCCACGTGCGAAAA,..........((((.........))))...,44.308794978347976
GAAAAGTAATGGGTATTCCATTTACGAAAA,.....((((..((....))..)))).....,44.308336090608286
CGAAAAGTAAGCTTCTTCTGTTGCGAAAAG,..........((..(....)..))......,44.303521636756145
ATAGCTACTCGAAATGAAAAGAGGATTCTT,.......(((..........))).......,44.30126221351043
AAAAGGTCTTGTGATTCACATAACGAAAAG,.....((..((((...))))..))......,44.30109394409715
GAAAAGCGTTATCGTGTACTCGTGCGAAAA,...........((((........))))...,44.30100045919376
GAAAAGTCATGTAGTCTTCTACCACGAAAA,..........((((....))))........,44.29322119701127
GAAAAGACAACCTTTATAGGACATCGAAAA,..........(((....)))..........,44.29114458979606
GAAAAGATTGTTGCTTTGCTCATTCGAAAA,.....((.((..((...)).)).)).....,44.289967867342504
GAAAAGATTAGCATCATTGCGTATCGAAAA,.....(((..(((....)))..))).....,44.28947362328351
GAAAAGGATAAGATTAAGGATTACCGAAAA,.................((....)).....,44.28830077428327
GAAAAGCAAGGTCTATTGTACGAGCGAAAA,.....((..(..(....)..)..)).....,44.2855137123079
GAAAAGCACAATTGATAATACTTGCGAAAA,.....(((..............))).....,44.28029157735215
GAAAAGTCGTACTCACTTTGCACGCGAAAA,......((((.............))))...,44.277836240337976
GAAAAGTCAGCGTTGTTTCAACCTCGAAAA,......((((.((((...)))))).))...,44.276067428385076
GAAAAGTCTCGTTGGCCCCTCGTGCGAAAA,........((((...........))))...,44.27502495671425
GAAAAGGGATTGTGATTCACGTGCCGAAAA,......((..((((...))))..)).....,44.26743866734683
GAAAAGATTCTACCTCTTGGTCATCGAAAA,.....(((...(((....))).))).....,44.26620634988329
GAAAAGTCATGGATATTTCCACAGCGAAAA,.....((..((((....))))..)).....,44.26515939947046
GAAAAGCAGTCTCTACGGATTCTGTGGAAA,...........(((((((...)))))))..,44.262675362875456
TAGGAGTGGTCGCAGGTATCTGTGTCTTCT,....((.((.(((((....))))).)).)),44.25932533104923
GAAAAGTCATCGTTAATCGTCATGCGAAAA,.........((((..........))))...,44.258268373327496
GAAAAGCGATTATCCTTGCGATAGCGAAAA,...............((((....))))...,44.25642029385396
GAAAAGCAAAGAAATGCATCTTAGTGAAAA,.....(((......))).............,44.25193162114824
GAAAAGGGTACTCCGTCTATATTCCGAAAA,......((....))................,44.23734365415793
GAAAAGTCTCAGTCGTATCCAGACGAAAAG,............((((......))))....,44.235740248404284
GAAAAGGATGGTAATAACCTAATACGAAAA,.........(((....)))...........,44.23242719805422
GAAAAGGTTGTTGCCGTACTACTCCGAAAA,.....(((....)))...............,44.22258648168888
ACTCCTCTGGATCCGTACAGGACTTTAGCT,......((((((((.....))).)))))..,44.2220487468728
GAAAAGTCTGCATCTTTGCCCTGACGAAAA,.....(((.(((....)))...))).....,44.21985541996798
GAAAAGTAAAATCTCACGTTTTAGCGAAAA,................(((....)))....,44.21887665945861
GAAAAGCCCTTTGTATTGCTATGGCGAAAA,.....(((....((...))...))).....,44.21847751433609
CGAAAAGGTGTCCTCGTACAAACGAAAAAG,.............((((....)))).....,44.217965491840914
GAAAAGCATGTTGTGCTCCAATATCGAAAA,....(((((...))))).............,44.21539180695282
GAAAAGTGATATTTGACTCTACCACGAAAA,....(((.(....).)))............,44.213505830800464
GAAAAACTAGTAGGGCTCATAATGTGAAAA,................((((...))))...,44.213447545727284
GAAAAGGGGTTGTCTTTAGTTCCACGAAAA,.....(((((((....))))))).......,44.21290356346519
AAAAGGGGTTCCTGAGTGATTCACGAAAAG,...(((....)))..(((...)))......,44.210376816846676
GAAAAGGATAGGCTTATAGACCTCTGAAAA,.........(((((...)).))).......,44.205507114702314
GAAAAGCATGCTTCTTTGATACAAGCGAAA,.....((.((..((...))..)).))....,44.199603449639156
GAAAAGTTTCTCCTTGTGGGAATTCGAAAA,(((....(((.((....)))))))).....,44.19591692755871
GAAAAGACCATTGCTTTGTATGGGTGAAAA,......(((..(((...)))..))).....,44.19052118875109
GAAAAGGCAGTTTGGTTTATTGGCCGAAAA,..........(((((((....)))))))..,44.18631354486281
GAAAAGGAATATCCACTTAAGTGACGAAAA,.....(((...)))................,44.183044361984315
GAAAAGTTGTCTATTAGGCAGTAACGAAAA,......((((((...)))))).........,44.1795457782101
GAAAAGTTGTATTCAACGAATCTGCGAAAA,((...((((....))))...))........,44.17167136038846
CGAAAAGCGGAAAACGTTTTCCTCGAAAAG,(((((((((.....))))))..))).....,44.170949155030044
GAAAAGGTAATTCTATTGGATGCACGAAAA,......((.((((....))))..)).....,44.17074327240218
AACCTTTAGGTGTCCCTTGGTCTATTGGAT,.(((...(((....))).))).........,44.170235311181116
GAAAAGCTGATTGTTCGGAATTCGCGAAAA,(((...((((....))))..))).......,44.170104752303104
GAAAAGTCCGTATTTGTGTTCGGATGAAAA,.....(((((.((....)).))))).....,44.16819034105565
GAAAAGTTTGAAGCTATGCTTTCACGAAAA,.........(((((...)))))........,44.167744585878125
GAAAAGCAAGCACTCGTTTCTTGGCGAAAA,.............(((((....)))))...,44.161305163716264
GAAAAGCACTCTCTTTAATCCATGCGAAAA,.....(((..............))).....,44.16059708697324
GAAAAGTGCAATTATTTGTTCCAACGAAAA,.....(.((((....)))).).........,44.15527057669728
GAAAAGAGCTGTCCTCTTGGTACTCGAAAA,.....(((.((.((....))))))).....,44.154811309021945
ACGAAAAGGTAATTTTCAGCACCGAAAAGG,..(((((.....)))))....((.....)),44.150722437162074
GAAAAGATGTCTTGGTTCAAGATACGAAAA,.......(((((((...)))))))......,44.1480341297227
GCGAAAAGGCTTTAGAGTTATCCGAAAAGT,((......))....................,44.14374005818077
TAGTCGAAAAGATACCTATTGAAAAGAGTG,..(((.....))).................,44.14085732455653
TTAGCGAAAAGATTCAAATCGAAAAGATGA,.................(((.....)))..,44.13440474874114
GAAAAGAACATTCTCCCTCGGATTCGAAAA,.................(((....)))...,44.131123838186
GAAAAGATTTAGTCTAGCCGTATTCGAAAA,....((((...))))...............,44.12576890066934
GAAAAGTGATCGTGACATCTCAAGCGAAAA,.........((((..........))))...,44.12258208298222
GAAAAGCACTAGTCTTGCATCTTGCGAAAA,..............(((((...)))))...,44.122435227047475
GAAAAGCTGTACCTATTGATAATGCGAAAA,.....((..((.(....).))..)).....,44.12113156418626
GAAAAGCCTCTTCTCTGTTATCGGCGAAAA,..........(((.(((....))).)))..,44.12083941871665
CGAAAAGCGTTTCTCGTGCCAAGCGAAAAG,.((((....))))((((.....))))....,44.11322493114834
GAAAAGCATGTACTTATGTGCACGTGAAAA,.....((.(((((....))))).)).....,44.109468835399966
GAAAAGATGAATGTTATCGTTCGGTGAAAA,........(((((....)))))........,44.10466481618183
GAAAAGCCACTTCTCTGTTATCGGCGAAAA,..........(((.(((....))).)))..,44.09986208509578
GAAAAGGAGCTTCATAGTAATCGACGAAAA,........(((....)))............,44.09654539477504
CCGAAAAGGGCTTCTTGATCTATCCGAAAA,((.....)).....................,44.095566899348086
CGAAAAGTTACTTCGAAGATCTACGAAAAG,...........((((........))))...,44.09339574338347
GAAAAGGGTCTGAATTTCAGAATTCGAAAA,.....((((((((...)))).)))).....,44.06445729165633
CAAAAGCATTATCTCCAGCTCCTGCGAAAA,.................((....)).....,44.05250470502822
GAAAAGAGTAGCTCATTAGTGTTCCGAAAA,.....(((...)))................,44.04473137388831
GAAAAGGCATTAATCTCTCATTGGCGAAAA,.....(.((............)).).....,44.04132813281281
GAAAAGACATCTATCTTTAGAGATCGAAAA,.....((..((((....))))..)).....,44.031841164339404
GAAAAGGTATCCTGATTAGAAATCCGAAAA,....(((...))).................,44.02195465061904
CGAAAAGGGTAGTTCCTATTTCACGAAAAG,.((((((((....)))).))))........,44.0170838953827
GAAAAGCTGGGATCTTTGATTCAGTGAAAA,.....(((((.(((...)))))))).....,44.01656416191757
GAAAAGGGTTAGTTTGACCTATCGCGAAAA,.....((((((...))))))..........,44.00897799445732
GAAAAGCCGGTTTTCCGATATATGCGAAAA,.......(((....))).............,44.00513755084333
GAAAAGTGTACGCTATTGACTACATGAAAA,.....(((((..(....)..))))).....,44.00294208754585
GAAAAGGTGTTATGGGTTTCCCACGGAAAA,............((((...)))).......,43.996712064524246
GAAAAGTTATCATTGTTCGATCACGAAAAG,...............((((....))))...,43.99667417605947
GAAAAGTTGCCTGGTTACTAGGTTCGAAAA,........((((((...)))))).......,43.993729392560056
GAAAAGTTGCTCTTTGTAGACCAATGAAAA,.....((((.(((....))).)))).....,43.99210920209797
GAAAAGATTCCTATCGCAGTTAATCGAAAA,.....(((....)))...............,43.99089109845946
GAAAAGCTGGTGTTCCGGTACTTGCGAAAA,.....(((((....)))))...........,43.985208064369615
GAAAAGCATGGATTTTAAATCCCCCGAAAA,.........(((((...)))))........,43.97996838428652
ACGAAAAGTATTGGGCTAATTGCGAAAAGT,..............((.....)).......,43.97761732338033
GAAAAGTTAGTGCTATTAGCCTTGCGAAAA,.....((.((.(((...))))).)).....,43.97420696284682
GAAAAGAGGTCTTCCCTTTTGACTCGAAAA,.(((((.((....)))))))..........,43.97236856690342
GAAAAGCCATGATTGTTTATGCCGCGAAAA,.....(((((((....)))))..)).....,43.96718595179753
CGAAAAGATTGTTCGTTATCCATCGAAAAG,...........((((........))))...,43.95973211568335
GAAAAGATACCATCTTATGATCATCGAAAA,.....(((...(((....))).))).....,43.953331623478064
GAAAAGAGGTTTGCTCATAGTTCTCGAAAA,.....(((.....)))..............,43.95309859682346
GAAAAGATCTCCACGGAGTGTACTCGAAAA,...............(((....))).....,43.95128827039011
GAAAGGGGTTACGTTGTCGAGATCCGAAAA,.....(((((.((....)).))))).....,43.94002563259747
GAAAAGGAATATCGTTCATGTTACGAAAAG,...........((((.......))))....,43.93796177851608
GAAAAGTATTCTCATCGTTAGATACGAAAA,..............((((.....))))...,43.93774203786634
GAAAAGTAGGTTTAATCGAATCTTCGAAAA,...............((((....))))...,43.93562671014245
GAAAAGACGTTTCTTAACGTTCGTCGAAAA,.....((((((....)))))).........,43.93529032071159
GAAAAGTAAGCTATATGCCTTCAACGAAAA,.........((.....))............,43.92659030689519
TCGGCCTAGGTGTCCTCAGGTCTATGCTTA,..((((((((...))).)))))........,43.90496960300048
GAAAAGCTCCCTCTTGTCTTTAAGCGAAAA,..........(.((((....)))).)....,43.90224169799517
GAAAAGTATTCACATCGTTAGATACGAAAA,..............((((.....))))...,43.89486292132328
GAAAAGGTGTTCTATTGATACACACGAAAA,......((((((....)).)))).......,43.88417331089529
GAAAAGGGTGCATTATTGTTACACCGAAAA,.....(((((((....)).))).)).....,43.88051116521176
GAAAAGTGATGTGATATTTCACCAGGAAAA,..........((((....))))........,43.87762953396153
GAAAAGATTTTCTATTCTGAAGCCCGAAAA,(((.(((...))).))).............,43.86776471900243
GAAAAGTAAAATCGTTCCTGATTACGAAAA,...........((((........))))...,43.85907344733154
GAAAAGTAATTTGTGTTGCAAGTTCGAAAA,(((..(((((....)))))...))).....,43.855647493303266
GAAAAGGGTATAGCTCTTGCAACTCGAAAA,.....((((...((....)).)))).....,43.85560094255755
GAAAAGGTTTCAGTTTCTGAGTAACGAAAA,......(((((((...))))..))).....,43.85113058682604
GAAAAGGATTAGGAATTTCTTGGCCGAAAA,.....((.((((((...)))))))).....,43.84473850538769
GGAGGTCTATCATTAAGTATAGGTGTCCGC,(((.((((((........)))))).)))..,43.84182359421472
GAAAAGCTATGTATGGATTCTGTGCGAAAA,..........((((((...)))))).....,43.840636397035
GATTGACGAAAAGGTTCCGAAAAGGATTTC,...............(((.....)))....,43.837431840143374
GAGCGAAAAGCTTACGTGCGAAAAGCCTAG,((((.....))))..(.((.....)))...,43.830065836695795
GAAAAGTTTGTACTGTTAGTACCACGAAAA,.........(((((...)))))........,43.82662947948447
GAGCGAAAAGATTTATACATCGAAAAGATA,..................(((.....))).,43.82388952026553
GAAAAGTTCATGGTTTTGCCTGGTCGAAAA,.......(((.(((...)))))).......,43.81737390210425
GAAAAGGAGCTTCTTAGTAATCGACGAAAA,........(((....)))............,43.81663127273052
CATAGTACGAAAAGTATCCACGAAAAGGTT,....((((.....)))).............,43.816219755224814
GAAAAGATGCCTTTGGCCAAATATCGAAAA,........(((...))).............,43.81613830658041
GAAAAGCGTACTGATTTGTATTAGTGAAAA,........(((((((....)))))))....,43.81073093613949
GCGAAAAGGCCAGTCTTGTTCCGAAAAGTG,((......))....................,43.809215491022975
GAAAAGCACACGCCATTTGCATTGCGAAAA,.....((....))..(((((...)))))..,43.80897871664783
GAAAAGTAATAGGTATCTTACCATCGAAAA,...........((((...))))........,43.80643220785043
TGAAAAGCATTAGCACTGGTAATCGAAAAG,......((....))................,43.773977977600325
CCGAAAAGCACATGTATTACGCGAAAAGCG,...................(((.....))),43.77131012589452
GAAAAGGTCAATGCTATCTTTAGCCGAAAA,............((((....))))......,43.77026105920628
GAAAAGATAGCTTCCTTGATTCTTCGAAAA,...............((((....))))...,43.759757108331065
GAAAAGAGTACGATTATTCAGTACCGAAAA,.......((((((....)).))))......,43.75830256530976
GAAAAGTTGTATCAACGTTATACACGAAAA,.....((((...))))..............,43.75214266244055
GAAAAGATTTGTTGATTCAACAACCGAAAA,........((((((...)))))).......,43.751768823018324
AAAAGTATCTCTCCTCGTAAGTACGAAAAG,..............((((....))))....,43.74977116132034
GGTCGAAAAGAGGTTTCTCGAAAAGAGATG,...............((((.....))))..,43.748732547028986
GAAAAGATGTAGGATATCCTTATTCGAAAA,.....((...(((....)))...)).....,43.748708193680784
AACCGAAAAGCTACTTTCTGCGAAAAGATT,.........((........)).........,43.738391140331125
GAAAAGCTAGTTAATCGTTAGATGCGAAAA,..............((((.....))))...,43.7280243088114
CAAGTCGAAAAGATGTATTGAAAAGAATAG,...(((.....)))................,43.725989476353135
GAAAAGCTATGGTTTCTGTTTATGCGAAAA,............((((.((....)))))).,43.72498487506486
GAAAAGTAAACCATATGTGATTCACGAAAA,................(((...))).....,43.72246874189117
GAAAAGAGTAGGCTCATCGTCCTTCGAAAA,.....(((....))).(((.....)))...,43.72001333144887
GAAAAGTTGCCAATTGTTTCACAACGAAAA,.....((((..((....))..)))).....,43.71211869162595
GAAAAGCGATAATGTTATCATGTCCGAAAA,.......((((.((....))))))......,43.709671330231444
GAAAAGAAGCTATACGTATGCATTCGAAAA,.....(((((.........)).))).....,43.69710217924391
GAAAAGTGGCATTGTTATCATACACGAAAA,.....(((....((....))..))).....,43.68698889373461
CTATCCGAAAAGTCGTGCGAAAAGTATTTG,..............((((.....))))...,43.68315485219303
GTGAAAAGATCCATTATATGATCGAAAAGG,.......((((........)))).......,43.67564794677848
GAAAAGATTTGTCGTTGGCAAATACGAAAA,......(((((((...))))))).......,43.67530900599238
ATCCGAAAAGCAATGTTAGCGAAAAGTTAT,................((((.....)))).,43.66771830870463
GAAAAGGGATAATTTGTCATCAACCGAAAA,.......((((...))))............,43.66622009386147
GAAAAGGGATTATTCCACACTCTCGAAAAG,......(((....)))..............,43.66140159102741
GAAAAGGTACTTCTTATGGTCTGCCGAAAA,.....((((..((....))..)))).....,43.65940683873387
GAAAAGCATTTAGTCTTCGAAACGCGAAAA,...............((((.....))))..,43.65150342561613
GGCTTACGAAAAGCTTGCGAAAAGTATGTT,(((((.....)))))(((.....)))....,43.64810724245545
GAACAGCGGGAAGGGTTCTTATCCCGAAAA,......((((((((...))).)))))....,43.64690907902714
GAAAAGAATATTCTTGTGGGAGTTCGAAAA,.....((((.(((....))).)))).....,43.646150716052304
GAAAAGCTTATTATAAGCAAATAGCGAAAA,.....(((((...)))))............,43.64357260076689
GAAAAGTCGCGCGTTCTTGCTGCACGAAAA,......(((.((((....)).)).)))...,43.64131693321012
GAAAAGTCGGATATTATTTGGCCACGAAAA,.....(((((((...)))))))........,43.63920528018822
GAAAAGCTGTGTTCTATTGGGCTGCGAAAA,.....((...((((....)))).)).....,43.63813842590587
GAAAAGGGTCCTTTCTTAAGGTATCGAAAA,......(((((((....)))).))).....,43.62924364399423
ATAGCGAAAAGAATTATCTCGAAAAGAGAT,...............(((((.....))))),43.62050842046328
GAAAAGATTACACGTCTCGTGAGTCGAAAA,.....((((.((((...)))))))).....,43.59389735670102
GAAAAGCCGATTATTCTGCAATCGCGAAAA,.....((.((....)).))...........,43.5886490315381
GAAAAGCTCGTGCTAACTACCCTGCGAAAA,....(((....)))................,43.58591733848944
GAAAAGATCATATGATCAAAGATCGAAAAG,.....((((....)))).............,43.58145867731722
GAAAAGACTTTCCTATGGACAGTTGAAAAG,.....((((.(((...))).))))......,43.575424214772305
GAAAAGTATGGTTTCTACCTTAGCGAAAAG,.........(((....)))...........,43.56960069168785
GAAAAGCGATAATCACGTTCTATGCGAAAA,...............(((.....)))....,43.56932827851573
CTACGAAAAGTCACTTAAGCGAAAAGCTAG,.................(((.....)))..,43.56158380670254
GAAAAGACTGCCATTATTGGGTGTTGAAAA,.....(((..(((....)))..))).....,43.54899602460448
AGTGAAAAGTAAAGCATATGTCGAAAAGAT,...................(((.....))),43.547142188489
TACATGAAAAGTCCCATCACGAAAAGTGTT,.................(((.....)))..,43.54626270643241
GAAAAGCGTAATCGCGTCGATTTCCGAAAA,.....(((....))).(((.....)))...,43.54356726486212
GAAAAGGAGTATCTCTAGCATCTACGAAAA,.....((((...))))..............,43.53153053163473
GAAAAGTTATGAGTATTCTCTAGACGAAAA,.....(((..(((....)))..))).....,43.52867559708151
GAAAAGTTTGGTTATACCATATGCGAAAAG,........((((...))))...........,43.52115067383772
GAAAAGTTTTCCTATTAGGAATGTCGAAAA,........(((((...))))).........,43.514780490093266
GAAAAGATAAGTCATCTTGCCTTTCGAAAA,((((.(.((((....))))).)))).....,43.510756330616616
GAAAAGCCATTGGTAATATTCTAGCGAAAA,.....(((...)))................,43.48918457721983
CGAAAAGTCTTGCTCCATGCTTACGAAAAG,...........((.....))..........,43.485647005364584
GAAAAAGGATTGTTCCTCTACACCTGAAAA,.....((((....)))).............,43.48533906010515
GAAAAGTTATGTCTGTTAGATATGCGAAAA,.......(((((((...)))))))......,43.48497483364138
ATTGGCGAAAAGTCAATTCGAAAAGTCTAT,((((((.....)))))).............,43.48297550859877
GAAAAGTCTACAACATCGTTTGAACGAAAA,...............((((....))))...,43.4817031060618
TAAGCGAAAAGAAAACTATCGAAAAGATTT,.................(((.....)))..,43.47420654700356
GAAAAGAGTGTTCCTGCACTTACTCGAAAA,.....((((((....)))))).........,43.468923245308666
GAAAAGATGTTGGTATTACCTGCACGAAAA,.......(((.(((...))).)))......,43.45848699755466
CGAAAAGAATTGCTTTAGTTTGCCGAAAAG,...........((........)).......,43.45777685338704
GAAAAGCCATGCTTTATAGGATGTCGAAAA,.......(((.((....)).))).......,43.454349788357
GAAAAGAATGGAGTTATCATCAGTCGAAAA,.....((.(((.(....).))).)).....,43.454286208332455
GAAAAGCATAAATGCGCATTCTTGCGAAAA,..............((((....))))....,43.45428521873629
ATGAAAAGTATACTTTAGTAGTCGAAAAGT,.......(..(((....)))..).......,43.45241704412299
GAAAAGATGCTGTGTTACACATCACGAAAA,.....((((.(((...))))))).......,43.44396358760511
GAAAAGCGTGTACCTTGTTATTGCGAAAAG,..............((((....))))....,43.43022480321604
GAAAAGTGGCACTTATGTAGTACTCGAAAA,....((((..((....))..))))......,43.42917720324712
GAAAAGCCTGGTTTGTACTGTTAGCGAAAA,.....((.((((....))))...)).....,43.427670579270846
TGAAAAGGTATTAGGTTCGAATCCGAAAAG,...............((((....))))...,43.42688553028342
AGAGCGAAAAGAATCTTGTCGAAAAGTCCT,....(((.(((...))).))).........,43.42666269696318
GAAAAGTCATCCTGTTGGGATAAACGAAAA,........(((((...))))).........,43.4212300004953
GAAAAGTGCTCCTCTTGGACCTCACGAAAA,.....(((.(((....)))...))).....,43.41848701237183
GAAAAGGTGTGTTACTATTGTGACCGAAAA,.......((.(((((....)))))))....,43.41197278134145
GAAAAGCGGTTCGTATTACTCCCCGAAAAG,......(((...((...))...))).....,43.40867959679027
GAAAAGAAGTCAATCTTTTGAGATCGAAAA,.....((..((((....))))..)).....,43.40721441843897
GAAAAGCGATGATTATTCTGTCGGCGAAAA,......((((((....)).)))).......,43.40199757964298
GAAAAGCAGGCTATTATTGATCAGCGAAAA,.........((((((...))).))).....,43.401687961870564
TGAAAAGGCATTGCCATCAATATCGAAAAA,(((...(((...))).)))...........,43.398460451359234
CGAAAAGTATCTCTTCGGAATATCGAAAAG,.............((((......))))...,43.39085684580147
GAAAAGGCGTTGTCTTACTTCCACCGAAAA,...(((((...)))))..............,43.389784684480034
GAAAAGGTTCTTTTTTAGAGAAAACGAAAA,.......((((((...))))))........,43.38828496997361
GAAAAGATGAAAACTCTTGTTTAGCGAAAA,..........((((....))))........,43.38188047723993
GAAAAGGTATTAAGCTTCGAATTCCGAAAA,...............((((.....))))..,43.38024373431175
GAAAAGACAAATCGTCTCGATTATCGAAAA,.....(((.....)))((((...))))...,43.38016007584167
GAAAAGGATAGCTTCTTAGCATTTCGAAAA,.....(((..(((....)))..))).....,43.373306718134515
GAAAAGAGTGCCAATATTGGCGCTTGAAAA,.....((((((((....)))))))).....,43.37177313799687
GAAAAGGTTAGTGTATTGCATCACCGAAAA,.....(((..((((...)))).))).....,43.371069391370625
GAAAAGATCGATAGTTTATCAGACCGAAAA,.........((((...))))..........,43.3667828754172
GAAAAGTAGTTTACTGAATAAATGCGAAAA,....((((...))))...............,43.36650062275809
CGAAAAGATGTATGTTTCGTTATCGAAAAG,..............(((((....)))))..,43.36253479608595
GAAAAGACTTCTGTGTTACAGCGTCGAAAA,.....(((..((((...)))).))).....,43.36242281908599
CGAAAAGGCGTTCGCTGATCCCCGAAAAGG,.((...(((....)))..)).((.....)),43.35001507116283
GGGTCGAAAAGATTAATCGAAAAGTACTTC,.((((.....))))................,43.339417462034895
ATGGCGAAAAGTCATGCGAAAAGTACTGAT,(((((.....)))))...............,43.327913730720695
GAATGAAAAGATATCTAGTACGAAAAGTGA,..................(((.....))).,43.32584048130116
CGAAAAGGTCATCCTCGTAAGAACGAAAAG,......((....))((((....))))....,43.32196596333323
GAAAAGCAGTTTGTGTTACATTTGCGAAAA,.....((((..(((...))).)))).....,43.31244784586765
GAAAAGTTGTACGTTGTTGTACCATGAAAA,........(((((....)))))........,43.311780895209324
CGAAAAGCGGATACCTTTATCCTCGAAAAG,........(((((....)))))........,43.307529692580154
GAAAAGCATGACTATTTTAGCGTGCGAAAA,.....(((((.(((...)))))))).....,43.307213471452464
ACACTCCTCCGGATCGCTGACTTTAGCTGG,....(((...)))..((((....))))...,43.30260430242836
CACGAAAAGTGATTTTGTTCAGGAAAAGGG,(((.....)))...................,43.301578186419235
GAAAAGGCGCATAATTGTATTCGGTGAAAA,........(((....)))............,43.29958149573026
ACGAAAAGACTCGTTTACTGTCGAAAAGAT,((((......)))).....(((.....))),43.298967592343544
GAAAAGATCAACTCGTCCTCATCGAAAAGG,............(((.......))).....,43.29618435458204
CATCGAAAAGCGGTCAGCGAAAAGTATCTG,.........((.....))............,43.29427683007255
CTCGAAAAGTGCTCATTCCACGAAAAGTGG,.................((((.....)))),43.292369645426106
CGAAAAGGCATATTTCTGTATACCGAAAAG,......((.((((....)))).))......,43.28928888898221
CGAAAAGGCTTTCAGTTCGTAGTCGAAAAG,.((((....))))..((((....))))...,43.285663907645954
GAAAAGGCGGTAATCCATGTATAACGAAAA,........((....))..............,43.2830261739031
GTCGAAAAGACTTATTACCGTTGAAAAGAT,(((.....)))...................,43.2753039498088
GAAAAGCACATGCCGCTAGTTATGCGAAAA,.....((....))(((.......)))....,43.26950804971614
GAAAAGTGTCTTCACCTCGTGATCCGAAAA,.....(((....))).(((.....)))...,43.266337773952515
GAAAAGCTATCTGGTATTCCGAGGCGAAAA,.....(((.((.((....))))))).....,43.26384217287622
GTTGCGAAAAGTGACTTATGAAAAGCTATC,(((((.....)))))...............,43.263726020210925
GAAAAGAGGTATGCTCGTTTACATCGAAAA,.....(((.....)))..............,43.25043428898255
GAAAAGCATAGATCTATCTTCCGGCGAAAA,.....((..(((....)))....)).....,43.24799552649007
GAAAAGCGGAGGTTTCTGGCCTTGCGAAAA,.....(((.(((((...)))))))).....,43.24578488333567
GAAAAGTAGGTTATCGTAATCGTTCGAAAA,(((...((.(....).))....))).....,43.24076094034234
GAAAAGTATAAGGGGATTCTTCGGCGAAAA,...........((((...))))........,43.24018635907525
GAAAAGCATGTATCTCGCTCCTTGCGAAAA,..............((((.....))))...,43.238837719486355
CGAAAAGATCGACTCGTCCCCATCGAAAAG,(((.....)))..(((.......)))....,43.23690320347552
GAAAAGCATTCAAGTCTTCTTGATCGAAAA,.........(((((....))))).......,43.2368778280814
GAAAAGCTGCATATAACGTATTCGCGAAAA,................(((....)))....,43.236468069491366
GAAAAGAGTGGTCTCGATCCTTAGCGAAAA,.....(((....)))...............,43.23450578698473
TGGGTCGAAAAGATTCTCGAAAAGATTACA,.(((((.....)))))..............,43.22487374591383
GAAAAGCCACAGCTAGTATTTTGGTGAAAA,...........(((((....))))).....,43.2195581658074
GAAAAGCTTAACCAATTTGGTGTTCGAAAA,..........((((...)))).........,43.21856972857117
CGCATCGAAAAGCTTTACGAAAAGATCAAG,.((........)).................,43.214673614741955
ATCGAAAAGATACAGTACTAGCGAAAAGGT,(((.....)))...................,43.20090703428363
GAAAAGTCAAACGTGAATTGTTTCCGAAAA,...........((.(((....)))))....,43.199180461216955
GAAAAGCTATTAGCTAATCTCAAGCGAAAA,((..((((...))))..))...........,43.19710534168306
CGAAAAGCTTATTCGGTCTGTTGCGAAAAG,...........((((........))))...,43.19248171047243
GAAAAGGTTGTGTTTTAAACATCGAAAAGT,.........(((((...)))))........,43.19215161716669
TGGTACGAAAAGTCATCTACGAAAAGTGTA,.(((((.....)).)))(((.....)))..,43.191571890447996
GAAAAGAAGTGCCTTTGGTGATTTGAAAAG,......(((((((...))).))))......,43.186058150141726
GAAAAGGCATTCTGTGCTAACTGTCGAAAA,.....(((((...)))))............,43.16772018893141
GAAAAGGTAATCCTTGTGGATTTGACGAAA,........(((((....)))))........,43.16650029067805
GAAAAGTAATTTGCTTGCCATAATCGAAAA,(..(((((...)))))..)...........,43.15594101473249
GAAAAGTCAAATGAGATTCTCATACGAAAA,..........(((((...))))).......,43.14942598648932
CGAAAAGAGCATTTTCGGTCTCGAAAAGAG,((((((.....))))))..(((.....))),43.14843407471869
CGAAAAGAACTAGCTTTCTAGCCCGAAAAG,............(((....)))........,43.14611462924947
GCGAAAAGCACTCTTGTATATGCGAAAAGT,((.....))....((((....)))).....,43.14376412213424
GAAAAGCCAGGGTTTAATCGAAGCGAAAAG,.....((...(((...)))...))......,43.139842995206195
GAAAAGGCTTTTGCTCGCAATATACGAAAA,.....(((....)))...............,43.13339722979188
GAAAAGTTGTTGCATTGTAACCTACGAAAA,.....((.(((((...)))))..)).....,43.12599971587392
GAAAAGTAATGTCTGTTAGATATGCGAAAA,.....(((.(((((...)))))))).....,43.12573663575614
GAAAAGGATTGGACGAGTTTCATCCGAAAA,........(((((.((...)).)))))...,43.124279127659506
GAAAAGCAAAGTTTATGCCTATTGTGAAAA,.....(((.......)))............,43.12372814511899
CGAAAAGCTTCATCCGAAGGACCGAAAAGG,.......((((....))))..((.....)),43.116495917650305
GAAAAGAGGAATTTCCAAGTTTCGCGAAAA,((((...(((...)))...)))).......,43.11070984927034
CGTGCGAAAAGATTTCATTCGAAAAGAATG,...............(((((.....))))),43.10714167726168
GAAAAGTCTGTATCCTTGCTTCAGCGAAAA,...............((((....))))...,43.1061804803817
GAAAAGACTTCAGCATTGCTGTGTCGAAAA,.....(((..((((...)))).))).....,43.10569143076633
GAAAAGAATGACGCATTGTGTCTTCGAAAA,.....(((.(((((...)))))))).....,43.10235690740592
GAAAAGTCATCAGCTCGTTCGATACGAAAA,..............((((.....))))...,43.10004976638911
GAAAAGGGTTAGTTTGTAGTGTTCCGAAAA,.....(((.((.(....).)).))).....,43.092551425702375
TAGACGAAAAGTTGAATCACCGAAAAGGCA,..(((.....)))......((.....))..,43.06753479499668
CGAAAAGATTTACTTCGAGTTAACGAAAAG,.............((((......))))...,43.06656275278409
GAAAAGCAGTTATGTTGCATAAGCGAAAAG,..............((((....))))....,43.06450902939605
GAAAAGGTATAAAGCCATTTACAACGAAAA,.....(((.....)))..............,43.05657854456409
CGGAGCGAAAAGTTTTGACGAAAAGTAATG,((((((.....)))))).............,43.04015000782396
GAAAAGTATCACAGTCTCTTGACACGAAAA,.............(((....))).......,43.03732955905265
GAAAAGGGTCTGATATTTCAATACCGAAAA,......(((.(((....)))..))).....,43.03269210570708
CTTCGAAAAGTTTACGAAAAGATAATGGTG,.((((.........))))............,43.0034552331921
GAAAAGCTAGTATATCGTAATTTGCGAAAA,..............(((((...)))))...,42.99957259487641
ATAGCTACTCGAAATGAAAAGAGGACTCTT,.......(((..........))).......,42.998081947339735
GAAAAGGTTCCTTCCTTTCGGAAACGAAAA,...((((......))))(((....)))...,42.99369234693088
GAAAAATCCATAGTTTTGCTGGGATGAAAA,.....((((.((((...)))))))).....,42.99334977607448
GAAAAGGATGTTATGGTTCATAACCGAAAA,.........((((((...))))))......,42.98757879985243
GAAAAGATTATAGCGCAAGCGTTTCGAAAA,............((....))..........,42.98347918489952
GTTCGAAAAGAGCTTTAATTCGAAAAGAGC,((((.....)))).................,42.97959519494495
CCGAAAAGGCTTGTAAATATGCGAAAAGTG,((.....)).(((((....)))))......,42.97822725397372
CGAAAAGGATTTCTCGTTGGTACCGAAAAG,.((((....))))(((.......)))....,42.97456046020635
GAAAAGGTTTTAGGCATCGCCATCCGAAAA,............(((...))).........,42.974390736138794
GAAAAGCTTAGCATTATTTGCGAACGAAAA,..........(((.....))).........,42.96995415024304
GAAAAGATATGTGTCTTCGCCAATCGAAAA,.....(((..(((....)))..))).....,42.96675591031669
GAAAAGAATGGAATTGTTTACCATCGAAAA,.......((((((....)).))))......,42.965852986147475
GAAAAGGGTGAATGTCTTCTCTCACGAAAA,.......((((..(....)..)))).....,42.960230595860345
GAAAAGTAGCAGAGATTATCTCAACGAAAA,...........((((...))))........,42.95857292545757
AGCAGGAAAAGCTATATACGAAAAGTGTCT,(((.......)))..((((.....))))..,42.95284192949032
GAAAAGCCTCTCGAGTTATTACTGCGAAAA,..........((((((....))).)))...,42.952436851682954
ATGCATTCGAAAAGGCACGAAAAGACTCAT,.....((((........)))).........,42.9498453920287
CGAAAAGCTTTATCCATTCGTCGCGAAAAG,................((((...))))...,42.94605107163642
GAAAAGCCAATTCCTCTCGGTATGCGAAAA,................(((.....)))...,42.935612517987195
GAAAAGTAATCCTCGTGGTAATAACGAAAA,............((((.......))))...,42.9348193106721
GAAAAGTCAAAGAGTATTCTTCATCGAAAA,.........((((....)))).........,42.93144329149186
GAAAAGCGTATCCGCGTGTTAATGCGAAAA,............(((((....)))))....,42.91718216783458
GAAAAGAGTCGTACTCTGTATGTTCGAAAA,.....(((.(((((...)))))))).....,42.91644753082363
GAAAAGTTCACTTACTTGCATGTGCGAAAA,...............((((....))))...,42.91345340472921
GAAAAGGGATTTCTTGTGACTCACCGAAAA,.....((((..((....)).)).)).....,42.90997302789559
GAAAAGGGTGTTAGGCCGGAATTCCGAAAA,......(((.....)))((....)).....,42.90827621092939
GAAAAGATCTAACTCTTGTTCCATCGAAAA,.....(((..(((....)))..))).....,42.90771931750352
GAAAAGATATCTAATCCTCGGAATCGAAAA,.................(((....)))...,42.907300269004395
GGACCGAAAAGGTCTTTACCGAAAAGTAAC,(((((.....)))))((((......)))).,42.88739369141166
GAAAAGAATAACAGTCTCGACATTCGAAAA,................((((...))))...,42.88561630871415
GAAAAGGATTAATCCATTGGAAACCGAAAA,.....(((....))).((((...))))...,42.88508107804631
GAAAAGATCGTAGGCGTCTCGTTGCGAAAA,.......((((((.((...))))))))...,42.88488654036625
GAAAAGGGATAGTCCGTGTCATCACGAAAA,..............((((....))))....,42.882176401627504
CGAAAAGCATTATAGCAGTCATGTGAAAAG,......((......))..............,42.88016796434868
GAAAAGATTCTTGCCTTAGGCAATCGAAAA,..........(((((...))))).......,42.87992149519643
GAAAAGTGTCAGGTTTTACCAACATGAAAA,.....((((..(((...))).)))).....,42.870696961002935
GAAAAGTGATCTCGTTGGTTGATACGAAAA,...........((((........))))...,42.86826958793304
GAAAAGTGCTCTATGTGTTCTCACGAAAAG,..............(((....)))......,42.84501030174164
GAAAAGAGAAATCGTATGTTTGCTTGAAAA,.............(((....))).......,42.84403141170229
GAAAAGGTTTGCCATTGTTGTCACCGAAAA,.....(((..(.((....)).)))).....,42.83758655886518
GAAAAGTAAAAACTCTTGTTCTTGCGAAAA,.....((((.(((....))).)))).....,42.83704831584973
CGAAAAGGACCTATCTTAAGACCGAAAAGG,.....((((....))))....((.....)),42.83237708865966
GAAAAGATTTATGTCAGACCAATCGAAAAG,.....(((....)))...............,42.832311085190014
CGAAAAGCATTTCACTTTAGCCGCGAAAAG,.((((....)))).................,42.83175371704475
GAAAAGAGATAAATTTAATCGCCTCGAAAA,.....(((..............))).....,42.83166451819473
GATATGAAAAGTCCGTGTGCGAAAAGTATT,................((((.....)))).,42.82520060267014
GAAAAGCATAGCCGTTAGATTTTGCGAAAA,............(((........)))....,42.8226693770106
CTGGTCGAAAAGTCCAACTACGAAAAGAAC,.(((.(.....).)))..............,42.818121382569636
GAAAAGATGTACAGTCTTCTGTCTCGAAAA,.....((.(.((((....))))))).....,42.81554167511529
CTCGAAAAGGTCTAGCATTCCCGAAAAGGG,...................(((.....))),42.814308314120545
CGAAAAGACTTCTGTTAATCGATCGAAAAG,(((...(((....)))..))).........,42.810892026082456
GAAAAGAGTATTATCTCCTGCCCTCGAAAA,.....(((......))).............,42.80925245737548
GAAAAGTTCTTGTTTGTGCTGGAATGAAAA,.....(((((.((....)).))))).....,42.805281463115875
GATTGTGGTCTATTCATAGGCGTCCGCTGA,....((((((((....))))...))))...,42.79891863419225
GAAAAGCTTCACTAACATCGACTGCGAAAA,.................(((....)))...,42.79792256150453
GAAAAGAGGGCTACCTATGTACATCGAAAA,......(((....)))..............,42.7967947443299
ATACCGAAAAGTTCAGTGGCGAAAAGGCAT,...............(((.(.....).))),42.793865723275594
GCCATAGGTGTCCAGATTGGTCTATGCCTG,....((((((((((...)))...))))))),42.79052483170658
GAAAAGCAGATATCTAAGTTTCAGCGAAAA,((((...((....))...))))........,42.78891807138497
CGCATCGAAAAGCCTTAACGAAAAGATTTG,.((........)).................,42.78829290149502
GAAAAGGTTCCGATTGTTCTGAAACGAAAA,.....(..((.((....)).))..).....,42.78466115294866
TGAAAAGAGTCGTTTTACTGTCACGAAAAG,.........((((.........))))....,42.784475222215015
GAAAAGATAGATTCTGTCCCGTATCGAAAA,.....(((((...)))))............,42.77607187865078
GAAAAGCATCTTGTTGAGTTAATGCGAAAA,.....(((((((...)))...)))).....,42.7732671293778
GAAAAGCGCTTTGATTATCATGGGCGAAAA,......((((((((...))).)))))....,42.77104368271647
GCGAAAAGCGGATTTCTAGTCGTGAAAAGT,((.....))...((((.......))))...,42.76558370410265
GAAAAGGCTTAGCTTGTGCGTTGGTGAAAA,......(((..((....))...))).....,42.7625593704653
GAAAAGGTTATTCCGTTGGTTTGCCGAAAA,.....(((....((...))...))).....,42.76157879524253
GAAAAGGAGTATGCTTTGCATCTATGAAAA,.......((.((((...)))))).......,42.76090552943149
CGCATCGAAAAGCCTTAACGAAAAGATCTG,.((........)).................,42.75537542302769
GAAAAGCTATTCTAGTTGCTAAAGCGAAAA,...............((((....))))...,42.755180386977194
TGCGAAAAGTCATTTGTATAGCGAAAAGCG,((((((......))))))..((.....)).,42.75410232247267
GAAAAGAGTTATCTTGTGATAGACCGAAAA,........(((((....)))))........,42.748704498378224
CGAAAAGTATAGGGTTCTCCACACGAAAAG,............((....))..........,42.74437241574363
GAAAAGAAGTCTCGTATCCACGTTCGAAAA,...........(((..........)))...,42.729178636372914
GAAAAGCTAATGCGGATTATTCAGCGAAAA,...........((.((....)).)).....,42.724103168513274
GGATTCACTCGAACAGAAAAGAGCTCGTCT,((((...(((..........)))...)))),42.72402244093898
GAAAAGAGTACTGCTTATTGTAACCGAAAA,.....((((...))))..............,42.7204985763464
GAAAAGAAGAGTCTCTTGACAATACGAAAA,..........(((....)))..........,42.7147705978523
CAGGAGTGGTCAATCCGTTGATTGTCTTCG,..(((((((((((....))))))).)))).,42.70118661333573
AGCGAAAAGTAGTTAATGGTACGAAAAGAT,........(((.(....).)))........,42.685565641619306
GAAAAGATCCGTGTCTTTATGTATCGAAAA,.....(((.((((....)))).))).....,42.67988646776867
GAAAAGATTCATATCTTCTATGTTCGAAAA,...(((((....))))).............,42.67382261212271
GAAAAGGGGTCTCTGCTTTAGTTCCGAAAA,..((((.((...)).))))...........,42.67362008769077
ACGAAAAGTTTATCTTAGATCGCGAAAAGT,.(((.(((.....)))...)))........,42.67343093709836
GAAAAGAGGGTTACTTTCAGTCCGCGAAAA,.....(((((...)))))............,42.67296071270234
GAAAAGTAGTCTATTCCATATCAACGAAAA,(((.((....)).)))..............,42.66835687636726
GAAAAGCATTTTGTTAGAATGTCGCGAAAA,.....(((((((...)))))))........,42.66731399474146
CAGGAGTGGTCACAAGGCATTGTGGCTCTG,....((.((((((((....)))))))))).,42.665255643941094
GAAAAGCTCGTAGGCGTCTCGTTGCGAAAA,.......((((((.((...))))))))...,42.66365837713589
AATGCGAAAAGTTAAAGGCGAAAAGTAATT,...((............))...........,42.66189834149708
GAAAAGGTGCAACGAGCTTATGTCCGAAAA,............((.((....)).))....,42.65552939414779
TGGGGAAAAGCGATATTACGCGAAAAGCGA,..................(((.....))).,42.6541929618063
GAAAAGATAGCTTATTGCTCTCATCGAAAA,.....((.(((.....))).))........,42.65153908624835
GAAAAGCTGCCTTACCGTTAACTGCGAAAA,...............(((.....)))....,42.647694992719124
GAAAAGTGGAGATTATATCGTTAGCGAAAA,.................(((....)))...,42.64513845898442
GAAAAGTCAATGCATTTTGCTCCACGAAAA,...........(((...)))..........,42.64498787606598
GAAAAGATGTCGTATTTTGCGCATCGAAAA,.....((((.((((...)))))))).....,42.6445161356504
GAAAAGTTGTAAGTGAATCGTACTCGAAAA,.................(((....)))...,42.63578089527381
GAAAAGCAACTGCTCTCTCGTTAGCGAAAA,....(((....)))...(((....)))...,42.63347381312461
GAAAAGAGGAAGCTCATTGATACTCGAAAA,.....(((....)))...............,42.63200836209148
GAAAAGCGTTCTCGTTCCCAGATGCGAAAA,...........((((........))))...,42.624924330607456
ACCGAAAAGGTTATCATTTCCGAAAAGAGT,(((.....)))...................,42.62376344566041
GAAAAGCCTATTGTGCTTCAATTGCGAAAA,...(((((....).))))............,42.62345885563804
AACCGAAAAGCTAATTTCTGCGAAAAGATT,.........((........)).........,42.62128287532695
GAAAAGCAATTTCTATTGGAGAAGCGAAAA,.....((..(((((...))))).)).....,42.62069849266646
GAAAAGTATTGGTCGTTCACCCTACGAAAA,............((((.......))))...,42.618832871004216
GAAAAGAAGTATCGGTTCTCCGTTCGAAAA,............(((....)))........,42.61832193695724
CGAAAAGCTCATGCTATCATTACCGAAAAG,.....(((....)))...............,42.61646565140185
GAAAAGGGGGGTTTATGCTAACACGAAAAG,......(..(((....)))..)........,42.60849004117826
TGAAAAGTAAGTCGTTGCCTGTACGAAAAA,...........((((.......))))....,42.602497606849596
CGAAAAGCTCATGCTCCACTTATCGAAAAG,.....(((....)))...............,42.59907968706324
GAAAAGGGTTGTTAGATCCAACTACGAAAA,.....(((((....)))))...........,42.59793225649
GAAAAGCAGTAATAATATCGTTAGCGAAAA,.................(((....)))...,42.59092851153838
GAAAAGAATCTAGCGTTGGCATTTCGAAAA,............((....))..........,42.578819553548186
GAAAAGGAATATCCAGTGAAATTATGAAAA,.....(((...)))................,42.5761345434738
GAAAAGACAATAATCATCGTTCGTCGAAAA,................(((.....)))...,42.561144866739426
CAGCGAAAAAGCTTTATCCTGAAAAGTTAG,.(((......))).................,42.55469620565035
GAAAAGTAATTACGGAGTGTTTGACGAAAA,............((..(....)..))....,42.547803497768626
GAAAAGTTATCGCATATTGCGCTCCGAAAA,..........((((...)))).........,42.5461678274315
TATGCGAAAAGTATTCCCAACGAAAAGCTT,.((((.....))))................,42.5374546086817
TGGCGAAAAGCGAGGATAGTGAAAAGTCCT,..((.....)).(((((........))))),42.53491622024147
GAAAAGTGGTCTTATGAAACTTAACGAAAA,...((((..((....)).))))........,42.531509297843826
GAAAAGCCGTTGGTTCTTCACAGGTGAAAA,(((.((((...)))).)))...........,42.52498521278469
GAAAAGTCTTTACCTCGTAAACAACGAAAA,..............((((.....))))...,42.51844677254161
TGAAAAGTATAATCGTTTAGCCACGAAAAA,............((((......))))....,42.517051869731674
GAAAAGAATTTCTATTCAGAAGGCCGAAAA,(((.(((...))).))).............,42.510514855780045
CGAAAAGTTTCTGAATTCGCAAACGAAAAG,...............((((....))))...,42.50518443467709
TGTACGAAAAGTATATGATCGAAAAGTATA,(((((.....)))))...............,42.503857793659485
CGGACGAAAAGTTATGCGGCGAAAAGGATG,..(((.....))).................,42.50327693652536
GAAAAGTACGAGTTTAACTATGTGCGAAAA,.....((((((((...))).))))).....,42.500487257469885
CGCGAAAAGTCATTAGCATTACGAAAAGTG,.((............)).............,42.49692357486987
AAAAGGCACTTTGTAGTTAGTCACGAAAAG,....((((((....)))..)))........,42.491148827001275
CGAAAAGTAGAATAATTCGTCGACGAAAAG,...............((((....))))...,42.48894540513821
GAAAAGTAAGGATCGTTATTCGTACGAAAA,............((((.......))))...,42.4867131799095
CGAAAAGAGTACTCTTTCGTCCTCGAAAAG,..............(((((....)))))..,42.48397467468905
GAAAAGCTGTTATCGTTCTAGATGCGAAAA,............((((.......))))...,42.48395794799336
TTGAAAAGAGCATCCGTATACTCGAAAAGA,.......(((..........))).......,42.476707315962784
GAAAAGCATTCTTATGTTTAACTGCGAAAA,...((((((....))))))...........,42.474105600878616
GAAAAGATTCATGTTATGTGTTGTCGCAAA,................((((....))))..,42.46533309886401
GAAAAGGTATTCTGCGTCTGCTTCCGAAAA,.............((....)).........,42.461729903154065
GAAAAGGACTTATCCATCGTACTCCGAAAA,.....(((....))).(((.....)))...,42.45608585849611
GAAAAGTAGTCATCGTTATCCCTACGAAAA,............((((.......))))...,42.45196089465459
GAAAAGGTTTAGTACCATCGTATCCGAAAA,.....(((.....))).(((....)))...,42.44667094606095
TGATCGAAAAGGTAATACGAAAAGAGTATG,..(((.....))).((((.......)))).,42.446225461517066
GAAAAGTCGTTAACTTGTATCGTACGAAAA,......((((.............))))...,42.4433572239108
GAAAAGCTATTAGTCATGTTGACGCGAAAA,............((((...)))).......,42.43972477249582
GAAAAGCAATTATTATTATGTCAGCGAAAA,.....((...(((....)))...)).....,42.43156036623451
GAAAAGAAGTCCTAGAGTGTATCTCGAAAA,..............(((.....))).....,42.43085342277121
GAAAAGGGTTCGTTTTGCTATACCTGAAAA,....(((..(.((...)).)..))).....,42.43026798288823
CGAAAAGTTAAATACCTATTCGACGAAAAG,((((.((........)).))))........,42.42884544207203
TACGAAAAGATTCATCTGTATCGAAAAGAA,..(((..(((....)))...))).......,42.428251896337215
GAAAAGCTCTTGACTTTGTATGTGCGAAAA,..............(((((....)))))..,42.427186668763426
GAAAAGCGTAAATCTATTGTGACGTGAAAA,.....((((....(....)..)))).....,42.42450658305711
GAAAAGTAGTATATTTGCAACTAACGAAAA,....(((.(((....))).)))........,42.42214895527455
GTAACCTAGGTGTCCCATGGTCTATGCTTC,((((((..((....))..)))...)))...,42.416754841117125
GAAAAGCTTTCAGTTTGAATGTCGCGAAAA,.....((.((((...)))).))........,42.41481898273214
GAAAAGCAACCAACATTATTGTAGCGAAAA,............(((....)))........,42.41388369329269
GAAAAGCATAATCGTTTAGATATACGAAAA,...........((((........))))...,42.41292711428354
GAAAAGCTTTCCAGTTTGGGTTCGCGAAAA,.....((..((((...))))...)).....,42.40081849067862
AGGAAAAGGGCTTCGGTAACCACGAAAAGT,...........((((.......))))....,42.40077583387133
GAAAAGCCGAGTATTGTTACTTCGTGAAAA,.....((.(((((....))))).)).....,42.39491804410398
GAAAAGACATGCTCACGCTATATTCGAAAA,..........((....))............,42.390292900055314
CGAAAAGGCATTATAGCATGATACGAAAAG,.......((......)).............,42.38823156183543
GAAAAGTAATTTGGTTTAACCAAGCGAAAA,.........((((((...))))))......,42.38759446426122
GAAAAGCTGTTAGTGTTTCCTGAGCGAAAA,((((.(((...))).))))...........,42.38625717121255
GAAAAGCATATAATCGCGATATTGCGAAAA,.............(((((....)))))...,42.38273664157792
GAAAAGCTGTGGATTTTATGCGCGTGAAAA,.......((((.((...)).))))......,42.38263363133002
GGATAGCGAAAAGCTTGCGAAAAGATTTAC,.(..(((.....)))..)............,42.381606224756126
GAAAAGGGGTTGTACTTGGATTACCGAAAA,...............((((....))))...,42.379268085780645
GAAAAGTTATAGGGTTTCCCTTTCCGAAAA,..........((((...)))).........,42.37480419868888
CAACGAAAAGATTTGTTCGAAAAGGACGTG,..............((((.....))))...,42.36847079353847
GAAGGGCTAGCTTCCCAGTTAGGTGTCCAC,...(((((((((....)))))...))))..,42.366223966885954
TGAAAAGGAGTACTTCCTGTCCCGAAAAGG,.....((((.....))))...((.....)),42.36211821615712
ATGCATAGGTGTCCGTTCATGGTCTATCCT,......(((.(.((......)).)...))),42.36115475232302
CGAAAAGCTTGTTCGATGATTTGCGAAAAG,...........((((........))))...,42.35767165230016
GAAAAGCAATCTTGATTTAGGAAGCGAAAA,.....((..(((((...))))).)).....,42.35631627311684
GAAAAGAGTGATTTCTTAGTCCTTCGAAAA,.....(((.((((....)))).))).....,42.35372503356823
GAAAAGGCATGTTCTGGTTATCCGAAAAGG,...........(((.((....)))))....,42.3475075457411
AGCGAAAAGCCTGCAGTTTTGCGAAAAGTT,.((.....)).((((....)))).......,42.346788335821834
GAAAAGGTGTATGCTGTGGTCTTCCGAAAA,................(((....)))....,42.34475995279247
CGAAAAGTGATGTCTTCATCGTGCGAAAAG,........((((....))))..........,42.34394975925133
GAAAAGTTCGCGAAAAGTCGTCCCGATGCT,....(((((((((....)))...))).))),42.34213095979482
ATGAAAAGCAGATTTCTATCTCCGAAAAGT,.......(.((((....)))).).......,42.34157941080522
AACTTCGAAAAGGCAGTCCGAAAAGATCTT,...((((...........))))........,42.33815146202504
GTGCGAAAAGCCTTAAGTCGAAAAGTTGAG,..((.....))(((((.(.....).))))),42.33781593621653
AGCAACCGAAAAGGAACGAAAAGTATTGTT,.....((.....))(((((......))))),42.33480381572308
ACGAAAAGTCCATGTTTCTGAACGAAAAGT,..((((........))))............,42.333165582971716
TGTGTCTAGGTGTCCCTCGGTCTATGCAGA,((((((((((....))).))...)))))..,42.33288217213254
GAAAAAGAAATAACTATGTTGTCCTGAAAA,.........(((((...)))))........,42.33181829774543
GAAAAGAGTCTACATTGTGGTTCGAAAAGT,.....(((.((((...))))))).......,42.32282293459244
GAAAAGTCAGGCGTATTCGTATGATGAAAA,.....((((.(((....))).)))).....,42.31910846578144
GCAACGAAAAGGTATCTTTCCGAAAAGTCA,....((.((((....)))).))........,42.316375901744244
GAAAAGTGTTCTTCTGTCGTACCACGAAAA,................((((...))))...,42.31456128799563
CGAAAAGTATCGCTGTAGCAAATCGAAAAG,...........((....))...........,42.307816332079824
GAAAAGATATCGCATTGTGATTGTCGAAAA,.....((((((((...)))).)))).....,42.30770204344054
GAGCAAAAGGTGTCCCTTGGTCTATTGATT,((.((..(((....))))).))........,42.303089129123244
GAAAAGATGCCATTCTCGATGCAACGAAAA,...............(((......)))...,42.30299325020334
GAAAAGGAATTATCCAGTTATTGCCGAAAA,.....(((....)))...............,42.2986857359239
GAAAAGGGTGGTACTTATTGGTCCCGAAAA,.....(((....(((....)))))).....,42.29808676637292
GAAAAGGTTGTTGTTGACAATTGGCGAAAA,.....(((((((...)))))))........,42.29711356901522
GAAAAGCGTTCTCGGCCGTATGTGCGAAAA,.....((.......))(((....)))....,42.2922836394213
GAAAAGCATTTTGGGATCTTCCCGCGAAAA,...........(((((...)))))......,42.28124603080602
GAAAAGTATGATCGTACAACTCAACGAAAA,...........((((........))))...,42.28077749785893
GAAAAGGATTTACGCATGTTATGACGAAAA,............(((((...))).))....,42.27654030066538
GAAAAGTATGGATCGCTTTCTGGGCGAAAA,............((((((...))))))...,42.2761049182033
TTCCGAAAAGTACATACCTACGAAAAGTAA,..................(((.....))).,42.27527556094607
CGAAAAGACGATTCGAATTTCGCCGAAAAG,...........((((........))))...,42.272536496071126
GAAAAGGGAGATTCTCCTTTCGAACGAAAA,...(((((((...)))))))..........,42.269453658651
CGAAAAGTCAAACTTCGTGCATCCGAAAAG,.............((((......))))...,42.260524311379676
GAAAAGCTTATAGTTTAACTGTTGCGAAAA,.....((..(((((...))))).)).....,42.260457303484856
GAAAAGTTATCACTCGTCTGCATACGAAAA,.............((((......))))...,42.25759987797623
CGAAAAGACTAATTCGTTAAGATCGAAAAG,............((((.......))))...,42.256447954801935
GTGCGAAAAGTCTTCAGGCGAAAAGTCTTC,...............((((.....))))..,42.25250046155644
GAAAAGCTGTCTTACGTTAATACGCGAAAA,..............(((....)))......,42.25116465994975
GAAAAGGTGTGTCGTTTATCACTACGAAAA,...........((((........))))...,42.23638621261763
GAAAAGAGTACTATTCTTGTAGTTCGAAAA,.......(.(((((....))))).).....,42.23293745213428
CGAAAAGGTTTTTACGAGCTACCGAAAAGG,......(((((....))))).((.....)),42.23181829369116
GAAAAGCATTCCTCGTTCACCCTGCGAAAA,............((((.......))))...,42.22972393432812
GAAAAGTGTTGGTATTATGCCCTCGAAAAG,......((..((((...))))..)).....,42.22315082305339
GAAAAGTGTTTTTTAACGAAAAGTCGTCCC,...............((((....))))...,42.21455447236645
AAAAGATAGACTCTCGTAGCTAACGAAAAG,.............((((.....))))....,42.211921294457824
CAGGAGTGGTCAATCCTATGATTGTCTTCG,..((((((((((......)))))).)))).,42.206899839707575
GAAAAGATAGTCAATCGTTAACATCGAAAA,..............(((.......)))...,42.206588246831544
GAAAAGACTCGAGGTTCTCTGGGTTGAAAA,.....((((((((...))).))))).....,42.20175707185881
ATGAAAAGAGTACTACTTACCTCGAAAAGT,.......(((..........))).......,42.198343684405074
GAAAAGGTTGGTTTATTAAGCTATCGAAAA,......(.((((((...)))))).).....,42.195103941339106
GAAAAGGTTTGTCTTCGAAAAATACGAAAA,.............((((.......))))..,42.18692329725957
GAAAAGCGTTATCGTTTCTCAATGCGAAAA,((.(((((....))))).))..........,42.185087921925664
GAAAAGATTTGGTTTTAACCGCTCGAAAAG,.........((((....)))).........,42.18364617225017
GAAAAGTTGTTGCTTATCTACATGCGAAAA,((.((((....)))).))............,42.17384146517996
GAAAAGACATCAGTCCAATTTAGTCGAAAA,.....(((....)))...............,42.17036153264422
GAAAAGATCACATCCTTGTATCATCGAAAA,.....(((.(((....))))))........,42.16859391145979
GAAAAGTCAGGAGACTCTGTCCCACGAAAA,.........((.(((...))))).......,42.16384163707525
GAAAAGAATTGAGTATTCAAGGTTCGAAAA,.....(((((..(....)..))))).....,42.15570639294534
GAAAAGTCAGCTGGTCTTCCATCTCGAAAA,......((((.(((....))).)).))...,42.15312800735026
CGAAAAGGTAATTCGATTATGCCCGAAAAG,...........((((........))))...,42.148546168800074
GAAAAGGAATTATGCATGGTATGCCGAAAA,.............((((...))))......,42.14446990842708
ACCAAATGCGAACCTAAAAAAGACTTTGCT,.......(((((.((.....))..))))).,42.13177827213758
TATCGAAAAGTTCAAGTCGTCGAAAAGATG,.................((((.....)))),42.1161899590745
GAAAAGTGGAATTAGGTTGAAACCCGAAAA,..............(((....)))......,42.11595076095551
GAAAAGATTATTGGTCTTGACCGTCGAAAA,...((((((...))))))............,42.114236279160856
GAAAAGTAGGGTACTCCCCATCCACGAAAA,........(((....)))............,42.11324867644638
GAAAAGATGCAGTTTCTACTGCTTTGAAAA,........(((((....)))))........,42.09908804222131
GAAAAGAAATTAGGTATCGTGCTTCGAAAA,................(((.....)))...,42.09876067431326
GAAAAGCTATGTCCTTTGCAATTGCGAAAA,..............(((((....)))))..,42.09803550744688
GAAAAGAATGCTTTAATGCTAAATCGAAAA,.........((......))...........,42.09617412101693
CACGAAAAGACTTATGATTCGAAAAGAGTG,................((((.....)))).,42.088241468053134
GAAAAGCAATTCAGCCCAGATATTCGAAAA,.....((......))...............,42.0875993780808
GAAAAGCTAAAACATTGTTGTAATCGAAAA,...........(((....))).........,42.08649133719301
ATTCGAAAAGCCTATACGCGAAAAGTTTAT,.........((......))...........,42.0812424083832
CAGGAGTGGTCACATGGCATTGTGTCTTCG,.....(.((.((((......)))).)).).,42.080257459237345
GAAAAGAAGTATGCTTGCATTAATCGAAAA,........(((....)))............,42.065980542946676
GAAAAGCTATATAATTGCTGTATGCGAAAA,..............((((.....))))...,42.060259533746304
TGCCATAGGTGTCCTGATTGGTCTATGCCT,.((((((((...))))..))))........,42.05813418668279
GTCACGAAAAGTGTCTTACCCGAAAAGTTA,(.(((.....))).)...............,42.057684125318346
GAAAAGTATCAATCGTATTGTTAACGAAAA,............((((.......))))...,42.049525643395434
GAAAAGTCTTGAGTGTTACTCTGATGAAAA,.....(((..((((...)))).))).....,42.04920471872189
GAAAAGCATGCACTCTCGTTCATCCGAAAA,...............(((......)))...,42.04863089325585
GAAAAGGAAATAATCAGTTATTGCTGAAAA,.............(((((....)))))...,42.047275730739464
CAATTCGAAAAGCCCCAACGAAAAGATTAT,...((((...........))))........,42.04570721701535
GAAAAGAGGCGTCATTTTGGGCTTCGAAAA,.....(((((.(((...)))))))).....,42.03931712840506
GAAAAGTATTGTCGTCTAGCCTAACGAAAA,...........((((........))))...,42.03752604777323
GAAAAGCAGTTATTGACTCTTACGCGAAAA,...(((.((((...))))))).........,42.03390881767038
GAAAGTGGTCTATTCATAGGCGTCCGCTGA,...(((((((((....))))...)))))..,42.02920449488501
CATTCACGAAAAGTGTGCGAAAAGGTATTG,....(((.....)))(((......)))...,42.01791873229941
GAAAAGGAAATCTCATGAGATCCACGAAAA,.....(((..((....))..))).......,42.017873636832604
GAAAAGGTATGGTATTCCTCCTAACGAAAA,....(((...((....)).)))........,42.0125267937664
TGAAAAGAGGAACCTTGTAATCTCGAAAAG,......(((............)))......,42.00221311925583
CGAAAAGCTCGTGTTATCTATCGAACGAAA,........((((............))))..,41.998297009648994
GAAAAGTTGGAAGTATTGCTATAACGAAAA,.....((((..(((...))).)))).....,41.98959527126938
GAAAAGTCCTATCTCGTCATGGTACGAAAA,.............((((......))))...,41.982725992143706
AACGCGAAAAGTGATCTCATGAAAAGTTTT,..(((.....))).................,41.98261469568445
AACATGCGAAAAGCTGGCGAAAAGACATTT,..((.((.....))))..............,41.97932772112688
GAAAAGTATATCGTTGTAAACGTACGAAAA,..........((((.........))))...,41.971456843010394
GAAAAGGTTATCATCATTCGAACCCGAAAA,................((((....))))..,41.97101212297555
GAAAAGGAATTCCTATTACCTATCCGAAAA,....(((....)))................,41.969683191239454
GAAAAGGTGCTTACCAATCCAGCCGAAAAG,.....(((....)))...............,41.965357366115214
GAAAAGTGGCTCTAGTTTAGAAAACGAAAA,.....((...((((...))))..)).....,41.96128488976265
TACACGAAAAGAATTCTACGAAAAGTAGTA,...............((((.....))))..,41.95750030009581
GAAAAGACCAAATACGTTTAGCGTCGAAAA,.............((((...))))......,41.94768406669645
GAAAAGAGTTATACACGATCATCTCGAAAA,.....(((..............))).....,41.94161643551886
GAAAAGTAATCTTCTCTCGAGAAACGAAAA,((.(((....))).))(((.....)))...,41.93884530235686
CGAAAAGAGTATGCATCTGATATCGAAAAG,(((..(((.......)))....))).....,41.93798207689524
AGGAGTGGTCAAAGTTTGTGCTTTGTCTTC,......((.((((((....)))))).))..,41.937008136228286
GAAAAGGAATTCCTATTACCAATCCGAAAA,....(((....)))................,41.93285259282625
GAAAAGATTACGTTCCTACCCTATCGAAAA,.....(((...((....))...))).....,41.93231866590383
GAAAAGCCATAACTCGTTCAATTGCGAAAA,.............((((......))))...,41.931832256693696
GAAAAGCATTCTTGTTGGCATTTGCGAAAA,....((((....)))).((....)).....,41.92900045129599
GAAAAGGATAGGTGTCTTCATCTCTGAAAA,.........(((((....))))).......,41.92881524769904
GAAAAGGCTAGTGCTTCATCATTCCGAAAA,((..((((....))))..))..........,41.92665951626388
GAAAAGGCAATTTGTCTGCAATCACGAAAA,....(((((...))))).............,41.92316607997739
GAAAAGAGAAGTTCTCTGAGCGCTCGAAAA,.....(((..((((...)))).))).....,41.923156501926655
AGCCGAAAAGCATTAATTAGCGAAAAGAAT,.........((........)).........,41.92033330528951
GAAAAGGATTGTAGGTTCTACATACGAAAA,.........(((((...)))))........,41.91758026045258
GAAAAGCTAACAGATTGTATCTTGCGAAAA,..............(((((...)))))...,41.91695597103586
CATTCGAAAAGAGCACATCGAAAAGTTGTG,.............((((.(.....).)))),41.91645043546326
ACGAAAAGTAATCTTCTCAGAACGAAAAGT,..((.(((....))).))............,41.91608343808346
GAAAAGTTGTGCAGTTTGCTCATTCGAAAA,(((....((.(((...))).))))).....,41.91553055942191
GAAAAGTCAGTTTCCTTTGCACTGCGAAAA,...............(((((...)))))..,41.91269734976764
GAAAAGTGGGATTTATTGACGTCACGAAAA,.....((((..((....))..)))).....,41.91084187408667
GAAAAGGTTTATCACCGCATTTGCCGAAAA,.....(((.....)))((....))......,41.887714468471344
TTCGAAAAGTGATCCTTAAGCCGAAAAGAG,((((.................)))).....,41.887672686582846
GAAAAGTTATGCGTATTACGGATCCGAAAA,........((.(((...))).)).......,41.88701798415926
GAAAAGCTTAATCTTGTTGTCTGCGAAAAG,.............((((.....))))....,41.884277619248884
GAAAAGCTGAATTCATTGCTAGAGCGAAAA,...............((((....))))...,41.88067273807004
GATAACCGTCGAATTAAAAAAGATGCTTAC,..(((.((((...........)))).))).,41.869979364223326
GAAAAGTTTGGACTATTGGTTGAACGAAAA,.....(((((..(....)..))))).....,41.8659391653768
CGAAAAGAATTCGTGTTTAGTATCGAAAAG,.........((((..........))))...,41.86448992892894
GAAAAGTAAATCGCATTAGCTTAACGAAAA,............((....))..........,41.86223366554522
GAAAAGCTTAGGTTGTCCTCATAGTGAAAA,.....(((.(((....)))...))).....,41.857861168683
GAAAAGAACAGGATCTTGTCCACTCGAAAA,..........((((...)))).........,41.85665651886393
GAAAAGTTTGCTACTCGTCAAAAACGAAAA,..............((((.....))))...,41.8523825064129
GAAAAGGGTGTAGGGAGTGTTCTCCGAAAA,.............((((....)))).....,41.85125982656298
GAAAAGTGCATATGTATACCTAACGAAAAG,.....((((....)))).............,41.84893379326759
GAAAAGATTCTCCTGGGTCTTAATCGAAAA,...(((((((....))))))).........,41.84485920494752
