Sequences,Secondary structure,Scores
CCTGGTCATTCAAGGATAGATGTGACTAGT,.((((((((((.......)).)))))))).,123.97341863254698
TCTATCCGAATACCCCCGTGTTCCGTAAGT,.......((((((....)))))).......,123.89064774090363
CCCTCATGTCTGTGTATAACGATGTGCGTG,..(.((((((.((.....)))))))).)..,118.9940143942423
CAAGCTCTGGTATATGGTACGCGGACCTTT,.(((.((((((((...)))).)))).))).,118.29077369052379
AATAGCACCACAATTGTCTGCTAAAATGTT,..(((((..((....)).))))).......,118.27400106624017
GTGTGGTAACCTAACTTGTTGTGCCAATTG,...(((((.............)))))....,117.68834399573504
TATAGGCGTGAATATAATTGAAGCTCTACT,..(((((.(.(((...))).).)).)))..,116.34255297880847
GCCTTCTCCAATTCAGCGATTTGAGGTGTC,(((((.(((......).))...)))))...,116.23099360255898
ATAGGCTGACATTCTGTGATTCTCTCCTTT,..(((.(.(((...))).).))).......,113.5608056777289
TGACACATAGTTAGTTCAGCACATGGCACA,((((.....)))).....((.....))...,112.95494802079168
GATATTGCGTCTGTCAATACCCATCATAGA,..((((((....).)))))...........,112.03069572171131
GAATTACCCTGAGTTGTACAGCGTGCATGA,..............(((((...)))))...,104.0309756097561
CAGGGCTCTTACGCAATGTAAGGGTCACTC,.(((((((((((.....))))))))).)).,102.0814094362255
CAGTGGGTCAATGGCTGTCATTGTCTACTC,.((((((.(((((.....))))))))))).,100.86993402638944
CAGGGTTGGTCAATGACTAAGGGTCCCCTC,.((((((((((...)))))).....)))).,100.42423230707716
AACCGATACCCTTCAGTGGGTGTTGCTTTG,...((((((((......)))))))).....,99.52138611222178
CCGTCTACCGAATACGTGCTTCCGTAGCGT,.((.((((.(((.......))).)))))).,97.1522231107557
GGGTAACCTCTAATCCACTTGGAGGAAAAT,......(((((((.....))))))).....,95.92443222710915
GTGGGTGTACGGCATTTTCCTACGACCCGT,..(((((((.((......))))).))))..,95.78308143409302
TCGAAAAGTAATCGGAGTTAGCGAAAAGTA,...........(((.......)))......,95.75859263974901
GCGAACCAGAGTTATGTGTCTATGCTTTGT,......((((((...........)))))).,95.40913767826203
ACTCGTTCTGCTCGTTGCGAGGAGATCGTT,...((.(((.((((...)))).))).))..,95.12856790617087
GACTTATCCTCTGCGAGCGAGCATATCGTT,...............(((((.....))))),95.07949420231907
ACTGTGCTATGGTTGATGTAAAGTACAGTC,((((((((.((.......)).)))))))).,94.8083906437425
GCGAGATGTTGGTCATAAAAGGTTCTCCTC,..(((((.((........)).).))))...,94.72799080367852
GTCTGCCTGATACCTCTGTATTCAGTAAGG,..((..(((((((....))).))))..)).,94.54110755697721
CAGTACCCCTAAGGTATTATCGGTACCTGT,..(((((..(((....)))..)))))....,94.44414434226309
TAGCCATAACTAGACGTTGTTATGCCTGTG,(((.((((((........)))))).)))..,94.35089430894308
TAGGTAGCACCCCGATTGGTCTGCACCTTT,.((((.(((..((....))..)))))))..,94.28971478075437
GCACTTGCTTCAAGGATATGTGGCATATGT,(((..((((.((......)).))))..))),94.03073570571772
GCTATACGATTACCCCCGTACCTATACCAG,....((((........))))..........,93.9898080767693
TGCCATCAATCACTTCAGCGATTGTGGTTC,.((((.(((((........)))))))))..,93.98143342662934
GGCTTATCCTAACTGTAGGTTATGCAAGTG,.((.((.((((....)))).)).)).....,93.65936891909902
TCATGAACTAGCAGTTGTTGCTAAAAAGTA,........(((((.....))))).......,93.51987604958018
CGTAAGCCAACATAATGCTATGTTCCTTTG,........((((((....))))))......,93.42727109156338
GCAAACCTGGTAATTCCTGGTCAGCTTTCC,((..(((.((.....)).)))..)).....,93.34403038784487
TAACCCAGTACTCTGTAAGGTACTGCATTG,.....(((((((......))))))).....,93.29249100359856
GTGCATGTGCTTAGTCTTGGCATATCCAAT,.((.(((((((.......))))))).))..,93.19540983606558
AAAACGGATTCTATTAGTCCTCAGGAAAAG,.....(((((.....)))))..........,93.1169575503132
CTTAAGCCACTAACGGAATTATGTGCCTGG,......(((...(((......)))...))),93.01515593762495
GGTCACTTGCCTCTTTCAGCAACTGGCTCA,(((((.((((........)))).)))))..,92.98205717712915
ACAGTGCTTAGTAGATGTTACGAGAACTCT,..(((.(((.(((.....)))))).)))..,92.92844262295083
GCCTGAAGATGTGGTTCTGCAGAAAAAGTA,..(((.(((......))).)))........,92.72303678528588
GTGCTTGGTACCCCATTGTGGGGCAATCTA,..........(((((...))))).......,92.65748967079836
CTCAACAGAACTTCAAAAGTTTCTCTAGAC,.......((((((...))))))........,92.6103418632547
AGCGATATCGAAGTCGAAAAGTTTCTCTAG,..((((......))))..............,92.59720711715315
GCCTTCAGATCCGATCTGAGATTTGAACGT,((.((((((((........)))))))).)),92.45356457417034
TAGAGCCAAGTAATTGTGGTTTTGCCTGTA,((((((((........))))))))......,92.43391443422631
GACATCCTCTGGCTAGCCTAGCATATCTCG,...........((((...))))........,92.38457217113154
TCTGACAGTTGGATTAGATTCAGCTGCACA,..((.(((((((((...)))))))))))..,92.36978208716513
TGAGCACCTGCTAGCCTTTAGCACTTCCAA,........(((((.....))))).......,92.34550046648008
GGGTTATCCTAGCAGTGAATAGCATAAGTT,(((....))).((........)).......,92.27349660135945
GGCTGATCCTCCTGTTAGCAGTATCATTCT,.((((((......))))))...........,92.26751232840198
GGAGCTAATCGGTTGCTCTGATTACCGGAT,((...(((((((.....)))))))))....,92.25019925363188
ACAGTCTTTAACTGAAAAGTGGAGATCTCT,...(((((((.((....)))))))))....,92.23573970411834
GTACAGTGGGCTGGTCTTTGCTCATTCTAG,....(((((((........)))))))....,92.19694922031186
CCACTGGTATAGCTTTGGTATGCCACCTTG,....(((((((.(...).))))))).....,92.14683126749301
TAACCAGAGTACCCGTGTGTCTTGCTTGTG,.....(((.(((....))))))........,92.09994135679062
GTAGGTTCATCTAAGCTAGGTCAGGCTACC,((((.((.(((((...))))).)).)))).,92.06904038384647
TCTATCCCAACATCACGGATTTGCGATACT,..((((.(((.(((...)))))).))))..,91.96689724110357
TGCTAAGTTGCCTGCTAAGGCAGTTACCCT,.......((((((....)))))).......,91.9235112621618
GCACTGCAGTATGTATATGATACTGAACTC,......((((((.......)))))).....,91.91798680527788
CACTCGTATTCAAGGATAGTGACTAGAGTC,.((((.((.(((.......))).)))))).,91.88907237105158
CCTGGTCATCGACTTATGAAAGTGACCTGC,...((((((...(....)...))))))...,91.79514994002399
TAGCCCTGAGTAAGTTATCTGAGAATGGTA,..(((((.((........)).))...))).,91.78419898707185
ACTTTGCGTATTAGATGCGATGCGGAAACT,..(((.((((((......)))))).)))..,91.78294082367053
GAATATTGGCATGCTGTCATCCCGATATAG,..(((((((.(((....))).)))))))..,91.76136345461816
ATGGTACCCTAACTAGTGTATGCCTACTGT,..((((..(........)..))))......,91.73471211515394
TAGCCATGAAGTGGGATTCTGTAGAATTTA,...((((...))))(((((....)))))..,91.60220511795282
GCCTCTTCGTTTGTGAACCAATCATAGACC,........((((((((.....)))))))).,91.59205117952818
GCCCTCCATCTGTGTATAGATGTAGCGTTG,((.((.((((((....)))))).)).))..,91.47906037584966
GGTGGCATCCTACCTTTAGTGGCTCCCAAT,((.(((...(((....)))..))).))...,91.38199986671998
CAGTCGTTCTAGAGTTCACGAGAACGTCTC,.((.((((((.(......).)))))).)).,91.23224110355858
AAGCTCTTGCGTGGGTTTAAGCTGACCTTT,..((....))..(((((......)))))..,91.23055777688924
GTGAAGTTTAGCGAGATTTCCTACGCTCTT,.........((((((.....)).))))...,91.20528588564574
TGCTAATGTTCTGTCAAAGGGGAATTACCG,.......(((((........))))).....,91.20322604291617
ATGCAGTAGCCTGTTAGTCTTACGAGCTAT,.....(((((.(((.......))).))))),91.18565973610555
GGGGAACCTCATTTCTTTGAGCTGAAAATC,.......((((......)))).........,91.12912368385979
TAGGAGCTTAACCTGCTAGCTTGTGCCTTA,((.(((((.........))))).)).....,91.06375982940158
CTTTGGACCTTTAAGTGTGTTGGTCAAATG,.....((((............)))).....,91.04166933226709
GACACGTGTCCCGAATGCTGGTCATGTCTC,((.(((((.((........)).))))).)),91.01712115153938
CCCTGTCTGTGTATGATACCGCCGAGAGCG,..((.((.(((........))).)).))..,91.00441023590564
AGCCTTCGAATTCAGCGGTATTTGAACCCT,....(((((((........)))))))....,90.97295681727309
TAGCCACAGAGAATGGGATTACTGTGTTCT,....(((((.((......)).)))))....,90.93693789151007
TCCTCACTCTTTCAAAAACGAAAGTGAGTG,..((((((..(((......)))))))))..,90.87354258296682
TAGAGGTTGTGAAGTATCTTCGTGCTCTAC,(((((....(((((...)))))..))))).,90.8625049980008
CCTGAGGCATTCCTAGGAGTGTTCTACAGT,.(((((((((((....))))).))).))).,90.8591643342663
ACCTTAGCGTCGTATTCTGACGATATAGCT,.....((((((((......)))))...))),90.85226509396242
TATGCCATACTTCGGTACGTGTAGCGTTTA,.((((.((((........)))).))))...,90.7884906037585
TCCTCGATGTTGGTGTATAACATAAGAGCA,..(((.((((((.....))))))..)))..,90.78261895241903
GAACCTATTGGTCTGCAATGACCTTGAAAA,.........((((......)))).......,90.7762175129948
TACCTAATGTGTGATGTAAACGAATTGGTT,...(((((.(((.......))).)))))..,90.71576569372252
TGATCCTTCGACATCTAGTTGGAAGCATCT,.(((.(((((((.....))).)))).))).,90.65446221511397
ATCACCGATCCTTCAGAAAGTTTCGCTGAG,.(((.(((..(((....)))..))).))).,90.65432427029188
ATAGGATAGCATGCGCCCATCCTATACTTT,(((((((.((....))..))))))).....,90.653168732507
CCTGTGTCAATACAAGGTAGTTGACATTGC,...((((((((........))))))))...,90.63185525789683
GGTTCCTGGACAAACTGTTGTACAGCATCT,(((..(((.((((....)))).))).))).,90.62785285885646
CCTGGTGAGAAAACTAGAGTTTCGAGTAGT,.(((((......))))).............,90.45072770891643
GTGCTGCACAAACAAGTGTTGTGTGTATCT,....(((((((((....))).))))))...,90.43125149940025
TAGGCCCTATGAAGTTAATGCTGGCATCTA,...(((......(((....)))))).....,90.40288484606157
GGATGTACTGCTTTCGTTAGCACTTCCTAC,(((.((...(((......))))).)))...,90.33251899240304
TTTGGTTGTGAATAAAAGAGCAGCTCTTAA,...((((((..........)))))).....,90.32727908836465
AACTGAGCCGTTATGTGTCTGGTTCACCTT,...(((((((.........)))))))....,90.32663534586166
TACCTCGGACTAACTGTTGTCAAGAGCTTA,...(((.(((........)))..)))....,90.21713714514195
ACCGTTCTTTGAAGGATTTCAGCAGAACCT,...((((((((((....))))).)))))..,90.21516793282686
TAAAGCTCTACGTTTATACGTTGGACCTGT,...((.(((((((....))).)))).))..,90.2140843662535
TGGACATCGGTTAGTCCTATCAGATCTCTA,.((((........)))).............,90.20206717313074
GAAGTAACCCCAATGTATTTGGAAAGAAAA,.........((((.....))))........,90.1937111821938
ATAGCCAATTGAGGTCTCCTAAGATGCCTT,..........(((((.((....)).))))),90.18998134079702
GTACATGTGCTAATCCTAGGTCAGATCTAC,(((.((.((((.......)).)).)).))),90.14752898840464
TATCCAGAGTCAAGTGTCTTCCTATGCCTA,.....(((........)))...........,90.09631614021058
AAACCTGCTGGGATAATTTGCGGCACCTTT,.....(((((.((....)).))))).....,90.0624650139944
GACTTATCCTTCGAGCTCGAACCAGAACTC,............(((.((......)).))),90.06147474343595
ATCTTGTGATCAGTCGTATTGGAGCAAGCT,..(((((..(((((...))))).)))))..,90.01843862455019
AGGGATTGCGTTCTTCGATACCCAATAGAT,.(((((((.......)))).))).......,89.9292363054778
TTCATCGGTCTGTTGTATAACCGTGAGATG,((((.((((..........))))))))...,89.87694122351058
GACATCAGTGCTAGGATTAGCTCGATCTCA,((.(((.(.((((....)))).)))).)).,89.8435105957617
TCTGCACCTCTACTTTAGATGCAGGTCCAG,((((((..((((...)))))))))).....,89.81298014127682
TTGCAGGTTAACCCTTGGCCTATCCTCCTA,....(((((((...))))))).........,89.80016993202719
TGTACAGCAGAATGGATTCTAAGCTCTACT,.(((.(((((((....))))..))).))).,89.7983306677329
TAACCTGAGTATTGGGATAGTTAGCTTATG,(((.((((.(((....))).)))).)))..,89.79710249233639
ACGCCAATTCTTTGGCTAACTAAGTGAGTG,..(((((....)))))..............,89.71696521391443
AAACATGAAGTACGCAGTTCTGAGACTTTT,......(((((.(.((....)).)))))).,89.70160535785686
CTTGTCCCATTACTGTAAGTATGTACGTTG,.......(((.(((...)))))).......,89.61739504198322
AGTACCACCACTTTTGTCAATGCTGCTGCT,((((.((..((....))...)).))))...,89.57859922697588
TAGACCATGTAGCGGAATTCTCAGGGTTTG,((((((.((.((.......)))).)))))),89.55944888711183
ACTACCTGAATATAGGGTATGAACGCTACT,..(((((.......)))))...........,89.54619152339065
GAACTATCACAGTTGTACAGTGTCAGAAAA,...((..(((.((...)).)))..))....,89.52361855257897
ACGTGCATTGGTAGATGCGTAAATACTCCT,....(((((....)))))............,89.51798680527789
TACCTCACGTGAATGTGATTCAGGGATCTA,....((.(.(((((...))))).)))....,89.47582900173263
CCCTAATGTGTGTGGTACACGGCATTTGCG,....(((((((((...)))).)))))....,89.46814474210316
ACAGGTTAATACTGTGAGTTATGTGCCTCT,((((.......))))(((........))).,89.40406837265094
TAACCAGGTTCTGTCGTTCAGTCGTGCTTG,....(((((.(((.....)))....))))),89.39779554844729
CACTAGACCACACTTTAGGCTGCTGTAATG,((.(((.((........))))).)).....,89.37817273090764
TATGGTGCGTTCTTCAAGACCCCATAAATA,(((((.(.(((......)))))))))....,89.36962015193923
ACTAGTGTCCTTGAAGGATTGATAACTACT,..(((((((((...))))).....))))..,89.36460215913635
ACGGTGCTTGTATGCAGTTACATCATCCCT,..((((..((((......)))).))))...,89.35909036385445
GACCCCATGTCTTTGCTAGAGATTGGCGTT,(((.(((.((((((...))))))))).))),89.32300279888045
ACTAGCTGGGTTGGTAACGATCCACATACT,......(((((((....)))))))......,89.20979408236705
CTAGGCTGAAAGTTCTTAAATCCGCCTTAC,..((((.((...........)).))))...,89.17230107956817
GAATAATATGTGTGTCAAACACATCAAAAA,.......((((((.....))))))......,89.16914034386245
TAAACCTCTGTACCCATTTGTCGGGCTTGA,............(((.......))).....,89.15269358923098
TCTAGCGTGTCTATAATGTGACTCCCTAGC,.((((.(.(((........))).).)))).,89.14943022790884
GGTACCTCATCTTTGTGAATAATGACGTGC,.((((.((((..((...))..)))).)))),89.12328268692522
TTTAGCAGGGTAAAACATTGGCCTCCTACT,..(((.(((.(((....))).))).)))..,89.11516964642715
AGAGCTGCTTAGGTAGTTAACCAGGTTTCT,..((((((....))))))............,89.11094962015194
AGCTTAGATCGAGTTGTTACCGAGTAACCT,(((((.....)))))(((((...)))))..,89.08539984006399
TGCTGATTTCGCTTCAGTGGGTAATCACCG,.(((((.......))))).(((....))).,89.0617493002799
ACCAGTGATGTAATTACTAAGAGAACTGCT,..((((..(.(........).)..))))..,89.04381647341063
TCGAGCTAGTGTGCTGTATTACCTCATAGA,..(((.(((((.....))))).))).....,89.01300279888045
ACTCACATGTTACGCGTTCAACATGTCACT,....(((((((........)))))))....,89.01200519792083
TGAGGCGAACATCATAATTGTAGCTCTCTT,.(((((..(((.......))).)).)))..,89.00956617353059
CCTGTTTCAAAGTGATAAAAGGGAAATAGT,.(((((((..............))))))).,89.00848460615754
GCTGGGACTGTTAGCATATCCACTCCAAGT,(((((.....)))))...............,88.97653738504599
CCGCGTCATTCAACTAGTAGATAGCCGTGT,.((((.(..((........))..).)))).,88.95490603758496
ATGTGCTTCACATCCCATGTCAGATCCATA,.((((..((((((...))))..))..)))),88.92857656937225
TGTAGCCTGGTATATGAAGTATCCGCCTCT,.(..((..(((((.....))))).))..).,88.92835865653738
TAGATAGTGACATTCTAGTCAGAAAGTGTA,.......((((......)))).........,88.92600892976142
TCTGAACTAACAGTCAAAAGTTACTTACAG,.(((((.((((........)))).)).))),88.91126149540185
GCAGTGAAACCTAAACTTTTGTGCCCCTCC,(((..(((........)))..)))......,88.88779754764761
GAGCTGATACGTTAGAGTATGCATCACCTT,(((.((((.(((......))).)))).))),88.86761895241904
ATAGCTGACAATCTGTAGATGTCCACCGTA,......((((.((....)))))).......,88.8422131147541
TACTGCCTAGTTCTGTGGAATCTGTCCTGT,................(((.....)))...,88.84117353058775
ATATGCCAAGATGGGGGGATTCTTGCCGTT,.........(((((.(((...))).))))),88.8313974410236
GCTCTCCCAATTCATGATCTTGTGGTAGCC,(((..(((((.........))).)).))).,88.82189724110356
CAGTTGCCACTAATTCGTTGTGCCTAATGG,((...(.(((.........))).)...)).,88.81526656004264
TTCGTCAGAGCCTAATAAGCCTCTATAGAG,.((...((((.((....)).))))...)).,88.78781087564974
CTCAATAGAGCATTCCAGATCCTCATTGAC,.(((((.(((.(((...))).)))))))).,88.78751099560176
GAACTACAGTGATTGTATCAGTGATACTGA,......((.((((...)))).)).......,88.76574170331867
GCCTCAAGCCACGTCTTTGAATACTTGACC,...(((((...............)))))..,88.7528668532587
ATAGCCTGATATCTTGTCATGCCAGCTCTT,...((.(((((...))))).))........,88.75038984406237
CTGTAGTTCCCACTTATAGTGCCAACCGTG,.....(((..((((...))))..)))....,88.75005264560842
ACTTAGACTGAAATTCTGTCAGGTCTTACT,....(((((((.......))).))))....,88.7405337864854
ATAGCCTCATATCGTGGGATTGACCCTATT,((((..(((.(((....))))))..)))).,88.70274890043983
TAACCAACTTGACCGGCTGGGTATTGCTTA,...........(((.....)))........,88.67365853658536
ATAGCTAAATCTCTGTGAGACGTACCCTAT,((((.((..((((...))))..))..)))),88.65416833266693
TATACCAAGAGTTACCTGTCTCGAGCTGTA,((((.(..(((........)))..).)))),88.64950819672131
GTATTGCTGTGTAGCTTAATACCACCAAGA,((((((((....)))..)))))........,88.64722910835665
CAGTCATTGTCTATGTGTGACACGTGCTCG,.((.(((((((.......)))).)))))..,88.63323870451819
CGTAGTGCGAATCTAATAAAGCGTTCTACC,.((((.(((............))).)))).,88.6060075969612
AACTTAGCTGAGGAATCGCATGCTCAACTT,.....((.((((.(......).)))).)).,88.55360455817673
GTACTGTGTGCTGATACGTTAGCTGAATAC,.........(((((....))))).......,88.5464894042383
GGTGCTACGGATGCTCTAGTCCTTACCTAC,((((....((((......)))).))))...,88.53131347461016
AGCCTATCTTATGAGAGTGTGTATAGCCTT,.(((..(((....)))..).))........,88.51144142343063
CCTCTCATTTGTGTCTACCTAATGACGTGC,............(((........)))....,88.4986525389844
GTAGGTCTTATGTAGAAGTACTGTGAACTT,.(((..(((......)))..))).......,88.48783886445422
TGATCTCTAGTTCTGTAGCACATGACAGAA,..........((((((........)))))),88.45178928428629
ACCATCAAGGTCTGTGTATACTTGAATGCT,....(((((...........))))).....,88.44946821271492
AACGTACCTGTTAGTATGATCACGTGCCTT,..(((((......)))))............,88.34411035585765
CCTAGTTCTTAACGTCAACGAGAATTACCG,..((((((((.........))))))))...,88.33585299213647
GTACTTTGAGGTACCCTGGTCAAAACTACG,(((((....)))))..((((....))))..,88.33419432227109
AGCAGCTGACCTTCTGTTGAATCATTCGTT,..((((.((...)).))))...........,88.26644342263094
GGTACCTCAAGGCATGTATGTTGAGCTAGT,.....(((((.(......).))))).....,88.25864454218313
GAACAGGTGTCTACCTTTAGTAGGTCCAAA,.....((..(((((.....))))).))...,88.16068106090897
ACTACGCTGTATATAGGACTTAGCGCTACT,....(((((...........))))).....,88.12048180727709
TGCCTACTGTCTGTAAATACCGTGTGCCTA,.((.(((.((........)).))).))...,88.10708916433427
ATGGTAACCCTAGTTCACTCGCGCTGAAAT,..........((((.(....).))))....,88.08235572437692
GTCGTCAGAACTTCGATAGAATGTCTACAT,...((.(((..(((....)))..)))))..,88.05872251099561
GATAAGTTGGGTCTTCTCCATCCTTCATCG,((((((.((((.....))))..))).))).,88.03929228308677
AATATACCTGCGTCTCAACGAAGCTCTACT,.........((.((.....)).))......,88.02591963214715
GAAGAGGTTAGTATTCGTTACCAGAAAAGT,.....(((...........)))........,88.0162275089964
GAACCTTCTCCACTTCGGTGAGCATGCTTT,.....(((.((.....)).)))........,87.98010729041717
GCATGATTCGGCTGTCTATCCAATCCTGTA,(((.((((.((........)))))).))).,87.97895641743303
CTCAACCAGTATTATGTAAGTTTTATTGAC,......(((((..((....))..)))))..,87.9759356257497
ACCGCGTGCTATAAGATGTCTACTAACGCT,...((((..................)))).,87.9710455817673
GTCAGGATCCCAAACTAGTTCAGAACTGAC,(((((....................))))),87.91228308676529
GACTTGCTAAGTAGTCTCTGTGTCAACCTC,((((........))))..............,87.88877049180329
GTCTTACCTCTCTGTCAAGGGCGCTATGTC,.......(.((((....)))).).......,87.88770425163268
GACAGCCTGCTAGTATGTAGCCAGTTCGGA,...(((..((((.....))))..)))....,87.86707850193257
ATACCATGTGTTACAGTAAGTCACATCTAA,.....(((((...........)))))....,87.8293162734906
CGATCTCTAGTTAGGAATACGTGGAGCTTG,(((.(((((..((....))..))))).))),87.81500399840064
GCCTCTCATATCCCGCGATTTGGTTGTGCC,(((..(((.(((....))).)))..).)).,87.7791143542583
ATCACCAAAGTACACCTTGGACTTGCTCAT,....((((........))))..........,87.77799013727842
ATAGCGCCTGTTAACTACCCTGTGCCCTAG,...((((..((.....))...)))).....,87.77285885645742
TGAACCTAGTCACTTCAGCACGTGCTTCTA,.......((.(((........)))))....,87.76930227908836
CCTAGTACTATAGAAGGGTAGAGTAGCAGT,.(((.(.((((......))))).)))....,87.76086365453818
TGACACAGTGGTTTAGTCACTTGCAACTCA,((.((.(((((.....))))))))).....,87.72436025589764
ATAGCGAACTGTGCTAGCATACTTACCTGT,.(((((.....)))))..............,87.68617353058777
TGAGCTTTAGCTGCTAATCTATACCTCCAA,..(((.......)))...............,87.64263494602159
GGACAGTGTTAACTTAGGTTGTCGGTCTCC,(((.(.((.((((....)))).)).).))),87.63851259496201
TGCTAATCTGCGTAGGTCAAATGATTACCG,.((......))((((.((....))))))..,87.63244102359056
TATAGGTGATCTCACTTGGAGAACTCTAGT,..((((.(.((((.....)))).)))))..,87.58273690523791
GACCTATTCTTTGCACTGCAAGACTACGTT,(((.((.((((.((...)))))).)).))),87.5656730641077
AGCGAAAAGCATATATAGTATAAAAAAGGT,.((.....))....................,87.5635512461682
GTAGCTCCTGGAAATTTCTACAGCAGTACT,(((.((.(((..........))).))))).,87.54876449420232
AAACTCCTGGAACATGTCTTAGGGACCTTT,....((((((........))))))......,87.54235305877648
ATAGGCCTTACCTATACAGCTAACCCTCAT,(((((.....)))))...............,87.54123150739704
GAGCATGCTATCCCATGGTTTAGCCATCCA,......((((.((...))..))))......,87.5411155537785
TCGGCAACTGCAAACTTGACTGCACTTCCA,..((.((.((((........)))).)))).,87.47888711182193
GGACTGAGCTAATGTAGCATTATGAACTAC,.......((((...))))............,87.45768492602959
GAACAGAGTTCTTTTCAGCACACTGGTGAA,((((...))))..((((.((...)).)))),87.45714714114354
ATGGCATGTCAATCTGTGATCAAATCCCTT,.((((((........))).)))........,87.44099360255898
CTCTAGCCGCTTTAAAGAAGTGTTCTCGAC,.((.((.((((((...))))))..)).)).,87.43903038784487
CGCCTTATTCTCTGGAAGCTAACTAACGCT,..((.........)).(((........))),87.43569838731175
AAAGCTCTGGAATAGTTTCACTGACCTGAA,.....((.((..((((...)))).)).)).,87.41612355057977
TACACGCGATTACCCTGTGCATCTCCTGTT,.(((.(.((((((...))).))).).))).,87.40380647740903
ATAAGCGAGCAGTCTCTAGTCTCCTCTGTT,...((((((.((........)).))).))),87.37116153538585
GTCTGCTAATGATGCTTGTCCATTACCGGT,..(((.(((((.........))))).))).,87.35519725443156
GACACTCCTTAGTTGATAGTAACGGACTTC,.....((((((.(....).))).)))....,87.31734706117552
TAAGCCTGGCGTTTATAACGAGTAGCCTTT,.......(((..............)))...,87.31644342263095
ATCATGCATAGTAATGTGTTACGGCAACAT,.....(((((....)))))...........,87.30733106757297
ACTGTCCATATACAAGTATGAGGTGACACT,..(((((((((....)))))....))))..,87.30632546981207
ATAGTGCCTTATCGATGTATTAGCCGCTCT,..((((.((............)).))))..,87.27212514994002
TACATATAGCGTGTGGAATAGCTATCTAGA,.....(((((..........))))).....,87.26398240703719
TGCTGTTAGTTCGTGAAATGTTGAACACCG,........(((((........)))))....,87.26313541250167
ATAGGCACAGATTAAAATGCTCGTCCCTGT,(((((.((((.........)).)).))))),87.24862854858057
TAAGGCCTGAATTATAGGTAAACAGCACTT,....(((((.....)))))...........,87.24243302678929
CGCCATGATGTAAATGTATAAGAAATGCTG,...............((((.....))))..,87.23999600159937
TGTGCCTGTAGTCCTTGTGCACGTAATCAA,.(((((..........).))))........,87.16686525389844
ACTTTACTCCAATCCACGATGTAGGAAACT,............(((........)))....,87.13681394109022
TGCTAATGGATGGTTCAGGTGGCTTTACCA,.((((...((....))...)))).......,87.08062175129947
CGTATATAGAGCTGTTAAGGCGGAATTACC,.(((......(((.....))).....))).,87.07498400639744
GACTTAGCGTAAGCGTATCTGGATCAAGTT,......((....))................,87.07077768892444
ACAGCCTTATTGAGAATGTAACAAGCCTTT,(((..(((...)))..)))...........,87.06244902039184
TTGCAGAATACTTCTTGACCTATCTGCTTT,..(((((...............)))))...,87.02621094419375
AGTGTGCTGGCATCTGATGTAAACCACTCT,((((.(...((((...))))...)))))..,86.9506837265094
CCTAATTCGTCTATATAAGGACAATTACCG,..(((((.((((......)))))))))...,86.92504398240703
AGAGCTAAGCTGTTGTATCGGATTACCTGT,..((.(((.(((......))).))).))..,86.90123217379715
TGCGCACATTCCCTTCAGCGCTTGTTCAAA,.((((............)))).........,86.89126882580301
GAAGCTGAGCTAATTCGTTTCCGAACCTTT,(((((.((......))))))).........,86.88221711315474
TAGCAGATGTTAACCACTTAACACCTCCTG,(((.((.((((((....)))))).)).))),86.83342520134804
GGATCCTGCCTAGTTTCTCGCCCAGCATCT,((((.(((....(.....)...))).)))),86.82469412235106
CAAGGTTAGTTATGTTCGCAGGACTCCTTC,.((((..((((.((....)).)))))))).,86.79941023590564
CTCCACAGAGCTTGAAAACCTTAGTGTTAG,...(((.(((.........))).)))....,86.79270891643343
ACATGCCGCTTAGACATTTAAGAGCCATCT,..(((.(.(((((....))))).).)))..,86.77378448620551
ATCGACCCTGTTAGTCCCTATCTGCTCCAT,...(((.......)))..............,86.69864854058376
CCCTGTCACGTATATGTAATCGGTGTAGTG,......(((.(((((.......)))))))),86.69801279488205
ACATGTTAAAGAGCGTTTCGATAACAATCT,...(((((..((.....))..)))))....,86.66594762095161
TACCCCATGGTTATATTCGCGCATGGCCTA,....(((((((.......)).)))))....,86.6467512994802
TACCACATGCTGTAATATCTGATGTGCGAT,...(((((.............)))))....,86.64603358656538
TGGAAGCTATGCCTTTAGACTCAGTTCGAA,..((..(((......)))..))........,86.64498067439692
GCACTTCTTCATAGCTGTCAAGAGAACTCC,....(((((.((....)).)))))......,86.6272431027589
TCACAGGCGAATGCTTCGCTTCTCGTGCTA,.((((((((((...)))))))...)))...,86.60602473296396
CAAGGCACTATTATCAATAGCCGCCCACTG,...(((.(((((...)))))..))).....,86.58845261895242
CCTAAGCGTACATAGGATATAGAGATTAGT,((((........))))..............,86.5762175129948
AACATGGAGTAAGTGGATTCCGATCATCTT,.....(((((......))))).........,86.5697980807677
TGCTGACTGTTTTGTACACAGAGGTCACCG,.(.(((((..((((....))))))))).).,86.56124283619886
GAATTGCTGTTCCGTAAGTACCACCTAAGA,....((((........))))..........,86.55810475809676
GACCCACAGTCTCGAGTTTAGGTGTGCGTT,(((.((((.(((.......))))))).))),86.49369452219113
TTGCTAGGGTAAATGTTGGGTCCCTACCTA,....(((((............)))))....,86.46720597475296
ACTCCCAGTTCAACGAATTTCTGCGGTGTT,((.(((((............))).)).)).,86.42305677728909
CACTATGCGGTGTATATTGAAGCGATACTG,.......((((((...........)))))),86.39029388244703
GCCTTCCTCAATCGTCGATTCGACAAGTCC,.............((((...))))......,86.38099360255899
AACTTGCGTCTAAGCCTAAATGCACAACTT,....(((((.((....)).)))))......,86.3586825269892
ACCTTGTCAAATTCGCCTATTTGGGTAGCT,..............((((....))))....,86.35482407037185
CTCAACATGTACTACCAGTCACCTATTGAC,.................((((.....)))),86.34912634946022
TGCTTGTCTTCTCAAAGGGGAATCAACCTA,...(((..(((((....))))).)))....,86.32489737438358
TGCTAGCCTACTTTCTATGTGGCACTACTG,.....(((.((.......))))).......,86.32100559776089
GCACTTAGCGCTAAGATTATCGGTAACTTC,....(((.((.((....)).)).)))....,86.2555837664934
TATACGCATGCCTACAAGCAGCTGCCTATT,.....((.(((......)))))........,86.25130947620951
TAGCAGACGTGTCCTTCGATTGTCCTCCTA,.....((((.(((....)))))))......,86.17442594390815
AGCTAATGTTTGTGAATGGAACAGTTACCT,......(((((.......))))).......,86.16270891643343
TTAGCCTGGTCCATGTAATGCGCAGCCTTT,.......(((...(((.....))))))...,86.11496401439425
GGAGCTATATCAGGCGACTATATACCCGAC,((.(.(((((.((....))))))))))...,86.11390710382514
TACCAAGCTGCTAGTTACTACCGCTTCCTA,....((((.(.(((...)))).))))....,86.10219778755165
GCCACTAAGTCGGGTTGCGTCATTACTGGT,((((.((((.((.....)).).))).)))),86.09476809276289
GGAACCTGGTCAAGTTATTGAGACGCTTCT,((((.(...((((....))))...).)))),86.09016793282687
AACCTAATTGATCAAAGTTATCTAGTGCTT,...(((..((((....))))..))).....,86.08793349326936
TTCCTACCTAGTTAAAGTCAGCCTTGGCAA,................((((....))))..,86.06798280687724
ATAGTCTGCACTTGTAATTTGCACCCCTGT,((((..((((.........))))...)))),86.06142542982806
ATAGGCCCTACGGTAAGATATCTCCCTCAT,....(((....)))................,86.06034386245501
GCCCAATGTCTCTGTAGCGATGTTTGAGTC,(((.((((((........)))))).).)).,86.0550699720112
GCCTCATGAAGTTTGGTATGTATAATGACC,(((...........))).............,86.02283886445422
TGACATCACAAGGTCGTTCGTATATGTCAA,((((((.....((....))....)))))).,85.97406037584966
CCCCTGTCTTGCGTTATCACAGTCTGCGTG,..........((((...........)))).,85.9737824870052
TAGCCCATGCTACCTATAGTATCGTTCCTA,......((((((....))))))........,85.94267493002799
CGAACCTCTTGTGAAATGGTCTGACGTTTG,.............(((((......))))).,85.88561575369852
TGCTATCATCACGAAGGTGAATTGAGACCG,.....(((((((....))))..))).....,85.84647540983606
GAAAGCTAATCGTGTAGTCGCATTACCGTC,..........((.(((((...)))))))..,85.81835865653738
TTTCGAGGTTAACGGTTGGGCTCCTCTAAG,....((((....(.....)...))))....,85.76251071000172
TGCTGAAAGTTGCATGTCACATTATCACCG,(((........)))................,85.73106823937091
TACTTGACATGAATGTTTGAAGCTCAACGA,..(((((((....))))..)))........,85.6532287085166
ACCTTAGGTAAGCATTTCAAGATCTAACGT,((.((((((............)))))).)),85.61935825669732
GAGAACCCGCGTATCATTAGCGTCTTCAAA,..(((..(((.........)))..)))...,85.61515260562442
TTGCAGAGTTACCCTTGAATCGCTCTCCTA,....(((((............)))))....,85.59501199520193
TGAGCACATGCTTTTAGGCCATCTGATAAA,.((((....))))((((.....))))....,85.52441556710649
ATAGCTGCCTATTATTTAATACGCCCCGTT,......((.((((....)))).))......,85.51330467812875
ACTAGCTCGTTGTGCAAAGAATGACCTACT,..(((.(((((.(....).))))).)))..,85.49904504864722
AGACAATATGATACAGTTCATCATGGCCCT,...((..((((......))))..)).....,85.49017393042783
AATGCCCTAAATTTTCAGAGTAGAAGTGTT,..(((.((........)).)))........,85.47570705051312
CCTGAGTCTATTATGGGATTATATACCAGT,....(((((......)))))..........,85.44584966013593
TGCTTCAGTTCTGGCCATGCCTAACGACCG,.......(((..(((...))).))).....,85.38896508063442
GATGAGCCGTCTTTGCATAATGTCCCTCAT,.(((((.(((.........)))...))))),85.38653338664534
TAAGCGAGGATAATACTTGGCCTTCCTTCA,...((.(((......))).)).........,85.38550722568115
TGGTACCCGTGACTTAATAGTGAGCTTACT,........((((((((....)))).)))).,85.38357656937225
TGGCTCATAGTTAGATCGAATCAATAGCAA,..(((....(((......)))....)))..,85.37238104758097
AACTTCCGTAAAGCTCGCTGAATCGAACTT,..........(((.(((......))).))),85.37095761695322
TGCTGATGTGTAATTGTAAAAGGATCACCG,.(.((((.(............).)))).).,85.34779488204718
GAGACTGCATGTCGATAGCCCATAATTCGA,..(((.....))).................,85.27445821671331
TGCTACTCACCGTGCTTGCTCTGATTACCT,.((.((.....))))...............,85.27141743302678
GGCACTAGTCGATAAGTATCATTACCTGAC,(((....))).....(((....))).....,85.22492936158869
TGCACTTGCTATCCGTTGCTACCAATTGAA,.((....))..((.((((....)))).)).,85.17114354258297
TTAAGACCTCATGGAGTGTAGCTCTTACAA,.(((((.(((((...))).)).)))))...,85.12103025456484
GACCCTCATTCTTAGTAAAACATGAGCATC,((..(((((............)))))..)),85.12072371051579
ATAGCTGTTGGCAGGGAAATCCATCACCTT,...(((...)))(((((......)).))).,85.12051979208317
GCTTAAGTTCTTGTCAGAGGCAACTAACCT,.....(((((((.....))).)))).....,85.0544455551113
GCCTCTCAAACGTTGAAATACTTGGTGACC,(((....................)))....,85.01604158336666
TTCTAATCTTCTGTCATGCGCAGGTTACAG,.........(((((.....)))))......,84.96604091696655
TGTAAGCCTGAATGTATACCCAGCCCTTCT,.(((.((......)).)))...........,84.95442822870852
TGGGACCTGTTACTAGCTTTACCCCTCCGA,.(((....(((...)))....)))......,84.9415287218446
TGCTGCTTTCTCCTCTAGTGGAATGTACCT,..........(((......)))........,84.91760695721712
ACTGTCGCATATAAAAGTCATGAGTACACT,..((((.(((.........))).).)))..,84.90757097161136
TCGCAGCTTACATCCCTGTGCAATCTCCTA,.(((((.........)))))..........,84.87684783229565
TGCTATGTACTGTGATTCAGGCCAATACCG,.....((..(((.....)))..))......,84.77598360655738
TGACCTTAGATATTAAGAAGAATAAGCACA,....((((.....)))).............,84.72096161535386
TGTATCGTGTATAAATAGAAGCGTTATCTT,.(((.(((............))).)))...,84.64819072371051
TCCTCATGTTCATGTCAAATGCCCATAGCA,.....(((..(((.....)))..)))....,84.58824536851925
TGCGTATGTTGCTGTAAAGGCTCATTCCCA,.....(((..(((.....))).))).....,84.45629814740771
TGACCATATCGTGTTCATCGAGCTGCCTCA,(((.(((...))).)))..(((....))).,84.42567972810875
TGACCAATTGTGAATGTTTACCACAGCTCA,.......(((((.........)))))....,84.26626349460216
ATAAGGCAGCTAATTTGATTCCCTCGCTAT,....(((((..(((...)))..)).)))..,84.22787884846062
TAGCAGGTCTCCCATCGAATATCCCTCCTA,(((.(((................))).))),84.07187839150055
TGGAGCTATTCGAATTCCGATATACCGAGT,(((......(((.....)))....)))...,84.01791883246702
TGCCGCGTTGTTATTTAGACACCTGCCCCA,....(((.((((.....))))..)))....,83.97653938424631
ATGCGAAAACGTTAAACACATAAAAAAGCT,..(((....)))..................,83.78968745834999
GAGCATGCAAATACATTAAGCACTATCCGA,((...(((...........)))...))...,83.42278955084633
TCGGAGCATAAACGTTAGAATATCCTCAAA,...(((.(((..(....)..))).)))...,83.40786970925915
TCACACCGATTAGTTTAGCAAAAGGCCTGA,(((..((................))..))),83.3779388244702
TTAGCTGGTTGAATTTGGACTACCACCTCA,..((.((((.(........).)))).))..,83.28154309704689
TCTATCGTGAGGATAATGCATCACCATACA,......(((..(((.....)))..)))...,83.2456330801013
AACCGTTCGCGTAGTGGTCAAAATCGCCTT,.............(((((....)))))...,83.23588764494203
TTGTATCGGTCAAGTTGGGTATCGCTACTA,..(((.(((((.......).)))).)))..,83.21650054264009
TGTGCAGATGTAACTCTTGGTATCTTCCCT,.(((((((......)))..)))).......,83.14860769977723
AACCCTGCTAATTTGTCAAAGATAGCACTT,.....(((((.(((....))).)))))...,83.14247167799547
ATTAGATCTGACAGTAATGCCACATCATAT,....(((.((.((....)).)).)))....,83.14027522324403
GAAGCACTGAGTTCACATGATAAGGCCTTT,((((..((....((....))..))..)))),83.10456817273091
TTGCGGAGTTAAACTAGTCAATGTCCTCTA,....(((................)))....,83.03941709030673
ACTACTTAGTCAGGAATGCCCTTATGTACT,...........(((.....)))........,82.9897287751566
AAACCTCGGTTACAAAGTACGCTGCGCTTT,....(.(((((((...))).)))).)....,82.95390843662534
GGTGAATATGTACATAGTGTCTAAAAAGGC,..................((((....)))),82.8661768625883
TATTACCGTTGAATCGATTGAAACCTACTA,......((......))..............,82.84007397041184
CCTACTAGAGCTTAGCAATAACTCGATACG,.......(((.(((....))))))......,82.78586365453819
CAACGCTCCCCTTATATACGCGAGACTTGT,...(((.............)))........,82.61592363054777
TGATCATCTTCGACCTTAACGAGCATTCCA,........((((.......)))).......,82.28824336931893
ACTGAAAAACTTCAAGTAGCTGAAAAAGTT,((((((....))).)))((((.....)))),82.2868419298947
TGCTAGGGGTATTGGAGATCCTATGTACCA,.......(((((.((....))...))))).,81.8738218046115
AGAGCCTCTTAGCCCATATTCTCCCCCCTC,.(.((......)).)...............,81.62039984006398
TGCTATGGATCAGATTTTGAGGAAATACCG,....................((.....)).,81.6030794348927
ACTATGTATGTTAGTAAGCACGTACATGGG,.((((((((((........)))))))))).,81.443993735839
TTGCCGTTAACTTGTGTATTTATTCGCCTA,.............(((........)))...,81.41636345461815
ACTATGTTGCGGTTAGTTCCGCGCCGTACT,..((((.(((((......))))).))))..,79.02821338131415
AAGCCTTGCTAACTTGTTAAGGCGAGCCGA,..(((((((......).)))))).......,78.758118752499
GAAAACATGAGTTGTACAGTTTATGGAAAA,.....((((((........)))))).....,78.2902119152339
TGCTTGTCATTAGAGCATCGTATCCAACCA,(((((.......))))).............,78.0205031320805
GCCTCAGGAGTTCCCTTTAGCGTCTTGACC,...(((((((((......))).))))))..,78.0152419032387
ACTATGTTGAGTTAGGAATCACATCATACT,..((((.(((........)))...))))..,77.97484139677462
ACTATGTTGGCTAAGGTTAGCCTTGATACT,..(((...(((((....)))))...)))..,77.72618086098893
ACCTGCTTATAGTCTAATAGATCTAGCACT,...((((....((((...))))..))))..,77.52499866719978
AACCGTGATTCTTGTGTCAAGACGCACCTT,....(((..(((((...)))))..)))...,77.3325156604025
ACTATGTGAGACTGCAATAGCTTACATACG,..((((((((.(((...)))))))))))..,77.10160402505664
ACTATGTTAGTGGGTAGCCGCTTTGATACT,..(((...(((((....)))))...)))..,77.04443355990936
ACCCCTGTCTTTTGATGCAATGATAGGTCT,...((((((............))))))...,76.88604091696655
TGCCTGAGATCAGACTTAATATCCAGCCTA,...(((....))).................,76.88540383846461
TAGCCCTACTTGATTTGTCAGTGTAGCCCT,.((..((((((((....)))).))))..)),76.82747767559643
ACTATGAGGATGTTCCTATCCATCGTACCT,..((((((((((....))))).)))))...,76.32124283619885
AACCTGCCTGTTTGTTCAAAGGAGCACCTT,............(((((....)))))....,76.22263961082234
GCCTGAGATACGCTTGTTCGTATACTTGCC,((..((((((((......))))).))))).,76.20364654138345
AACTGGCTTTTGTGAAGGGCTTAGTCACTT,.((((((((((...)))))).)))).....,76.147656270825
ACGAAAAGTAGAAAGCATATTCTGAAAAGT,........(((((......)))))......,76.03766826602693
GAAAAGCTGAGTTTTTTGACAACGTGAAGA,(((((((...))))))).............,76.03115553778488
AACCTGCAAAATGTATACCGTGAAGCACTT,....(((...(((.....)))...)))...,75.96527588964415
TACCTTTGCATTTGTCAAGGCGAAGCGCTG,...((((((..........)))))).....,75.88034986005597
GAACCATGCTAATTTGTAAGTGCAGGAAAA,...((.(((............)))))....,75.83772690923631
ACCATGCTTGTGTTACTAACGGGTCATGCT,..(((((((((.......))))).))))..,75.65459616153538
TACTGCCTAATTCCTCGAAGGGAAGCACTA,...(((....(((((....))))))))...,75.59707650273224
ACCATCTGTTAGGAATTCTAAGAGCATGCT,..(((((.((((.....)))).)).)))..,75.57213581234173
AACCCCTGTTATTGGTTCAAGAAGGGCCTT,.............(((((.....)))))..,75.54938891110223
AACCCTGAATAATAAAGGTATGATGGCCTT,..............(((((......))))),75.35866520058643
GTATGCATTGTGTTAAGCCGCATCCATACT,(((((...((((......))))..))))).,75.31571171531388
AACTGAATACTACGTCTAAGAGTAGCACTT,.........((((........)))).....,75.29023923763827
GAAAAGTTAGGCTTCTTGGCTTTCGAAAAA,((((.((((((...))))))))))......,75.2252540143363
GCTGATGCTGATAAAGATCACGTCATCACT,(.(((((.((((....))))))))).)...,75.13569705451152
AACGAAAAAGATAGTCAGCGATGAAAAGTT,..............(((....)))......,75.08101092896175
GAAACCTTGGAACTATTGTTCCTAGAAAAA,.....((.(((((....))))).)).....,75.07381147540983
GACTCACAGAAAGGTTTTGGGTCTTGACTC,((((((.(((....))))))))).......,75.04506997201119
ACTAACTGATATGTTAGTGTCACGTGTACT,((((((......))))))............,75.04179461548713
GAAAAAATAACGAAATTCGTGTCTTGAAAA,.........((((...))))..........,75.02035479501893
GCGCAACTGGATAAGTATTGAAACTTGACC,........((.(((((......))))).)),74.94459016393442
AACCGCGGTTATATGTAGAATATCAGCCTT,......((((((((.....)))).))))..,74.82686458749833
TACCCTGGCCATTTGTAATAGGTACAGCTA,....((((((..........))).)))...,74.80532653605223
CGTATGTTGGAAGATGCTGACATCATAACT,.(.(((((((......))))))))......,74.77032986805278
CGATTACCTCTGTGTTGTCAGCGCTAAAAG,...........(((((...)))))......,74.76302279088364
GAAAAGTTTAGATGGTCGAATTCGAAAAGG,...............(((....))).....,74.75549554091407
ACCCTGCTTGTATTGAAAGTTAGCACCGCT,....((((.............)))).....,74.71602892176463
ACTTGGTCCCTGTTTAGGATCCGATCAACT,..((((..(((....)))..))))......,74.64955817672931
TGCTTGATAGTGCCTCGTTAAAAGCAACCA,(((((................)))))....,74.6018306010929
CATTCCCTGGAGTTGTATGTAAGCGCATGT,...............(((((....))))).,74.57207916833266
ACCTGCAAACTTGCGAAGAGTTATTCACGT,....(((....)))(((......)))....,74.5670618419299
AACCCGTCTTTTGTACAGCGAAACACGCTT,....(((.((((((...)))))).)))...,74.54906903905105
GCCTCAAGTAATCCCCTGATAGCTATGACC,...((((((.(((....))).))).)))..,74.54359056377449
ACAATCTGCGAATTGTCAAAGCTGGATTCT,..(((((((...........)).)))))..,74.48408170065308
ACCAGTTGGTCCATAAGGATCATTCATGCT,......((((((....))))))........,74.47724043715846
GCCTCATAGCCATTTTCGTGCTTAGTAGCC,((..(..((((......).)))..)..)).,74.43755297880847
ACCATGTGTTGACTTGAAGTCGCATTTGCT,..((.((((.((((...)))))))).))..,74.42074303611889
ACGAAAAATGGTAAACTAAGCCTAAAAAGT,.........(((.......)))........,74.42019525523123
ACTTTGTGGGGAAATAATACACCTCATACT,....(((((((..........)))))))..,74.38013261362121
TACTGAAAAGTACTAGTCACGAAAAAAGGA,((((....))))..................,74.35321466804983
GAGTTACCTCTAGTTAAACGCGAGCTAAGA,(((....)))(((((.......)))))...,74.33471411435426
AACCGCGGATTTTCCAAGGAAGTAGTGCTT,....(((...((((....))))...)))..,74.21127082500334
ACCTACATGTGAGTCATACTCAGATCTACT,......((.(((((...))))).)).....,74.19737904838064
ATTGAAAAAGTACGGTAATGCGAAAAATAT,............((......))........,74.14671797947489
ATGAAGTAAGTTCACAGTGAACTAAAAAGT,........((((((...)))))).......,74.13528255364521
GTATTTCACTCATGTGTAGAGACTGAAAGA,...((((((((.......)))..)))))..,74.03971211515395
AACTATGCTGAATCGATAAAAAAGCTACTT,......(((.............))).....,73.99065240570438
ACTATGTCTCAAAAAGGAATAGCCATCAGT,.((((.(((......)))))))........,73.88465080634413
ACCTAGAGTGATTTGGGTTTCACATCTGCT,...((((((((........)))).))))..,73.8227355724377
ACTATGTCGATGAGCGGATGAGTCATCAGT,........(((((.(......))))))...,73.7465593762495
AACTCTCGTGATTTGGCATAGAACGAGCTT,....(((((.............)))))...,73.68859989337598
AACTGCTTTTTATGAGAGAGTAAAGGACTT,...((((((((...))))))))........,73.68754698120752
CCCGAAAAGTACCAACTGTATTAAAAGGTG,.((....(((((.....)))))....))..,73.59180661068905
GCTACTTGATGTAGGATACACATCGATACC,.....(((((((.(....))))))))....,73.58337131813941
GAAAAGGTGTGTACTCATACGCTACGAAAA,.....(((((((....))))))).......,73.55415549722142
ACTCCGTTAGCCATTTAGGAATAACCGACT,..((.((((.((.....))..)))).))..,73.5425343196055
GAAAAGCGGACGTTATTACCTCTGTGAAAA,.....(((((.((....)).))))).....,73.51432693589231
ACCTAGCTGTGAGTGTAGTCGCATCTTGCT,....((((((((......)))))....))),73.4293462614954
ACTATGGGACTAGGCTTGGGCTCTCATACT,..(((((((((.......)).)))))))..,73.38760295881647
AACCTGCATATTCGCAAATAGATGGAGCTT,....(((......)))..............,73.3182680261229
GCTCTCAAGCTAATGGTAATACCTGTGACC,(((....)))....(((...))).......,73.30100759696121
AAACCTGAGTCTGCAAATCCGATAGCCTTT,......(((.((((......).))).))).,73.29662335065974
ATGCGAAAATCTACATGGAGAAAAAAAGCG,..((.....(((......)))......)).,73.29488537918166
ACCACTACTGTATTAGGAATCACTAGAGCT,.........((.((((......)))).)).,73.2564287618286
AGCGAATAATTTGCAAAATAGGAAAAAGTT,.(((((...)))))................,73.21247834199653
GCCTAACCGTATATTGAAGGGTACGTTACC,.......(((((........))))).....,73.17493802479008
ACCATGTTGAAGACTTAGGTTCAATCTGCT,..((.((((((........)))))).))..,73.17244902039184
AAACCCTGTTCATAGTTAAAGACCAGACTT,.....(((.((.........)).)))....,73.12297281087565
ACTAGATAGTCAAGTAAATCGACATCTACT,..(((((.(((.........))))))))..,73.11686458749833
TCTATGAGCAGTTGGTCCTACGATCATACA,..........(((((((....))))).)).,73.10261028921765
ACTCAATGTTGACTTTAGGAATAAGTGACG,.......(((.((((.......))))))).,73.03171198187391
AACCTGATCTCTCTTGTCGTAGATAGCCTT,........((.(((......))).))....,72.9586518725843
ACCTTCTTGGTTGGAATACCCAATGATGCT,.......(.(((((.....))))).)....,72.95448953751833
ACCTCATGGGTTGAGTTTGTCACATGACCT,..((((.....))))...(((....)))..,72.94448687191789
TATACGAAAAGCGATCAAGTGTAAAAGTCT,(((((.............))))).......,72.92640610422498
AACTGGTACGCTTTGTAGATGCTAACACTT,...((((((........).)))))......,72.91357656937225
ACTGTGTCTAGGGTAAGGACTACTCACACT,..((((..(((........)))..))))..,72.91204651472745
ACTAAGTATGGTTCCGAATCCTACCTTACT,....((((.(((..........))).)))),72.86279288284686
GAACTCCCTGTCATTTTAGTAGAGCGATGA,...(((.(((......)))..)))......,72.83489404238304
TATCGAAGGTAAGTATGCTTATAAAAAGTA,........(((((....)))))........,72.80974610155937
ACTTGATGAGATTGAGATATGTCAGCAACT,..(((.(((.((......)).))).)))..,72.76075369852059
GAAAAACAAGATCGGTCATTTGTGTGAAAA,...............((((....))))...,72.71930872695967
ACTATAGTGAATTCGAAGATTGCCTATACT,..(((((..((((....))))..)))))..,72.70209716113555
GCTGTGCTAATCCTGTTAAGATACCACTGT,((.(((...(((.......)))..))).)),72.70111488737838
ATCGAATAAGTACAACAAGTATAAAAAGCT,.........((((.....))))........,72.59853725176595
ATCGAATTTGCATTGAAATTCCAAAAAGAT,...((((((......)))))).........,72.57424030387844
ACTTGGTGGCTTAACGGAGTAACTTCAACT,((((.((......)).))))..........,72.49737238437959
TCTAGCTGGGGAGATTAGGACTCATCTACA,..(((.((((..........)))).)))..,72.46152672264427
AGCTGCAAATCTACCAAGATAGTCACTCCT,........((((....))))..........,72.4369805411169
ATTCGAAGTAGATAAAGTCTGAAAAGCTAT,........(((((...))))).........,72.41751632680261
ATCGAAAAACATAATTTGGATGGAAAAGCT,(((.(((.......))).))).........,72.37929161668666
AACAGCGTTTTTGGTGAAAGCATAGCTCTT,...(((((((((...))))))...)))...,72.28072304411569
ACCTCGAATGAAATGCCTTGTAAAAGAGCT,..............(((((....))).)).,72.27194788751166
AACCGGTGCTCAGTTTATAAGACAGTGCTT,....((((((..((((...)))))))))).,72.21036452085832
TGAACCGGATCATGGCACTCGCTCCAAAAA,......(((.....((....))))).....,72.20790877851758
CAGCTAAGTTGAGGAAGGAATACTTAATCG,..........((..(((.....)))..)).,72.16567839530853
ATCAAAAGAATTGGAATGTTCGAAGGTCAT,.......((((......)))).........,72.08210051770382
CCTATGCTGGGTAGAGATCTATCACCATCT,.........(((((....))))).......,71.93973543915767
GAATAGCCACGGTTGGACAACGTTTCTTGA,......(((....)))..............,71.93115553778489
GCTCTAAACATCTATGAAGATCAATTGACC,.........((((....)))).........,71.89648940423831
ACTTATGGTTTTGGGAATAACTACCTAACT,..........(((((........)))))..,71.83167866186858
TATCGAAGAGCGACATAGTAGTAAAAAGTA,..(((.....))).................,71.75008996401439
GTCGAATAATCAACTTGTGTCTAAAAAGTC,............((((.........)))).,71.66357790217246
AACCCTCTAGATCGTAGGATATACAGCCTT,...((((......).)))............,71.58592096494735
GCTACCCTGAGATTTATACCAGCGTCAATC,...((.(((..........))).)).....,71.57053978408636
ACATGCTTGAGTTGTAGTTATCAACCATCT,.......((.((((.......))))))...,71.57048980407836
ACTAGTTGAGGTTTGGGTCCCGATGCTACT,..((((...((........))...))))..,71.54580634412902
AACACCCTGCAGTTGATTCTAAATGGCCTT,........((.(((.......))).))...,71.4944775423164
ACATTATGGAATTGAAGCAGTCCATCATCT,.....(((((.(((...)))))))).....,71.48906237504998
ACGAATCTATGGTTCACATGTACAAAAAGT,..(((((...)))))...............,71.48034452885513
AACTATCTGATACTTGGAGAGAAGCTACTT,..((.(((((...))))).)).........,71.42001399440224
TACTGTCGTTGAGCTATGAATCCGATACTA,...(((((..((........)))))))...,71.40552245768359
TGCTACGTTGAGCTGGTTCTCATCCTACCT,.(((......))).(((.........))).,71.38445088631214
GCTATACTTAGTTAGGAGAATAACCATACC,..........((((......))))......,71.38393109422897
GCCTCCCGCTTCATGTTTAAAAGCAAGACC,.......((((.........))))......,71.35994402239103
GATGCTGAGGTAGGGAAATCATCACCATTC,((((.((((((......))).))).)))).,71.28510395841663
GAAAAACGTTAGTACTCACTATGCGAAAAA,......(((((((....)))).))).....,71.23574199305786
ACTATGAAGTGTCTGAAGAAACGATATACT,........(((((.........)))))...,71.17808010129282
ACTATGTCTACCGATAACATCAGCCATACT,....((((....))))..............,71.1652319072371
ACTGTATAGGGTAATGTATCATACCACACT,.........((((........)))).....,71.1648387311742
ATCGAATGTACTCTAGGATGGTAAAAAGAG,..........((((............)))),71.10362854858056
TGTCAGTATGAGTTCCTAGGAATCACATCA,........(((.(((....)))))).....,71.07018326002932
GCTTGGTAGTCAAGCATTGTAGTCCTAACC,(((((.....)))))...............,71.03423763827803
GCTTCACATTCGATACATCGGATGTAACCG,.....((((((((....)))))))).....,70.99950486472078
CTCGAATGAGTATCAAGTATACAAAAAGAT,(((....)))....................,70.96964214314275
GTCGAAAAAACTCAACGATGTTTAAAAGCC,.......((((........)))).......,70.91443755831001
GCTCACGCCAAATCTTTAGTTGATCTGACC,........((.(((.......))).))...,70.90884446221511
ACTGTTTGGCTGTAAGCATTCACATACACT,..((((((....))))))............,70.86441889910702
ACTTGCCTTTGAGTTCGGCTGAAACCAACT,....(((.........)))...........,70.83839597494335
GAAGAGGTTTTACTTTGAAGCCACCGAAAA,.....(((((((...)))))))........,70.81366386778622
ACTAGTGCCTTAGTACATAAGACTCCTACT,....((((....))))..............,70.76920365187257
ACTATCTTGGAGCTAAGCCCTAACCATACT,........((.((...))))..........,70.65147740903639
TCGCGAACAAGTACCTTGGTATTAAAAGCT,..((.....(((((....)))))....)).,70.64037385045981
ACTAGATGGTGTAATAACATCCAGCGTACT,.((.((((.........)))).))......,70.5784199653472
ACCATGTTGGAACTAGTGAATTAAAATGCT,.(((...)))....................,70.46419232307076
AACTCGATGATTTGGCAAATTAAGCGACTT,...(((.((((((...))))))..)))...,70.46235705717713
AACCCACTGATTTAACAGATAAACTGCCTT,......(((......)))............,70.42118685858989
ATCGAATGTGTGGAACAATAAAAAGATTGG,...............((((......)))).,70.35130281220844
GTCGAAAGATGTACATCCATTAAAAAGCAC,(((....)))....................,70.2848094095695
GCCCAGCCGAGTGTTTTAATAGTGGATGCC,((....(((.((......))..)))..)).,70.13851259496201
TCGAAAATAGAAAATCAAGTATCGAAAAGA,((((.....((...)).....)))).....,70.12029488665362
TCGAAAAGGATATTGTTCTAAACGAAAAGA,(((...(((((...)))))...))).....,70.08049421705972
ATCGTTAAATCCTGAAAGCATATAAAAGCT,................(((........))),69.82963148074103
ACTAGCTGAGTTCTCAAAATCGTAGATACT,........(((((((......).))).))),69.76973010795682
ACGAATAATCGAGCAATTGGAGTAAAAAGT,.(((....)))...................,69.71369119019059
ACTATAATGGCTTACAAAGCTCAGTCTACT,........(((((...))))).........,69.68423763827802
ACTATTGCTGAGAATACGAATGCAACTACT,....((((.............)))).....,69.61367919498866
ATCGAAGAAACTTATAAAGGGTCAAAAGCT,......((..(((...)))..)).......,69.54869052379048
AAGAAAGGTAATGTATTCATGCTGGAAAAG,......((((.((....)))))).......,69.54605091296814
GAAAAGTATAGTCCTTGACTTCGGTGAAAA,.........((((...))))..........,69.50520116591045
TGCGTTCCCTATGTAGAGCATATGCAAACA,(((((...((......))...)))))....,69.45201719312276
ACTATTGAGAGAAAACTGAGCGATCATACT,................(((....)))....,69.33946221511394
ACTATATGAGATTGGAAAGCCCATAATACT,............(((.....))).......,69.24957150473143
ATCTCATGAGATAGTAATCACTCTAGACAT,...((..(((..........)))..))...,69.12016993202718
TGAAAAGGGTATAGTTATCCTCCTGAAAAG,.....((((((....)))))).........,69.10182193789151
TTGGAAAAGCTTACTTTAGTGCGAAAAGGA,........((..........))........,69.02915575091008
CGAATAACTGCACATACAAGGGTTAAAAAG,....(((((...........))))).....,68.95519458883113
ACCTCGGTTAGTATAACGTACAAATGAGCT,..((((....((((...))))...))))..,68.72972477675597
TGCTCGATATGTAGAGTCTAATTCGATCCA,.((((........)))).............,68.71875049980008
TGCTTGATATCATGCAGCAGATATGAACCA,((.((.(((((........))))).)).)),68.71259296281488
TGCTTGGATTAAAGCTTCACCACCAACCCA,.((((......))))...............,68.63567706250834
TGCTTCTATATGTGTCGTCGTATACAACCT,......((((((......))))))......,68.6286931893909
ATGGCGAATAAACAAACAGTATCCAAGCCT,..(((......((.....))......))).,68.60338864454218
TTCGAATAGTCTACATGTACGTAAAAGATG,...........(((......))).......,68.59244635479142
GAAAAGGTTCAAGGGTTTCCTTGTCGAAAA,.........(((((....))))).......,68.58277289084367
ACCTAATTTAGTCCAACGGGTAGAATAGCT,..(((.((((.((....)).)))).)))..,68.47352059176329
TGCTTGTGAGTATACAGCGTCCAACTACCA,.(((.(((....))))))............,68.4299593495935
TGCTATGTACACGTAGGTCGTATCGTACCG,.(.(((((((((....)).))).)))).).,68.30396974543515
GAAACGGTTAGTGATTGAACTCTCCAAAAA,.....((..(((......)))..)).....,68.22939351795515
ATGAAAAGCATAATTTGTGTTGGGAAAAGT,......((((((...)))))).........,68.12227381858317
TTGAAAAGTCGTTCCTTAGTATCGAAAAGA,........(((...........))).....,68.06051721554083
TAAAAGGTATATGCTTTAAGAACCGAAAAC,...(((((....))))).............,68.02291683326669
TGCTGGTCATCAACCGTATCATGACTACCT,...(((((((..........)))))))...,67.93395775023325
ACTTTCTGACGTGGTAATCAGCAACAAACT,.....((((........)))).........,67.88443089430895
TGCTGTTCATTGATGATAGGATGAAGACCA,((.(.((((((........)))))).).)),67.80146408103425
TGCTTGTAGTGAGGTTTGTTCCGTCAACCA,.........(((((......)).)))....,67.72500133280022
AGCTTGGCATGTATAGAATGGTTACAACCT,.....((..((((.........)))).)).,67.5759143009463
ATGCGAAAAGTAAACATATCGAAAAGTTAT,.(((.....)))..................,67.38410117673361
TTAGCTGCATAGAGTAATCGTATCCATCAA,...(((......)))...............,67.29361388777822
GCCGTAAAAGCATAGTATTAGTGAAAAGTC,((.......))...................,67.26755790157056
CGAAAAGTTTTGTCGAATAACTCCGAAAAG,............(((........)))....,67.261396948467
GAAGAGTTATTGCCCTTTGTGTATCGAAAA,((((.((....)).))))............,67.21566973210716
GAAAAGCCCTTTGTATTAATGGTACGAAAA,.........((((((((...))))))))..,67.11475009996002
TGCTCTGATCATGCGAGTATATCACAACCA,(((((.........)))))...........,67.11344595495135
ACCTTCATAAGTAAACCTGTATCGGAAGCT,..((((....(((......)))..))))..,67.0334699453552
ACCGAAGTAGTATGCCAAATATTCGTAGCT,..((((...............)))).....,66.99907037185126
ACCGAAATTATATCAAGAATCATATGAGCT,.......((((((........))))))...,66.94413234706118
GTCGGAATACAATGAAGTTTAAGAAAGACT,...............(((((.....))))),66.81157203785153
AGCCGAATGTAGAAGTAATATAAGAAGCCT,.((....((((.......))))....))..,66.79665800346528
GAAAAGTGCTTACAATGTATGTGCCGAAAA,.....((((.(((...))).))))......,66.68798080767692
TACTGCAGTGTAGAACAACCTACCCAACTA,.......(.((((......)))).).....,66.63696987871518
TACTTGGCATGATTGAATCGTCTCAACTAG,...((((.(((((...))))).))))....,66.58822937491671
TGGTGAAAACTACGGAGTTGAAAAGCGTCA,((((....)))).((.(((....))).)).,66.4672891764953
TGCTTCCGTCATGTAGATGCACTTAACCCA,......((((.....))))...........,66.31547181127549
TGCTCGGTAGTACAGCATAGAATCTGACCA,((((.(......))))).............,66.2796461415434
TCGAAAAGATGTGTCGTAATAACGAAAAGA,.............((((....)))).....,66.22182779115697
GAAAAAAACGTCATCAATCTGGTTTGAAAA,.............((((......))))...,66.18705766342111
CTTGTGACTTAGCGCTTCGCCTATTCCAAC,.(((.((..(((.((...))))).))))).,66.11287285085966
GAAAAATGCCATTGTCAATGTGTTTGAAAA,..............((((.....))))...,66.08204453353792
GAAAAAGGAGTATTATGAACTACCGGAAAA,......(((((.......))).))......,66.05649050524718
GAATAAGGTAGTCAGTTAAGCTTCCAAAAA,......((.(((.......))).)).....,65.89561398628955
GAAAAGTATCATGTTGTATGCAGGCGAAAA,.....((((((...)).)))).........,65.89500799680127
GAAGAAAATACTCTAATAGGGCATTGAAAA,......(((.((((...)))).))).....,65.76633253005105
TGCTTCTGTTCAAACGAAGGTGTCCAATCA,..((((.((....))))))...........,65.6483386645342
TGCATGTAATGCCATCTGTAACATCATCCA,.((((...))))..................,65.46853058776489
TGCATTGTCACTGTAAGCTGTCCAACTCCA,((((.......))))...............,65.28841596694656
TGCGTGTAACTTAGTGAGATAATCCACCCG,.............(((........)))...,65.05614887378383
TGCTCCGTTTAAGGCATGTTAATCCGACCA,((((........))))..............,65.00687524990005
GCGAAAATCGTAATATATTAGGGAAAAGAT,((((...))))...................,64.92645555602644
GAAGAGTACTAGCCTTTAAGATAGCGAAGA,((((.((....)))))).............,64.6993362654938
GAAGCGGAAGTGTTTATGCTTTCAAAAAAG,.....((((((......)))))).......,64.6450139364544
TGCCTTCACCAGACTCGTATGCATAAGCCA,....................((....))..,64.4256544049047
GAAGAATCTTCAAATTGAAGTAGATGAAAA,.......(((((...)))))..........,64.39811675329868
GAAGAGTAGTTAGTCTTCGATGTACGAAAA,(((((........)))))............,64.39263894442223
TACACGAAATCGCTAGTTGCAAAAAGTCTA,...........((.....))..........,64.36343181007167
GAATAGCGAAATTCCTGTTTGGAGCGAAAA,((((((.((...))))))))..........,64.34397840863654
TGCTTAGTTCTAGTCAGTCGTCTCTAACCT,......(((..((.(....).))..)))..,64.20916766626684
GAAAATATTCCCGGAATCCGTGTGTGAAAA,....((((...(((...))).)))).....,64.14376263908851
TCGAAGAGTTAAAGGCTTTAATGAAAAATA,....((((((...))))))...........,63.975285793516704
GAAGAGTGGACTTTAGTTAGTCCTGAAAAT,.......(((((......))))).......,63.96200619752099
TGAAAAGGGACTGTTCATGTTCACGAAAAG,.......((((.......))))........,63.83158669865388
GAAGAGAGTAATCTTCTTTGAGCACGAAAA,(((((......)))))..............,63.79915633746502
GAAGAGCTTGTGTGTTCATGTACCCGAAAA,...((((......)))).............,63.77297680927629
TGCCTGCCCTTACTACGTTGTATGTCACCA,..........(((......)))........,63.571156204184994
GAACTAAATGCCGTAATATGGTCTTAAAAA,.........(((((...)))))........,63.46488824290104
TGAAAAGCGTATCGAACTTACCGAAGAGAG,...........(((.......)))......,63.461415842265254
GAAAAAATAAGGTATAACCTTACGTGAAAA,.......((((((...))))))........,63.315716560222754
GAAGAGGAATGTTTCCTTTCGTTTCGAAAA,((.((((((...))))))))..........,63.046237504998004
GAAACGGTGAAACCTTAAATTGAACAAAAA,.....(((...)))................,63.031111381534345
GCTTCGTAAATAGAGATTTCGTTCGAACCC,..((((......((....))...))))...,63.02354858056778
GAAGAGGAATCCTCACGATTATTTCGAAAA,...((((...)))).(((.....)))....,62.75282487005198
GAAAATAAGGGATGAGTATCCTCTTGAAAA,.....((((((((....)))).))))....,62.60740907240707
GAAGAGTGTGTTATAGTCATTGAACGAAAA,...((.(((...))).))............,62.52983406637345
GAAAAGGGTTGAGCTTACACGACCCAAAAA,.....((((((........)))))).....,62.526686484826364
GAAGAAATGCGTCAAAAACTATCTTGAAGA,...........((((........))))...,62.49638150145347
GAAGAGCTGGTATTTGTTGAATATCGAAAA,.......((((((((...))))))))....,62.47956417433027
GAAGAGCTTTGACCATTTGTTCAACGAAAA,...((((...........))))........,62.37525589764094
GAAAAGAGATCTATCTTGGGCCATCGAAAA,...((((......)))).............,62.31679928028788
CGAAAATAATATCGTCATGAGTGTGAAAAG,(((........)))((((....))))....,62.28887450425235
TCGAACATGGTCCAATTTGGTCAAAAAGTA,.......(((.(((...)))))).......,62.04104105823109
TCGAAAAGCTATGTATTCTGTGCGAAAAGG,............((((...)))).......,61.970482430683646
TAGAAAAGGAAAACTCTGTTTTCGAAAAGA,........((((((...)))))).......,61.74361004599696
GAAAACGATGATTTTAGGAGTCTCGGAAAA,.....(((.(((((...)))))))).....,61.68916033586565
AAAAGGATTCTCGATCCAGTAACCGAAAAG,....(((((...))))).............,61.66567473010796
GAAGAGTAAGTTCCTGTGTGGATTCGAAAA,...........(((.....)))........,61.60432427029188
AAAAACGGTTATTAGATAGCTTGAGAAAAG,......((((((...)))))).........,61.60206517393043
AAGAGTTGCGATAATATTGTCATCGAAAAG,..((...(((((...)))))..))......,61.597042183126746
GAAAAGCATGTATTTAGTATCTGCGAAGAA,.....(((.((((...)))).)))......,61.284722111155546
TTGAAAAGATTACGGATATTAGCGAAAAGA,............((........))......,61.275447971349095
AAAATCTGTTTCCTAGGAATCCGCGAAAAG,........((((...((...))..))))..,61.26013361322137
GAAGAGTCGACTACAGTTTGTAAGCGAAAA,......(((..((((...))))..)))...,61.20965213914434
GAACATCGAGCTCATTGAGCTATATAAAAA,........(((((...))))).........,61.18030271949192
AAAAGGCTGTATAATTATACACAGGAAAAG,......((((.((....)).))))......,61.17235205917633
GAAAAGTGAGCAATTATGAAGTTCTGAAGA,.......((((.........))))......,61.09198920431827
GAAGATCAAATATGTCGTATATGCGGAAAA,..............((((....))))....,61.086681327469016
GAAGAGATCAATGTTTTGCAGAGTCGAAAA,.....(((...(((...)))..))).....,61.03494202319072
GAAAAGATGACAGTTGTTTGTCTGTGAAGA,........(((((....)))))........,61.009496345605896
GAAAAGCAACTGTTCTTTGGACTGCGAAAA,.....(((...((((...))))))).....,61.00047580967613
CTGAAAAGTACTTTCCGGGTTACGAAAAAG,...............((.....))......,60.91887815687857
GAAAACGCAATCCTTTTAGTGATGGAAAAA,..........(((.((....)).)))....,60.883286018925766
GAAACGTTAGGGCTTTGTCACTAATAAAAA,.....((((((((...))).))))).....,60.81978953346198
GAAAAGCTTACCACACTTGTGTAATGAAAA,...........(((....))).........,60.808415246514
TGAAAAGTTCGAAGTTCCGGTAACGAAAAA,.................((....)).....,60.79107803268862
GAAAATAGTAATGCTTGTAATGCCTGAAAA,............((.......)).......,60.76917049396457
GAACACGGATTACCGTATTAATCAGGAAAA,....((((....))))..............,60.75380614420898
GCGTGAAAAGAATCCTGTTTCGAAAAAGTA,...(((((((....)).)))))........,60.63502398733287
GAAAAGTGTAGTCGTTTTACGTCGCAAAAA,......(((.(.(((...))).))))....,60.631944671406806
AGGGAATTCCTACTTTGTCGGTAGGAAAAG,......((((((((.....))))))))...,60.52585898973744
GAAAAGAGATAAAATATGTCCAATCGAAAA,((...((.(((...))).))...)).....,60.512251099560174
GCGAAAAGAGTCAGTAGACACCGAAAAGTC,.........(((....)))...........,60.46018509032639
TGGCGAAAAGGTAATTTACACGAAAAGTAA,..((......))..................,60.42522778292677
CAATAAAAGGATCGTAAGTTTCGAAGGATG,...........(((.......)))......,60.35592753067744
GAAGAGTTTCAATCTTGGTAGTGGCGAAAA,.((((.......))))..............,60.35168532586965
GAAACAGTGGTTAAATTTAATCGCTCAAAA,.....((((((((....)))))))).....,60.27413822876647
TCGAAAATATAGTAATAACTGTCGAAAAGA,((((.....((((....)))))))).....,60.227903701806525
GAAAATAGTAATCAATATGAGAGCTGAAAA,.....((((..(((...)))..))))....,60.15581943799057
GAATCAGTGTTAGAATAACATGTCAAAAAA,......((((((...)))))).........,60.155145825727686
GAAGAAGATGGATACCTCCTTGCTTGAAAA,.((((((..((...))..))).))).....,60.01696362896283
GAAGAGCTATATTGTATGTGCTGCCGAAAA,....(((.((((...)))))))........,59.95541383446621
GAAAAACGTATGTACTAGCATACATGAAAA,.......((((((....)))))).......,59.934022391043584
GAAAAGCAATATCGTTCACGGTTGTGAAAA,..............(((((....)))))..,59.807602958816474
GAAAAGAGAGCTTCATTCGTTCTCGAAAAA,.....((((((.......))))))......,59.79651239504199
GAAAAGAGGGATATTTAGCTTCTCGAAAAA,....(((((.........))))).......,59.698692465042974
GTCGAAAAGTTTCGCTGTTAAAAAGTAAAG,(.((((....)))))...............,59.667036620067805
GAAAATCAACAGATTATCTGTTCGTGAAAA,.......((((((...))))))........,59.56508996401439
TCGAAAAGGGTCTCTGATTACCCGAAAAGG,.......((((........)))).......,59.485574750130674
CGAAAAAGCACTTTTCTTAGTGTGGAAAAG,..........(((((((......))))))),59.46013861122218
GAAAATGATGTATACTTAATGTAGCGAAAA,.........((.(((.....))))).....,59.43176329468213
GAAAAACTCAATCACTTGATGTTGTGAAAA,...........((((........))))...,59.35339149025074
GAAAAATAGACTAGTAGTTGGTGTTGAAAA,.........((((.....))))........,59.35254119973632
AAAAGGGAGCGTTTTAACTTCACCAAAAAG,....(((((.((....))))).))......,59.25191929025492
ATCGAAAAGATTTGTGAAAATCGAGGGGCT,........(((((....)))))........,59.25100469182527
GAAGAATAGCATCGTTTGATAGCATGAAAA,........(((((....))).)).......,59.22240703718513
GAAAAGTGTTAGGCTGTATTCTCTCGAAAA,(((.(((.....)))...))).........,59.216665855396975
GAAAAGCCATCAGTCCACTGATCTCAAAAA,........(((((....)))))........,59.21116370842967
ATGAAAAGCTATATGTGTTAGGCGAAAAGT,.......(((..........))).......,59.16978912889529
GAAGAGAATAGATCTTACACTAATCAAAAA,.((((.......))))..............,59.16482007197121
GAAGAGAAATTTTCCCCCGAAGTTCGAAAA,(((((....)))))...(((...)))....,59.12098260695721
GAAGAATTAGCTTAATACCGCCCATGAAAA,.........((........)).........,59.108869749397535
GAAAAACTGATACCATTGTTGTTGTGAAAA,.......(.(((.((....)).))).)...,59.106451077226765
AACAAAAAGTAATGTAATACACGAAAAGTG,...................(((.....))),59.04643140593225
GAAGATCAGATCCGTTGGATTAAGTGAAAA,.....((((((((...)))))...)))...,59.03736105557777
GAAAAGTATCTAGGTTTAGATGTTCGAAAA,(((...((((((....))))))))).....,59.00519392243103
GAGAAAATTCAGGAACTCCTGGGTGAAAAA,......(((((((....)))))))......,58.985365457420635
CGAAAAGGTTTATTCGGACATCACGAAAAG,............((((.......))))...,58.824211829860985
TTGAAAAGTGAAATCATTTCGTGAAAAAAG,.....(((((....)))))...........,58.803282398254225
TTGAAAAGAGAATAAATGTTGTCGAAAATA,.......((.(((....))).)).......,58.78797018212684
GAAGAAGTTGCTAATATTATTGCGTGAAAA,.........((..........)).......,58.78209397322152
GTGAAAAGTAACTGACTTTTGCGAAGATAC,((.((((((.....))))))))........,58.75676036190747
GAAAACGGGCAATTATTGGTTCCCCTAAAA,......(((.((((...)))).))).....,58.74735415978536
TAAAAGCAAACTGTTCGAGTTTTCGAAAGA,.............(((((....)))))...,58.73388244702119
GAAGAATCATAGTATTTAGTACAGTGAAGA,......((((.((((...)))).))))...,58.59701719312275
GAAGAGGTTTATTGTCTAGACCTCCGAAAA,...((((((((.....))))))))......,58.54194878570311
GAAAAGGTAGCGGAGTCGTTCTACTGAAGA,.....(((((((....))..))))).....,58.52781172215798
CGAAAAATAATTCGTCATGTGAGTGAAAAG,((((......))))((((....))))....,58.502523884455435
GAAAAGATATTAGTTTCTAAGCGTCAAAAA,.....(((.((((...))))..))).....,58.46181127548981
GAAAGCAAAATGTTTAATAACTGGGGAAAA,..(((((...)))))...............,58.45750299880048
TCGAAAAAGTTTTGGAACATGCGATAAAGA,((.(((....))).))..............,58.443629991935644
TAGGAAAAGTAACTTTGGAAGCGAAGAATT,............(((((....)))))....,58.43832626089349
GAAGAAGTAGCATATGTATACTGGTGAAAA,.....((((((....)).))))........,58.431143542582966
GAAAAGTTTGTAGTTCCTACAAGGGAAAAG,......(((((((...))))))).......,58.380698720511795
GAAGGGGTTGTATTGGGATCAACCTAAAAA,....((((((.........)))))).....,58.317246782446446
GAACAGAACTGTGTGTCCTTTGTTCGAAAA,(((((((((.....))..))))))).....,58.313330667732906
GAAGATGATTCAGATTTCTGAGTCTGAAAA,......(((((((....)))))))......,58.28258296681328
TGAAAAAACGATCAAATCGTAGTTGAAAAA,.......(((((...)))))..........,58.240202441545904
GAAAAGCTACTCGGGCTTATGTAGCGAAAA,.....(((((..........))))).....,58.21217113154738
GAGGAAAAGTAAGTAAGTTACGAAAAGTTT,........((((.....)))).........,58.171270057261275
GAAGAAACTTCTAGTATGCGTAAGTAAAAA,((((...)))).....(((....)))....,58.13173330667733
GCTGAAAAGTTAATAAGATAACGAAAATGT,........((((......))))........,58.08103149830698
GAAAAAAGTTCTCAGTCCACTGTTTGAAAA,...........((((........))))...,57.98936412822259
GAAGAGAGGGTTTGTGGCTATTATCGAAAA,...((...((((...))))....)).....,57.98354258296681
GAAGAGGTATATTGGATTTAGTCCGGCAAA,...........((((((...))))))....,57.88918032786886
GAAAAGTTAGGTACTGATACACTTCGAAGA,.....(((((...)))))............,57.887846078959726
GAAAATAGTCCGTTCGGATGGACTTGAAAA,......(((((((....)))))))......,57.834623051680225
CTTCTGAAAAGCCTTCGTAAGCGAAAATTA,.............((((....)))).....,57.78411984822047
CGAAAAGCACTTATATTAGTATTCGAAAAG,((((....(((......))).)))).....,57.757451352792216
TGCAAAAAGTCATATGATAGCGAAAGGCCA,........(((....))).((.....))..,57.719863546133006
GAAAAACTATGAATTGGTATGTGGTGAAGA,.....((((.....))))............,57.71579859947913
GAAGAACCAAGCATCTTAATTGAGTAAAAA,.((((........)))).............,57.707243102758895
CGAATAGCTTAATTAGACGTAGCGAAAAGG,......(((...........))).......,57.66335156567174
GAAGAGTTATGACTACTAAGTCATTGAAAA,........((((((....))))))......,57.63302279088364
GAAAAGCAGTCTGAATGTTTGGCATGAAAA,(..(((((.......)))))..).......,57.61313074770092
GAAAAGTTAGTCTTAAACTGCTAGCGAAAA,.....((((((........)))))).....,57.559851189958806
AAGAGCATCTACTCTTGTTCTGCGGAAAAG,.((((((........)))))).........,57.5399450219912
TATCGAAAAGTATTCAATGTCGAATCCGAT,..................((((....)))),57.50325475954012
TCGAAAAGTGGTGTTGACCCGGAAAAAGTA,.......(.(((....))))..........,57.49802728063921
GAAGAGCCGTGTTTTCAGAACGATCGAAAA,(((((......)))))..............,57.492648940423834
GAAGAACAGTAATGTTCAGATCTGTGAAAA,...(((((....))))).............,57.492638944422225
AAAAGAGATTGTCTTGTCGGTCTCGAAGAG,....(((((((......)))))))......,57.4775149940024
GAAGAGCATTATACTAGCTGTTGGTGAAAA,.((.(((.........))).))........,57.41200119952019
GAAAAAAGATCACTTCTTGTAGCGAAAAAA,.....((((.....))))............,57.38427787443581
TGCGAAAAATCATTCGTAATGTGAAAAGTT,((((((......))))))............,57.343647005099655
GAAAAGATTATCGTACGATATAGCGAAAAA,..........((((........))))....,57.34217551996099
GAAAACTAGTGTTAAAGATATGTAGGAAAA,.....((((((((...))))).))).....,57.26864854058377
GAAGAGCTAATCTACTATGCATTGCGAAAA,..(((.....))).................,57.25295481807277
GAAGATCCGCGTACGTTTGTTTAGGAAAAA,.....(((....((....))...)))....,57.22838464614155
GAAAAAATAGTTCGCCTCTGGTATTGAAAA,.............(((...)))........,57.16282933673377
GAAAAAGTATGGATCTAACGGATCTGAAAA,..........((((((...)))))).....,57.12223719521201
GAAGAGCTACACGTTTTACGTCACGCAAAG,.....((...((((...))))...))....,57.04137944822071
ATGAAAAGAATAATCCAACATTCGAAAAGT,.......((((........)))).......,56.976772372464225
GCAGAAAAGTTATGTTGTTAACGAAGAGGT,........((((......))))........,56.92113840485311
GAAGAGACAATTGTTATTAGTTGAAAAGTC,.......((((((....)))))).......,56.914290283886444
GAAAAGTTTACTCGGTATAAGTATCAAAAA,.............((((....)))).....,56.85184526189524
GAAGAACGGTGTTCTTTATCTTGTGAAAAG,(((((((...))))))).............,56.848003465280556
CGAAGGATACTTTCGTCTAAAAAGGAAAAG,((((((...))))))...............,56.831668332666936
GAAAAGGTTGTCGGTTTCTCTGACCGAAGA,..........((((((.....))))))...,56.765709716113555
GAGCAGAACCACATATGTTGTAGTCTCATC,(((.(..((.((....)).))..))))...,56.70783286685326
TGAAAAAGGATTGGATTAAACCCTGAAAAG,......(((.((......)).)))......,56.62671364787418
GAAGAGGAGCTCCTTTACTCTCCAAAAATG,..(((((....)))))..............,56.61848107133958
GAAAAAGGATAGTCAGTACTTCTCCGAAGA,......(((.(((....)))..))).....,56.605613175019855
GAGAGGGGTTCTCTTCATTGAACCTAAAAA,.....((((((........)))))).....,56.60325295968569
GAAAAGTTCCTGATTCGACAGGTCGAAAAA,........((((......))))........,56.588144220572644
TCGAAAAGTACTGCTTTAGTACGAAAAAGT,.......((((((...))))))........,56.556353949971474
TATGAAAAGTTCGGTCAGTAATGAAAAGTG,.........((((........)))).....,56.55594379145424
ACACAAAAGCTTATTGTTCGCGAAGGTGAT,.................((((....)))).,56.52849411080422
GAAAAGTTCGTATTGAATTACGTCGAAAAG,........((((......))))........,56.51230499104706
GAAAAGGTTTTAGAGTAAGTTGTCTGAAAA,.......(((((((........))))))).,56.51229282200164
GTGAAAAGGTCACTCGTATTAGCGAAGAAT,((((.....))))((((....)))).....,56.43706224269125
GAATCCTAGGGAAGTTTATCTCTAGAAAAA,.....(((((((......))))))).....,56.41784712202076
TGAACCCGTGATCTATGTCATCATGAAAAG,......((((((.......)))))).....,56.407239770758366
GAATGGAATGTTCTTATGAACTCCAAAAAA,...((((..((((....)))))))).....,56.40318689915339
GATAAAGATCGTTAGTTAAGTATCGAAAAA,((((.....(....).....))))......,56.37956417433027
CGAAAAATAGCTCCTATTAGCTCGGAAAAG,........((((......))))........,56.37912268425963
AAAAAGATGTGTTTAGATCTCATGAAAAGT,....((((........))))..........,56.37643042782887
GAAACCAGATTACATATGTAGTCGGAAAAA,....((.((((((....)))))))).....,56.36931660669066
GAAAATTGGTGGGTTAACTCCCATTGAAAA,.....((((((((......))))))))...,56.26781322253707
GAACGGGGATGTTAAACTTCATCCTAAAAA,.....((((((........)))))).....,56.25493663404204
GTGAAGAAACGAAATTAGATCGTGAAAAGT,........((((.......)))).......,56.18416656760719
GAAAAACTTACTAGCCTAGAATTGTGAAAA,.......((((............))))...,56.17918387599914
GAAAAGACTCTCTTTGTCATGAGTTGAAAA,.....(((((..........))))).....,56.11271424763429
GAAAAGTAGCGATTTAACGGTTTCGAAAAA,.........(((..........))).....,56.079044382247105
GAAAGCAACTGGCATATTTGTGTTGCAAAA,....(((((..(((....))))))))....,56.07142742902839
GAAGATCAACAATGTGTTTGTTCGTGAAAA,....((.(((((.....))))).)).....,56.069098360655744
CGAAAAGTATCATTCGGCGATTCCGAAAAG,............(((((.....)))))...,56.05782912027202
GAAGAGTCTATATTGTGTGGTTAGTGAAAA,.......(((((...)))))..........,56.04035985605758
GAAATCCGTGACTATTCGTCCCATAAAAAA,.......(.(((.....))).)........,55.96141476742636
CGAAAAGAAATGGATATTCGCTCCGAAAAG,...........(((.......)))......,55.87049469920173
GAAGAGTAATCATTGCCAATCTTCCGAAAA,(((((((((...))))...)))))......,55.716829268292685
AAAAGTAATCAGTGTCTTGCTTACGAAAAG,..((((((........))))))........,55.7081993869119
AAAAAGGGTTATTCTGGTACCACGGAAAAG,...........(((((......)))))...,55.580417166466745
GAAGAGCTGCTAATATGTAGCAATAGAAAA,.....(((((......))))).........,55.57550579768093
GAAGAGGAGTCTTAGATAGTTATCTGAAAA,...........((((((....))))))...,55.55297481007597
TGAAAACGCTTATCTAAGTCTAGCTAAAAG,.......(((...........)))......,55.49297731905702
GAAAAGCCTACATGGTATTACATCCGAAAA,.....(((.....)))..............,55.480393842463016
GAAAAATCTACTCTAAAGGAGTCATGAAAA,.........(((((...)))))........,55.422260969486075
GAAAAGCATCAGCTATTCATGTTGCGAAAA,(((.(((....))).)))............,55.417588964414236
GAAGAGTTGACTTAATGTTGGTTTCGAAAA,((((..(((((.....))))))))).....,55.41135145941623
GAAAAGTAGTGTATCTCACATATCGAAAAA,........(((.....)))...........,55.38905689897954
GAAAAGATTGGACTCAATGTCTACCGAAAA,........(((((.....))))).......,55.382117066217
GAAAAATAGGTATATCCGTTCAATGAAAAA,........((.....)).............,55.37100426496069
GAAAAGCATTCAATATTTTGTGTTCGAAGA,(((..(((..........))).))).....,55.358592562974806
GAAAGGATTTCTGCAGTTGAAATCGAAAAA,.....((((((.......))))))......,55.303753628983195
GAATACGGAGAGAGTAATTTCTCTAAAAAA,......(((((((....)))))))......,55.29463032178433
GAAGAGTGACACAATCTTGAGTCATAAAAA,.....(((((.((....)).))))).....,55.28492203118752
GAAACCGTTAGGAGATTTCTCCACGAAAAA,.....(((..((((....))))))).....,55.28190671557464
GAAAAAAGCATTAATATGTCGCTCGAAAAG,.......((((....))))...........,55.27438957750233
GAAAACATACGAATCAAGTTCTTTGGAAGA,..........((((...)))).........,55.253480463670385
GAAAACCAATCATTGGTAAATATTAGAAGA,....(((((...))))).............,55.23585165933627
GAAGACGGTTATATTTATATACTCCTAAGA,......((.((((....))))..)).....,55.22712746785344
GCTGGAAAAGTAGGATTTACGAAAACATGT,(((.....)))...................,55.21500035316136
ATCCGAAAAGTATAGGTTCGAAGAGTGTAT,...((((.........))))..........,55.18286412930988
TCTGAACACTAACTGGGTGTTAGCTGAACA,....((((((.....)))))).........,55.18118708891252
GAAGCGGCAATTGTAATCAAATGCCAAAAA,.....((((.(((....))).)))).....,55.17783877753247
GAAAAAAACTATAAATAGTGTGTTGGAAAA,.......((((....))))...........,55.15678355684753
GAAGCAGTTGGTTTAAGATCCAACTAAAAA,.....((((((........)))))).....,55.1211101646298
GAAAATGGATATCTAAGTATCGTCCGAAAA,.......(((((....))))).........,55.11267093162735
CGAAAATCGAATCCGTGTCCTAAGGAAAAG,...........(((.........)))....,55.09907303745169
GAAAAGTTGGATCCCTACTCCTCACGAAAA,((..(((.((...)).)))..)).......,55.03454884712781
GAAAAGGTGCACTAATTAGTCCTATGAAAA,....(((.((........))))).......,55.02418299346928
GAAAAAGGTGCATAAGTTTATGCTGGAAAA,.........(((((....))))).......,54.9868612554978
TACCACGAAAAGTTGATTACGAAAAGTCTA,..............((((......))))..,54.95306033654127
GAAGAGCACCTTATATTTTGAGAGAGAAAA,.........((((.....))))........,54.94878648540583
GAAGAATAATATGCCTTCTCAATTTGAAAA,((((..........))))............,54.94481807277089
GAATCGGTGTCTTTATGTGAAGCACCAAAA,.....((((.((((....))))))))....,54.92002711958695
GAAGAGCTATGTTTTGGGCACTAGTGAAAA,.....((((((((...)))).)))).....,54.87796481407437
GAAGAGCCAGCGATTATTCGCAGTAGAAAA,.........((((....)))).........,54.8634306277489
GAAAAATAATGAATGAAAGTTCTATAAAAA,..........((((....))))........,54.849531232552025
GAGGAGTAACCTATCTAGAGTTATTGAAAA,....((((((((....)).)))))).....,54.833182726909236
TTGAAAAGTAATCCGAAGGTTCGAAGAGAT,.............(((....))).......,54.76937735811973
GAAAAGATGGCTTAATGTATCAGTCGAAAA,.....((((........)))).........,54.73545181927229
GAAAATCGAAAATTTAATGTTGAGCGAAAA,.....(((..(((.....)))...)))...,54.682443022790885
GAAAAATGAAACGTCGGCGTTGTTTGAAAA,.........((((....)))).........,54.63217051917972
GAAAAGTGTACTCGTTAAAGACTACGAAAA,...........((((........))))...,54.62546842132713
AAAAGGATGTGAGTAGGCACTTGCAAAAAG,.......(((((((....))))))).....,54.605495468479276
GAAAAGTTAAATCGAGAGCTATTTCGAAAA,...........((((((....))))))...,54.5987358912042
GAAAAGTCTTGTAATGGAATGATTCGAAAA,(((...(((......)))....))).....,54.5709928202632
GAAAAGACACTAAGTGTTAATTGTCGAAGA,.....(((((...)))))............,54.55449420231907
GAAGAAACACGCATCATGCGGTATTGAAAA,......((.((((...))))))........,54.48334266293483
GAAAAAATAGCACAGTTGTAGTGTTGAAAA,.......((((((.......))))))....,54.482312354337544
TGAAAAGCAGGTTAGATTGAATGTGAAAAA,.......((.(((......))).)).....,54.43133390122212
GAAGAATGTGATAAGTTTATCAGACGAAAA,......(.(((((....))))).)......,54.41842862854858
GAAAAGGGGGTTTGTGTGCATCTCTGAAAA,....(((((((......)).))))).....,54.40454114006572
GAAAAATTGGAATCTATGCCTAAATGAAAA,........((........))..........,54.398508398442424
GAAGAGATACTAGGTTAACAAGTATAAAAA,......(((((.(.....).))))).....,54.39770691723311
CTATGAAAAGTAATCGCTTAGGAAGATTAG,..........(((((.........))))).,54.37817697191477
TGAAAACCGTGTATTTGTCACTGCGAAAAG,........(((.......))).........,54.37584732773557
GAAAAGCTCAACATTTGTTTAGGAGTAAAA,.....(((((((....)))...))))....,54.34663734506198
GAAGAGCCAACAGCTTTATGTCTCCGAAAA,..(((((.....))))).............,54.322956817273095
GAAGAACTATAGTTTATCTAACCGTGAAAA,((.((((....)))).))............,54.31642942822871
GAAAAGTGTTAGGTTAGACCCTACTGAAAA,.........((((......)))).......,54.29765693722511
GAAAAGAGATAATAGGTATCAAATCGAAAA,.......((((.....))))..........,54.29654738104758
GAAAAGGTTGTTTCATTTACACGCCGAAAA,.....((((((.......))).))).....,54.259404412148186
GAACGGGTGTCTTGATTCGACTCCCCAAAA,....(((.(((.......))).))).....,54.24473723554057
GAAAAAGTGCTATCTGTGAGATCGTGAAAA,........((.((((...)))).)).....,54.23455280950682
GAAAGGATTCCTATGCTCTATAAGGAAAAA,.......(((((..........)))))...,54.20218845795016
GAAAAGAGTAGTCTTGGTTACACTCAAAAA,.....((((.((.......)))))).....,54.17841072266746
TGAAAAGTTTGTTGTGGTGTTAACGAAAAG,.......(((((((......)))))))...,54.16311788034403
GAAAAATGATTAGGTTGAGTTCATGAAAAG,.....((((...........))))......,54.150837331733975
GAAAAGGTTTTGTGTTCTACTCAACGAAAA,.......((((((..........)))))).,54.13539140865393
TTGAAAAGACTGGTCTGTTGTTCGAAAAGA,(((((..(((......))).))))).....,54.12532857210418
GAAGGCCTCATAATGAGAATTTAAGCAAAA,......((((...)))).............,54.06935825669732
ATCTAATGAAAAGTTATGCGAAGAGTACAT,................(((.....)))...,54.02911862290414
GAAACCGCTTAGAATATATGAGCGCAAAAA,.....((((((.......))))))......,54.018113102585055
GAAGATCGGATCTTATATAGTCCGTAAAAA,......(((((........)))))......,54.01069172331068
AAAAGGATCCTAGTCAGTTCCACCGAAAAG,....(((...........))).........,53.998831467413034
GAAGAGCAGGATCTTTAGCTTATGGGAAAA,(((((......)))))..............,53.99253898440624
GAAAAAATAGTTTCGCAATACTAGTGAAAA,..........((((((.......)))))).,53.98465898325354
GGAAAAAAGGATAGCAAATTCCTTGAAAAA,......(((((........)))))......,53.98358454816272
CGAAAACGGAATCTATACTGTTGCTAAAAG,....(((((........)))))........,53.93982173797148
AGAAAAATGACGGATATGCTTCATGAAAAG,......((((.(......).))))......,53.939439323369754
GAAAAGTATCGTTTTAAGTACGTTCGAAGA,(((..((((........)))).))).....,53.91407037185126
GAAAAGGTTCTATGTCATGTCCATCGAAAA,.......(((.(((.......))).)))..,53.893526922564305
GAAAAGTATAGTGCTCTATCTCTGCGAAAA,....((.((((....)))))).........,53.88623368044087
TGTGAAAAGTATTGACGTATACGAAAAATG,........((((......))))........,53.878906772160576
TCCGAAAATATCGTTCAAATGAGAAAAGTA,..(((.....))).................,53.86789905543159
GAAAAAGTAACTATTTGTGGTTGCTGAAAA,.....((((((((....)))))))).....,53.85075443696395
GAAAAGTAGTGATCTCCTAACATTCGAAAA,(((...(((.(....))))...))).....,53.83620847313249
GAAAAGAGAAATGTTGCTCTTACTCGAAAA,...(((((........))))).........,53.82159736105558
GAATATGGTTCATTAAATCTTGCCTAAAAA,......(((............)))......,53.80837902520152
GAAACGGATCAGTTAAAATGTGATCTAAAA,.....((((((.........))))))....,53.803051301218645
GAAGAACCTATGCTTCCAAATATGTAAAGA,((((........))))..............,53.78774090363854
GAAAAGTTACATCGCTTTATGTCCCGAAAA,..(((((......)))))............,53.7853318672531
GAAGAGTAGTGTCATATTAAACTGCAAAAA,.....(((((..........))))).....,53.784495245380114
GAATCGAATGGGTCTTGTCCCTTCCAAAAA,.....(((.(((......))))))......,53.7714761052101
GCTGCGAAAAGTATTTGTTACGAAAAGTGT,...((.....(((.....))).....))..,53.73986211352633
GAAGAGTGTACGTGCTTGGTACTTCGAAAA,...(((.((((.......))))))).....,53.71439024390244
GAAAAGTAGCGATAAGATTATTGTCGAAAA,.........((((((.....))))))....,53.702335065973614
GAAAAGTATATGAAACTCGTATCACGAAGA,.....((((((((...)))))).)).....,53.65806448591734
GAAGAATATGTGCGGTAAGCTTCTAGAAAA,((((..(((.....)))..)))).......,53.64629748100759
GAAAAGGAAGCTAGGTTTACTTTCCAAAAA,.....(((((.((....)).))))).....,53.63920031987205
TACGAAAAGAGAGTTAGTCTCGAAAAAATA,........((((.....)))).........,53.63445690233891
TCCGAAAAATGTGAATCGTACTAAAAAGTA,..................((((....)))),53.59983595808988
GAACTGCTACTTAGTTATAAGGTCCAAAGA,.........((((....)))).........,53.54248900439824
GAAGATAATGGACGTATCGTCTTATGAAAA,.........(((((...)))))........,53.54120906592318
GAAAATGCATCCAATAAGTGTTGTTGAAAA,...........((((((...))))))....,53.51430793448387
GAAAAATCTGCGATTCTATTGCCCTGAAAA,.........(((((...)))))........,53.506177673074916
AAACGATGATTGTAGAAATTCATCAAAAAG,....(((((.(......).)))))......,53.49907137145142
ACGAAAAGTATACATCTGTTTGCGAAAAGT,.......(((.((....)).))).......,53.4959456708868
GAAAATAGCAAATTACTAAGGCTTGAAAAA,......(((...........))).......,53.492043957191896
GGTCGAAAATTCATGTAGTTAGAAGAGCTC,(.((....................)).)..,53.48282248698064
CGAAAACGGTAATCAATCCGCAGTAAAAAG,......(((........)))..........,53.462760895641736
GAACAGGCGAATAGTATTCTCGTCGAAAAA,.....(((((.........)))))......,53.457921527041364
GAAAAACTATAAGGAGTCCTTATCGGAAAA,......(.((((((...)))))).).....,53.43635911401205
GAAAAAGTAGTACCTTCAAGTATGCAAAAA,......(((.(((......)))))).....,53.392448585783086
GAAGAGCTAACCATTATTGCAAGGCGAAAA,.....(((...((....))...))).....,53.39185925629748
GAAGAAGTTCTTCATATGGAAGGGCGAAAA,......(((((((.....))))))).....,53.32572570971611
CAGAAAAGTTAGATTTAGCGCCGAAAATTG,.......((((....))))...........,53.31665775471686
GTGAAAAGCTTGTTCGAGCTCGCGAAAATA,((((...((((....)))))))).......,53.31402968152217
GAAGAGCTTGTCATTACTGGCTGCAAAAAA,.....((..((((....)))).))......,53.311288006536515
GAAAAGGGAGTTATGTTAGCACTATGAAAA,......((.((((...)))).)).......,53.300135945621754
GAATCGGAACGGTGTTAATCATTCCAAAAA,.....((((.(((....))).)))).....,53.29213045216696
GAAAAGGTTTTGCTTCAATCAGGCCGAAAA,.....(((((..........))))).....,53.283187942214425
GCGAAAAGTTATCTTCCTAGCACGAAAAGA,((...(((....)))....)).........,53.274477391838964
AAAACCGCGAGGTTCAATGACCGGGAAAAG,..((((....))))................,53.26472510995602
GAAAGCGGCAGTAACTTGTTCTGTCAAAAA,......(((((.........))))).....,53.25667680753786
GAAAAGCATGTTAGACATATCTTGCAAAAA,.....(((.(.((....)).).))).....,53.24252942301341
GAAGAGGTTGGTGATCTATTCCATCGAAAA,.......((((((........))))))...,53.241531561288525
GAAGAATGTCTAACTAGAATGTCATGAAAA,...((...(((....)))...)).......,53.235052609586795
GAAAAGACTACATCTGTTGTGTTCGAAAAG,.....((.((((.....)))).))......,53.20445421831268
GAAAAAGTTGGTTATGTCTGAACTAGAAAA,.......((((((.......))))))....,53.18836674026042
GAAAAGGTATTTAGAGATGTCACTCGAAAA,.............(((......))).....,53.18146515306921
GAAGCGGTGTGTTTATTCATGGCACAAAAA,...((.(((........))).)).......,53.173492689880575
GAAAAGTAAAAAGTACTGGGTACTCGAAAA,...........(((((...)))))......,53.146637345061976
GTCGAAAAGGTATCATTAAGCCGAAAAGTA,........(((........)))........,53.10237388301208
TCGAAAAGGTAGGCTTTACTTCCGAAAAGT,(((...(((((.....))))).))).....,53.02356724898367
GAAAAGTCCCAAAAATCTTTGTTGCGAAAA,.....((..((((....))))..)).....,53.023216713314675
TGGCCCCATACCTATCTAGAGTATCGAAAA,.....(.((((((....)).)))).)....,53.01702918832467
GAAAAGACAGAATTCTTGATTCCCGAAAAA,...((((......)))).............,53.008915586918384
GAAGAGTAATTAGGTGGCGTATATCGAAAA,............((((.....)))).....,53.00384446221511
GAATAGATATCGTACCTAAGTATCGTAAAA,.....(((((.........)))))......,52.99671731307477
GAAAAGATTGTGATAGATCATATGCGAAGA,.....(..(((((....)))))..).....,52.986360586200306
GAACCACGAGTAATCTGACTACTCGGAAAA,......((((((.......)))))).....,52.97248265911027
GAAGAGGCTCAACTTGTTAGTTGGGGAAAA,.......(((((((....))))))).....,52.96680927628948
TCGAAAAGGTAGAGGTTTTCTCTGAAAAGA,.........(((((.....)))))......,52.94365488213317
GAAAAACGGTTGATGTGTAACTCGTGAAAA,.....(((((((.....)))).))).....,52.892770196269325
GAAAACAGGGGTATTTTAGTGCTGGAAAAT,.....(((.(.((...)).).)))......,52.89075803012128
GAAAAATATACTGTCGTTCAGTATCGAAAA,.......((((((.....))))))......,52.85674330267893
GAAGAGTGAACTATTGTTGAATAATGAAGA,......(.(((....))).)..........,52.83126349460216
GAAAGGAGTTGATTTAAGCTCAGCCCAAAA,....((.(((((.......)))))))....,52.80582932044574
GAAAAGTAGTCAGCTCTGTTCCTCCGAAAA,(((.((.((....)))).))).........,52.78886914799298
GAAAAGTATTGAAATGCTTCAGATCGAAAA,...((((((....))))))...........,52.770907636945225
GAAGAGCGGCATTGTTCATATGTTCGAAAA,...(((((....))))).............,52.75127548980408
CTCAAAAAGTTACGTTTAGTACGAAAAGCG,............(((((........))))),52.72683267092549
GAAAAGGTAAATAGAATTATCAGACGAAAA,.....(((((......))))).........,52.7162373311545
AAAAGATGCCACTTGACTAGTCTCGAAAAG,............((((......))))....,52.69142776222844
TGAAAAGTCCATTCGGTGTGTGTCGAAAAA,...........(((((......)))))...,52.65908852434449
GAAGAGGTATCATGGATTTCCAGGCGAAAA,............(((....)))........,52.65733306677329
GAAAAGGGATTCAGGATCAATCACCGAAAA,.....((((((.......)))).)).....,52.64584114180415
GAAAAGTAACGGATCTTGATATATCGAAAA,...............((((....))))...,52.63459216313475
GAAACGCAATCATATTGTATGATGTAAAGA,.....(((.(((((...)))))))).....,52.625885645741704
GAAAAGGGGTCTCGTTTAGTATCGCGAAAA,...........((((........))))...,52.62521591363455
TAACTAATCGAAGATAGAGAAAAGATTATA,....(((((..............)))))..,52.62241199679882
GAATACGTGTAGATGTTTAACGTAAAAAAA,...(((((...........)))))......,52.60522782191472
GAAAAGACTAGAATACTCTCTATTAGAAAA,........((((......))))........,52.60516951777847
GAAGAGCAGTGCGTTATTCATATGTGAAAA,(((.(((.....))).)))...........,52.602914834066375
TGAAGGATATATATAGTCTGTATGGAAAAG,.......((((((.....))))))......,52.572923497267766
GAAAAGCTTCTTCTGTTACCTTAGCGAAGA,........(((((.((((...))))))))),52.566169532187125
GAACTGAGAGTTGACTAAATTCTTCAAAAA,.....(((((((.....)))))))......,52.56149053422109
GAACTAAGATTAGCAAATAATCTGCAAAAA,......((((((.....)))))).......,52.549342350016516
GAAAATAAAGATATAGAACTCTCTAGAAAA,.............((((....)))).....,52.531224501190515
AAAAGCAATAACGCTCTTCTTGCCGAAAAG,...(((......)))...............,52.49569384858669
GAAAAGTAACCGGTAAATTCGATTCGAAAA,..........(((.....))).........,52.486384599313425
GAAAATATTGACCTATAGTGTCCTTGAAAA,.........((((....).)))........,52.47359773207834
GAAACGGAGTAAATTCGTTACATCCAAAAA,.....(((((((.....)))).))).....,52.47188289901431
GAAAAGCCTTATTGTCCTAAGTTGTGAAAA,.......((((......)))).........,52.435611755297884
GAAAAGGGGTAATATATAAAATACCGAAAA,.......((((..........)))).....,52.428214714114354
GAAGAACATGATGATGTTCAGTTGTGAAGA,...((((((....))))))...........,52.41687924830068
GAAAAGAGCGCTGTTCTTCCTGCTTGAAAA,...((((((...))))))............,52.37667839170638
TCGAAAATTAGGATTTGAGCTAGAAAAGTA,(((((........)))))............,52.36985200696988
GAAAAGCATCACTGTGGTTGCTTGCGAAAA,...((((((((...))).))))).......,52.361071571371454
GAAAGCGTATAGTTCTGTCTGCGCCAAAAA,....(((((..........)))))......,52.358003233489214
GAAAAGAGATAGGAATTCCTGTGTTGAAAA,.....((.(((((....))))).)).....,52.31815504428859
GTGTGAAAAGCTCAGATTTTGCGAAAAGTA,.(((((((........))))))).......,52.31739239173763
AAGAGTAAGCGTTTGTATACGTTCGAAAAG,.......(((((......))))).......,52.3086925229908
TTGAAAAGGGAATCATGGGTTCCGAAAATT,........((((((...)))))).......,52.30480074636812
GAAGGAAGAACATCTATTTGAGATGGAAAA,..........(((((.....))))).....,52.2899300279888
GAAGCAGGATGTAGATTATACGTGCAAAAA,......(.(((((.....))))).).....,52.28652399909602
GAAGAGCCCCTGTTTCTAATGGTTTGAAAA,...(((((............))))).....,52.24252898840464
TGAAAAGAGTAACCTTGTTGTCGAAAAGTG,(((...(((....)))....))).......,52.23464687243383
CACGAAAAGTTATCGTTTTGCGAAACGATG,..........((((((((....)))))))),52.233397971072705
ATGAAAAGGATGTGGATGAATTCGAAAATT,.......((((........)))).......,52.22535386152759
GAATCAGGATGGTTGTCAAATATCCAAAAA,......(((((.........))))).....,52.20018636023852
GAAGGAATTCTACGTCTTAGTGATGGAAAA,(((....)))..((((.....)))).....,52.17845461815274
GAAAACAGTTAAGTGATTAATCAGGAAAAG,.......(((((....))))).........,52.13867552978809
GAAGAGTATCTGTCTAACTTGTACCGAAAA,.....((((..((...))..))))......,52.13640143942423
GAAGAGATTCAACACCTGTTTAAACAAAAA,(((....)))....................,52.13014394242303
GAAAGGTAGTGGATTCACATCTATAAAAAA,...((((.(((....)))))))........,52.12971541818055
TCGAAAAATATCCGTTAGATTCGAAAAGAG,(((((...((.....))..)))))......,52.08263928837068
GAAGAAACTAGTCTATTTGAGATGTGAAAA,.......(..((((.....))))..)....,52.07053778488604
GAACTCACAGTGTATTAAACTCTGGAAAAA,....((.(((.((.....)).)))))....,52.05940615058325
AAAACTGGTCATGTTCATCGTTCGGAAAAG,....((((..(((.....))))))).....,52.05423930427828
GAACGCAGTGTAATAGAATTCTCTGCAAAA,....((((.(..........).))))....,52.0336564504633
GAAGAGTGATTTGATGTCCGGATCCAAAAA,.....(.((((((.....))))))).....,51.988658797350624
GAAACGCAGTGTTTCACACTATAGCAAAAA,(((((.....)))))...............,51.93561392834171
GAAAAGAGTATAGTTGCGTCATTTCGAAAA,((((.(((((....))).)).)))).....,51.93393242702919
GAAGAGTTTAGCTTGAAATGTGAACAAAAA,.....(((((..........))))).....,51.91726996158059
GAAGAGCTTCATCATGCCTTTAAGCAAAAA,((((.((........)))))).........,51.9072930827669
GCGAAAAGTGTTAGTTCACTGCGAAGAGTA,((....((((......))))))........,51.90499808678679
TGAAAAGTTTGCTAGGAAGTATGCGAAAAA,.......(((((..........)))))...,51.89907068816099
GGGAGATCCGATTCTATTACCAGTGAAAAG,...(((......)))...............,51.89351359456218
TCCGAAAAGCTTTCACGTTTGCGAAAAGAA,..((..((((......)))).)).......,51.83300255320299
GAAGATATGTACAAAGTATTGTCAAGAAAA,...((((.((((...)))))))).......,51.788289152807344
GAAAAGTCCCTTGTTGACATAGGTCGAAAA,.............(((((....)))))...,51.78250299880048
ACGAAAAAGTCCTCTTAGTTGATGAAAAGT,.(((..(((....)))..))).........,51.76882951274176
GTCGAAGAAGATATCCTGATTTGAAAAGTC,.(((((..((.....))..)))))......,51.76511247421155
TTGAAAAGCTCTGATTGAGGAGCGAAGGTA,.......(((((......))))).......,51.75590030654405
GAAAAGTATGCTTACAATAAGTTGCGAAAA,.....(((.(((((...)))))))).....,51.72390643742503
GAAACGGCAGGTCAAATGAGCTCCATAAAA,.....((.((.((....)).))))......,51.70391356500878
GAAAAGATAAGGTCTTTGATAGTTCGAAAA,..((((((...)))))).............,51.69833666533387
GAAAAATCAGGTATTTCGTGTTGATGAAAA,.............((((((....)))))).,51.69342520649398
GAAGAGCATACTTGTATCAGTTGGGAAAAA,...(((((....))).))............,51.678544582167135
GGAAGAGAGCTAATCCTTGATATCGAAAAG,..(((.((.....)))))............,51.66453018792483
GAAGAATTAGTTCCATATTGGTGATGAAAA,......(((...(((...)))...)))...,51.66430145059093
GAAAAACGGTAGATTAATTGTACAGGAAAA,.....(((((......))))).........,51.657646274823406
GAAAAGATCACTTTCTAAGTACTACGAAGA,....(((......)))..............,51.645217912834866
CGAAAAAGCTAGGAGTGTTTAGCGAAAATG,.......((((((....)))))).......,51.614384009836925
CGAAAAGTTAGGAGTTTAAATTCGAAAAGG,((((...((((....)))).))))......,51.59948600590486
TGAAAAGTCATGAGATTTTAGCGAAAAATG,...((((((....))))))...........,51.5856806524702
TCGAAGAGTTTGTCAGTTCAAGCGAAAAGT,.......(((((......))))).......,51.549777410080516
GAAAAGTAACATGTTCAGTGTTGTTGAAGA,......((((((.....)))))).......,51.531883336755385
GAAAAAGGTAAGCTATGGCACTTCTGAAAA,.....(((...((....))...))).....,51.52628200893555
TGAAACGGTAGATGTCATATCTCTAAAAAA,......((.(((((...)))))))......,51.52379430836361
AAGAAGATGCTATATATTATCGTCAAAAAG,.....((((.((.....)).))))......,51.51973977075836
GAATCGGTTTGAGTTGCACTCAATTAAAAA,........((((((...)))))).......,51.51859986440206
TCGAAGAGTCAATTCTCGTTCGCGAAAAGA,.(((((((......))).))))........,51.50664166898525
CGAAACCGTGATTGGTAATTCACCAAAAAG,.......((((........)))).......,51.506529909775224
GAACAACCGACAATTTGAACTCGGTAAAAA,.....(((((..........))))).....,51.49323088156042
ACGAAAAAATAACTGTTGTGTTGAAAAGCT,.........((((......)))).......,51.461373972933345
TTGAAAAGAAAACTAATCGATTCGAAAAAT,(((((..((.......))..))))).....,51.455255034698865
GAAAAGCGATTAGACTGACTTCCGCGAAAA,.....(((..............))).....,51.4527409905603
TCAGAAAAGTTACATCTGAAACGAAAATGT,(((((.........)))))...........,51.45175118278342
GAAACGCGTTAAGATTTCATTGCGCAAAAA,.....((((............)))).....,51.40411870034595
TCTGAAAAGCGGTTTAAGTGGGAAAAGTGA,.........((.(((........))).)).,51.38465636172567
TGAAGAAAATCCAAGATCTGTTTTGAAAAG,...........(((((....))))).....,51.35378430609738
CTGAAAAAACGACAGTGTCTTCGTTGAAAA,.......(((((........))))).....,51.3414457280151
GAATACACGCTTCTGCTTGAACCGTAAAAA,......(((.(((.....))).))).....,51.32099021261061
CGAAAAAGTTTCTCAGTTAGCTACGAAAAG,......((((........))))........,51.32034807582343
GAAAAACAAACGGATTTATAGATGTGAAAA,..........((.(((....))).))....,51.303701366300324
GAAACAAGGTTGTGATACAACTCTTCAAAA,.....((((((((...))))).))).....,51.296792934999914
TGAAGAGTAATGGGTCAGTTTACGAAAATA,......((((.........)))).......,51.290517842018346
GAAAAAGTATGAGCATTCCTTCATCGAAAA,........(((((......)))))......,51.266212938248124
GAAGAGGGATAGATATATCTGTCTTGAAAA,.((((.(((((....))))).)))).....,51.26377049180328
GAAGAGAAATACCCGTTGCTGTTTCCAAAA,.....((((((........)))))).....,51.26107157137145
GAATAAGATAACAGAGGTTCAATCGAAAAA,((((............))))..........,51.228634546181524
GCGAAGAAATACGAAGGTCTCTTGAAAAGT,...((((...((....)).)))).......,51.20974462467265
GAAGAAAGGGCACTTCCTGTGGTTTGAAAA,......(((.(((.....))).))).....,51.2065680574617
GCAACTGTTGGTTATGCTCTACCACAAATC,.....(((.(((........))))))....,51.142849295064586
GAAGAGTTACAGGAAGTTCTTGCGCGAAAA,.........(((((...)))))........,51.120387124429506
GAAGAGCAACATATGTTTAAGTATCGAAAA,...(((((.....)))))............,51.11519992003199
GAAGAGTCTTGATTCGTTTAACGACGAAAA,............((((((....))))))..,51.078224710115954
CGAAAAGTATGTTGACTTCTAGACGAAAAG,....((((......))))............,51.05810053244447
GAAGAGATCAATAGTTGTTTAGTCGAAAAA,((..((((........))))..))......,51.04277888844462
TCGAAAAGACTTTGCTTGGATACGAAAAGA,.........((((..(((....))))))).,51.03713767334848
GAAGAGCCGAATTTGCTTCACGGTGAAAAA,.....((((...........))))......,51.03002399040383
TGAAAAAAAGTAATGTTCTGTCTTGAAGAA,.............(.(((......))).).,51.01251081549363
GAAAAGATAGTACTTTGTCTGTTTCGAAGA,((((((((((....)))))).)))).....,51.00282874237692
GAAGAGATATATTTCTTAGCATGCCGAAAA,(..((((......))))..)..........,50.95183526589364
GAAAAACGTTAGTGTACACATTCGTAAAAA,.....(((..((((....))))))).....,50.91872503172644
GAAAAGCCATTTGCATTACATGTGTGAAAA,.........(((((((.....)))))))..,50.915349860055976
GAAACGGATGTTCATTCGATACCTCCAAAA,.....(((.((((....)).)).)))....,50.901316343028014
GAAGAAAAACGTACCTTCGTATGTTAAAAA,.......(((((((....))))))).....,50.887056132501954
GAAGAAGAACTAAGTTCATTGGTCAGAAAA,........(((((.....))))).......,50.88481207516993
TGAAAAGATAAAGTGTTCTTGTCCGAAAAG,.((.((((........)))).)).......,50.87276455183692
GAAAAGTTGTAACTCTGACTTAACGAAAAG,...(((((........))))).........,50.86365315010708
GAAAAAGATTCGTTGTATCAAAATCGAAAA,........((((.(........).))))..,50.845147940823665
TACGAAGAGTATTCGTTAGTAGGAAAAGTT,.(((((.....)))))..............,50.775808472310004
GAAACGTGTTCATGTCTTTGCCACAAAAAA,.....(((..((......)).)))......,50.743264781044104
TATGAAGAGTGATACGTTTCGCAAAAAGTA,........((((......))))........,50.73872818921586
GAAAAGCTTTCTATGTGATGGTAGTGAAAA,.....(((.((.....)).)))........,50.73528188724511
GAAGAGCAGTATGATATGCACATGTGAAAA,.....(((........)))...........,50.73349260295882
AAAAAAATATCACTCATGGTGGTTGAAAAG,........((((((...)))))).......,50.69567592782707
GAAGAGTGTTAATCGTTCTCATAACGAAAA,............(((((.....)))))...,50.68623150739704
GAAAAGCTAATCTATAAATTGTGGCGAAAA,.....((((............)))).....,50.68563174730108
GAAGAGTGATAACATCGTTCTATGCGAAAA,..((((((((...)))))))).........,50.68140343862456
CCGAAAATTACCTCGGTGTAGAAAAAGTAG,((((........))))..............,50.66844699293862
GAAGACAGTTCACTTAGTTGTATCTGAAAA,(((.....)))..((((......))))...,50.66334066373451
GAAACGTAGGAGTTTATCCCCGCTCAAAAA,.........((((........)))).....,50.62902004415625
GAAACGCTGTTAAATTGGTTTAAGCAAAAA,.....(((..............))).....,50.6284863445926
GAACCGGTTACACTAACATGATTCCGAAAA,....(((...((......))...)))....,50.60707751681936
TGAAAAGTTATTTGTACTGAGAACGAAAAG,..........(((((.......)))))...,50.59036449321961
GAAGAGTTAGATCGCTTGCATTTGCGAAAA,...........((((........))))...,50.52483606557377
GAAAAAGCAATACTTATGCTAGGGTGAAAA,.....((((.......))))..........,50.502065173930426
TTCGGAAAAGTATACCCTTATCGAAAACCA,(((((..(((......))).))))).....,50.48522793033324
GGAAGAAATCGCTGTAATGTGTTTGAAAAT,.....(((.(((......))))))......,50.479419997766655
GCTGAAAAGGTAATTGGCAGGCGAAAAATC,(((((........)))))............,50.46854188585702
TACGAAAACGTTCTCGTAATCGGAAAAGAA,..(((..(((....)))..)))........,50.41534362599047
GAAGAGTTCTAGCATTAATGTCTGCGAAAA,...........(((........))).....,50.398426629348265
GAAACAGCGGTGCTTTAACTACCTCTAAAA,.....((.((((.......)))).))....,50.39696156320081
GAAGAGAAGTGTTCATGTCAGTATCGAAAA,(((.(....).)))................,50.39082966813275
GTCGGAAAAGCTTAAAGTAACCGAAAACTA,.((((....(((...)))..))))......,50.38797208612715
GAAGAAGGTACTTTATGAACTACCCGAAAA,......((((..........))))......,50.37455617752899
GAAGAGTATAGTATATGCGTCATGCGAAAA,...(((((((...))))).)).........,50.357792882846866
GAAAAAGTGAAGTATCTACTGCATTGAAAA,.....((((.(((....))).)))).....,50.35597072882558
GAAGAGAGAACACGTTTGTTACCACGAAAA,..............(((((....)))))..,50.33741103558577
GAAGAGCATTAGGGTTAATCTTTGCGAAAA,.....(((..(((.....))).))).....,50.330343862455024
GAAGAGCCGTCTCCTCTTGAGTGTTGAAAA,.(((((.......)))))............,50.30944222311076
GATAAGGAAACTGATCACACTTTCTAAAAA,.....(((((.((....)).))))).....,50.281785025120385
GAACGGTTATCAACGTAGTTATCACAAAAA,..(((........)))..............,50.28052118283122
GAAGAGCCTTCATGGTATATCAAGTGAAAA,((...(((.....)))...)).........,50.25881247501
CGAAAAGATACTACGGAATCATCGAAAAAG,(((...(((........))).)))......,50.23729023905031
GAAGAGCTATAATGATTCATAGAGTGAAGA,...............(((((...)))))..,50.2352918832467
GAAAAAGTAAGTACATGTACTTTGTGAAAA,...((((((........)))))).......,50.23367478233932
GAAAAGATAGACTACGTTGTTACTTGACAA,................(((((....))))),50.224623808134396
GAAAGGCATACCATTATTCGTACGCAAAAA,.....((.(((........))).)).....,50.22164400906304
GAAGCAGATGTTAAACGTTGTAATCCAAAA,...(((.((((...))))))).........,50.19219912035186
GAAAAAGTGTTCGTGAAATTGGACTGAAAA,........(((((......)))))......,50.18535681223006
GAAGAGAGTACTACTGCGTCGTTTCGAAAA,((((.(((((....))).)).)))).....,50.161881247501
TGAAAAGTGAAGTCTGTTCTTTCGAAAATA,.(((.((......)).)))...........,50.13719295077668
GAAAAGTTCCCTTCCTTTAGCTAACGAAAA,.....(((..((......))..))).....,50.13190323870452
GAAAAGTACTTCCCTTGTGAGTATTGAAAA,....(((((((.......))))))).....,50.10541383446621
GAAAAGCAACAGCAATAGTTATCTCGAAAA,.....((....)).................,50.09898640543783
GAAGCGTTTAAGTAATGAGGTTAACAAAAA,..(((.((........)).)))........,50.07176642386524
GAAGAGCGTACTGTTTAACTACACCGAAAA,...((((.....))))..............,50.045617752898835
GAACCGTTGGATGTTGTAATTTCCCGAAAA,....((..(((..........)))))....,50.02699129044035
GAAACGATATGTTGTGACTAATATCAAAAA,.....(((((..........))))).....,50.018458616553374
GTCGAAAAAACGGAATATTGTTGAAAAGTT,........((((......))))........,49.98582695339683
GAAAAAAAGGGCCAATATTCCCTTGATAAA,......(((((........)))))......,49.947497901740206
GAAAAAATGGCTTCATTGAGCCCTTGAATA,........(((((....)))))........,49.92726221223222
TGAAAAGTATCTCTGATGATTCACGAAAAA,...........(((((....))).))....,49.91813181946883
GAAAATAAGTCATACTGTTGACTCTGAAAA,.......(((((......))))).......,49.90307729160588
GAAGGTCAGTGACATATTGTCTCGATAAAA,....(((.(.((((...)))).))))....,49.899471863428545
GAAAATAAGTTCCTTTTGGGGTCTTGAAAA,.....((((((((....)))).))))....,49.89272737751746
GAACAAAGTGCGTTTCAACGTATATGAAAA,.......((((((....)))))).......,49.89183926429428
TCGAAAAGTTCACATCAGTAACGAAAAAAT,.......(((.((....)))))........,49.85805004572673
GAAAAGCTACATATGCTGCATGTGCGAGAA,......((.((((((...))))))..))..,49.84393842463015
GAAGAGTGAACAAGTATTGCTTTTCGAAAA,(((((((((.......))))))))).....,49.84163934426229
GAAAAGTATGAGATTTCAATTGAACGAAAA,.............((((........)))).,49.8415693722511
AAAAAGATACGCGTATTCCGTATTGAAAAG,.....((((((.(....)))))))......,49.82518682617043
GAAAAGCATGTGTTTTAACTACGGAGAAGA,..(((((....)))))..............,49.82164734106358
TTGAAAAGAATCAGATTACTCGAAAAAAAG,((((......))))................,49.7934775337177
GAAAATGGCTTATACTCAGTATCCGGAAAA,......((...((((...))))))......,49.79065640410503
GAAAATTCGGATACTATCGTATCGTGAAAA,.....(((((((((....))))).))))..,49.79017488500095
GAAAAGTTGCTGTTGTAAAACTATCGAAGA,((....((((....)))).....)).....,49.79009996001599
GAAACTGTGTGCTTTGATCCACTCATAAAA,.....((.(((........))).)).....,49.783393077551594
GAAGAAATTAGAGTTACTCTGTCTGAAAAG,..(((...(((((...))))))))......,49.769380500052236
GAAAACGTATATAATTAAAATCTACGAAAA,.....((((.((.......)).))))....,49.74968656015855
GAAAATGGCAGTAGTTATTGACCCAGAAAA,...((((((....))))))...........,49.74474766615093
TGAACGCATTAAATCTAGCTTAAGCAAAAG,.....((.((((.......)))))).....,49.70332467013195
GAAAAGAGTGCGTCCGTGTATTCTCGAAAA,....(((((((......)))))))......,49.70261423358585
GAATAAGGTTCGTTCTAAACTACTAAAAAA,((((...))))...................,49.69980042765503
GAAAAGATCAAACTCGATTTCGTTCGAAAA,.............((((......))))...,49.694628148740506
GAAGATACCACAGATAATCGTGCTAGAAAA,........(((........)))........,49.687707853795416
GAAAAACAACGTAACGTCTTGTTGAGAAAA,......(((((........)))))......,49.68489888729193
GAAAAAAGTCTCATCTACGATGATTGAAAA,..........(((((...))))).......,49.68310798203241
GAAGAGGTGGTATCTGTACATATCTGAAAA,....((((((((....))).))))).....,49.67358656537385
GAAAAAACCTTTGTCAATTAGAGTCGAAAA,........(((((.....))))).......,49.64641743302679
GAAAAGTATCTTCATGAGTTACTACGAAAA,....((((.(((...))).)))).......,49.64641743302679
GCGAAAAGTCAATTATAAGTACTAAAAGCA,((....((((........).)))....)).,49.588853208332644
GAAAAGCACCTGTCCTTTCTTATGCGAAAA,.....(((...(......)...))).....,49.57492602958817
GAAAAATACCGTTTTATAAAGTCATGAAAA,...........((((((......)))))).,49.57293448386411
GAAGAACCATCAGTTCATGATCGTTGAAAA,....(((.((((.....)))).))).....,49.570307876849256
GAAAAATCGGAATTTATGCCCGTTGAAGAA,.......(((.........)))........,49.531044843323926
GAAAAGCTTTACGAGTTCTGTGGTGAAAAG,.......(((((.(......).)))))...,49.520418463245335
GAAGAGCTGTTTCATCGGTAACTGGGAAAA,.....((((......))))...........,49.52032786885246
GAACCGATAGTTGGGTACTACTCCAGAAAA,..(((.(....).)))..............,49.52010708759974
TGCGAAAATAATGCAATCACTTGAAAAGAA,((((.......))))...............,49.51638634254439
GAAAAGTACCAGTATAAGTTTCGTCGAAAA,((((..((......))..))))........,49.4930887644942
GAAAAACTGTTAATTCAGTATTTGTGAAAA,.(((.((((......)))).))).......,49.47954994578745
TCGAAACAAAATCTGGAAATTCCTAAAAGA,..............(((...))).......,49.4430039443516
GAAAAATTAGAGTTGGTTGCTCGATGAAAA,.........((((.....))))........,49.43619755701323
GAAGAGCCTTGATTTAAGGGGTAACGAAGA,....(.((((......)))).)........,49.42922431027589
GAAGAGCAGTCGTATGTACTTCCGCGAAAA,((((.(((......))).))))........,49.42868452618953
GAAAAGAGAATCCTGTTAGTTTTGCGAAAA,...((.((....)).)).............,49.394938024790086
GAAAAGCCTATACTAATTAACGGTCGAAAA,.....(((.............)))......,49.37489604158337
GAAGCTGGTACATGGAATTATCCACTAAAA,............((((....))))......,49.37398814387289
GAAAAGTTGCAATCTTGATATAGGAAAAGT,............(((((...))))).....,49.365043193168205
GAAAAATGAAATGCCATCACTTCATGAAAA,.....(((((.((....)).))))).....,49.34163754318092
ACGAAAAGATCTATCGTAGATATCAAAAGT,........(((((...))))).........,49.319565900214414
TCTGAAAAGGTTATGTATACCGAAGAAATA,(((.....(((.......)))..)))....,49.314782560094244
GAAGAGCCATAGCTGGTAGGATTTCGAAGA,.....((((....)))).............,49.29572770891643
GAAGTTGGTGTCTGTAAACAATCCTAAAAA,...((((...........))))........,49.278151695843405
GAAGGATATACACATCAGTGTAAGTGAAAA,........(((((....)))))........,49.27734506197521
GAATTGATACGAACAAACGTATCATAAAAA,....(((((((......)))))))......,49.26639034476299
GAAAAGAGTAAAGCTTCGATCTTCCGAAGA,.............(((((......))))).,49.23720093944404
TTGAAAAGGGTAGTAGTATTCCGAAAAATA,.......(((((....))))).........,49.232966807132755
GAAAAACAAAAATAGAGTATTTTGCGAAAA,......(((((........)))))......,49.21949856093599
ATGAAAAGTATTAGCTGGTGCTCGAATAAT,......((((((....))))))........,49.21706975581503
AGATGAAAAGAATCTGTATTGAAGAGTCCT,.........((.(((.......))).))..,49.201294867613626
GCGAAAGGGAGTTTTAGTTCCCAAAAAGTT,......(((((......)))))........,49.18886315826972
GAAGAGCATTTCGTGTGGAATGTTTGAAAA,...(((((((((....))))))))).....,49.15937225109956
GAAAAGTAGCTATCTTTCATGCCCCGAAAA,..............((((.......)))).,49.13163334666133
GAAGAAACCGTATTTCTGAGTACGTGAAAA,........((((((....))))))......,49.09561775289884
TGGGAAAAGTATTATGATAACGAAAATACA,........(((((...........))))).,49.087010258876475
GAAACGTTATGATGTGTATCTAAACAAAGA,.....(((..(((....)))..))).....,49.0834991220903
TCGAAAAAGGTAACAATCATACCAAAAAGT,........((((.......)))).......,49.082125392546516
GAAAAAATTGCCATTATACGGGCATGAAGA,........((((........))))......,49.065476115859965
GAAGAGCCGTGTGGTCAATTCATGCAAAAA,........((((((.....)))))).....,49.06493002798881
GAAAAGATGATATTGATGATATCATGACAA,......((((((((...)))))))).....,49.06037437277341
GAAAAGATAACATTTTTTGGAATTGAAAAA,.(((((((...)))))))............,49.05023590563775
GAAAAATTAATAAGCGTTAGCGGTTGAAAA,......(((((..((....)).)))))...,49.046218413535485
GAACAACATAGTCCTAGACTATCGTTAAAA,....(((((((((...)))))).)))....,49.035801679328266
GAAAAGGGTTCACGACATGATTCCTGAAAA,....((((.(((.....))).)))).....,49.03345541062854
GAAGAGTATGGGTCCATAGTTATGCGAAAA,.....((((((........)))))).....,49.00384446221511
GAAAAAACGCGTTAGTTTCGCTCTTGAAAA,........(((.......))).........,48.99234698913227
TTCGAAAAGTTAATGTGAGGTTGAAGAGAA,.........(((((.....)))))......,48.9836392570468
CGAAAAAATTTACGGGCGAGTATTGAAAAG,..........(((......)))........,48.964901751011304
GAAAAAATTAGGGAGGTCCTACATTGAAAA,........((((.....)))).........,48.9630160188177
AAAAAAGAAACATTTGGTGTTGATGAAAAA,........(((((...))))).........,48.94399335761191
GAAAAATTCGAGAGAATTGAGTACTGAAAA,.....((((((.....))))))........,48.90824927686583
GAAAAAACATACGTTGAACGTCATTAAAAA,..........((((...)))).........,48.906003598560574
GCGAAAAGGGCTAATGTAATATCGAAGAGT,.(((.....((....))....)))......,48.86839945435037
GAAGAAATAGTTAGGTACTAACGATGAAAA,.........(((((...)))))........,48.838620551779286
GAAAAGTTATCTACAGATAGTTGCGAAAAA,......(((((....)))))..........,48.831947307098666
GAAAGAAAACTATAGTGCATGGTTTGAAAA,......(((((((.....))))))).....,48.829760131983235
ATGAAAAGTATTGGCATTGCTACGAAGAGT,......((((.......)))).........,48.80669620938107
GAAAAAGTTAACCCAGTTAGCAAATGAAGA,......((((((...)))))).........,48.79044667232954
GAAAAAAAGACACTCAACATGTCTGTAAAA,.......(((((.......)))))......,48.77719413135647
GAGGGAGCATATCTGATAATATCTGGAAAA,...(((.....)))................,48.756773290683725
GAAAAAATGGAAATCGAAGTTCTTTGAAAA,.............(((((....)))))...,48.74348491234137
GAAGAGAGACCTATTGATATGGCTTGAAAA,.....(((.((.........))))).....,48.740859656137545
GAAAAGTAAACTAAATCTGTTTGGAAAAAA,......(((((.......))))).......,48.740301320913076
GAAGAAGCTACCGTGTTTATCGGTCTAAAA,.........((((.......))))......,48.73896041583367
GAAAAGCATTGTCTTGTATTAAGGCGAAAA,........((((((((...))))))))...,48.73730107956818
GAAAAAATACCATAGTAATTGGATTGAAAA,.....(((.(((.......)))))).....,48.72757451974165
GAAAAAGCAATTCCACGGGTATTGCAAAAA,......(((((.((...)).))))).....,48.72461678391706
GAAGAAATTAGAATATGTGTCTAGTGAAAA,......((((((.......)))))).....,48.71002532320405
GAAAAACTATTACAATCCAGTGGTGAAAAG,.......((((((......)))))).....,48.706913054597976
GAAAAGCCATATGTTATACTTGTGCAAAAA,.....((((...........)).)).....,48.696367453018794
GAAGAGGAGGATTCCCTTAGGCTTCGAAAA,((((..((((....))))...)))).....,48.69503798480608
ATCTAAAAGGATAGTATAGTCCGAAGATGT,((((....((((......))))..))))..,48.692683934106846
AAGAAAAGTATGATTAAAAGTACGAAAAAT,.......((((........)))).......,48.68336265493802
GAAAAATGGTGAAATATTCGTCACTGAAGA,.......(((((........))))).....,48.631725832189645
GAAAATAGCATGACTTTGTTAGCTTGAAAA,......(((.((((...)))))))......,48.60909164262223
GCGAAAAGTGGTTTTAGTTAGTGAAGAGCG,..........(((((.........))))).,48.601541036427214
TAGAAAAGTACAATACATCTACGAAAAATA,((((...(((...))).)))).........,48.58383180675503
GAAAAGAGTATGTAAGGCGATACTTGAAGA,.....((((((........)))))).....,48.57315682735914
GAAGAGGGTAGTTATGTATGTCACCGAAAA,.....(((..((.....))..).)).....,48.562930827668936
GAAAAGTTAACTCTAAAATTGAGTCGAAAA,.........((((.......))))......,48.559121900789236
GAAAAGCGTGTCTCTTTTGGTATGCGAAAA,.....(((((((......))))))).....,48.55043582566974
GAAAATATAGCAGTGTCAGCTATTTGAAAA,......(((((.......))))).......,48.54212383515062
GAAGAAAACCGTCATGTGAACGTTAGAAAA,.........((((....).)))........,48.540279888044786
GAACGAGCAACTGTCAAACAGTTATCAAAA,....((..((((((...)))))).))....,48.537301079568174
GAAGAATTACCCCTGTTTGGGTGGTGAAAA,.....(((((((......))))))).....,48.53332267093163
GAACCAAGAAGGGTCTTACTTACTTGAAAA,....((((.(((......))).))))....,48.488751670502964
GAAAAGAAACGAAGTATTTGCCTTCGAAAA,.........(((((.......)))))....,48.45683326669332
GAAAAAGTTCATTGCGAAAATCACTGAAAA,.......((((.((.......)).))))..,48.43201112347853
AACGAAAATTGATCGGTTAGCTGAAGAGTT,......((((..((((....))))..)))),48.394601508091085
GAAGAGTGCTTGTTGATAATTAAACGAAAA,.........(((((........)))))...,48.37347660935626
ATTAAAAAGACTCCTGGATTCGAAAATCAT,................((((....))))..,48.361134710478325
GAAAAAATATCTAACCTAGGAAATTGAAAA,.....(((.(((......))).))).....,48.35854375366971
TTGAATAGGTTACTCCGCAACCGAAAAGTA,.......((((.......))))........,48.34580517409012
GAAAAATGTTCTAAACTGGTGTACTGAAGA,......(.(((...((....))...))).),48.32273186221007
GAAAAATGTGTAATTAGTAGCACTAGAAAA,.......((((........)))).......,48.30995670200388
GAAAAAACAGCTCATATACTCAGTTGAAAA,.......(((((.........)))))....,48.309510394040586
GAAAAAACTAATCTTCGAATTAGATGAAAA,.......(((((......))))).......,48.29614709071326
TCGAAAAGATGTTTGGGTATAACGAAGAGA,.........(.((((.......)))).)..,48.28101634307875
GAAGATCGAAGTTGTTCAACCGTAGAAAAG,(((.(.......).))).............,48.24876649340264
GAAAAGATAGTTCAACATCCTTATCGAAAA,.....(((((..........))))).....,48.22025789684126
GAAAAGCATGAAGTTCTTTAGTGTGAAAAA,.....((((...........))))......,48.19914634146342
GAAAAAATTCTTGGTAAGAGGACTTGAAAA,.......(((((.....)))))........,48.19524312797404
GAAAAAAGTCCTCTATTAAGGTAATGAAAA,.........(((......))).........,48.19019703830179
GAAAAAGTATCGGAATTCTTCGATCAAAAA,......(.((((((....))))))).....,48.17208104145729
GAAAAGTAATCTTTCCTGTTAGTGCGAAAA,...........(((((.......).)))).,48.165759696121555
GAAAAGGAAATTGCTTACAGTTTGTGAAAA,.......((((((....)))))).......,48.13299280287885
GAAGAGAAAGATTCTATATTCGTCCGAAAA,(((.((((...))))...))).........,48.065149940023986
GAAAAATCTCGAAAATTCTCAGAATGAAAA,......(((.((......))))).......,48.049792659512775
GAAGAAGCATTAACATGTTGGATCTGAAAA,((...(((((....)))))...))......,48.03184326269492
GAAAAGATTTGCCCCTTGGTGCTTTGAAAA,..........((((...)).))........,48.03029019023022
GAAAAAAATACATGCTCACTGTGTTAAAAA,......((((((.......)))))).....,48.028580603794516
GAAAAATAATCAGATACTGTTAACTGAAAA,.........((((.((....)).))))...,47.99108371065988
GAAAAAGGAATTAACCAAAATTGCTGAAAA,.....((.((((......)))).)).....,47.990157054295395
GAATCAGTATTAGTGGAGCTTTACAAAAGA,......(((..(((...))).)))......,47.98153295203658
ATGAAAACGAAACAGTGTTATCGGAAAAGT,..((.((((......)))).))........,47.96773170301772
TGAAGAAGTTATAGGTGCTTAGCTGAAAAA,......(((((........)))))......,47.96043471397923
GAGGGAAGATTGTTAATACAGATCAGAAAA,.......((((((....))).)))......,47.93916033586565
TTGAAAAGCATTCAATAATTGCGAAGAGAA,.......(((.........)))........,47.92052496359367
GAATAGTACGCATCATAGCTAAGTCGAAAA,.........((......))...........,47.90550379848061
ATCAAAAAGAAGTTTGGTGTTCAGTTTGAC,.(((((..(((........)))..))))).,47.90163187566755
GAAGAGGAAGTTCTTTGTTACCTCTGAAAA,..(((((((........)).))))).....,47.89203918432627
GAAGAGACACTTTCCTAAAATGTCAGAAAA,.....((((.(((...))).))))......,47.88988004798081
GAAAAGTTATCAGGAATAGATCAGCGAAAA,.....((((((.......))).))).....,47.87643955628194
GAAAAAATGGAAATCCGATCCACGTGAAAA,.......((((.......))))........,47.85008281372136
GAAAAAATGTCTAGAGGTCTACATTGAAAA,.....(((((..((....))))))).....,47.847900443426234
GAAAATGTGCCCATATTTGGCTATTGAAAA,...((((.(((.......))))))).....,47.81087309220456
GAAGAAAATGATGGTAGCTTCTTTTGAAAA,((((((..((....))..))))))......,47.7974373854062
GAAAAGATATCGAGTTTGCTCTTTCGAAGA,.........(((((........)))))...,47.77593463515495
AGAAAAGGAGCATTGTAATGATCGAAAATT,.......((.(((....))).)).......,47.713675537465505
CAGAAAAGTTGGACGTTTAAACGAAAATTG,......((((...(((....)))..)))).,47.69942741183097
GAAAAGTCATAAATGATTATGTCAAGAAAA,.....(.(((((....))))).).......,47.69650739704119
TTGAACCGTATATCGAGGCTATCGAAAAAA,............((((.....)))).....,47.66281256468227
GAAGAATCTAGTGTTTTAAAAACGTGAAAA,......((..((.........))..))...,47.64839664134347
GAAAAGTACTCTGTTTGCTATCAACGAAAA,....((((.......))))...........,47.64206917233107
GAAAAAATGTCATAGTTGTAACCTTGAAGA,.........(((..((....))..)))...,47.613995626974436
GAAAAATAAAGGGACCTGTCCGAATGAAAA,...........(((....))).........,47.60595559974209
GCGAAGAATAATTCTAGAGATGTGAAAAGT,..(((......)))................,47.605923799451034
TCGAAGAATGTTTTGGTCTGAGTGAAAAGA,((((((....))))))(((........))),47.59483772696758
GAAGAGATGCCCTTATTTAGGTCAGGAAAA,.......((.(((.....))).))......,47.58462215113954
GAAGAACAAGCGATATTACCTCTTGGAAAA,......((((.(.......).)))).....,47.549766093562575
GAAGAGAAGCTTTGTACGAGGTTCGAAAAA,.....(((.(((.....))).)))......,47.54959616153538
GAAAAATGAGTCAGGATTTGCCTATGAAAA,............(((.....))).......,47.54780048341024
GAAAAGCGCTATTAGTTGTTTAGCAGAAAA,.......((((.........))))......,47.526185525789685
GAAGAGTAGCGGATTTATGTACAACGAAAA,.....(((.((......)))))........,47.503814474210316
GAAGAGCCTGGATGAATTTAGCCACGAAAA,.....(.(((((....))))).).......,47.492119152339065
GAAAAAACTGTAAGTTGTCACTAGTGAAAA,......(((((........)).))).....,47.48764130383883
GAAACGTGTTCGCAATATGACCCACAAAGA,....((((((...))))))...........,47.47660970394451
GAAAACATATCAGTTCACTGGCTTCGAAAA,.........((((....)))).........,47.47238704518193
GAACTAGTACACACGGATTGTGTCTAAAAA,....(((.(((((.....))))))))....,47.47166985458069
GAAGATATGTCACGATTAGTGGCCTTAAAA,........(((((.....))))).......,47.469913259921256
GAAAAGTCTAATAGTTGTATAGGGCGAAAA,.....((((.(((....))).)))).....,47.469668132746904
GAGGGCAAGCAGTTGATTACTGCTCGAAAA,.......((((((.....))))))......,47.46558976409436
TCGAAAAGATAATCTTTGTTGCGCAGTAGA,............(((((((...)))).))),47.44157884618811
GAAAAACATTCACCGGAACTTTTGTGAAAA,........(((((..........)))))..,47.40731667693283
GAAAAAATGCTATTACTCAGTGCATAAAAA,......((((...........)))).....,47.3963594382067
GAAGGTGCTGATAGCATGTTTCAGCGAAAA,.....((((((.........))))))....,47.39329868052779
GAAAAGATAACTGTAAATGTGCATTGAAAA,...........((((....)))).......,47.37692667077313
GAAAAATTAGAGGCATGTCCATCTTGAAAA,........(((((.....)).)))......,47.37327245678305
GAAAAACTGAGTAATTTGTCTCCATGAAAA,........(((........)))........,47.312542694633855
GAAGGGTATTACGTTTCGAAATACGGAAAA,((((.((...)).)))).............,47.31115153938425
GAAGAATAGGACGTTTAGTAATCTAGAAAA,.............(((((....)))))...,47.294378248700525
GAAAACATAGGGTGTCATTTCTATGGAAAA,.....(((((((......))))))).....,47.2908140887789
GAAAAGATGATATCTAAACGTCAATGAAAA,.....((((.........))))........,47.28562913573309
GAAAAGAAAGATTCCTTGTTCAACCGAAAA,((((((........))).))).........,47.27938424630148
GAAGAGACGTAGTTCAGTTCTCCTCGAAAA,((.(((((........).)))).)).....,47.175985605757695
GAAGCAATCAGAAATGTTTTATGGTAAAAA,((((((........))))))..........,47.16485005997601
GAAAAGTAGTGTTCTCGCTAAGTACGAAAA,......(((((....)))))..........,47.1493362654938
TCGAAAATGTTTTCTAAGCACAGAAGAGTA,.........((((((......))))))...,47.135663977112685
GAAAAGGTGGCTTTGTTAATAAGTCGAAAA,.......((((((.......))))))....,47.11784886045582
GAATACCGAAAGATCTTCTCTTGCGAAAAA,......((.((((.....)))).)).....,47.09849696157573
GAAGAGCTCTGATCAAATGTTCATCGAAAA,((.((((...........)))).)).....,47.09577768892443
GAAAAGGAATGACTTTTTAAGTCCGAAGAA,((((((......))))))............,47.06718912435026
AGTGAAAAGGATTAGTACTGACGAAGATCT,........(((((.((....))...))))),47.066174906381534
GAAAAGCTGCGTATTCGTTTAACGTGAAAA,........((((.........)))).....,47.06428028788485
GAAAAATATGGATTCCTGCCATGGTGAAGA,......(((((.......))))).......,47.062080717262646
GAAAAAGTGCTCTATATGGTCTTCTGAAAA,....(((.(((......)))))).......,47.06060995421652
GAAAAGCCTATAGCTTAAATATAGAGAAGA,.......(((((.......)))))......,47.03334266293483
GAAGTGCGAAAGCTGTGCATTTCTCTAAAA,((((((((.......)))))))).......,47.01872850859657
GAAAAATAACCTTTCGTAAGTGAGTGAAAA,...........(((((........))))).,46.99479790065955
GAAAAGATTGTTTGTGAAATAAGTCGAAAA,.....((((..((....))..)))).....,46.988060775689725
GAAAAGCGATATTGATGAAATATTCGAAAA,......(((((((.....)))).)))....,46.986361455417835
GAAAAGTAAAAGGTCACTTACTTACGAAAA,...((((((........)))))).......,46.96872850859656
GCGAAATATAAACTGGTTTGGTAAAAAGTG,((.((((........)))).))........,46.94716665714667
GAAGAGTATAAGGTAACGATTTATCGAAAA,...........(((((....))))).....,46.945067972810875
GAAGAACACGAATGTGTGTGGGTGTGAAAA,.....((((......))))...........,46.9260155937625
GAAAAGTGTTGTGGTTAAGTATACGAAAAA,........(((((........)))))....,46.92376649340264
GAATAACTAACAAGTAGTTGTTGTGCAAAA,.((((((((.....))))))))........,46.91189106339446
GAAAAGGTAGCCAATTTCTTATGCCTAAAA,....(((((............)))))....,46.9002751692116
GAAGCTACATATGGTGGATATCTGTAAAAA,....((((.....)))).............,46.8994162335066
GAAAAGTAATCAATAGATGGTGAACGAAAA,.....((.((((.....))))..)).....,46.881043582566974
GAAGAGCATTATGAAAACATGAGTCGAAAA,.....((.(((((....)))))))......,46.855513794482206
GAAAATTGACTGGTAACGATGTCATGAAAA,......((((..........))))......,46.85366570488922
GAAAAGTTCTCTGGTTTCAAGAGTCGAAAA,........((((.......)))).......,46.848036785285885
GAAGAAATATCTCCTGTGATACATTGAAAA,.......((((......)))).........,46.8467603589195
GAAGAGGCATTCATATATGTTGCGCGAAAA,...(.(((((......))))).).......,46.815719712115154
GAAGAATACCAATATTTTCCGGTGTGAAAA,.....(((((..........))))).....,46.78989004398241
GAAGGCAATTTACTGAGTAAATAATGAAAA,.......((((((...))))))........,46.78874050379848
GAAGAGGAATATGCTCCAATAAAGCGAAAA,.....(((......))).............,46.786161535385844
TGCGAAAGTCTAGGTACTTGTCTAAAAGTA,..............(((((......))))),46.785265150468234
GAAGGAAGGCTAGTTTCGTGTCCTTTAAAA,((((((..((.......)).))))))....,46.754884136435514
GAAAAAGCTACCATTTGTAGTGTGCGAAGA,......(((((.....))))).........,46.74593762495002
GAAGAGGTAACTTTGCCCTTATACCGAAAA,.(((.((((....)))))))..........,46.73038384646142
GAAAAAGGATTAATGCCAATTGTTCGAAAA,.......((.((((....)))).)).....,46.646145469740034
ATGCTAAGTTGGAATGTTCTGAGTTACCAG,.((.(((.(((((....))))).))).)).,46.63662672565383
GAAAAATAGTATCGCACATGATCTAGAAAA,......(((.(((......)))))).....,46.63649419511474
GAAGGGAGCTGTGTTTTCCCATCTCGAAAA,((.(((((.......))))).)).......,46.63618152738904
GAGGAATTATGGAAATATGTCCATTGGAAA,..(((..(((....)))..)))........,46.634262655298244
GAAAAGTTATCACTACAAGTGTTTCGAAAA,((((......((((...)))))))).....,46.62178872595106
GAAGAGTTTCCCTTTCGTAAGTGACGAAAA,............((((((.....)))))).,46.6166493402639
TGAAAAGGTAAACTAGGGTTATCGAAACTA,......(((((.......))))).......,46.61537826651214
GAAAAATAGTAGCCAATATCTGCATGAAGA,........((((.......)))).......,46.61497469480676
GAAGAATCGAAACATGGTTTATAGTGAAAA,...(((((.......)))))..........,46.58161335465814
GAAAATGAGAAGTTGATCGTCCTCTGAAAA,((..((((........))))..))......,46.579468897125835
GAAGAGCTGGTACTATTTGGAGTACGAAAA,.......(.(((((......))))).)...,46.566049580167935
GCAAAAGAAACTTGAGTCCTGTTTCGAATA,......(((((.........))))).....,46.56364171448537
GAAGTAATAACAATCAATTGTGTTGGAAAA,.......(((((........))))).....,46.5487457809669
GAAAATAGTCCCATGCATAGGTATTGAAAA,..........(.((((....)))).)....,46.54471811275489
TTCGAAGAGTAGGGATTAATACGAAAAAAA,........(((........)))........,46.53428001456868
TTGCAAAAGGAATTATAGTTCCGAAACCTA,........(((((....)))))........,46.531340729453234
GAAGAGCACCTTCCGGTTAGGTTGGGAAGA,.........(((((.(......).))))).,46.52492602958817
GAAAAGCTAAAATATTGTACTTGGCGAAAA,.....(((((..........))))).....,46.52076769292283
GAAAAGATTAGGTGAACATTCAATTGAAAA,.......((((.(((....))).))))...,46.49709698102741
GAAGAGTCTATAGGTTAGCCTATCCGAAAA,.........(((((....))))).......,46.473686525389844
GAAAAACCTAAAATCATTACGTGGTGAAAA,.............(((((....)))))...,46.47221125964029
GAAAATATCGCTTCATGGGTGCGTTGAAAA,........(((.........))).......,46.46787083364852
GAAAATAAATCGTTATTCGGTTTGGGAAAA,.....(((((((.....)))))))......,46.463905392797834
AAAAGAGAGCAATTCATGTGCTTCAAAAAG,......(((((.......))))).......,46.4551343066377
GAAAAGCTTCATTTCTCAAGTGAATGAAAA,.......(((((((.......)))))))..,46.4367612954818
GAAGAGCCGGATATAATCCTAGGTTGAAAA,....((((((((...))))..)))).....,46.435561775289884
TGCGAAGAGCAATCGTAGATTTAAAAAGCG,(((((.......))))).............,46.42644499189572
GAGGGAAGGGTCTGTTTAAGAAATGGAAAA,..........(((((((...)))))))...,46.42090763694522
GAAAAAATGATACATCAGCATCATAGAAAA,......(((((........)))))......,46.395987154687674
GAAGAGTAGAGTACTTAGTGTTCTTGAAGA,(((.(.(((.....))).).))).......,46.3730741577243
GAACCATGACTAAAATATCGTCCATGAAAA,....((((((.........)).))))....,46.36926216900628
GAAAAGTCACAATCGTGTTTTTGGCGAAAA,.(((((.(((....))))))))........,46.35462856298922
GAAAAGCGATAACTTTGTATGAGTATAAAA,...........((((.....))))......,46.35278488604558
GAAGAGAAGTGACAGGTGTTGTTGCGAAAA,........((((((.....)))))).....,46.337321071571374
GAAAAATGATCTATACTCGTGATCCGAAGA,.......((((.........))))......,46.32625882980141
GAAGAGGCTTATTTTGACTAAGCTCGAAAA,.....((((((.......))))))......,46.32184726109556
GAAGATTATCAGTGTTCTCTGATGCGAAAA,......((((((......))))))......,46.29877648940424
GAAAAGAATAAGTCATTCCTGGTTCGAAGA,.....((((.((......)).)))).....,46.29719748136781
GAAAAGGAACATTTTGACGGTGTACGAAAA,........(((((.....))))).......,46.28283286685326
TCGAACAGTACTACTGATCTATGTAAAAGA,..((.((((...)))).))...........,46.272982690180456
GAAGAAGATCACGCTAGCTGCCTTTGAAAA,........(((.((.....))...)))...,46.27247115568187
GGAAAAACTATAGAAATTTCTGGTGAAGAA,.................((((.....)))),46.25310700944847
ATGGAAAAAGACCTGTTGCTCGAAGATCTT,.......((((.((.........)).)))),46.24981352466694
GAAGAAATTGAAGTGCATTTCAACTGAAAA,.......(((((......))))).......,46.236985890328555
GAAAAATTAGAAATTGCGTTGTAATGAAGA,............(((((...))))).....,46.22364149835561
GAAGAGTGAGTTAGGAATTCTTGTCGAAAA,.((((((.........))))))........,46.213550579768096
GAAGAAAACGCATCTGTTGTACGTTAAAAA,......((((((.....))..)))).....,46.192798880447825
GAAAAGCCGTATTAGTCATAATGTCGAAAA,.......(((((((....))))).))....,46.18348260695721
GAAAAGAATAAAATTGGCCTTTTGCGAAAA,.............((.((.....)).))..,46.149714852797615
GAAGATATGACTTACTACGTGTCATTAAAA,...((((((........)))))).......,46.131921429626345
GAAGAAATACAACCTTCTGGGATTTGAAAA,((((.........)))).............,46.107315055959596
GAAGAGAATGTTTGTATGAAGAAGCGAAAA,.........((((........)))).....,46.0947181127549
GAAAATATATACACGTCTGTGTAGGGAAAA,.........(((((....))))).......,46.07394570099888
GAAAAACTTGCGAAGGTCATCTTGTGAAGA,.......((((((........))))))...,46.06843601298219
GAAGAGATATCATGCTTATGGTTCGAAAAA,.....((.(((((....)))))))......,46.037021191523394
GAAAAGCTTTAACATGTCTGATGTCGAAAA,.......(((.((((.....)))).)))..,46.03464214314275
GTCAAAAGATTGATGTGTTGATCGAAAGAT,.........(((((......))))).....,46.02893745113322
GAAAAGTGCAACAGATGTTGTTCATAAAGA,.....(.(((((....))))).).......,46.024306277489
GAAGAGTCGAGTTTAGATATTGCACGAAAA,......(((.((.........)).)))...,46.0103318672531
GAAGAGGATCATGTTCGAAATGATTAAAAA,......((((((.......)))))).....,45.99769692123151
GAAAAGTATGATAGTCTGGCTTAACGAAAA,...((((..((...))..))))........,45.976449564318415
GTAAAGTGAGCTTCTATATGAGTACGAAAA,.........((((......)))).......,45.96641943222711
GAAAAGCAATAAGTTATGTTATGGGAAAAT,....((((........))))..........,45.95597361055578
GAATAAAGGAACTTGGTCGTCCCTTAAAAA,.....((((.((......)).)))).....,45.945119934008375
GAAGAGCATTCTCTGAGATGTTAACGAAAA,....((((((......))))))........,45.94037984806077
ACCTCTAAAGATTGAGATATTCGAAGAGCT,..(((........)))..............,45.935057952241536
GAAAAGATGCACCTGTATTTGCAACGAAAA,....((((((....))))))..........,45.93128348660536
GAAAATACTGATGAATTAGAAGTCTGAAAA,...............((((....))))...,45.926258289477005
GAAGAGTCACATGTCCTCGTGTATGAAAAA,........(((((....)))))........,45.921147540983604
GAAGAGGCATCAGTATTGTTGTTCAGAAAA,(((..((((.......)))).)))......,45.903174730107956
GAAGTGTATCTGTGTCGATAGCTACGAAAA,....((((.((((....)))).))))....,45.90175529788085
GAAAACGGTCTTATCTTTAAAGGTGGAAAA,..........((((((....))))))....,45.89203918432627
GAAAAAATGCAAACTAGTTTTCGGTGAAGA,(((((...(....)...)))))........,45.89121609014052
TACAAAAGAAGTGATGGTGATTCGAAGGTA,(((....(((..........)))....))),45.88681904503943
GAAGAGTGACCTTCTAAGGTTAAATAAAAA,......((((((....))))))........,45.88362255097961
ATCAAAAAGGCATGGGCATGCTGAATAATT,........(((((....)))))........,45.85678069171717
TCGAAGTAAGCCTTGTTAAGATGGAAAAGA,..........((..........))......,45.80474731152086
GAAGTAAGATATCATTAATGATACGGAAAA,.........(((((....))))).......,45.79073970411835
GAAAAAGCTCTTATGTAAGTAACGTGAAAA,..........((((((.....))))))...,45.789780087964814
TAGGAAGAGTGCCCAGGGTCAGGAAAAGTA,..((........))................,45.71036331396781
GAAAAGAGGAAGATATCTTGTTGCCGAAAA,(..((.((((.....)))).))..).....,45.68706117552979
GAAGAAACAACGATAAATTGTCTGTGAAAA,......(((((((....)))).))).....,45.68089364254298
GAAAACTAAGGTATCTCTGGACTTAGAAAA,.....(((((...........)))))....,45.65944717608452
GAACAACTGAAGCGTATGCTTAAGTTAAAA,....((((.((((....)))).))))....,45.65655337864854
GAAGAATTGCTTACCAGTATCAATAGAAAA,.......((((....))))...........,45.648256697321074
GAAAAATCGAATCACTCTATTCGCGGAAAA,.......(((((......))))).......,45.645055635403494
GAAAGAATGTACTAATCTGTGTCAGAAAAA,...............((((...))))....,45.632319648717086
AAAAATAGAACACATTGTGGGCTTGAAACT,......((..(((...)))..)).......,45.62167309652715
ATCAGAAGAAATCTTGAAGTGAAGAGGTAT,..........(((((........)))))..,45.60955902738751
GAAGAGCATGCTAATTAAGTCAGCTGAAAA,....(((..(((.....)))..))).....,45.59245901639345
GAAAATATGTCAAATCCTGATCCTGGAAAA,..............(((.......)))...,45.5895254150592
GAAAAAGTACCCTTTCAGTGTTCCGTAAAA,((((........))))..............,45.57361124018861
GAAAAGAATTATTGCATTAGTAATCGAAAA,..........(((((....)))))......,45.560191923230704
GAAGTAGAAATACATGAAATATTATCAAAA,...(((....))).................,45.544278288684524
GAAGAATATCGTACTCTCGTAGGTTGAAAA,.........(.(((....))).).......,45.539792335318126
GAAAAGTTACAGTGAATATGTGATCGTAAA,.....((((((.......))))))......,45.53740103958417
GAAGAGTTCGTATGTAGATTAGCACGAAAA,......(((((..((......)))))))..,45.51924830067973
GAAAAGGTACACGGTTTAAATCCCGAAAAG,...........(((........))).....,45.46059176329469
GAAAAGCAAATCTCTAGTATGTTGAGAAAA,..........((((.........))))...,45.43404238304678
GAAAATCCGGTATGATTAATAACGAGAAAA,.....((((.(((.....))).)).))...,45.40973210715714
GAAAAACTCAAGATTATATTGGCGTGAAAA,.....((((((.......)))).)).....,45.3832879100612
GAAGAGGTTAGTGTTATAACGTTGTGAAAA,...((.((((......)))).)).......,45.37006797281087
GAAAATTAACTATGAGTGTCGTTATGAAAA,..........(((((......)))))....,45.36578518142292
GAAAAGAATTATGGCTAATGATGTCGAAAA,............(((.......))).....,45.35215513794482
GAAAAAGCTACACACACTAGTATCTAAAAA,.....((.(((........))).)).....,45.31112434305557
GAAAACATAGTTCACGTTTGGAATGGAAAA,..........(((.((((...)))))))..,45.29829668132747
GAAGAGTATGATACAGTTGTCTTTCGAAAA,(((((..((......))..)))))......,45.28022391043582
GAAGAGAGAATACCAATATTTGTTCGAAAA,(((.(((...........))).))).....,45.27802479008396
ATCTCAAGTTCGATCTTGCGAAGTAGACAT,.((.((((......)))).)).........,45.26494037715175
GAAGAGATTTATCGTTCAGTACAGCGAAGA,...........(((((......)))))...,45.263310675729706
GAAGCACTACAAATGGAAATTTAGTAAAAA,.......(((((((....)))).)))....,45.249196321471416
GAAAAGCATTTCCTGAAGTAATCTCGAAAA,........((((..((.....))..)))).,45.24221911235506
GAAATATGACCAACAATGGTTGGATGAAAA,.........(((((....))))).......,45.232423030787686
GAAAAATCATGAATTTCAAAAGTGGGAAAA,.............(((((....)))))...,45.23135354867062
GAAGAAACGTCAGGTAATTGGTCGTAAAAA,......(((((((....)))).))).....,45.21446570921181
GAAAAGATACTAAACCTTATGTTTCGAAAA,((((..(((........))).)))).....,45.213330667732905
GAAAAGTGACACTAGCTTATTCACCGAAAA,(((((((.......)))).)))........,45.21177129148341
GAAGAGTTAGCACATGATATGCTATGAAGA,.......(((((.......)))))......,45.20069572171131
AGAAGAGCTCCCTATTTTGTGAGTAAAAAA,......((((.(......).))))......,45.19551779288285
GAAGAGCATACAATTTCTGGTGGGGGAAAA,.............(((((......))))).,45.18615153938425
GAAGAAAACTGTATCGTAATAGTTAGAAAA,......((((((......))))))......,45.13948020791683
GAAAAGTAAGTAGAAATTACAGTCCGAAGA,.....((((.......))))..........,45.109938871298326
GAAAGTTAGCAACTCTGTTACTACCAAAAA,...(((.((((....)))))))........,45.09262894842063
AACACCAGTATTGGAGAGGTTAGTGGTCTT,...((((.((..........)).))))...,45.06864433335729
GAAGAACTATAACCTCCGTGGCTTTGAAAA,............((.....)).........,45.06522054241367
GAAGAACTATAAGCGTCCTGTATGTGAAAA,.......((((.((.....)).))))....,45.06076016440271
GAAGAGTATCTTAGCATTCTAACGCGAAAA,..(((((........)))))..........,44.98128348660536
GAAAACCTTCGTGTGTTCTAGAACGGAAAA,.......(((((..........)))))...,44.97012794882047
GAAAAAATCGTAACCGTGTTCGCTGGAAAA,..................(((....)))..,44.9562122538372
GAGAGAAAAACGCTTCTGGCTTTTGTAAAA,...((((......)))).............,44.947065642211584
GAAAAATCTACATAGGTGAATGTATGAAAA,......(((((((......))))).))...,44.921607357057184
GAAGAGATGCCTTTTTTAGGGGATGGAAAA,......((.((((....)))).))......,44.904194322271096
GAAGAGCTCAAACGTATATTTAGGCAAAAA,.....(((.(((......))).))).....,44.84030987604958
GAAGAGTAATTGCTCAATGCTGATCGAAGA,...((((....))))...............,44.80781287485006
ACTGACAAGTTGCAATTCGACACTGGTCAT,..((((.(((..(.....)..))).)))).,44.80464007331015
GAAAAGGAATAATCAAACGGTTTTCGAAGA,......(((.((((....))))))).....,44.791346848647926
GAAAGCATAGAACCAGTCGTTTCGGTAAAA,...........(((.........)))....,44.777057159118336
GAAGAACGTTGACCTTAAGTCATATGAAAA,......(((((((.....)))).)))....,44.73826069572171
GAAGAAACATATACTCACGTATGTCGAAAA,......((((((......))))))......,44.72414634146341
GAAGAACATAGAGATGATGTTTTGTGAAAA,..(((((((.......))))))).......,44.67900439824071
GAAACAGCTAACAGATATTGTTACCTAAAA,.....((.(((((.....))))).))....,44.67543582566974
GAAGATATCTCGCATATACGGAGTTGAAAA,........(((.........))).......,44.67463677592026
GAAAAGTTCTAACATCCGTGTTACCGAAAA,......((((((((....)))))..)))..,44.66630947620952
GAAGAGACTAATCATTGTGCAGTTCGAAAA,(((..(((........)).)..))).....,44.6430787684926
GAAGAGAAGGGTATCGATTTCCTACGAAAA,.......((((........)))).......,44.57398640543782
CGAACATCAGATGTTTACAGTGTTAAAAAG,.((((((...))))))..............,44.478364654138346
GAAAATAAACACACCCAATGTGCTAGAAAA,.........((((.....))))........,44.463693045304396
GAAAAGGTAGCGATATTAAGTCAACGAAGA,((...((((....))))...))........,44.440349860055974
GAAGAGAACGGGCATTTTACCGTACAAAAA,.......((((........)))).......,44.43834066373451
GAAGAGGTATCAAGTTTGATTGTGCGAAAA,......(((.(((......)))))).....,44.415509796081565
GAAAAGATAACAACCTGTATCATCGCAAAA,.....((((........)))).........,44.39785613682455
GAAAAGTCCAACATGCTGATTGGCATAAAA,............(((((....)))))....,44.383482606957216
GGAAAAGAACCTGCTTTTAGTATCGAAGAC,..(((((......)))))............,44.367928828468614
GAAAAGTAAACATTAGCAGTTGTACGAAAA,.....((((((.......))).))).....,44.36784886045582
GAAGAAATAGTTTTGTGTCACTGTCGAAAA,......(((((........)))))......,44.36281087564974
GAAGAGAGATGGCATAGACGTTTTCGAAAA,.....((((((.......))))))......,44.35699320271891
GAAGATGTGTATGTCTTAATATGAAGAAAA,.(((((......))))).............,44.35303478608557
GAAAAGTCAATTCATCAATTGTACCGAAAA,.....(((((((....))))).))......,44.341139544182326
GAAAAGGTATAATGAAATTGATGCGGAAAA,......((((..........))))......,44.33949245527015
GAAGAGCTGATGTGTATTGTAATGCGAAAA,............(((((....)))))....,44.329484206317474
GAAGCACCACTAATTTGGTTAAGGTAAAAA,.....((((......))))...........,44.28339264294282
GAAAAGGAACTGTATAAAGGTTTTCGAAGA,.....((((((.......))))))......,44.27388644542184
GAAAAAGCAATTGATTTAGTTCAGCGAAAA,......((...(((......))))).....,44.27370651739304
GAAAAGATCACAATACCCTTGTTACGAAGA,.................(((......))).,44.25803098580388
GAAGACCAAATGTCTGTTAAGTTTGGAAAA,.....((((((.........))))))....,44.24663734506198
GTGCAACATCCGCTTTAAGGATCTTGAAGA,...(((.((((.......)))).)))....,44.23876049580168
GAAAGAACTAAAAACTATTTGGGTTAAAAA,.......(((((.....)))))........,44.22299364938709
GAAAAAGCTCAAGCCATATTGAAGTAAAAA,......((((((......))).))).....,44.21566973210716
GAAAAGTACAAACTTCTAAATAGTCGAAAA,...((((....))))...............,44.21129148340664
GAAGAGCTAAAGTGATGTTTTTTGGGAAAA,(((((((.........))))))).......,44.20991203518593
GAATAGAGTCACAATTCAGTGTTGTAAAAA,..........(((((.....))))).....,44.20468475672794
GAAGAGGTCGTGTTTACAGATATTCGAAGA,.......(((.((........)).)))...,44.18336265493802
GAAAAGAGAATCCCGTTTGCTTCTAGAAAA,......((((.(......).))))......,44.16525404252713
GAAGAGGACTTGTTTGTTAAGGGTCTGAAA,.....((((((.........))))))....,44.1619112355058
CTTCCAAAAGTAATGATATATCGAAGGGTG,((((..................))))....,44.1572892440566
GAAGAGCAAGGTTTTCGATTCGTGCGAAAA,.....(((.((........)).))).....,44.12418632546981
GAAAATGTATAGGTCATTTGTCTCAGAAAA,(((((((.......))))).))........,44.11421175673875
GAAAACTAATGTCTTTAGCGTCTTGGAAAA,.....((((.....))))............,44.103150775725744
GAAAACATAATCGGCTTGATTGTTGGAAAA,......((((((.....)))))).......,44.09552517731646
GAAAAGTACGGTATATATGACTAGCGAAAA,........((.((........)).))....,44.07772491003598
GAAAACCTACTAGTCTTAATAGTGCGAAAA,.......(((((.......)))))......,44.05203518592563
GAAAATATATCGACGCACGTGTATAGAAAA,....(((((.((.....)))))))......,44.03986473878916
GAAGAGATGCAACTTTTTAGGCATTGAAAA,.....(((((..........))))).....,44.037061175529786
GAAGGATCCACAAATATTTTTATCGGAAAA,......(((...............)))...,44.026135545781685
GAAGAGCTGATATCTAGGTTACAACGAAAA,....((((........))))..........,44.00323470611755
GAAGAGAGCTTAACTTTTAGGGCCCGAAAA,.....(.((((........)))).).....,43.98770091963215
GAACAAATGGTTTAGGTATCCATGAAAAAA,......((((.........)))).......,43.9742862854858
GAAGAGTCTACGTATGTTCGTAACAAAAAT,.....((.((((......))))))......,43.97422630947621
GAAGAGCCTCTTATAAAGCTTGCCCGAAAA,(..((((..........))))..)......,43.9728068772491
GAAGATGCACATTTCAATTTCGTGCGAAAA,......((((...........)))).....,43.959812075169935
GAAGAGTTCCATTATTGAGGTCAACGAAAA,...((.(((.......))).))........,43.952734906037584
GAAGAGTCAGGTGTTTAGGTCCCCGAAAAG,......((.((.(.......))).))....,43.93812075169932
GAAAAGCTACAATGTAAATGCTCGTGAAAA,....(((............)))........,43.93672131147541
GAAGAGCAAGTGGTTATCTTTTAGCGAAAA,..........(.((((.....)))).)...,43.85315473810476
GAAAAGATATATCCGTAGGCATATCAAAAA,.....(((((.((....)).))))).....,43.846177528988406
GAAAAGCTAGGAAAGTTTTACCATCGAAGA,..((((((.....))))))...........,43.83504198320672
GAAGAGGGTTAGTAGGTTAAATACCGAAAA,..............(((.....))).....,43.822267093162736
GAAAAACAGTCACTTTACGTGTAGAGAAAA,............(((((....)))))....,43.796008767664105
GAAGAGTCTAAATCCTTCCGTTAACGAAAA,((((.(.......)))))............,43.7946581367453
GAACCGCAGGCTTCTTTATAGCTACGAAAA,....((..((((.......)))).))....,43.77990403838464
GAAGAGTAATGTACATACCAGATTCGAAAA,...((((...((....))...)))).....,43.77526589364254
TAGTAAAAGATAATTGGTATCGAGAGAATA,........((((.....)))).........,43.76742251793599
GAAGACTGGCAATCAGGATTTTAAGGAAAA,(((..(((.....)))..))).........,43.761161535385845
GAATAAGTAAAGCCATTTGTCTGTCGAAAA,..((((((......))))))..........,43.69004304584472
GAAAATGAGGAACATTTCGTTTCTAGAAAA,.......((((((.....))))))......,43.672247101159535
GAAGAGTTCGCTTAAGGATGTATACGAAAA,......((((..((......))..))))..,43.649256297481
GAAAAATGATCAATGTGTTAATCATGAAAA,.....(((((..........))))).....,43.61311075569772
GAAGAGCGCTTATCTCTCAATTAGTGAAAA,......((((............))))....,43.5915193922431
GAAGAGGTACAGTCACGAGTGTTTTGAAAA,...(((((((........))))))).....,43.543575146517966
GAAGAATATTTGGTAAATGGAGTATGAAAA,.....((((((........)))))).....,43.53520191923231
GAAAAGAATTAGCTTATAACTAATAGAAAA,.......(((((.......)))))......,43.52194722111156
GAAGAGCCGATCGGTCTATTAAGGTGAAAA,..(((.((....))))).............,43.52018792483007
GAAGGATCGTATGTCCAATGTCGATGAAAA,.....(((((((.....))).)))).....,43.44885645741704
GAGGCCATTCATATGTAGTTGTATCGCAGA,...((.((.((........)).)).))...,43.423556577369055
GAACTGACTAATTGTTAAGTTATCAAAAAA,.(((((((.....))).)))).........,43.40575369852059
GAAGATAACTAAAGACTTAGTAGTTGAAAA,...(((.(((((....))))).))).....,43.380283886445426
GGAAAGGGGGATATATGTATCTAACGAAAA,.....(..(((((....)))))..).....,43.37296681327469
GAAGAGTCATCAATTTAGGGTGTATGAAAA,......((((((........)).))))...,43.36906837265094
GAAAATATCCAATGGTCATATGCTAGAAAA,............((((.....)))).....,43.36453108846551
TCGAATAAGAATGACGGCATTATAAAAAGA,.........((((....)))).........,43.35686452914994
GAAGAAAGACCAGTAATCTTGTATTGAAAA,..........(((((......)))))....,43.31924830067973
GAAGAGTGTATGTCCATGTCATCCTGAAAA,..((.((((((....))).))).)).....,43.30733306677329
GAAGAGCCGTTGTGTAAGTTATGCCGAAAA,.........(((.(((.....))))))...,43.286381447421036
GAAGCTCGAGCAATGTATAAGTTCGTAAAA,......(((((.........))))).....,43.24193922431027
GAAAAGCAATCATTCCTTGTAGTGTGAAGA,.........((((.(......).))))...,43.240899640143944
GAAGATACATAGTCTGATCGATGTTGAAAA,.......((..(((.....)))..))....,43.179444222311076
GAAGAAATATGTCTGTAAAAACATTGAAAA,........((((........))))......,43.15863254698121
GAAAAGGGTCTGTGTTTAAGGTTCTGACAA,....(((((((.......))))))).....,43.12510595761695
GAAGGCTAGTTTACTGTATAGTAGCAAAAA,....((((.(.........).)))).....,43.11177129148341
GAAAAGCTGAGTTCCTAAGTATCATGAAGA,.....(((.........)))..........,43.10149540183926
GAAAAGATAACATCTAATTGTAGCGAAGAA,.........(((......))).........,43.08096361455418
GAAGAAGTTCATCCTGTGATTGATCGAAAA,.......((((((........))).)))..,43.071807277089164
GAACATATAACAAGTCTGGTGTTATCAAAA,......((((((.......)))))).....,43.05336528451682
GAAGAGGCTCTTACATTTATAGAGAGAAAA,.......(((((.........)))))....,43.028264694122356
GAAAAGGTAACACATTTAGGTGAGTGAAAA,..........(((......)))........,43.02610555777689
GAAGATGTGACATGAGATGTTTCACGAAAA,.....((.(((((...))))).))......,42.94809676129548
GAATAGATAAGTCACTGAATTATCCGAAAA,.....(((((.((...)).)))))......,42.91700919632147
GAAACAGACATAGTTTACGTTGTCTCAAAA,.....(((((..(....)..))))).....,42.899156337465016
GAAGATTCACAGGTCTTATGTGCATGAAAA,.((((((....)))))).............,42.84851659336265
GAAGAAGCGTCATATTGTAATGAGTGAAAA,......((.((((......)))))).....,42.84031987205118
ATCTAGAATTGAATGGTTGAACATCTACAT,............(((......)))......,42.825480216515544
GAAAACTACTCGTAATTCGTATATGGAAAA,.........(((((.......)))))....,42.789511366624524
GAAGAGAGAAATCGGCTATTTAAACGAAAA,...........(((..........)))...,42.76419032387045
GAAGAACATTATGTTAGAAGTATGGAAAAG,......(((..(......)..)))......,42.63338264694123
GAAGAAACTAATGAATTTGTGCGTTGAAAA,........(((((........)))))....,42.62360655737705
GAAGAGCAGTCCATATGAATGTATCGAAGA,...(((((.((.....)).))).)).....,42.60973210715714
GAAGTGAATCTAGTCTACGTAGTTAGAAAA,........(((((.((....)))))))...,42.6071931227509
GAAAAGCGAGCAAATATCTCTCAGTGAAAA,.....(.(((.......))).)........,42.54813674530188
GAAGAGATTGGCCTGCGTATAATTCGAAAA,(((.....((.....)).....))).....,42.525285885645744
GAAGAATCACATACGTTTTCTGTGAGAAAA,......(((((.........))))).....,42.5102518992403
GAAGAGTGTAGTTTAAGATCGAATCGCAAA,......(((.((((......)))).)))..,42.42798480607757
GAACGATCACTAAACGTTAGAAGATCAAAA,....((((.((((...))))..))))....,42.414410235905635
GAAAAGCACTTTATTTCTTAGTCGAGAAGA,..............(((((....)))))..,42.38276289484206
GAAGGAATAACACTGCAAGTTTCTGGAAGA,..((((((..........))))))......,42.29323474213918
GAAGAGTCAATTAGTTCGTGCTGTCGGAAA,......((...((((....))))...))..,42.276665333866454
GAAGAACATAGTGAGTCTATTTAGTGAAAA,.......((((.....))))..........,42.26265093962415
GAAGAATAGCGTTGGTTTCCATAATGAAAA,.........(((((.......)))))....,42.25135545781687
GAAAAGCAACCATCTTTTGTTCCGCAAAGA,..............((((((...)))))).,42.24909636145542
GAAGATAAGATATAAAGATCTAGTAGAAAA,.......((((......)))).........,42.23824070371851
CGAAGAGAAATAGAAGATTCAAATTCAAAA,.(((..(((........)))...)))....,42.18876049580168
GAAGAGGATAATGGGTTTAGCACCGAAGAT,............((........))......,42.16940823670532
GAAGAGTAGGATTTAATATGACGTCGAAAA,((...(((........)))....)).....,42.077005197920826
GAAGAGTATCTAGTGTTAGTAGTTGGAAGA,........(((((.........)))))...,42.07666533386646
GAAGAAACCGATATCTTATTTGGCAGAAAA,.......((((........)))).......,42.06415033986406
GAAGAGCAACTATCATTGTGTATCCGAAGA,((...((((......))))...))......,42.047337065173934
GAAGAAAGGCCTTTGTTTAGTTCATGAAGA,..........((((((.......)))))).,41.96976809276289
GAAGAGTAATAATTTCTAATCGAACGAAGA,..((((.......)))).............,41.96750899640144
GAAGAGCCTGAATTATTAAAGGAGAGAAGA,......(((..........)))........,41.85419432227109
GAAGATCTAGGTTTTAGCTATCCGAGAAAA,.....(((.((..........)).)))...,41.844518192722916
GAAGAGACAACTATACTTTAGTGGGGAAAA,.........((((.....))))........,41.83770091963215
GAAGAGATAACGTTGATATAGTTGCGAAGA,..........(((..........)))....,41.59487804878049
GAAGAGCGGAAATATCTTTCAACGTCAAAA,...(((..((((....))))..).))....,41.5555537784886
GAAAAGGCTATGTCGTGATGTATCTGAAGA,....(((.(((((....)))))))).....,41.545917632946825
GAATAGCAAACCTTGTAGATTTCGCGAAAA,(((..((((...))))....))).......,41.51109156337465
GAAGTGCAATGATCATGATAAGTGCTAAAA,..(((((..............)))))....,41.491419432227104
GAAGAGAGTTAATACGGTAACTAACGCAAA,......(((((......)))))........,41.4821631347461
ATCAACAAATGGTAGTATGACAAAGTTCAT,................((((......)))),41.380053226021424
GAAAACTAAAATCTGCTATGTTTCGGAAAA,...........((((........))))...,41.37268692522991
GAAGTAACTATGCTAAGGTTCATTAGAAAA,............((((......))))....,41.3540743702519
GAAGTGCTTTCACCTACGGTTAAACGAAAA,...(((....)))...((......))....,41.25367453018792
GAGGAGTCATCATAGTAGGTTGTTCGAAGA,(((.((((.........)))).))).....,41.04905637744902
GAAAATCAAAGTTCGTTAAACTCGAGAAAA,...........((((.......))))....,40.84513794482207
GAGAGTACATATCTAAACGATATAGAGAAA,........(((((.....))))).......,40.69423830467813
TAACCCAGTAACCAAAAGTTAAGTGCCTTT,..............................,40.59276489404238
GAAGCGATATCAACTATGGTGAATCAAAAA,((.((.(((.....))).))...)).....,40.57224710115953
GAAGCGTCTCGGAAGTTTAAAGAGCAAAAA,.....(.(((...........)))).....,40.28466213514594
ATCACCTAAAATTGTAAGAAAAAAGCTGTT,..............................,40.20938691190191
GAAGGATAACAAATATTGTGCGTTGGAAAA,...(.((((......)))).).........,39.869028388644544
ACGAAAAGTAATAAAAGATGTGTGAAAAGT,..............................,39.28827889120849
ATAGGCCCTGTTAGCATATCCGTCCCTCTT,..............................,39.21760095961615
GTCAAAAGTGAACCTTAAAAAAATTCTTAC,..............................,38.66004198320672
ACGAAAAGTTTAGGTATGTAAAAGAAAAGT,..............................,38.18437206684147
GAAAGCAAGAATCCCCATTTTATCGCAAAA,....((.(((((....)))))...))....,38.157512994802076
TCGAAAAAAGTGAATTAGTCAATGAAAAGT,..............................,38.093070338684804
CGGAAAAATTGAAAATAGTGTATGAAAATG,..............................,38.068197099538565
TATCGAAAATGTTGTAGAAAAAGAAAAGTA,..............................,37.78688129356553
TCGAAAAGTAAATAGGAGTTTAGAAAAGTA,..............................,37.16496231921978
ATCGAAAAGTATCATCAGTCACGAAAAGGT,..............................,37.067019929355446
ATTGAAAAAGCTAACATAGGATGAAAAGAT,..............................,36.93296348127416
TCGAAAAATATAAAAGGATAGTGAAAAGTA,..............................,36.92303144180116
ACGAAAAAGTTCAAGATATTGTCAAAAAGT,..............................,36.87514660802346
GAATAAAAAAGAATGAATGCTTGAAAAAAA,..............................,36.85065438689389
GCGAAAAGGTCTTTTAGAGTAACGAAAAGT,..............................,36.79659538028107
GCGAAAAGAAAGTTAACAGTTACGAAAAGC,..............................,36.67778944643341
GTCGAAAAAGTGTTTAGATTACAAAAAGAT,..............................,36.63145741703319
GTGAAAAGTATATAGATAGTATCGAAAATC,..............................,36.082670811859586
GAAAAAAGAGAATTCGTAAGTCTGAAAAAA,..............................,36.03474291364535
TGAAAAGGTATACTCAGGATTTCGAAAAGT,..............................,36.01133344818754
GAAAATCCTATAGTGTACTTAGCGTGAAGA,..............................,35.79978808476609
ATGAAAAGTTATAGCGCGATATCGAAAAAT,..............................,35.74685306522552
GATGAAAATGTAGTTTAACTTCGAAAAGGA,..............................,35.692628948420634
TGCTGATGATCTAAACCAAGTGAATTACCG,..............................,35.60577169132347
GAAGAAAAGATAAGTATTAGTTGAAAAATC,..............................,35.54738704518193
TCACAAAAAGATATGTCAATTCGAAAAGTA,..............................,35.41693157759938
TTCAGCCCAGGTCCTTTAGCACATCTCTAA,..............................,35.07351592696255
GAAAAAAGATGTATCCTGATAGCTTGAAAA,..............................,35.00831834833634
CGTAAAAAGTAATAGGTTAGATTCGAAAAG,..............................,34.94227535713825
AAGAAAAGGATATATCAAGTGACGAAAAGT,..............................,34.86864766535782
GAAAAAAGTTAGTTCAACGTATCGAAAAAA,..............................,34.80298480607757
GAAAAGTAATTTGTTCACCAGCTCGAAAAG,..............................,34.63005397840864
GAAAAGCAACGTTTTATAGAGTCGAAAAGG,..............................,34.576075569772094
ATGAAAAGTGTGATGAGTAGCGAAAATTTG,..............................,34.52597551762705
ACGAAGAAGTACCTGTTAAATATGAAAAGT,..............................,34.5046281487405
AACGAAAAATACAAGGTTTGATGAAAAGGT,..............................,34.49387245101959
GAAGAAAAGATAAATAGTATAGAATGAAAA,..............................,34.38895041983207
TATGAAGAAGTATCGAAGATTGAAAAAGTA,..............................,34.38422760849578
GAAAAAATTATGTAAGTATGTAAGTGAAAA,..............................,34.347787965894724
ATCCTGCGAGTATACTGTTCCGAGAAGCCT,..............................,34.27120551779288
AGAAAAAGTATCACATAAGTTCCTGAAAAT,..............................,34.22325129407696
GAAAAGCTGTAAAATGTTCAATGTCGAAAA,..............................,34.204124350259896
GAAAAGGTTGTTGTGTCTATTGTCCGAAAA,..............................,34.17638805347426
GAAAAGTAGTGTGATATAGTAATTCGAAAA,..............................,34.17293682526989
TCCTATAAGCCTATTGAAATGCGAAAAGTA,..............................,34.13448050272979
ATGAAAAGATAATAGATGTATTCGAAGAGT,..............................,34.07738076198092
TACGAAAAGTTAACATTAATACGAAGAGTC,..............................,34.031338349452845
TCGAAAATAGTCCTCCGTTCTCTGAAAAGA,..............................,34.02458529030784
ACCGAATCATGTCACTGTGTAAAAAAAGTT,..............................,33.992019858723175
GAAAAGTTATGAAGTAAACATCACCGAAAA,..............................,33.920820715192185
GCGAAGAGTACTAATAGAGTTATGAAAAGT,..............................,33.91869769143034
GAAAAGTATTACAGTCTTGCCTATCGAAAA,..............................,33.890049980008
TGAAAAGCAATATTCTAAATACACGAAAAA,..............................,33.87405637744902
GAAAAGATATGTTAGTGATACCTACGAAAA,..............................,33.87015793682527
GAAAAGTATCTGACTCTCTAATATCGAAAA,..............................,33.8525649740104
TTACTTATGAGTCAATCCGAGCAGAACTAA,..............................,33.78659336265494
TGCTGTCCTAGATCCACATCGTATTACCCA,..............................,33.77983939757431
GAAAAGTATTCAAAGTATGACTGTCGAAAA,..............................,33.682233106757295
GAAAAGAAAGAGTTTAATCCTGTACGAAAA,..............................,33.6306537385046
GAAAAGAGTGAGTTAGTTCGAATAAAAAAA,..............................,33.61192688142135
TATGAATAGTAGGTCTTCTAACGAAAAGTA,..............................,33.490459770009046
GAAAAAGAAAGAATATTGCTTCACTGAAAA,..............................,33.459092092892575
GAAAAGTGAGTATTTAAAGTCCCCGAAAAA,..............................,33.44760130730317
GAAAAGTTCAATATATGTAAATTGCGAAAA,..............................,33.41464014394242
TAGCAGCTTATATACCCTCTGAACCTCCTA,..............................,33.40878934140629
TCGAAAAGTATAATAAGTAGGCTAAAATGA,..............................,33.40475764532897
GAAGAGTATAAATAGTGTTTAGATGAAAAA,..............................,33.37095761695322
GAAAAGTGTCAATGAATTAGGTAACGAAAA,..............................,33.317479008396646
GTCGAATAACCTTAAGAATGCTAAAAAGAC,..............................,33.3099593495935
GAAGAAAAATCAGTGTCATCTATTCGAAAA,..............................,33.309682127149145
GAAAAGCACTGTGTTGTAATCTGTTGAAAA,..............................,33.27039784086365
GAAGAGTCTTTGTGTCAAAATATGTGAAAA,..............................,33.2260155937625
GAAAAGTAGTATCATCAATGACTCCGAAAA,..............................,33.1069984180241
ACCGAAGAGTAAAATCAATATGAAAAATGT,..............................,33.09673797147808
CCGAAAATATATATGCACATAGGAAAAGTG,..............................,33.061398214907584
ATGAAGAGTATTACGCAGTAGATGAAAAGT,..............................,33.03256550835887
GAAGAGTTCAAAATTAGCCTAAATCGAAAA,..............................,33.027894842063176
GAAAAAACGTTATAATAGAAAGTCTGAAAA,..............................,32.99235716524201
GAAAAGAATATTCTGCGCTAACTTCGAAAA,..............................,32.97561575369852
GAAAAGATATGAACCGTTAACACTCGAAAA,..............................,32.97451619352259
GAAAAGATCATCATCCTGTGTTACCGAAAA,..............................,32.95382447021191
ATCGAAGAATGGACTTAACAATGAAAAGCT,..............................,32.933763161402105
GAAAAGCAAGTTCAATAAGATACTCGAAAA,..............................,32.93023390643742
GAAAAGTAAATTACCCGGAAATGTTGAAAA,..............................,32.92986324389163
GAAAAGCAAGTCTATAAATAATTGTGAAAA,..............................,32.92653538584566
GAAAAAGAACGCGTCTATCTAGTCTGAAAA,..............................,32.92485713822579
GAAAAGTAATTTCCGTGTAAAGAATGAAAA,..............................,32.91793882447021
GAAAAGTTCAAGTCATATGCACAGCGAAAA,..............................,32.91663934426229
GAAGAGCAGTATTCCATGAAATATCGAAAA,..............................,32.91553978408636
GAAAAGGAAATTATATGGTTAAGTCGAAAA,..............................,32.91094162335066
GAAAAGGTAATTAATGATGAAATACGAAAA,..............................,32.89384846061576
TGGAAAAGTTCACAATTGTTATCGAAGAGA,..............................,32.88446806530844
GAAAAGCATAAATGAATATTACAACGAAAA,..............................,32.8774550179928
GAAAAAAAGCCAACTCTGTGTCCTTGAAGA,..............................,32.87536882544279
ACGAAAAGCAAGTTTAATTAGTGAAGAAGT,..............................,32.86510069704837
GAAAAGAAAATGTTTAGGCTATATCGAAGA,..............................,32.856163534586166
GAAAAGTGTTACATAATGTTTGCCCGAAAA,..............................,32.83607157137145
GCGAAAACGTTGTTATTACTGAGGAAAAGT,..............................,32.80282320405171
GAAAAGCCATGTTGTCTAATATCACGAAAA,..............................,32.7369112355058
GAAGAGTAACTGTGATATATGATGCGAAAA,..............................,32.706523390643746
GAAGAGTAAATTGCAAGAATAATTCGAAAA,..............................,32.649146341463414
TGTGAAAACTAACTTAGAAGTGGAAAAGAA,..............................,32.637919680054246
GAAAAATGGCGTTTTGTAGAATCATGAAAA,..............................,32.632314695743325
TCGAAACAGAAAATATTAAAGCGAAAAAGA,..............................,32.59467983313587
GAAAAGCATACAGATTGATAATTGTGAAAA,..............................,32.57517592962815
GAAGAGTTGACAGTTAGTGAAATACGAAAA,..............................,32.566379448220715
GAAGAGATATGTAAGGTTAGTAATTGAAAA,..............................,32.52639544182327
GAAAAGCTAAAATAATTCTGTAGGTGAAAA,..............................,32.52339664134347
GAAAAGTAAGAACTGGTATATTCACGAAAA,..............................,32.514900039984006
TGAAAAGATAGTAGGTATTAATCGAAGATA,..............................,32.50034521675201
GAAAAGATCTTAGTCATAGTGTATCAAAAA,..............................,32.4760155937625
TCACATATAGTATAGCAGAACAATCATGGA,..............................,32.454828068772485
GAAAAGATGACCACCTATGTATATTGAAAA,..............................,32.4416293482607
GAAAAACGTTTAGTGAATCCTTCGTGAAAA,..............................,32.43866242692112
GAAAAGTAAGCATTAATTGGGTTGTGAAAA,..............................,32.393391346164236
GAAAAGAGATATACTTGTATGACATGAAAA,..............................,32.352769756962076
GAAGAGGGAGCTTGTTAATGGAATCGAAAA,..............................,32.33507197121152
GAAAAATAAGATAGTATTGAGTATGAAGAG,..............................,32.32777489004398
CGAAAATGCTAGTTGTTACCTCAAGAAAAG,..............................,32.32760495801679
GAAGAAATATGTTGTAGATACTAGTGAAAA,..............................,32.26759896041583
GCGAAAAAAAACCGGAGATACTTAAAAAGC,..............................,32.222285012262375
GAAAAGCGCTAATACTTCAACTTCCGAAAA,..............................,32.1636366323036
ACGAAGAACATATGATAGATATCGAAGAGT,..............................,32.1071631347461
TTGAAGAAGGTTTATCAGATTCCGAAAAGA,..............................,32.10616371884426
GAAGAGTAATTATCCTATATGCGGCGAAAA,..............................,32.04238904438225
GAAGAAAATTGATATGTGTCCTTGTGAAGA,..............................,32.029493661994664
GAAAAGCAATTAAAAGATTAATAGAGAAGA,..............................,31.87785485805678
GAAGAAAGTAAAGTTCACTAGATTTGAAAA,..............................,31.85527686222808
TAGAAAAGATAGTACCGAGATCGAAGAATA,..............................,31.834071634019203
GAAAAGCATTATTAGTCTTCCCAGCGAAAA,..............................,31.79820838331334
GAAGAGCACTGTCATTAACTGTTACGAAAA,..............................,31.79028988404638
ACGAAGAGATAGTTGGTGTTAGTAAAAAGT,..............................,31.78791129631097
GAAGAGTGTTGTATTTATAGGAAGCGAAAA,..............................,31.774996001599362
GAAGAGATGATGGTTATATAGAAATGAAAA,..............................,31.72171731307477
TGCTAACGTTGACCAGGAGATTACTTACCA,..............................,31.714061708649872
TCGAAGATATGATAGGTAAGATAGAAAAGA,..............................,31.692753046246942
ATCGAATGCAGAACTATAAACCAAAAAGAT,..............................,31.65032986805278
ACGAAAGTACAAAAATCTATGTCCAAAAGT,..............................,31.63271024923364
TAGGAAGTAATAAGGTACATTAGAAAAGTA,..............................,31.606229130467632
GAAAAAGATTGTGTAATTCCATCCTGAAAA,..............................,31.59686725309876
TGAAGAAGTAAGTGTGAATTAGTTGAAAAA,..............................,31.54041950961551
TCAGAAAATATAACTAGTCATGGAAAAGGA,..............................,31.540049150846574
GAAGAAAGAAATCGTTGTATGTGGTGAAAA,..............................,31.532892842862857
GAAGGAAATAGTTTTGAAAATAGTGGAAAA,..............................,31.488810475809675
GAAAAGGGAATAAGTATTAATACATGAAAA,..............................,31.469418232706918
GAAGAGCTTCATTACACAATTCAACGAAAA,..............................,31.44892642942823
GAATAGGGAAGTTGTTGAAAATGCTAAAAA,..............................,31.440995254072284
GAAAAATGTGAATGTTTAGTGAGTAGAAAA,..............................,31.43813074770092
GAAAAGCAATCTATTAACTTAGTCCGAAGA,..............................,31.421937225109957
AAAACTATTCAAGTACTCAAAGGAAAAGGT,..............................,31.404382580301213
GAAGAATAGTAGATCGCTTGTATATGAAAA,..............................,31.398262370727384
GAAGAAAGTCAATATACTCTGAAATGAAAA,..............................,31.384652139144343
GAAAATATGGCGCTTACTCTCCTTTGAAAA,..............................,31.347874417800448
GAAGAAAGTAGATATTATCAAGAATGAAAA,..............................,31.303684526189524
GAATAAGATAGTCCTGTGTACTCTAAAAAA,..............................,31.291715835404972
GAAGAGATGCATGGTTACAGAAATTGAAAA,..............................,31.270997600959618
GAAAACTGAAATGTAACATGTCTGGAAAAG,..............................,31.22920837070577
GAAAAATGCATTATCAAAGTCTCATGAAGA,..............................,31.21159649653652
CGAAAACGGAATTGAATTAAGTCTAAAAAG,..............................,31.154649140343864
GAAGAGCATCATACAAAGTTAACACGAAAA,..............................,31.136351459416233
GAAGAGAAAGTTAGTTTAGTTTGCCGAAGA,..............................,31.127754898040784
GAAGAGAAATTAACGTGTAGGATTTGAAAA,..............................,31.08767093162735
GTGAAAAAGCAGTGAACATTTCGAACTCAT,..............................,31.086973238354428
GAAGAGAATAATACCTGGTAAGTTTGAAGA,..............................,31.05968212714914
GAAAATGAACAAATAATAGTCTGAAGAAAA,..............................,31.055726412137844
GAAGAGGAATCATTAGTAATGGGTTGAAAA,..............................,31.055283886445423
TAAGAGTAAACTGATGGTTATAACGAAAAC,..............................,31.023196721311475
GAAAAGACATTGCTATAATCACGCCGAAAA,..............................,31.023096761295484
GAAAAGTTGACTGAAATATGGGCATGAAGA,..............................,31.018076607194956
GAAGAGTAAAATATGCATAATCTACAAAAA,..............................,30.977614954018392
TGAAGAAAACTCGATGTGTAAGTTAAAAAA,..............................,30.92893442622951
GAGGGAAAAATAGCTTAAGTATTTGGTAAA,..............................,30.923336665333867
GAAAAATCAAGTGTTCCTAAGTTATGAAGA,..............................,30.858562574970012
GAAAAGACACAAATGTATTGGATTCGAAGA,..............................,30.853664534186326
GAAAAACAGATTAAACCAATTTCGTGAAAA,..............................,30.846261549434278
GAAAAAATTCCGCTCGCTGATTATTGAAGA,..............................,30.801020186519985
GAAGAGTAATCACAGTATGTTCTAGGAAAA,..............................,30.769598160735704
GAAAAGCAATAATATAGTTTAAGGGGAAGA,..............................,30.714320271891243
GAAGAAGTTAAGCAGGTGTATTATTGAAAA,..............................,30.68783086765294
GAAAAACTAGAAGTTATTTGTCGGTGAAGA,..............................,30.643753363519455
GAAAAGGTATGATTATAACTCCACAGAAAA,..............................,30.540338125619318
GAAGAAACTACAAGTTATTACAGTCGAAAA,..............................,30.53769092363055
GAAAAGCTAGCAAACTTGTACTCCCGAAAA,..............................,30.53197104941807
GAAGAGCCATGGTATAAAGTAGTGAGAAAA,..............................,30.52579568172731
TGCGAAAATGTATCAGTATGCCAAAGAGAA,..............................,30.488519532279255
GAAGAGCCAAGAATATTATCATGTAGAAAA,..............................,30.46252099160336
CGAATACAACATAAGGTTTATCTGAAAAAG,..............................,30.443328668532587
TGAAAAATGAGTCGTAGTTTGCATGAAGAA,..............................,30.44248080491306
GAAGAGAGGCATAAGAATTTGAATTGAAGA,..............................,30.438030787684927
TACCGAAAACTATCCCAATATAAAGAGCTA,..............................,30.39030054644809
GAAGAGCCTATATATAGTAACCAACGAAGA,..............................,30.339670131947223
GAAGAGCACCAAAATTGTATATTGAGAAAA,..............................,30.32877449020392
GAAAAGTTACCGCATCTCCGTATCCGAAAA,..............................,30.328360601705263
GAAAAATTACAAACTAGGGGCTTATGAAGA,..............................,30.267579508737043
GAACCAAATATGCCTTTAGCCAGATGAAAA,..............................,30.26020191923231
ATAAAAAGAACTGTTAAACCTTCGAACAAT,..............................,30.178153356169055
GAAAAGTAACAAATTGGTTTCGTGCGACAA,..............................,30.001205517792883
GAAGGAATATGGTGTAATAGTTATAGAAAA,..............................,29.91573970411835
GAAAATCGAAACCTCCAGTTTAATAGAAAA,..............................,29.861061575369853
ATCGAATCTTCACCAATTGTCTTAAAGCTC,..............................,29.820301879248298
GAAGAACACATTACTGATCAATGCTGAAAA,..............................,29.76759896041583
GCGAATATTAACTCTGGGGTCTAAAAAGTA,..............................,29.641761461314093
GAAACGGAGAGATTGTATTGAACCTTAAAA,..............................,29.56429376075657
ACCTATAAGTCCCTTCACAAGAAAATAGCT,..............................,29.520075303212046
GAAGAAATAACTACTCCGAGCTTAAGAAAA,..............................,29.43335103796319
GGAGAAAGATAGTGTTTAAGATCGAGTAAC,..............................,29.254904038384645
CGAAATCGAAGTAGTATTAGTTAGCAAAAG,..............................,29.026317139810743
GAAGAACTTGGAAATACATGACATTGAAGA,..............................,28.97312972108454
GTCGAAGAGTAATGTACATACGAACAGGTC,..............................,28.85299494027274
TGAATAAAGGAATCAGAGCTTACTAAAAAT,..............................,28.75557952855724
GAAGGAAGATTATCGAGATTATATGGAAAA,..............................,28.702924830067975
GAAGGAAGTAAAATAATTAATACGGAAGAA,..............................,28.663940423830468
GAAAATCAGCCAATATATCTGTCTTTAAAA,..............................,28.329500686212
GAAACAGTATATAGGTTCCCGTATCAAAAA,..............................,28.107562974810076
GAAGGAGATTATTTGATAAGAAGCGGAAAA,..............................,28.093368652538985
ATCGGATAAGCTAACGGAATTAATCACGCT,..............................,27.35598094095695
GCACTCTAATTGCGAAAAGCATTATAGGCC,((.((.((((.((.....)))))).)))).,0.0
GAGAGCATGTCCTCCATAGTTACACCCTTC,(((........)))................,0.0
TCAGGCACTATCTTTAGCGAGTCACCGTGA,...(((.(((....)))...))).......,0.0
GTGGAACTTATCGTGAACCATAACAGAAAC,((((.((.....))...)))).........,0.0
GAAAAGCTTGTATGGCTCGCATTGTGAAAA,.....(((.....)))((((...))))...,0.0
TATTTGCAACAAAATCTGTTGGACCAACTA,....(.(((((.....))))).).......,0.0
ACCGAAAAACGTATCTTAACCTGAAAAGCT,..............................,0.0
AGCTTAGCAGGCTTAATGCCTCGAACTCTG,........((((.....)))).........,0.0
TACTCTCAACTCTACGGATGTTGATGACTG,...(((((((((....)).))))).))...,0.0
GTGTCACCTGTATCATGTCAACCTGCCATC,..............................,0.0
TTGAAATGCCATACATGTTCGTAGACTCGA,..................(((......))),0.0
CCGAGTTCAAATGCTTAGTGAAGGAACTTG,.(((((((...(((...)))...))))))),0.0
GGTCCTCTTGGTAAGATAACAAGAGAGGGA,..(((((((.((......))..))))))).,0.0
CCTCACTATGGATGTCGTTCCAAAGTTAGC,.((.(((.((((......)))).))).)).,0.0
GCCTTCCTGAATTAGAAGACTTCAGCAAAA,..((((........))))............,0.0
CGAATAAAGCCAATGTACGTGTCTAAAAAG,..............................,0.0
CGTACCAATTACGTAGTTCAATTGAGGACC,((((.....))))..((((......)))).,0.0
GCTTTATTTGGGATATTCCGAACATAGGTC,((((..((((((....))))))...)))).,0.0
TATTCCCGATCCTTTAGCAGCTGGCAATCG,......((((((..........))..)))),0.0
ATAAGCGGATGTTTCGGCATTGCCCCTGAT,....((.((....)).))............,0.0
CCTAACGTTGATTCTTGAGAAACCGATACG,......((((.(((....)))..))))...,0.0
GCTAGGTGAGCCTCTCCTAAATTCAATGTC,..((((.((...)).))))...........,0.0
CAAGGGACAGTAGGTGGGTTCTGTCTTTGT,..((((((((..........))))))))..,0.0
ACCCTAGGTCATCATTGATATGAGTAGCGT,.......((((....))))...........,0.0
TACACTCGGTGTATGCTTAGCACTGAGCTA,....((((((((.......))))))))...,0.0
GACATCCCTAATGGCAATTACGGAGTCCAG,(((.(((.((((....)))).))))))...,0.0
TCTGAGCTAGGGCGTAGATCTACATCGATG,((((.((....)).))))............,0.0
TCGTCACGATTTCCGTAGTAAAGGTGTCCA,.......(((..((........)).)))..,0.0
ACCTATCAACGTCGTCGGCTTTTGGTTTGG,.((.(((((.(((...)))..)))))..)),0.0
CTTAGTAAGCTGTTAACACCCTCGTGAATG,................(((....)))....,0.0
GCACTCTGCTGATATATATCAGGTAGCTGG,.....((((((((....)))).))))....,0.0
CACTAGGAATGGTCTATAGCAAACTTAGGT,..(((((..((........))..)))))..,0.0
GAGCCGTTATCTTCACAACGATCACGAAAA,....(((.(((........))).)))....,0.0
ATTGTTCCCCCAAGCTTTTTGGCGACCGAT,((((.((..((((.....)))).)).)))),0.0
GATCGAGCTATGCGTTTTCCCATGCGGCAT,......(((..((((......)))))))..,0.0
GAGACCATGCTCCCGCTTAAGGCATCTTTC,((((..(((((.........))))).)))),0.0
ACCTTCTTGTGGTTCCCTCCAAGTAAAGCT,..(((....(((......)))....)))..,0.0
TTTGATGGATGAATTGTTCTCAGTCACGTA,..((((.((.(((...))))).))))....,0.0
CCAAGCTGGGATATTTTAGCTCTCCACCGA,...(((((((....))))))).........,0.0
GGAGCTTGCGGATACTTATCCTCTACCTGC,(.((...(.((((....)))).)...)).),0.0
AGCGATACGTATTGCTAAAACTGTGTCCCT,((((((....))))))..............,0.0
TCGAATTAAGCTCTAGTTCCCTAAAAAAGA,..((((((.....))))))...........,0.0
GCACTATGGTGTTCACTGGGTCTAATGTTC,((((....))))..................,0.0
GGGAATTGGAGTACCTTCAGATATGGTCCT,((((.((((((...))))))......)))),0.0
ACAAGTTCACGCCCCTTAACGATAACTTCT,..(((((..((........))..)))))..,0.0
CGGGAACGCTGTTTCTTCAATGCGGTTAGG,.......(((((.........)))))....,0.0
TAAAGCCTTGATGATTAAAGATACGCTGAA,...((((((........)))....)))...,0.0
TCTCTGTCTGCCTCTTGAAGCCTGTTAGTA,..............................,0.0
CTGATCAAAGAGATATCTACCTGACCTCAC,.........(((...((.....)).)))..,0.0
GCTAAGCTCGCGATTAAATCCCGATATTGT,.......(((.(((...))).)))......,0.0
CAGCTCTGGTAAGCTTACTTCACTAGCTCG,.((((..((((((....))).)))))))..,0.0
AGCGCTGAATTGATCCTAAGTCGAGATGGT,...(((...(((((.....)))))...))),0.0
GAAAAGCATGCTGGCATCATTAGCGAAAAT,.........(((((.....)))))......,0.0
CTGAGTCACACAATAATTAGTTTGGGGAAT,.....((...(((........)))..))..,0.0
TTGTAACTCAACTCCGAGTTGATCTTGACA,...((((((......)))))).........,0.0
GTCTTATGCGATAGGCTTTCCGTCTAACAC,...........(((((.....)))))....,0.0
CTAGCGGACTTAGACTAATTCTCTGCGATG,...(((((.............)))))....,0.0
GAAGAAATTGTTGAGTGCACAGTTGAAAAG,.....((((((.......))))))......,0.0
TATCTTGGGGAGGTATAGGCTGCCTTAGAT,.((((.(((.((.......)).))).)))),0.0
TGTGAAGAGCAAGTTTGTCTTTGAAAAGTA,...(((((.((....)))))))........,0.0
AGTGCCATTCCAAGGGTATTGAATGCCCGT,.............((((((...))))))..,0.0
GAAGATGTATTTGCTCTGCAGCACAGAAAA,..............((((.....))))...,0.0
CTTTCTACTCTTAAGATAGCCTAGTAAGTG,(((.(((..((......))..))).)))..,0.0
GCAACCAAGTGATGGGTCACATTTGCTTCC,((((....((((....))))..))))....,0.0
GAAGGGCCAAGATCCATTCTAGTGCAAAAA,.....(((.(((.....))).).)).....,0.0
ACTGTGTGCTACATCACTTGCACCGCACCT,..(((((((..........))).))))...,0.0
CGTGCTAAATGGCAAGCTCTCCTTTATCAG,..((((....))))................,0.0
GAGCTGGATGATGGGTTATACGTCTACCGA,....(((..((((.......))))..))).,0.0
CCCATTGTTTGTCGCTGATAAAACCTTGGC,.(((..(((((((...))).))))..))).,0.0
GAAAATCATCATATAAAATTTGAAAGAAGA,..............................,0.0
CGGTGTCACGAAACGTAAAAGTGTATAAAG,..(((.(((...........))))))....,0.0
GTGTGGACTTGGATTGACCAACTCAGAATC,.....((.((((.....)))).))......,0.0
GCCCTTGTATAGCTTTAGGTAGAACTAGCC,...........(((..((......))))).,0.0
AGCCCACCTTACCTTAGGGTTTGCTGCCCT,(((..((((((...))))))..))).....,0.0
TGCTTTCGAATAGTTGTGCTAACGGAACCG,.(.(((((..((((...)))).))))).).,0.0
GAGGAAGTAGCTTAGCGTTTTAACGGAAAA,...............(((....))).....,0.0
TACCAATCAGGATCTAATCATTGAGTGCTA,...((.(((((((...))).)))).))...,0.0
CCCAATCGTCACCCGTTATGGTGTGTATTG,..((((((.((((......)))))).)))),0.0
AGTGGTGATCCTGTCTAGCATCTCATACAT,.((((.(((.((....)).)))))))....,0.0
CCCTCAATTGTGTCAACTCTTTGTGTTGTG,.............((((.......))))..,0.0
CAGAAGGAATTTTGTGCAAGTACTTCCTGA,....(((((....(((....))))))))..,0.0
CCTTTAGGGCTACAGTTGTTGACCTTAAGC,..((((((((.((....)).).))))))).,0.0
CCCGTCGAATATAGCCTGATATTCTTAGGC,.............((((((.....)))))),0.0
TATGCGAAAATATATGACTTGAAGAGATTA,..............................,0.0
TTATCTACTTGGGAGCAACAACTAGCATAT,.((((((.(((.......))).))).))).,0.0
TGGTCTACGCGAATAGATTACTCCCGTTCA,(((((((......)))))))..........,0.0
GGCTGCATGTAAGTCTTGTTTCCTCACCCC,((((.......))))...............,0.0
GCCTTGATTTAGCCAAGTACTAGGTCAAGT,..((((((((((.......)))))))))).,0.0
CTAGTCTAGAATAGTCCATATTAAGTCTAC,.(((.((..((((.....)))).)).))).,0.0
TGCCTCTGAGTAAACATTGTGTTCAAGCCT,.((...((((((.......)))))).))..,0.0
CCTGAATCTAGAGACGTCTAACTTAAGATG,.....((((.(((........))).)))).,0.0
GAAAAGTTGCAAGAATTACTGCTAAGAAAA,........(((........)))........,0.0
TGCTCGGATGCGATCTTAGTTATCTGACCT,...((((((((.......).)))))))...,0.0
CCTAATGATTTGCGCGTAGATTATATTAGC,....((((((((....))))))))......,0.0
TGCGAACATCTCTTGTACCGATCTGAGCTA,.((..(.(((.........))).)..))..,0.0
TACTGCAATGAAGTGCGAAAAGTTGAGTTA,...((((......)))).............,0.0
CCCAATACGGGATCTTCACCCTGTAATGCG,..((.((((((........)))))).))..,0.0
GAAAAATATTCCAACGGGTTTATCTGAAGA,..............(((......)))....,0.0
TGTGCTGTGCTATTTGATGCGTCACCACGT,.(((.(((((........))).)).)))..,0.0
GCAGACTCTTTTTAGCGCTACTTAGGCTCC,.............(((.((....)))))..,0.0
ACAAGACCCACTACCATCTAGTGGAGTTTT,..(((((((((((.....)))))).))))),0.0
GTCCAGAAGAGAAAACTTTCAAAAATGCAC,........((((....))))..........,0.0
CAATGTTTAAATGTTGGTCTGTGGGCCACG,..............(((((....)))))..,0.0
ACTCGAATCGTTTATCGTCAGAAAGAGACT,.(((...((...........))..)))...,0.0
AGCAAAGGTTAGGATGTCCTCTAGTTTCCC,..........(((....)))..........,0.0
TACCTTCCGCTGACCAGTGTGGAAGCTGTG,...(((((((........))))))).....,0.0
ACCTACCGTATGTAATTAATATGTTTAGCT,..(((.(((((.......)))))..)))..,0.0
AACTTCCACTTACGCAGTCAGTGTCACCTT,......((((.((...)).)))).......,0.0
GCACGTCTATAGACAAATCTTACACGTCGT,(.((((.((.(((....))))).)))))..,0.0
ATCGGTTCGAAGTGGTTAGAAAAGAAGTAT,.((..(((..........)))..)).....,0.0
TCTTTAAAAGCTAGAAACTACGAACAGAGA,(((((....(.(((...))))....))))),0.0
TGCCACAGGATTCTATTCGAACACAGTCCA,.......(((((............))))).,0.0
CTAGCTGCCGGGCTCGTTATATAGGCACCT,..((.((((..............)))).)),0.0
CTGATGATCTGTTCGGAAGTGCTCTATCAT,((((........))))..............,0.0
CCCACTTATCGTATCATATACGAGACTGGC,.(((....((((((...))))))...))).,0.0
ACTAATCCAATTCCGTCGAGTTGCCTTAGG,.((((..((((((....))))))..)))).,0.0
ATCACCACAGTACGCGGTTTATGCCCTGGT,.......(((...(((.....))).)))..,0.0
GAGCCAATTATACGTATTGAAACGTTGTGA,.......((((((((......))).))))),0.0
CTGCGAAAGGTATATTTGTGCCAAGAGCAC,.(((....(((((....)))))....))).,0.0
CCAAAGCTTGGTATAAACACAATTCTTGCG,((((...))))...................,0.0
CAACTGAAAGCATTAATCCTTTTAACTGTG,....((((((........))))))......,0.0
CATGCACTAGGCTCCAGAGTCTAGTTCTTC,.....((((((((....)))))))).....,0.0
CGAGAATAGTCTCCTTGTGTCTGAAAAAAG,.((((....)))).................,0.0
TATCTTGAACGGTGTCAAACAAAATAGCTA,....((((......))))............,0.0
CCACTGTATTAGCTATTTCGAAGTCAGTGC,.(((((..((..........))..))))).,0.0
GCCATATCCCTTAGGGGGGTCCAGATCATA,.....((((((...))))))..........,0.0
GTCAACCAAACTAAGCTATGTTGGTTCCGC,...((((((.(........)))))))....,0.0
CTCTATCATTGAAGTGTTCAAGGAGTACTG,((((....(((((...))))))))).....,0.0
GCGTAAGTATTGTTGTGACTAGACGTACCC,((((.(((((....)).)))..))))....,0.0
ATGTGTCCCATACCCCGTAAGCGATTCTAT,..(.(((.(.(((...))).).))).)...,0.0
CAATGAAGGTAGTATTTAGAGGAAAAGATG,..............................,0.0
ACCCCGGGGTTGTATGTGTACTCCTGGTCT,..((.(((((.........))))).))...,0.0
ACCTCATAGTGTTAGATGGACTAATGTGCT,......((((.(.....).)))).......,0.0
ACTAACAGTGAATGACAATTGACGGATACT,.......((.(((....))).)).......,0.0
TACTGTTGTAATACAAGCACCTGTGCGTTA,(((....)))......(((....)))....,0.0
TATCACCTAGATATGAAAGCCCTACGTATA,((((.....)))).................,0.0
CTACCAAATCGTTCAGAATAGTTTGCTATG,.................((((....)))).,0.0
TAACACCTTATGTAAATACTAAGCTGGGTT,...((.((((.((....)))))).))....,0.0
