Sequences,Secondary structure,Scores
GAAAAGGGATCCTTTTTAGGTCTCCGAAAA,.....((((.(((....)))))))......,100.10761233155239
GAAAAGCACCTTTAGGTTCTAATGCGAAAA,....((.(((....))).))..........,89.4341734577728
GACGAAAAGTCTATTAATTAGCGAAAAGAA,(((.....)))...................,88.8364244483362
CGAAAAGCATTATGCAATTAATCCGAAAAG,......(((...)))...............,87.7890540090139
CGAAAAGCTTAGCTATTCTCTCGCGAAAAG,.(((.(((...))).)))............,86.69067806955675
CGAAAAGTGCATCCTTTGTTTCACGAAAAG,..............(((((...)))))...,83.73406269216841
CGAAAAGATCAGATCTTTCTCATCGAAAAG,......(((.(((....))).)))......,83.37353137712451
GAAAAGTATATAACAATCGTTTAGCGAAAA,................((((...))))...,83.3575786539085
TGAAAAGCCTCTCAATCGTTATGCGAAAAA,...............((((...))))....,78.03373310006864
CGAAAAGTCATACTCGTTAGCTACGAAAAG,.............((((.....))))....,77.93895696479798
CACGAAAAGTCAATTCCATTGCGAAAAGCG,....................((.....)).,77.70022037003793
GCGAAAAGCTTAGTTAATCATGCGAAAAGT,((.....)).....................,77.26496646231507
CGAAAAGGATTACTTTGCGACTCCGAAAAG,((.((((.....)))).))...........,76.80204277988915
GAAAAGCTATTATATGCAATTTTGCGAAAA,...............(((....))).....,74.95890311677121
GAAAAGATCTTAGATCAATCTAGTCGAAAA,.....((((...))))..............,74.53496137877673
GAAAAGCATTAAGTTATCGTTCTGCGAAAA,................((((...))))...,74.04000252982271
GAAAAGCATTAAGTAATCGTTCTGCGAAAA,................((((...))))...,73.9877691276061
GAAAAGCTATCATTCCTCGTAATGCGAAAA,................((((...))))...,73.94378797581629
GAAAAGGATTGAAAGTTTACTTTCCGAAAA,..........(((((....)))))......,73.594910824089
CGAAAAGAATCGCTTCTTAGCTTTGAAAAG,...........(((....))).........,73.56442875689167
GAAAAGATCGCTTTAGGCCAATATCGAAAA,.........(((...)))............,72.96017358479222
CGAAAAGCACTTACAGTCCTAAGCGAAAAG,((...((.(((...))).))...)).....,72.68016629014811
GAAAAGCATTTGCAGGGTTAATATCGAAAA,.....((....)).................,72.59063136612696
GAAAAGCTATCGTATTATGAATCGCGAAAA,.........((((..........))))...,72.44148491633928
GCGAAAAGCATTATGTATTAAGCGAAAAGT,((..((.(((...))).))..)).......,72.41710343316514
GAAAAGTGGCATTTGCATCTCTCTCGAAAA,........((....))..............,72.36079460604967
CGAAAAGGGTCACTTGTAGTACTCGAAAAG,......((((.(((...)))))))......,72.34723372211566
GTGAGGAATTACACTTAGTGTCAGGAAAGC,((((....))))..................,72.09797364018443
TACGAAAAGCAATTTAGTTGCGAAAAGATA,........(((((...))))).........,72.07717508192218
CGAAAAGAATCTTCTTTGTGAGCCGAAAAG,...(((((....))))).............,72.00616450653793
GAAAAGATTCTATGAAGTCGTTATCGAAAA,.................(((....)))...,71.82591009531704
GAAAAGATGCATCATTTGCTACATCGAAAA,........(((.....)))...........,71.77782320945958
GAAAAGGTATCGAAAAGTCGTCCCGATGCT,.....(((((((...........))))))),71.72959174929612
GAAAAGGCATAGCTTCTTAGCATTCGAAAA,...........(((....))).........,71.68011635525325
GGGATGGGAATTAATAGTTCCCGGAAAAGT,.....(((((((...)))))))........,71.46277145305422
CTAGGTGTCCATTACCTATTTTGGTCTATG,.((((((.....))))))............,71.3910657499218
GAAAAGCATACCACCGTATTATTGCGAAAA,..............((((....))))....,71.36032830320838
GAAAAGGGATTATTCCCCATATCACGAAAA,.....((((....)))).............,71.1088307060018
CGAAAAGCAAATCTCGTTATCCGCGAAAAG,.............((((.....))))....,70.99301647166035
GAAAAGCATTTTATGCAGTGAATCGAAAAG,.....((((...))))..............,70.80909004093488
CTAGGTGTCCAACCAGATAAATTGGTCTAT,...(((.....)))((((......))))..,70.5726499231512
GAAAAGCTTATGCTATATGTTCAGCGAAAA,....(((....)))................,70.55239522162552
GAAAAGCAAGAGTATCTCGTTCCGCGAAAA,................((((...))))...,70.49961269398315
GCGAAAAGCACAACTTATAAGCGAAAAGTC,((.....)).....................,70.48905529678034
TGCGAAAAGCGTTACTTAACCGAAAAGCTA,.((.....))....................,70.28123532913813
GAAAAGCCCTAGTTTCTAATACTGCGAAAA,.......(.((((.......)))).)....,70.27318669019732
GAAAAGGTGCTTCATTTGAATCTGCGAAAA,.......((((((....)))...)))....,70.25543965427286
GCGAAAAGCGTATATTTCCGAGCGAAAAGG,((.....)).....................,70.2532396797844
GAAAAGTCTTCTTTCCATAGTAGCCGAAAA,(.((((....)))).)..............,70.13082046409089
GCGAAAAGCTTTCTTCTAAATGCGAAAAGT,((.....)).....................,70.08957589462818
GAAAAGAGGTCTTCCAAATATCATCGAAAA,.......((....))...............,70.03846685796405
CGAAAAGGATCAGTCTTTTGTGCCGAAAAG,......((..(((....)))..))......,69.96740760020184
TGCGAAAAGAGTTATTAAAGCGAAAAGCCG,...................((.....))..,69.93626279398087
GAAAAGTGTTACACTCGTCTGAACCGAAAA,((..((((...))))..))...........,69.90005183426001
CGAAAAGCGCGTCTTCTTGCTTGCGAAAAG,((..(((((.(....).))))).)).....,69.81368572886505
GCGAAAAGCTTTCCTATGAATCCGAAAAGT,((.....)).....................,69.78430852765419
GAAAAGGTTATCCAATATGTATTCCGAAAA,.....((....)).................,69.78244478793349
GAAAAGTAAACATCCCTCGTTATACGAAAA,................((((...))))...,69.77223321994464
CGAAAAGTTATGCTTTATGCCATCGAAAAG,...(((((...)))))..............,69.75646518643688
TGCGAAAAGCCTTTATACTGCGAAAAGAAG,.((.....))....................,69.69727822104228
GAAAAGCATGTACTTTTGTAACAGCGAAAA,.....((.(((((....)).))))).....,69.6867301081484
GAAAAGGTTATCCGTTGATTCTTCCGAAAA,.....((....)).................,69.67375698758042
CTAGGTGTCCGGGTACCTGAACTGGTCTAT,.((((((......))))))...........,69.6403945131323
GAAAAGCTCCAATAATTCGTTATGCGAAAA,...............(((((...)))))..,69.62450264856997
TGAAAAGGATGTATGCAATTATGCGAAAAA,..............(((....)))......,69.59966932455822
CGAAAAGTAATTGATCGTATCTGCGAAAAG,..............((((....))))....,69.5625256076228
GCGAAAAGCCTTTATTTAAGTCGAAAAGTC,((.....)).....................,69.51565174400048
GAAAAGCATTCAATTTGTGCCGTGCGAAAA,.....((((.......))))..........,69.33967922474726
GAAAAGCTTATTACAGTCGTTGTGCGAAAA,................((((...))))...,69.1432516668363
CGAAAAGTGTAGCTTATGGCCAATGAAAAG,...........(((...)))..........,69.12840919121342
GAGGGAATTTCACTTCTGTGTGAGGAAAAG,........(((((......)))))......,69.10521646876403
GAAAAGCATATACTTGCATAGTCGCGAAAA,.....(((......))).............,68.84115197406535
CGTGAAAAGTTCTTAGTTTAGCGAAAAGCG,....................((.....)).,68.82629628803141
GCGAAAAGCAGTTATTAAGTGTGAAAAGAC,((.....)).....................,68.79576017480971
ATGCGAAAAGCAAACAATGTGAAAAGTTAT,.(((.....)))..................,68.73357995404241
GAAAAGCATATTTATCCCGTCGTGCGAAAA,.....((((............)))).....,68.4434231364587
CGAAAAGCTTCTCTTATGTATTGCGAAAAG,......((....(....)....))......,68.4145375912116
CGAAAAGGATCTTCCATAGCTGACGAAAAG,......(((...)))...............,68.40578921395095
GAAAAGCATTATCTCCAGCTCCTGCGAAAA,.................((....)).....,68.39675376365517
GAAAAGATTCTTATCTGTTAGTATCGAAAA,....((((....))))..............,68.28515202735093
GAAAAGTATCTGAACTTAGTTCAACGAAAA,..........(((((...))))).......,68.23566454874639
GAAAAGCTGGTTCTTCGGTTACTGCGAAAA,....((((((....))))))..........,67.85173222024468
GAAAAGCATTCAATCGTATTATAGCGAAAA,.............((((......))))...,67.82289005188387
GAAAAGTACAGTCTTTTGTACGTACGAAAA,.....((((((....)))))).........,67.70207435368148
AGGGAGGAGTTCTTTTAGTCTCCGGAAAAG,..(((((...........))))).......,67.69896111315134
CGAAAAGAATTTAGTTCATCTGCGAAAAGG,......((((...)))).............,67.66570817095763
GCGAAAAGCTGATTAATTATCCGTGAAAAG,((.....)).....................,67.65148516162662
GAAAAGGTGCCTTTTGGCTTAATCGAAAAG,........(((....)))............,67.61623184018805
ACGAAAAGCCTCTCTTGCCTAGCGAAAAGT,..............((((...)))).....,67.60235016557229
GCGAAAAGCTCCGTATTATATGCGAAAAGA,((.....))..(((((...)))))......,67.58414424939663
GCGAAGTAATGCATTTCGTGCTAGAAAAGT,(((((((.....)))))))...........,67.47125474354266
GAAAAGAAGCTTGGGTTATTCCTTCGAAAA,............(((....)))........,67.2912918565831
GAAAAGAAAGTCTTTAGACTACCTCGAAAA,........((((....))))..........,67.23512313553601
CCGAAAAGGTATTCAATATAGCGAAAAGCG,((.....))...........((.....)).,67.23220229083863
GCGAAAAGGGTTCTTTAGGTACCGAAAAGT,........(((.((...)).))).......,67.13066764049186
GAAAAGTCTCTATCTTTAGAGCAACGAAAA,.....(.(((((....))))))........,67.12865458055495
GAAAAGAAGCATTTAAATTGCCCTCGAAAA,........(((.......))).........,67.0549986064703
GAAAAGTTGTCTCTTGACTTAAGCGAAAAG,........(((....)))............,67.02556431771623
GAAAAGATTCGTTCATTTTGAACTCGAAAA,..........(((((...))))).......,66.88493288465808
GAAAAGCAGATTATACGGTTTATGCGAAAA,.....(((..............))).....,66.84688183333404
GAAAAGCTACCATTCCTCGTAATGCGAAAA,................((((...))))...,66.72270912732888
AAAACATGCAAATGTGTCCCGCAGTGGCTT,.......((...((((...))))...))..,66.62821928428613
AAATACATGAAACATGTGTGTCCGTAGGCT,..(((((((...)))))))(((....))).,66.612725751826
GAAAAGTGTCGCATTCTTTGCTATCGAAAA,..........(((.....))).........,66.57083553818501
GAAAAGCTATATATGGTCGTAATGCGAAAA,................((((...))))...,66.56820280863562
GAAAAGGTTTCCTATGTCAATGTCCGAAAA,....(((...))).................,66.56618937739421
GAAAAGTAGCATTCTTTGCATATACGAAAA,........(((.....)))...........,66.55960414883714
GAAAATGTGGGCCATTATGGCCTACGAGAA,......((((((((...)))))))).....,66.54058057361564
TGAAAAGCAACTATTGTCTCGTGCGAAAAG,......(((((....))....)))......,66.53151199497651
GAAAAGATTCGGCTTATGCTACATCGAAAA,.....(((..(((....)))..))).....,66.52473471939534
GCGAAAAGATTACCTTGGTTACCGAAAAGT,..............((((...)))).....,66.52200757256534
CTGAAAAAATCGTCTTAGTGGCTGAAAAGG,...........(((.....)))........,66.48862121026646
CGAAAACGTCTTAGACTAAAAAAGGAAAAG,.......(((...)))..............,66.42644866860228
TAGGAAAAGCAATCGATTTGCGAAGGAATT,........((((.....)))).........,66.38354709150155
CGAAAAGTGATGTCTTCATCGTGCGAAAAG,........((((....))))..........,66.32210330538713
GTGAAGGAAACACCTTGTCTGTGGAAAAGC,...((((.....))))..............,66.32078344962663
GAAAAGAGTATACCACATCGTTCTCGAAAA,.................(((....)))...,66.28529855824128
GAAAAGCTTAAATCACTCGTTCAGCGAAAA,................((((...))))...,66.24219660343852
CGAAAAGATTACCTTGGTTACCGAAAAGTG,.............((((...))))......,66.23746786525206
CGAAAAGGATTAAGGGTATCTGCCGAAAAG,..............(((....)))......,66.16399110262653
GAAAAGGGTGTGCTTAGCAGGCCACGAAAA,......(((.(((...))).))).......,66.15032475817219
GAAAAGCAATTTATACGAACAATGCGAAAA,.....(((..............))).....,66.04737647109921
GAAAAGCCAACTACCGGATATTTGCGAAAA,..............((.(....).))....,66.03952040821237
ATAGGAAAAGCAATTTTTGCGAGGGATAAT,.........((((...))))..........,65.95668596144542
GAAAAGTTGTGCTTTCTAGCCTATGAAAAG,..........(((....)))..........,65.9306327531902
GAAAAGCATTAGAACATTACACTGCGAAAA,.....(((..............))).....,65.86014169748039
GAAAAGCCATACGGTTCTATTGAGCGAAAA,.............((((....)))).....,65.8329074100205
TGATCGAAAAGATCCGGATTGAAAAGTTCA,.((((.....)))).(((((....))))).,65.80243210901588
GAAAAGGTTATCCTTATAATCAGCCGAAAA,...((((....))))...............,65.71399585070395
GAAAAGGGAGTTTTCTTCCGATCCCGAAAA,.....(((((....)))))...........,65.65953660526733
GAAAAGATTCAACCTCTTGGTCATCGAAAA,.....(((...(((....))).))).....,65.64970352204332
ACCGAAAAGCATAACAGTTTGCGAAAAGTT,........(((........)))........,65.64670290328014
AAAACATGTTCAATGTGTCCCTCGTGGCTT,...((((.....))))(((......)))..,65.60535642877545
CGAAAAGGCTAATTATTGGCACCCGAAAAG,.......(((((...)))))..........,65.59391450954087
GAAGGAATTGACTACTATGTCATGGTAAAG,........((((......))))........,65.55714448932957
TGAAGGAATTGCCTACTAGTCAAGGGAAAG,........((.(((........))).))..,65.5536026441425
CGAAAAGCGGTTTTACTGTTAGTCGAAAAG,(((..((((((...))))))..))).....,65.54723645725655
CGAGGGAGTTAATCTTTAGTGTCGGAAAAG,(((.((((.....)))...).)))......,65.52601052760436
AAAAGGAACAACTCTTATTGGCCGAAAAGT,....((..(((......))).)).......,65.4196980454564
GCGAAAAGTCCAGTTTAATTGGCGAAAAGT,((.....(.(((((...)))))).....)),65.39275905776341
TCGAAAAGTGCTCGTTAAAGTGCGAAAAGT,...........((((......)))).....,65.3774427444792
TGAAAAGCCATTATGGTAGAATGCGAAAAA,......((((...)))).............,65.32037687291142
GAAAAGCAATCTCTTAGAACTGTGCGAAAA,.....(((...((...))....))).....,65.30714736005993
GAAAAGCTGTTACAGCTTTAGTAGCGAAAA,..(((((((...)))))))...........,65.30252006402895
TTAGGTGTCCAGTGCTAGGTAGTGGTCTAT,......(.(((.(((...))).))).)...,65.294098216836
CGAAAAGCATAAACTCGTGTCCGCGAAAAG,..............((((....))))....,65.2883389093032
ATGAAAAGGTATTCCTGGACTCCGAAAAGT,......(((....)))..............,65.28581743006423
CGAAGAGGTTACGTCTTCAAGCCCGAAAAG,.(((((.(...).)))))............,65.23962429434556
GCCCGAAAAGCATTACTATTGCGAAAAGTA,.........(((.......)))........,65.20224361611439
ATGAAAAGCTAATTGACTTATGCGAAAAGT,.......(((..(((.(....))))..))),65.2021356781192
TGCGAAAAGCCGATTCATTAGCGAAGATCA,.((.....))....................,65.03382292313552
GAAAAGCGATTATCGCTTGATTCGCGAAAA,(((((((((...))))))..))).......,64.95190662364195
CGAAAAGGATGTGTTATAGGTTCGAAAAGG,......((((.((...)).)))).......,64.92069160635518
GAAAAGCATCTACTCTTGTCTTGCGAAAAG,.....(((...((....))..)))......,64.91562748843847
GAAAAGTAATCTGGCTTGCTTGTGCGAAAA,...............((((....))))...,64.91238541799807
GAAAAGCCTCTTAGCATTCATGCGCGAAAA,.............(((....))).......,64.88380042771787
GAAAAGCTTTCCTTTCTTGAGTAGCGAAAA,.....(((...(((....))).))).....,64.8238183348915
GTATTGAAAAGTCTCTAGTCGAAAAGATAT,.................(((.....)))..,64.812487540104
CGAAAAGCGTTTAACGTTAATACCGAAAAG,.....(((((...)))))............,64.79879838164517
CCTAGGTGTCCATGGAGTTAATGGTCTATG,..........((((((.(....).)))))),64.78167319541356
GAAAAGGATGCTCTTGCTTCAAACCGAAAA,......((.((....)).))..........,64.72917133261267
GAAAAGAGGTCATTCCTATTCCATCGAAAA,......(((.....))).............,64.70203720303483
GAAAAGCACTTAGCTCTTAGCCCGCGAAAA,....(((.....)))...............,64.69703111837623
TGAAAAATGCCACTTTGTGTACTGAAAAGG,............((((.........)))).,64.69504794548496
CGAAAAGCTAAAGCACTTTCTTGCGAAAAG,............(((......)))......,64.67958420396988
CGAAAAGCAACTCGTTTTCCTGCGAAAAGG,...........((((......)))).....,64.64694357821605
GAAAAGGGTTATCTCATATATCAACGAAAA,.....(((....)))...............,64.64015060752085
GAAAAGCGATTACATTATGTATGCGAAAAG,......((..((((...))))..)).....,64.58013988150148
GAAAAGATGAGTATCTTATCTCGGCGAAAA,....(((((((...))))))).........,64.57009848015181
GAAAAGCACTTGCATATCAACGTTCGAAAA,.....((....)).................,64.56861633863619
GAAAAGGTAGTCATCTTGACTGCTCGAAAA,.....((((((((...))))))))......,64.56203526931986
CGAAAAGGTTACCTGTTTGTAGTCGAAAAG,((((.(((...))).))))...........,64.5261383774357
ACGAAAAGCATTCCTATAATTGCGAAAAGT,.......(((..........))).......,64.52333632681808
CGAAAAGGATTGCTCTTGCTTCCCGAAAAG,......(((..((....)).))).......,64.4806134632086
CGAAAAGTAGTACCCCGTTTTAACGAAAAG,...............(((....))).....,64.4804635732464
CGAAAAGACCGGACTCGTTTAACGAAAAGG,........((....((((...))))...)),64.48032565265004
CGAAAAGCACTAGCAATTTTATGCGAAAAG,............(((......)))......,64.45114174344592
GAAAAGCTATAGATCTTTGATCGTCGAAAA,...........((((...))))........,64.42928905608179
AGAACAGGGATTATTCGTGTTCCCGAAAAG,.(((((.(((...))).)))))........,64.4200746103648
GAAAAGATGTTACATCCAGGAAATCGAAAA,.....((((...))))..............,64.37934155124464
GAAAAGTAGTCTTTTTAGACTGAGCGAAAA,......((((((....))))))........,64.33376470019854
TGAAAAGCAGTCCTTAGGATTCGAAAAGTG,........(((((...))))).........,64.30720233684721
GAAAAGGAGTCGATTATTGATTCTGAAAAG,.....((((((((...))))))))......,64.29477308455913
GAAAAGCCATCGTTTCGATGGTAGCGAAAA,.....(((((((...)))))))........,64.21931830974299
GAAAAGGATTTAACGCATGTGCCCCGAAAA,..............((....))........,64.20323009888935
GAAAAGGCTTTAGGCATGGTTAACCGAAAA,......(((...)))..((....)).....,64.18568888400065
CGAAAAGCGGATCTGTTACGGAGCGAAAAG,.......((..((((...)))).)).....,64.15240650692269
GAAAAGCTCTTGTTATAATCCGTGCGAAAA,....(((....)))................,64.1440495443329
GAAAAGTTTTCTTTAATTATAGCGCGAAAA,..((((....))))................,64.01879414807517
GAAAAGCTTATGTTACATCTAGTGCGAAAA,....(((....)))................,64.00360212771011
GAAAAGGGGTTGTCTTTAGTTCCACGAAAA,.....(((((((....))))))).......,63.99573249511562
CGAAAAGGACTGAATTTGGTTTCCGAAAAG,..............(((((...)))))...,63.98637740102296
ATTGAAAAGAGATCTCGTCTACGAAAAGAT,..............(((....)))......,63.98310827583332
GAAAAGCAATATTGGTTATACCTGTGAAAA,.............(((...)))........,63.94807603645948
GAAAAGTATAGTCTTCTTGACGCACGAAAA,..........(((.....))).........,63.942797255305514
CGAAAAGTCAATGATTTAGTCAGCGAAAAG,.......((..((((...))))..))....,63.848446909266784
GAAAAGCTGCATTCTTGTGTAGTCGAAAAG,.....(((((((....))))))).......,63.847005121224825
CGAAAAGATGCTTTTTAAGAGTACGAAAAG,........((((((...)))))).......,63.846511141126925
CGAAAAGGCACTACTCGTATTAACGAAAAG,..............((((....))))....,63.8282214732036
GAAAAGGGGTTACCTGTTATCTTCCGAAAA,((.((.(((...))).)).)).........,63.81184355090925
CGAGGAATATACACGTGCCTTATAGGAAAG,.((((.((......)).)))).........,63.80790141592198
GAAAAGAAGCTTTATTGCACTTCGAAAAGT,........((......))............,63.789907386086284
TGCGAAAAGGTCTTCATATCCCGAAAAGGA,....................((.....)).,63.78461391707349
TCGAAAAGCACCTATAATTTGCGAAAAGTA,.......(((.........)))........,63.77824090671426
GTAGGAATGTAGAATTTGTTTACAGGGAAA,.......((((((.....))))))......,63.75628759130044
GAAAAGGAATCTACTTTGTTGTTGCGAAAA,..............(((((....)))))..,63.752504190241325
GAAAAGCACTTGACTTAGTTAGGCGAAAAG,......(.((((((...)))))).).....,63.74216993547519
GAGGAATGAGGCATTAGCTATATCAGGAAA,......((((((....)))...))).....,63.69173460643898
GAAAAGGCATTATGCTTTTTGCGCCGAAAA,.((((((((...))))))))..........,63.662084590806316
CCGAAAAGATTATCTATCGGTAACCGAAAA,((((..(((...))).))))..........,63.6561001849934
GGGAAAAGATTTATGAATCGAAGGGTGCTC,.......((((....))))...........,63.617771204677986
GAAAAGAATTAGGTTTTAACCCTCGAAAAG,...........(((....))).........,63.607963678839255
GAAAAGCTAAATACGTGCATTATGCGAAAA,...............((((...))))....,63.55017473050476
GAAAAGCGTCCTTCACTTTGTATGCGAAAA,.....((((.(........).)))).....,63.538789857760186
AAAAAGTAGGGATTTAGTCCTCACGAAAAG,.....((.(((((...))))).))......,63.50621521771458
CGAAAAGCTATCGTTATGTAATGCGAAAAG,..........((((........))))....,63.5055529156316
AAAAGGGATGATTTGTGTGATCCCGAAAAG,....(((((.((....)).)))))......,63.49710444017187
CGAAAAGCATATTTGACTCATTGCGAAAAG,......(((............)))......,63.4818997190695
CGAAAAGCATAATGAGAGGATTGCGAAAAG,......(((............)))......,63.44769108599476
GAAAAGTTATTAGGTTTACCGTTACGAAAA,............((....))..........,63.445344195058205
CGAAAAGGATGGTCATTTTGACGCGAAAAG,...........((((...))))........,63.4443766810343
GAAGAGGCTGCTTTTGTACCTCGCCGAAAA,...((((.(((....)))))))........,63.43571310372248
CGAAAAGGCAGTGATTATCATACCGAAAAG,......((..((((...)))).))......,63.42453268532059
GAAAAGAGTTATCTCTATGTGCCTCGAAAA,....((((....))))..............,63.381594838631614
CCGAAAAGGAAACTCTTAATATCGAAAAGG,((.....)).....................,63.366854690935256
CATTAGGTGTCCATCAGTAATGGTCTATCG,.....((((.((((.....)))).).))).,63.33507698480706
CCGAAAAGGTATCATAATTAGCGAAAAGTG,((.....)).....................,63.314470005713474
GAAAAGATAGCATTTAATGCTCCACGAAAA,........(((((...))))).........,63.299602833928574
CTAGGTGTCTGTCGGTATTCGATGGTCTAT,......(.((((((.....)))))).)...,63.29067062471947
ACGAAAAGCACAATATATTTTGCGAAAAGG,.......(((..........))).......,63.27538428962032
GAAAAGCATATCCATTTTGGCCTGTGAAAA,......((((.(((...)))..))))....,63.24321952941484
GCCGAAAAGGCTAGTTTGTTCCGAAAAGGG,(((.....))).........((.....)).,63.21712456456743
GAAAAGTCATATTGCTTAGCAATACGAAAA,......((.((((((...)))))).))...,63.194022499560184
CGAAAAGGTTATCGTTTTAGTGCTGAAAAG,..((((.(....).))))............,63.14491279051433
TAGGGAAAGTAAATATGTTTGCGAAGGAAA,........(((((....)))))........,63.14301119822021
GAAAAGAGGAGATTTTTAGATCCACGAAAA,.......(((..(....)..))).......,63.11715494729341
GTGAAAAGGCCTTTTATAAGGCTGAAAAGC,((.....((((((....)))))).....)),63.09382434603283
CTAGGTGTCCATCTGGTTATGCTGGTCTAT,(((((((.((....)).))).)))).....,63.08951857292474
CGAAAAGGGTTTTACCTCGGTCGCGAAAAG,(((...((((...))))...))).......,63.087877583220816
TGAAAAGTTCTTGCTCCTAAAGTCGAAAAA,.....(((....)))...............,63.06686703759435
GCGAAAAGGCTCCTTTATTAGACGAAAAGT,((......))....................,63.03148137386101
GAAAAGCGAACCCTTTTGTTTATGCGAAAA,.............((((((....)))))).,63.02859114698209
GAAAAGCAATTTTAACTCGTAGTGCGAAAA,................((((...))))...,63.016731465636525
GAAAAGTTATTGCTTGCCCTATACCGAAAA,...((((....))))...............,62.97543071679005
GAAAAGTGGGTGCATTATGGACCATGAAAA,........(((.((...)).))).......,62.96607436836946
CGAAAAGATTGTTATCGATCTAGCGAAAAG,.....((((((....)))))).........,62.938689247257294
GAAAAGTATCTACCTTTAGGTTATCGAAAA,...........(((....))).........,62.932173677300966
GAAAAGTGATTCTTATGGCCATCCCGAAAA,.....((.((....)).))...........,62.91607403227357
CATGAAAAGCACGTTCTTCTGCGAAAAGGG,........(((........)))........,62.90820219559224
TTAGGTGTCCAACGCTTCGTGTAGGTCTAT,......(.((.((((...)))).)).)...,62.89409821683601
GAAAAGTCGGTCATTATTGGCCTTCGAAAA,........(((((....)))))........,62.88666126792715
CGAAAAGTATATATCCATTGGAACGAAAAG,.............(((...)))........,62.87633209276686
CCTAGGTGTCCAAGCTGCTTCTGGTCTATG,.(((((.((.......)).)))))......,62.866620353368425
GAAAAGCTAGTTATCGTTAGATGCGAAAAG,.............((((.....))))....,62.846866159958495
GAAAAGCATTCATACTACGTATCGCGAAAA,.................(((...)))....,62.84552843130024
GAAAAGTCAAACAGTTCTCGTTGTCGAAAA,.................(((....)))...,62.81716523725654
GAAAAGATTTCTTAGAATTCAATCGAAAAG,.....((.(((...))).))..........,62.81320325973576
GTAATTAAGATCGAAGTGAAAAGATCATTC,........((((..........))))....,62.78987275275326
AGCGAAAAGCAAGGTATCTAGTGAAAAGTT,.((.....))....................,62.77947518832833
CGAAAAGATTCCCTTATGGTTACCGAAAAG,...........((....))...........,62.773510053253545
TCTAGGTGTCCATCGCAAGATAGGTCTATT,.......(.(((((....))).)).)....,62.71494940221161
GAAAAGCGTTAGCATTATGTTTCGCGAAAA,.....(((..((((...)))).))).....,62.70872433245032
CGAAAAAGGTATTCTCGTAAAAGCGAAAAG,..............((((....))))....,62.690296592502094
TCGAAAAGGTATCCAGTTCTCACGAAAAGA,..(((..((...))..)))...........,62.669366335652306
GAAAAGTTTGATCTTTAGGATCTGCGAAAA,.....((..(((((...))))).)).....,62.66126959052984
GAAAAGTGGTCTTAGATCATTACCCGAAAA,....(((((((...))))))).........,62.648974070533384
CGAAAAGCTCGTTCTATGATTTGCGAAAAG,........((((..........))))....,62.641501011254995
GTCGCGATCGAAGTGAAAAGATCATTTAAC,.....((((..........)))).......,62.637488704845765
CTAGGCTGTCCGATCATCCGATTGGTCTAT,.......(.((((((....)))))).)...,62.62551781123761
CCATTGTAGATCGAAGTGAAAAGATCAGTT,........((((..........))))....,62.62194487007934
CGTGAAAAGCTTTGTTTTAAGCGAAAAGGG,(((..(((((...)))))..))).......,62.58192383170506
CGAAAAGCTTGCTCTTTTGGTAGCGAAAAG,........(((((((...)).)))))....,62.57544830797231
GAAAAGTATGCAACTTGTGTTGTGCGAAAA,.........(((((....))))).......,62.5753740521594
CCGAAAAGGTCATTAAATTACCGAAAAGCG,((.....)).....................,62.545564685703496
GAAAAGGCATGACGCCTCGTCATACGAAAA,((..((((.....))))..)).........,62.54524546075423
GAAAAGCACTCGTTAGATATTGCGAAAAGT,.........((((........)))).....,62.539893368382224
CGAAAAGCACTAATTCATCTTTGCGAAAAG,......(((............)))......,62.493153258324554
GAAAAGAACGTATTTAATGCGTATCGAAAA,.....((((((((...)))))).)).....,62.49292866929123
CGAAAAGCACCTCATTATCTTTGCGAAAAG,......(((............)))......,62.48618480292403
CGAAAAGCTCTTCTTGGAGGTCGCGAAAAG,((.....((((....))))....)).....,62.485902408986135
GAAAAGCTTTATGAGCTCGCTCAGCGAAAA,.....((((...))))((((...))))...,62.48337714645466
CGAAAAGTAATTCTTAGGGTTAACGAAAAG,.......((((((...))))))........,62.465400650474194
ATGAAAAGGACTCCTTTGGTTCCGAAAAGT,.......(((..((...)).))).......,62.45294742614152
GAAAAGCATTATGTGTAGCAAAGCGAAAAG,.....((((...))))..............,62.43347917824528
GAAAAGGTAAGGTTCTTTAGGCACCGAAAA,..........(((.((...)).))).....,62.40221998623554
CGAAAAGCACGTCTGTTCAATTGCGAAAAG,......(((............)))......,62.40025204260456
CTAGGCTGTCCAGACTTATGTGTGGTCTAT,.......(.(((.((....)).))).)...,62.37358979067205
GAAAAAGCATATTTGTAATATCCTGAAAAG,......(((....)))..............,62.36208587208899
GAAAAGGCTTATCTTTAAGATGCCCGAAAA,.....(((..((((...)))))))......,62.35640352454697
GAAAAGTTAGCATTAAGTTGCGTCCGAAAA,.........(((......))).........,62.33791771222565
GAAAAGAGCTTATGTTTATGTGCACGAAAA,.....((((....)))).............,62.33361629996199
GAAAAGGCATTGCTTAGTACTGCTGAAAAG,.....((((.(((...))).))))......,62.33087403950996
ACGAAAAGTCTTCCGTATCAAGCGAAAAGT,.............(((.....)))......,62.28990294175308
GAAAAGGTTTAGCTTTGTCCGTACCGAAAA,((.(((((...))))).))...........,62.28579571450727
GAAAAGACGTATTTTAGGTACGGTCGAAAA,.....((((((((...))))).))).....,62.283396095141384
GAAAAGGCTTAGCTTTTGCGTTGGTGAAAA,..((((((...)))))).............,62.27155519778665
GAAAAGAGTTACGATTTCGTTGCTCGAAAA,.....((((.(((....))).)))).....,62.27053181225088
TATGAAAAGTGTTAATACCGAAAAGGAAGT,.................((.....))....,62.26820631866492
GAAAAGAGTTTACCTTTAGGGTATCGAAAA,..........(((((...))))).......,62.221273337896655
CTAGGTGTCCATTGTGTGCCGTTGGTCTAT,......(.(((.((.....)).))).)...,62.21247391901633
GAAAAGTAGCGATGTATTATGCTTCGAAAA,.........(((.(((...))).)))....,62.207018131649676
GAAAAGCGAGACTTAGTCTTATCGTGAAAA,.......(((((...)))))..........,62.20033995709372
GAAAAGAATCCTATTATAGGAGTACGAAAA,........(((((...))))).........,62.17426791061985
GCCGAAAAGCACATATCCATTCGAAAAGGT,((......))....................,62.17257490964378
CATTCGAAAAGTGTATCATACGAAAAGTAG,..................(((.....))).,62.152940903335896
CGAAAAGGTGTTATCCCTTTGACCGAAAAG,...(((((.(....))))))..........,62.115195470304705
GAAAAGATATTCTGTTCCGCAATCGAAAAG,(((.(((...))).))).............,62.110839857110754
GAAAAGAACCTTATGGTCTTGTTCGAAAAG,(((((((.((....)))))).)))......,62.110321397909544
GAAAAGAGTCACGTTATTGCGTCTCGAAAA,.....(((..((((....))))))).....,62.108062809548564
CGAAAAGCTTTATAGTTTCGCTGCGAAAAG,.(..(((((....)))))..).........,62.1078860866294
GAAAAGTAAAGAATTTAGTTCTCACGAAAA,.........(((((...)))))........,62.07442570957481
GAAACGGTATCGAAAAGTCGTCCCGATGCT,.....(((((((...........))))))),62.06609478924389
TACGAAAAGTAAGCAAATTGTCGAAAAGTA,(((.....)))...................,62.06373283586401
AAAAGCTGTTTAAAGGCTGTCCTCTGGCTT,...((((.......))))(((....)))..,62.058941118864
GAAAAGCGAGGTGTTTTCACTTTGCGAAAA,.....((((((((....)))))))).....,62.052541730342675
AAAAGTACTAAACTCGTTGTATGCGAAAAG,.............((((.....))))....,62.049622676337485
GAAAAGTTTGCATCTTCTGATGCTCGAAAA,.........(((((....))))).......,62.0484201463162
CTAGGTGTCCGGCGTATTAGTTAGGTCTAT,..........(((.((.....)).)))...,62.03503890045021
GAAAAGAACTCACTCTTGTGATAGCGAAAA,.........((((....)))).........,62.03203235923695
GAAAAGCTCTACTCTTGTAATGCGCGAAAA,.....((..(((....)))..)).......,62.027522357967925
GAAAAGGATATTTAGTGTCTTATACGAAAA,....(((((((...))))))).........,62.02108493859524
GAAAAGCAATTCTATTAGCATTGGCGAAAA,.................((....)).....,62.01733812429258
CGAAAAGTCACTGTCTTCAGAATCGAAAAG,..........(((....)))..........,62.00005003498835
GAAAAGTTGGGATCTTTGGTCCTGCGAAAA,........((((((...)))))).......,61.99980430876835
GAAAAGGGATCAGTCTTTTGTTCCCGAAAA,.....((((.(((....))).)))).....,61.99368883646954
GAAAAGCCATTATTGGTCATAGAGCGAAAA,.....((((....)))).............,61.944241328135554
GAAAAGCATTCTGCATCGATTCTGCGAAAA,.....(((...))).(((......)))...,61.943705879957875
CGAAAAGCAACTAGTCGTTTATGCGAAAAG,..........((..((((....))))..)),61.93650758127171
TAATACGAAAAGTAATTGCGAAAAGAAGTA,...(((.....)))................,61.936234694214534
CGAAAAGAGTATCGTTACATTCGCGAAAAG,...........((((.......))))....,61.93587599502587
CGAAAAGAATTGCTTTAGTTTGCCGAAAAG,...........((........)).......,61.932120699608795
GAAAAGTCATCACCTTGTGTTATACGAAAA,..............(((((...)))))...,61.931351521322625
GAAAAGAATTACTTGGGTTTAATCCGAAAA,............((((((...))))))...,61.93081193169217
CGAAAAGGCTTCATGTATTATGCTGAAAAG,.........((((.(((...)))))))...,61.92841128412594
CGAAAAGGGTTATTCTGTAGTCGCGAAAAG,(((...(((....)))....))).......,61.92354444809213
GAAAAGTATCTGCCTTTAGGCTATCGAAAA,...........(((....))).........,61.91130469899587
CGAAAAGCATTGTAGTTTTATTGCGAAAAG,.........(((((((...)))))))....,61.89965648304309
TACGAAAAGTATGGTGAATGTCGAAAAGTA,(((.....)))...................,61.876006292361225
CGAAAAGCGTCAATCTTTTTCCGCGAAAAG,......(((..((....))..)))......,61.873754814586505
GAAAAGTGATTCGCATAGCTTGCACGAAAA,............(((.....))).......,61.86740872864732
TACGAAAAGTATTCATGTAGACGAAAAGTA,(((.....)))...................,61.8581222105602
GAAAAGGCTCTTGGTATTATTGCCGAAAAG,..........((((((....))))))....,61.85113266273855
CGAAAAGCTCGTCAAACTTAATGCGAAAAG,........((((..........))))....,61.85078996750706
TCTAGGCGTCCAGTCGGTCACTGGTCTATT,.......(.(((((.....))))).)....,61.84111335536785
GAAAAGTTGACTATTGTCTGAAACGAAAAG,........(((....)))............,61.82970325018598
CGAAAAGCTGCACTTTTGTGTCCGAAAAGG,.........((((....)))).........,61.826881594352926
GAAAAAGTATACCATTATGGTGTATGAAAA,......((((((((...)))))))).....,61.82413532120522
GAAAAGTCGTTTCCTTATGGATGACGAAAA,......((((((((....))).)))))...,61.798428992046
GCGAAAAGAGATTTATATAGAGCGAAAAGT,((...................)).......,61.79525791191592
GAAAAGATGGGAGTTTATATTCCGCGAAAA,.........(((((....))))).......,61.790696938732886
CGAAAAATGGGGGCTTTAAGTCATGAAAAG,...........((((...))))........,61.77903539370695
TGAGGGAAAAGTTATGATAACGAAGGTTCA,((((......((((...)))).....)))),61.76215958705676
GAAAAGCATGAACCTACATTTTGCGAAAAG,.....(((.............)))......,61.7590187997107
GAAAAGCGAGGTTTCCTCCTTTAGCGAAAA,..((((.((((...))))))))........,61.757681926142354
CTAGGCGTCCGTGATGCTTCAATGGTCTAT,..(((((((...)))))))...........,61.74871118455951
GAAAAGCATTAATCATCAACTTGCGAAAAG,.....(((.............)))......,61.742018449096264
GAAAAGCAGCTCTTGTACCTATGCGAAAAG,.....(((.............)))......,61.727113949448636
GAAAAGCTACACTAAGTCTATTGGCGAAAA,...............(((....))).....,61.68926180374038
GAAAAGCGACATCTTATGTACTTGCGAAAA,.....((((...(....)...)))).....,61.68286395943171
GAAAAGGATCCTGCTTAGTACTTCCGAAAA,.....(((...(((...)))..))).....,61.6725406873566
GAAAAGCGGTGACATGTCTATTGGCGAAAA,...............(((....))).....,61.67071547768253
AAAAGCATCTTGTTTAGCAACTGCGAAAAG,....(((..((((...)))).)))......,61.640478268622076
GAAAAGGTTATCCAGTTCGCTCACCGAAAA,(((..((....))..)))............,61.63793713382191
TGAAAAGTGCATATTCTTCTGCCCGAAAAG,........(((........)))........,61.60370001981241
GCACGAAAAGGAATGTCATACGAAAAGTAA,..................(((.....))).,61.59339709290329
TGAAAAGAATACTTAGTACGCTTCGAAAAG,....(((..(((...)))..))).......,61.58428695640335
ATGAAAAGGCTGCTTTTGTATCCGAAAAGT,.......((.(((....))).)).......,61.58257189735191
GAAAAGGATGCGCTCTATGCTATACGAAAA,...........((.....))..........,61.57865158737785
GAAAAGTTGTGTTCTTACGCTATACGAAAA,........((((....))))..........,61.56587624466863
GAAAAGGGGTATGCTTAGCATTTTCGAAAA,......(((.((((...)))).))).....,61.50974834208147
CGAAAAGCCTTATAGCATATAGCCGAAAAG,......((......))..............,61.47898975640376
CGAATGAAAAGTTCGTAACGAACCGTTAAG,(((((.....)))))(((((...)))))..,61.473344767510966
GAAAAGCTAGATTGTTACATTCAGCGAAAA,.....(((.((.((...)).))))).....,61.47230781032893
GAAAAGCTTTTGTTGTTGCTCATGCGAAAA,....(((....))).((((....))))...,61.469159245505836
ATCGAAAAGCAGTTATTACTAGCGAAAAGT,........(((((....))).)).......,61.44075600067046
GAAAAGCAATTTTATGGCCATGCGAAAAGT,.....(((............))).......,61.43848022488075
CGAAAAGGAAGTTTTTAGCGACCCGAAAAG,......((..(((...)))..)).......,61.42865314509448
GAAAAGCTTAGATTTGTATCGTCGCGAAAA,.....((...(((....)))...)).....,61.37899990702361
AAAAGTAAGCTTTAAGTCTGCGTCGAAAAG,....(((.(((...))).))).........,61.377466207032775
CGAAAAAGCGTTCTTATGGTCTGCGAAAAG,.......(((.((....))..)))......,61.37688378749563
CGAAAAGCACCGATCTTTCGGATTGAAAAG,.........((((....)))).........,61.37390001366451
GAAAAGCATTTTTAAAATGTTATGCGAAAA,....(((((((...))))))).........,61.36780083594622
GAAAAGCAAGCGTTTCTCTTGCTGCGAAAA,....((((((.(...).)))))).......,61.35776455279905
GAAAAGCCAACATGTTATATGTCCGAAAAG,.........(((((...)))))........,61.34572571525495
GAAAAGACCTTATGGTGATATCGTCGAAAA,((....(((....)))....))........,61.3441998410357
CGAAAAGCATTATAGCAGTCATGTGAAAAG,......((......))..............,61.32762952578261
GAAAAGATTCAGGTTACCTGTACTCGAAAA,.....((..((((...))))...)).....,61.323015031746706
CGAAAAGCGTTTATCTTCAGCAGCGAAAAG,......((...........)).........,61.31714154719914
GAAAAGCACCCAATCTCATTTGCGAAAAGT,.....(((............))).......,61.31138606043852
GAAAAGCGGTTGTTTAGCTACCAGTGAAAA,.......(((.((...)).)))........,61.294253731592775
GAAAAGAAATGGCCAAATCGTATTCGAAAA,.................(((....)))...,61.28308817907409
CGAAAAGTTCTGTATCAGTTCTGCGAAAAG,.....((..(((...)))..))........,61.28157775689023
GAAAAGCCGTAATATTTATCGCAGCGAAAA,.....((.((((...)))).))........,61.2768474424436
GAAAAGTCAGCATATCTTTATGCTCGAAAA,......((((((((....)))))).))...,61.26703704384069
GAAAAGGGTGTTATATCCGGTTCCCGAAGA,(((..(((((...)))))..))).......,61.26673511764087
GAAAAGCATGCTTTCTAGTTTGTGCGAAAA,.....(((((((....)))..)))).....,61.24730397340515
TGCGAAAAGCACTTTTGGTAGCGAAAAGTA,.((.....))((((((.(...).)))))).,61.225741526422205
CGAAAAGTTTATAACCGTGTTACGAAAAGG,...............(((...)))......,61.21995251263234
GAAAAGAGGCGTCATTTTGGGCTTCGAAAA,.....(((((.(((...)))))))).....,61.19596223736062
TGAAAAGCACATCTTATATCCTGCGAAAAG,......(((............)))......,61.194556887177455
CGAAAAGTGCAATATCGTTGATACGAAAAG,..............((((....))))....,61.17560762436314
GAAAAGTGCTGGATTATTTGGCCACGAAAA,.....((((((((...))))).))).....,61.1747294639216
TTAGGTGTCCATGTCCCATCTTTGGTCTAT,...............(((....))).....,61.15138661062825
CAAGAAAAGCATAATCATTTGCGAAAACTG,........(((........)))........,61.14761246524176
GAAAAGGTATCTATTATAGACCCCCGAAAA,.....((..((((...))))..))......,61.12682635224784
GAAAAGATGTTTCTTAAACTCTATCGAAAA,...((((....))))...............,61.12398431780231
GAAAAGCGGTGATCGTAGTTTCTGCGAAAA,............((((((...))))))...,61.120633046378614
GAAAAGCATTGTCTTTTGTTTATGCGAAAA,.....((((...(....)...)))).....,61.11496311761954
AAAAGCAGTTCTTCTTTAGGAAGCGAAAAG,..........(((((...))))).......,61.08195043579198
GAAAAGCATGATCTCTCGTAACTGCGAAAA,...............((((....))))...,61.06464569349009
ATTAGGTGTCCACGGGCAAGTAGGTCTATT,......((((....))))............,61.06292617075393
GAAAAGGTAGCTTAGTGCAATGTCCGAAAA,.........((.....))............,61.045099284361484
GAAAAGGTCTGTCTTCAGTACTCCCGAAAA,....((..(((....)))..))........,61.04214147411622
GAAGAGCCATTATGGTCATGTCGCGAAAAG,((...((((...))))....))........,61.03829274365442
GAAAAGACACCCTCTTGGTGTGTACGAAAA,......((((((....)).)))).......,61.0367122549614
GCGAAAAGGTCTTTCTTAGCTCCGAAAAGA,((...((((....)))).))..........,61.02689387637114
GAAAAGCATAGATTTTGTCTGTAGCGAAAA,.....((((((((...)))))).)).....,61.021358968621506
GAAAAGGGCATTACTTAGTAACTCCGAAAA,......((..((((...))))..)).....,61.0200939927255
CGAAAAGCGTCCACACTCGATTCCGAAAAG,................(((....)))....,61.00246100334209
GAAAAGGAATGTTTTAGATGTTTCCGAAAA,.....((((((((...))))))))......,60.992789658737195
GAAAAGCAATTATAATATGCCTGCGAAAAG,.....(((.............)))......,60.99149964216137
GAAAAGCATACTCTAGGCTAATTGCGAAAA,................((.....)).....,60.97034673170033
GAAAAGAGACTTATGTTGAAGGTTCGAAAA,(((....(((....))).....))).....,60.96224713058817
GAAAAGCAGATTACTATCGACACGCGAAAA,.....(..(((....)))..).........,60.95165177622522
AGCGAAAAGCGGTTATTGTAGCGAAAAGTT,.((.....)).((((...))))........,60.94534394403028
CGAAAAGTCTCGCATACTCGACACGAAAAG,......((.(((......))).))......,60.94303376836362
GAAAAGGTGAGCATTATGTCTCTACGAAAA,......(((((((...)).))).)).....,60.93579232364179
GAAGAGCGTGATTTAGTCTAGCTGCGAAAA,....(((..(((...)))..))).......,60.93387381759935
GAAAAGCTGTTTTTAATCGTAACGCGAAAA,................((((...))))...,60.93017198734172
CGAAAAGCTCATGCTCCACTTATCGAAAAG,.....(((....)))...............,60.92497946006792
GAAAAGCATTAATTAGTAGTCTGCGAAAAG,.....(((.............)))......,60.912786968669536
GAAAAGCTGGTATTCTGGTGTCCACGAAAA,.....(((((....)))))...........,60.910539686721705
GAAAAGCCTCGTTTAATCGTCTGCGAAAAG,........((((..........))))....,60.909610951520065
GAAAAGCATCACTATTTTAGGTAGCGAAAA,........((.(((((...))))).))...,60.90214288388162
GAAAAGCATCTTTAGTCAACCTGCGAAAAG,.....(((.............)))......,60.89796541863012
GAAAAGAGGATTTCCTGCGGTACTCGAAAA,......(((....)))..............,60.885569243479
GAAAAGGGTTATAGCATATCTTGCCGAAGA,.............(((.....)))......,60.88322430060009
GAAAAGCAATCTTAGTCACTATGCGAAAAG,.....(((.............)))......,60.87917167908772
TGAAAAGGATGTTTTTAAGGTCCGAAAATG,......((((.((...)).)))).......,60.878836116075206
CTAGGCGTCCCAAGTAACGCAGAGGTCTAT,((..((((........))))..))......,60.86544925939528
GAAAAGATAACCGGTTTCCGGCATCGAAAA,.....(((..((((...)))).))).....,60.85200779844746
GAAAAGAGATAACTTTAAGTGACTCGAAAA,.....(((...(((...)))..))).....,60.82786620707995
GAAAAGCATACTATTCCACACTGCGAAAAG,.....(((.............)))......,60.82040555483607
GAAAAGCAATTTCTTGAACCGTGCGAAAAG,.....(((.............)))......,60.81837735731918
GAAGAGTGTTGTTACAGCTACTACGAAAAG,....(((((((...)))).)))........,60.80538902291467
GAAAAGCGCTCAGATTTTCTGAGGTGAAAA,.....((.((((((...)))))))).....,60.793726238483316
CTAGGTGTCCTCCAGCTATTGAAGGTCTAT,......(.(((.((.....)).))).)...,60.790765835611595
GAAAAGGCATCCACTTGCATGATCCGAAAA,......(((......)))............,60.78999338281949
CTAGGTGTCCGTCGTTCTAGTGTGGTCTAT,(((((..........)))))..........,60.78414867860883
CGAAAAACGATACGCACTTTAAGTGAAAAG,..............((((...)))).....,60.77762530143235
GAAAAGCAGGCATTTAGTGATAAGCGAAAA,.....((...(((...)))....)).....,60.776470594174825
GAAAAGGCATACACCGTTATTTGACGAAAA,..............((((....))))....,60.76879911186036
CGAAAAGTGGGTTACCTTATAGACGAAAAG,........((....))..............,60.76874409314063
GAAAAGGTAGGATTCTTGTCATCCCGAAAA,.....((...(((....)))...)).....,60.76643145403621
CGAAAAGTTTGCTTCTTAGTTCACGAAAAG,......((..(((....)))..))......,60.75453037302238
GAAAAGCATATGGTTTCCTCTTGCGAAAAA,.....(((...((...))...)))......,60.7492972388753
GAAAAGGATTATTCCTTGATTTCCGACAAG,...(((((....))))).............,60.74289730278332
GAAAAGTCACTGTCTTCAGAATCGAAAAGG,.........(((....)))...........,60.73898794074104
GAAAAGGTTGTTGCCTTACTACTCCGAAAA,...(((((....))))).............,60.71070895146326
GAAAAGGTATTCTGCGTCTGCTTCCGAAAA,.............((....)).........,60.70871151062755
CGAAAAGAGTCGTTATCGGTCCTCGAAAAG,(((...((.(((....))))).))).....,60.702638642254925
GAAAAGCGTGAGGCTCTTGTCTCGTGAAAA,......((((((((....))))))))....,60.69793491495733
CTAGGTTTCCGAATAGAAAAGGTTGCTTAG,((((((..((..........))..)))))),60.69185123978183
GAAAAGCGTTTACTTTGTAGTATGCGAAAA,......(((.((((....)))).)))....,60.68658444451442
CTAGGTGTCCATTGAATAGCAAAGGTCTAC,......(.((.(((.....))).)).)...,60.680778213027565
GAAAAGTTAGCACTTAATTGCGTTCGAAAA,.........(((......))).........,60.6776460809784
GAAAAGTGCGCTATTATGGTATCACGAAAA,.....(((.((((...))))..))).....,60.643924332084964
GAAAAGGTAGTATTTTATGCTTACGAAAAG,.....(..(((((...)))))..)......,60.62857377292086
GAAAAGCAGTGTTATACGGTTTCGCGAAAA,(..((((.(((...))).))))..).....,60.59484648915579
GAAAAGCTCGTCAAACTTAATGCGAAAAGG,.......((((..........)))).....,60.58972787325976
GAAAAGATAGTTACTATGTGTCATCGAAAA,((..(.((((...)))).).))........,60.58961218755308
CGAAAAGAACTTCTTGGGTCATTCGAAAAG,((((..((.((....)).)).)))).....,60.57976996854575
GAAAAGGTGATGCACTTATGTGCACGAAAA,..........(((((....)))))......,60.57946606066219
GAAAAGCTGTTAGCCTTAATAACCCGAAAA,.....(((...)))................,60.57820151998676
GAAAAGTGAGTACTTTTGGTATCACGAAAA,.....((((.((((...)))))))).....,60.56454407503696
GAAAAGTATTGCTTCTTAGCGAAACGAAAA,.....((.(((((....))))).)).....,60.547852715640516
GAAAAGCCGGATTTTATCTGTTGCGAAAAG,.....(((((((...)))))..))......,60.53697522405672
GAAAAGTATGGCCTTATGGTTTTACGAAAA,.....(((.((((....)))).))).....,60.535148494885945
GAAAAGTGTACTGCCTATTGGTTCCGAAAA,............(((....)))........,60.53480575720617
GCCTAGGTGTCCACTAAATACTGGTCTCTT,....(((.(.(((........))).).))),60.52802185770052
AGCGAAAAGCATTCTAATTGTGAAAAGTGG,.((.....))....................,60.52700487907245
GAAAAGAACAGGATCTTGTCCACTCGAAAA,..........((((...)))).........,60.505397409627676
GAAAAGATGTAACCTGATTATCAGCGAAAA,.............((((...))))......,60.47724224191121
CCGAAAAGGTTACTATTAAAACGAAAACAG,((.....)).....................,60.468795544693066
GAAAAGGTATTACCATATGACATCCGAAAA,.....(((...)))................,60.41939886243661
GAAAAGTCCTTAGTTTAGCTAAAACGAAAA,.........(((((...)))))........,60.41667603921873
GAAAAGTCCTTTTATAAGGGTACGAAAAGT,......(((((....)))))..........,60.4128500332704
GAAAAGTATTGGGTCTTCCTTATGCGAAAA,.....((((.(((....))).)))).....,60.40896195428526
GAAAAGGATTGGTTTCTACCCGCCCGAAAA,.....((...(((....)))...)).....,60.39842601902233
GAAAAGTATGCTATCTCGCTTCCGAAAAGT,.........((......))...........,60.39813255516546
GAAAAGTTTGTCTATCTTAGGTAACGAAAA,......(((((.((((...)))))))))..,60.3894997299123
GAAAAGTTTCTCCTTAGGTGAGTACGAAAA,.....(((((.((...)).))).)).....,60.38191085202334
GAAAAGTAACTTAGTTAGCTGGTTCGAAAA,(((.((((((...))).)))..))).....,60.37809985447372
GAAAAGATTCCAGTTTATGCTGGTCGAAAA,.........(((((....))))).......,60.36683488638749
GAAAAGGCCGAATTATTTTGAGCCCGAAAA,.....(((((((....)))).)))......,60.351339581189166
GAAAAGTTGTTATCAGCTATACTACGAAAA,....(((((....)))))............,60.339870848070404
GAAAAGTAGCATGTTTATGCCGTCCGAAAA,........((((....))))..........,60.337937628317995
GAAAAGCATAGTGTTCTGCAATCGCGAAAA,.....(((........)))...........,60.327870412406675
GAAAAGGCGGTATTTAATACATCCCGAAAA,.....((..((((...))))..))......,60.32274949056934
CGAAAAGCCTTAAGCAATCATGATGAAAAG,......((.....))...............,60.313909139295106
CGAAAAGCATTGATCCGCATATGTGAAAAG,...............(((....))).....,60.30551539540326
GAAAAGAATTGATCGTTTAGCAATCGAAAA,........(((((.((...)).)))))...,60.303857120328324
GAAGAGAGAAATCGTTATCGTTGTCGAAAA,.................(((....)))...,60.29852789924216
TGAAAAGTCGTAATGTATTACCGCGAAAAG,.......((((...........))))....,60.27772911563137
GAAAAGCAGCTATTTTGTAGCTCACGAAAA,.......((((((...))))))........,60.27747568443452
CGAAAAGTGGCAGGTTTTATCAGCGAAAAG,.......(.((.(((...))).)).)....,60.27656166212851
GAAAAGTTGTCTTTACCTAAGCTCCGAAAA,..((((....))))................,60.25211283243756
GCGAAAAGAGTACTACTAAGTTCGAAAAGT,.((((...(((...)))...))))......,60.23549758201701
GAAAAGTGCTATGATCTTCTCTCACGAAAA,((.(((..(...)..))).)).........,60.23160361961067
GAAAAGTGTGCACTTAGTTCATATCGAAAA,.....(((((.((...)).)))))......,60.226054635128314
TGAAAAGCATCTCTTATGAGAATCGAAAAA,.........((((....)))).........,60.217673568395185
GAAAAGGGATCTTTCTCTGAATCACGAAAA,((..(((((....)))))...)).......,60.19729781617591
GAAAAGCTTATTTTAAGTTAACGCGAAAAG,....((((((...))))))...........,60.19677315871174
GAAAAGTTGGCCTTTTGGCCTTACCGAAAA,........((((....))))..........,60.17795037141317
GAAAAGTGTTCTTTGTACAAGTACCGAAAA,..((((....))))................,60.17619607135157
GAAAAGTGCCAGGATATTTATCCCCGAAAA,...........((((....)))).......,60.168763644298636
GAAAAGGTGATACTTTTGGTTCGCCGAAAA,.....(((((..(....)..))))).....,60.16521410314361
GAAAAGTTAATCCTTAGGTGTGATCGAAAA,.....((((..((...))..))))......,60.1508620516349
GAAAAGCTATTATGTCGTATCCAGCGAAAA,..............((((.....))))...,60.140215348991305
GAAAAGCGTTTAGATTTTCTAAGCCGAAAA,.......(((((((...)))))))......,60.13811232656701
TCGAAAAGCTAGTTTCGTATTGCGAAAAGA,............((((((...))))))...,60.135344788764286
GAAAAGCAATCTCTTTTGTACTTGCGAAAA,.....((((...(....)...)))).....,60.13174086091402
CGAAAAGGCAGTTTCTTCCACAACGAAAAG,.((((......))))...............,60.11699037751505
AAAAGTATTTGCGTCCGCTATCACGAAAAG,..........((....))............,60.11458060481945
CGAAAAGTTATCTACCGTTGTACGAAAAGG,...............(((...)))......,60.114530204772194
AAAAGTGATCCTTATGGATGCTACGAAAAG,...(((.((((....)))))))........,60.10895254882735
GAAAAGCTTGCTATTTTGGCGCTGCGAAAA,.....((.(((((...)))))..)).....,60.10382916019634
CGAAAAGTCCATTTTGGTCCACACGAAAAG,((....(.(((...))).)....)).....,60.10247921632467
CGAAAAGTCTTTTGACTCCTAGACGAAAAG,.....((((....)))).............,60.097815890185174
GAAAAGCCAGCCGATCTATTGATGCGAAAA,...........(((((....))).))....,60.07934455981069
GAAAAGAGTCGTACTCTGTATGTTCGAAAA,.....(((.(((((...)))))))).....,60.06572839935163
CGAAAAGCTAGTTATTGCCATGGTGAAAAG,......((........))............,60.0599202109732
GAAAAGCGTTCTTTAGCCCAACCCGAAAAG,.....((........)).............,60.04666425160429
CGAAAAGTTGTGATTCGATGCTACGAAAAG,.............((((......))))...,60.04176332286468
CTAGGTTGTCCATAGTCTACGGTGGTCTAT,.......(.((((........)))).)...,60.02226159872689
GCTATCGAAAAGAATAGCGAAAAGATATGT,((((((.....).)))))............,60.0203921385077
GAAAAGGAGGCAATTTTGTTGCTACGAAAA,........((((((...)))))).......,60.01998155643087
GAAAAGCAGTTTGTTATCAGGTTGCGAAAA,.....((((((((....)))))))).....,60.01812756345201
TGAAAAGGATTGTTATCTACAAACGAAAAG,......((((....))))............,60.01556280916894
GAAAAGCTCCCTCGTTATTATGTGCGAAAA,...........((((........))))...,60.00616865369196
GAAAAGTAAGTAACTTGTGTTTCACGAAAA,..............(((((...)))))...,60.000733037915126
GAAAAGCAACCTCGTTCTTAAATGCGAAAA,...........((((........))))...,59.99867427663672
GAAAAGCTACCCTATCTTTAGGTTCGAAAA,..........((((....))))........,59.980005639091516
CGAAAAGCGATCTATGATCTTGTCGAAAAG,(((.....((((...))))...))).....,59.97349985675322
CGAAAAGCGTTTTACCTTCTCGAGCGAAAA,(((.(((.((...))))).)))........,59.96600998133874
GAAAAGCTATTATTCACTCTGCGAAAAGTC,.....((.............))........,59.95593694977876
GAAAAGGTTAGCAGTTATCTGTACCGAAAA,.....(((..((((....))))))).....,59.95444258419464
GAAAAGGGTGATTATCATAGAATCTGAAAT,.......((((...))))............,59.94045262684865
GAAAAGCATCTCTTATGAGAATCGAAAAAG,........((((....))))..........,59.926142547890564
GAAAAGGCTGCCTATTTTAGGTGACGAAAA,.........(((((...)))))........,59.91464801850135
TAGGTGTCCATGCGTATAACCTTAGGTCTA,.((((.............))))........,59.91460664299996
GAAAAGCAATAATTTATCGTGGTGCGAAAA,................((((...))))...,59.894769365823244
CGAAAAGTATTCTCTTGGAACATCGAAAAG,(((...((.(((....))))).))).....,59.87968363610193
GAAAAGCAATAATATATCGTGGTGCGAAAA,................((((...))))...,59.86978169017513
GAAAAGTAAAACATTTTAGGTGTACGAAAA,..........(((((...))))).......,59.8621062718441
GAAAAGCGAGGTTTTTTAGCCTCCCGAAAA,.......((((((....)))))).......,59.858585331889174
CGAAAAGTTAATTCGTAGTTGCGAAAAGAG,...........(((((....))))).....,59.84770847778236
GAAAAGCAAAGGTCGTTATATCTGCGAAAA,............((((.......))))...,59.84681980011776
GAAAAGCAATCTTGCTCGCCAAATGCGAAA,.....(((....)))((((.....))))..,59.84504371605459
GAAAAGGATAATTCCATTGCACTCCGAAAA,.....(((....)))...............,59.841425182338625
GAAAAGCATTATGTCATCTCTTTGCGAAAA,.....(((..............))).....,59.822852538919065
GAAAAGCATACATTCTATCGTAATCGAAAA,.................(((....)))...,59.82071597693958
CTAGGTGTCCGTAGTGTATGTTTGGTCTAT,......(.(((...........))).)...,59.81087437602862
GAAAAGGATAATTCCAATGAATACCGAAAA,.....(((....)))...............,59.80051123737035
GAAAAGTACGTTTATACGTGTAACGAAAAG,......(((((....)))))..........,59.79564834032592
AAGAGGATTGCTTTGTACTCTTCCGAAAAG,..(((((.(((...))).))))).......,59.793522687561364
GAAAAGCATACATTCTATCTTTTGCGAAAA,.....(((..............))).....,59.78509995984129
GAAAAGCAACTCTTTGAGTTCATGCGAAAA,.....(((((((...))))...))).....,59.78331113243533
GAAAAGCTCTTAAATTCGTTCATGCGAAAA,..............(((((....)))))..,59.778541431508316
GAAAAGTATGTTCCCTTGTTAATGCGAAAA,...............((((....))))...,59.7777229512721
CGAAAAGTATCCGAAAAGGTCGTCCCGATG,..................((((...)))).,59.774966540172194
GAAAAGCAGAGAAAGTTTTACATGCGAAAA,.....(((..............))).....,59.7724544701822
CGAAAAGTTAAAGCGATCTTTACCGAAAAG,........(((((....)))))........,59.7710077538685
GAAAAGCGAACTTATGTTTCATGCGAAAAG,.....((((((....))))...))......,59.76824614399763
GAGATACGAAAAGTATACGAAAAGTCAATC,...((((.....))))..............,59.76154480401969
GAAAAAGTAGCATTCTATTGCATCTGAAAA,.........(((......))).........,59.75184975794817
GAAAAGGTGTCTGTTATCGGTACCCGAAAA,.....((((.(((....)))))))......,59.750464049836054
GAAAAGTGCTTATGTATCGAATCACGAAAA,.....((((....)))).............,59.74706074834107
GAAAAGCATTTAAAGACCTTGTTGCGAAAA,.....(((..............))).....,59.74634417264794
GAAAAGTGGCTGTATTAGTATCAACGAAAA,........((((...))))...........,59.7460611224881
GAAGAGATTACACCTTATGGTGTACGAAAA,........((((((....))))))......,59.73137011431051
GAAAAGCATGCTATTCTAATCTTGCGAAAA,.....(((..............))).....,59.72741117902046
GAAAAGGGCCGTATTATACCACTCCGAAAA,.....(((..(((...)))..)))......,59.71636305126897
CGAAAAGCAAGATAATGCATATACGACAAG,......(((......)))............,59.714771277401276
GAAAAGCATATACTTCATCTGTTGCGAAAA,.....(((..............))).....,59.71267351482244
GAAAAATACACACTTTAGGTGTCTGAAAAG,.........(((((...)))))........,59.70634936417209
GAAAAGCATTATCTACTCCAGTTGCGAAAA,.....(((..............))).....,59.70496104436599
CGAAAAGCTTGATATTTGCACAGTGAAAAG,......((.........))...........,59.7012195904235
GAAAAGCATCACCATAGTATCTTGCGAAAA,.....(((..............))).....,59.69417095685069
TCGAAAAATCAGCGTTAGGTGTGAAAAGTA,.........((.(....).)).........,59.69171323788121
GAAAAGATCCGTTCATTTTGAACTCGAAAA,..........(((((...))))).......,59.683013891822426
GAAAAGCATGATCTTTAACCCTTGCGAAAA,.....(((..............))).....,59.6745487227021
GAAAAGCAGACAGGATTCATTATGCGAAAA,.....(((..............))).....,59.67218329203287
AAAAGCATGTTTCCACCCTCTTGCGAAAAG,....(((..............)))......,59.67026797748919
GAAAAGCATATAAACCTCCTTTTGCGAAAA,.....(((..............))).....,59.669527387676624
GAAAAGCATTAATCCAGGTAATTGCGAAAA,.....(((..............))).....,59.66661324932889
GAAAAGTAGTATCTTATGGTATACGAAAAG,.....(((.((((....)))))))......,59.6613921213361
GAAAAGTATTATGCCCTCATTAGCGAAAAG,............((........))......,59.6604099587957
GAAAAGCATCATTCATGGCAATTGCGAAAA,.....(((..............))).....,59.65127788016139
GAAAAGCAGTTAACATAAATTATGCGAAAA,.....(((..............))).....,59.63614046722618
TGCGAAAAGCATTGATTAAAGCGAAAAGTA,(((.....)))...................,59.633418333334575
GAAAAGCATCGTGATATTCATGAGCGAAAA,.....((.((((((...)))))))).....,59.623168452160634
AAAAGCAGTTTCTTAACCCAATGCGAAAAG,....(((..............)))......,59.61283229279478
GAAAAGGTGCGATTTATGTTGATCCGAAAA,.....((..((((....))))..)).....,59.61083974588691
GAAAAGCATTTATGGTGCAATGTGCGAAAA,.....(((((...)))))............,59.61032552858748
GAAAAGAAACTCTGTTATAGTGTTCGAAAA,.......(((.(((...))).)))......,59.608410985540075
GAAAAGCATAATCCACTCCTCTTGCGAAAA,.....(((..............))).....,59.60480841225892
GAAAAGAATTATGCGTACTAGCTTCGAAAA,............((......))........,59.59997096645819
GAAAAGGTTGCGTTTTTGATGCTACGAAAA,......((.(((((...))))).)).....,59.59509078581113
GAAAAGCAGATTCTCGTATCACAGCGAAAA,.............((((......))))...,59.57982476108357
GAAAAAGCACTGATTATTCGGTAGCGAAAA,......(((((((....))))).)).....,59.579405244650474
GAAAAGCAGTAATACAACCTGATGCGAAAA,.....(((..............))).....,59.55243698904485
GAAAAGCGATAGGTTTTACCACAGCGAAAA,.....((....(((...)))...)).....,59.55074934332828
GAAAAGTCCTTAGTCTTCTAGGTGCGAAAA,.....((.(((((....))))).)).....,59.54483495552526
GAAAAGCAGTGTAAATGTCTTGTGCGAAAA,.....(((..............))).....,59.542426738106954
GAAAAGCGTTGAATCTTTTAACCCGAAAAG,.......((((((...))))))........,59.53985166753227
GAAAAGAAAGTGTTTTGCGCTGCTCGAAAA,.....((.(((((...)))))..)).....,59.53896697372192
ACTAGGCGTCCGTGATATAAATGGTCTATT,.......(.((((.......)))).)....,59.536267120958634
TGAAAAGCAATTAAGATTTCATGCGAAAAA,......(((............)))......,59.5312882413595
CGAAGAGCCATCGTTGTAATTTGCGAAAAG,..........((((........))))....,59.530919298825175
GAAAAGGGATTGTTTTGCCATTGCCGAAAA,.....((.(.((......)).).)).....,59.52960757000747
CGAAAAGGTAAGATTCGTAATTCCGAAAAG,.............((((......))))...,59.526858911705716
CGAAAAGGGCGTTTGTTTAAGCATGAAAAG,........((..........))........,59.508164669353505
GCGAAAAGCTTTTGATTCAATGCGAAAAGT,((.....))(((((........)))))...,59.507529509352594
GAAAAGGTTAGTCTTATGATATGCCGAAAA,.....(((..(((....)))..))).....,59.50443831493616
CGAAGAGGTTGACTTTTAGTGAACGAAAAG,.......(((.(((...))).)))......,59.483124974221724
GCGAAAAGCTTTTGATCCAATGCGAAAAGT,((.....))(((((........)))))...,59.48239967958001
TGAAAAGCAAAAATTCGTTTAAGCGAAAAG,.............(((((....)))))...,59.47280852422256
TCCGAAGAGTTATTTATCCACCGAAAAGGG,....................((.....)).,59.47227881490332
GAAAAGTGGTCTTTAGACCTTTAACGAAAA,.......((((....))))...........,59.469890502878215
GAAAAGCTAATCCTTCTTAGGTTGCGAAAA,.....((....(((....)))..)).....,59.459856465501616
GAAAAGTGCTATGTACCATCTGTCCGAAAA,.....((((...))))..............,59.45916816896201
TGTAGGCGTCCGATCGTTAGTTTGGCCTAT,.((((((...(((.(....).))))))))),59.45289094272385
GAAAAGCAATCTTCTCGTAGCCCGCGAAAA,..............((((.....))))...,59.447396278364714
CGAAAAGCTCTGCCTTCTTTTAGCGAAAAG,......(((............)))......,59.43400252238419
GAAAAGCATTATCGTAGATTCTGGCGAAAA,...........((((........))))...,59.41878179274288
GAAAAGGGTACCATTTAATGGCCACGCAAA,.....(.((.((((...))))..)).)...,59.41758325143829
GAAAAGCAGATTATCGTCAAATTGCGAAAA,.............((((......))))...,59.408579799120844
GGATTGAAAAGTCCTTTGACGAAAAGAGTA,(((((....)))))................,59.38006883971088
GAAAAGCCAGCTTATTACAGATGCGAAAAG,.........((...........))......,59.372753400707296
GAAAAGGATTTCCTTAGTTTGAGCCGAAAA,...((((....))))...............,59.37184295616288
GAAAAGGTCGTAGCTTTGTGTCGCCGAAAA,.....((.((..((...))..)))).....,59.36990670444931
GAAAAGGTTATACCTTGAGTATCCGAAAAG,...(((((...)))))..............,59.36270416927867
GAAGAGCCGTCGTTTTAAAGGACCCGAAAA,........(((.((...)).))).......,59.35384842008468
CGAAAAGACATTTAGTATTTCGTCGAAAAG,(((((..((.....)).)))))........,59.34798399615963
GAAAAGCTGTATCGTGTTATTCTGCGAAAA,...........((((........))))...,59.32659796325814
CGAAAAGCAAGTACTTCAGTATTCGAAAAG,.........(((((....))))).......,59.32462993237115
GAAAAGCAGTCAACTTTAGGTATGTGCAAA,.....(((....(((...)))...)))...,59.323766006821906
GAAAAGTGTGTGCTAATTTGCTTCCGAAAA,...........((......)).........,59.321184614350216
TACGAAAAGTGATTCATATGCGAAAAGTTA,(((.....)))...................,59.31907604988631
CGAAAAGCATGTTTTTTGGCACGCGAAAAG,......((.((((....)))).))......,59.31698135156767
GAAAAGTCAGGTCTTCTTGATCAACGAAAA,.....((((((....)))))).........,59.30500505115414
GAAAAGCTCACTTGTTGTTATCAGCGAAAA,...........((((((....))))))...,59.302225458910215
GAAAAGATATCTGTTCACTCAAATCGAAAA,(((.((....)).)))..............,59.28263917880861
GAAAAGATGTCTCTTGTTGTCTATCGAAAA,....((((..(....)..))))........,59.26299410223445
GAAAAGCAATGTTCATAATTGAAGCGAAAA,.....((....((((....)))))).....,59.25519968738472
GAAAAGTTAGATCGTGTGTTCCTGCGAAAA,...........((((........))))...,59.25505257565173
CGAAAAGTCCGCGTCTATTAGTACGAAAAG,...........(((((...)).))).....,59.254121761659704
CGAAGAGGATTGTTCTTACGGTTCGAAAAG,......(((((((....)))))))......,59.234235141910695
GAAAAGTTTGCTCTATTGAAGCTACGAAAA,.....((..((((....).))).)).....,59.23409385560826
GAAAAGGTAGTGTTCTTGCGAATCCGAAAA,.....((...(((....)))...)).....,59.229846114340845
GAAAAGCCTGTATATTCTTGTGTGCGAAAA,........(((((((....)))))))....,59.226484618631375
GAAAAGCATATACTTTGTAGCATGCGAAAA,.....((((.(((...)))..)))).....,59.22196689599775
GAAAAGGGTTTGTCTTCAGTCTCCGAAAAG,.....(((.(((....)))..)))......,59.21642328037669
GAAAAGCCATGGTTTTTAGCCTAGCGAAAA,.....((...((((...))))..)).....,59.21155367333175
GAAAAGAGCCTACTTATGTATCGCCGAAAA,.......((.(((....)))..))......,59.18298652191685
GAAGAGCGTATTAGCATTACTACCGAAAAG,.....((......))...............,59.16114852076657
CGAAAAGTTACCCAAATTCGTCACGAAAAG,................((((...))))...,59.15176739088325
GAAAAGCCTTATGTCTTCATGGTGCGAAAA,.....((.(((((....))))).)).....,59.118411528765634
TCCGAAAAGGATTCTTGAATACGAAAAGGT,(((.....)))...................,59.099308836793
GAAAAGTTGCATTACCTCTGTTGCCGAAAA,........(((..........)))......,59.09895900344287
GAAAAGAGATGCAATATATGCGCCCGAAGA,..........(((.....))).........,59.0878679776918
GAAAAGCGATCAGGTTTCCAATTGCGAAAA,.....(((((..((...)).))))).....,59.07605485985613
CGAAAAGCAGGAATTCCATTATGTGAAAAG,.........((....)).............,59.06409003146104
GAAAAGATAGCAATACAGGCCATGCGAAAA,.........(((..........))).....,59.02721960026511
CGAAAAGCGTTAACTTATGGTTGCGAAAAG,.......(((.((((...))))))).....,59.0219675683565
GAAAAGATATTAGCTGTGGCAATCCGAAAA,............((....))..........,59.01475225030225
GAAAAGCAATGAATATAGTAATGCGAAAAA,.....(((.............)))......,59.01392602846177
GAAAAGCAGATTCTTATCTCTTTGCGAAAA,..((((.((((....)))))))).......,59.00982336598218
GAAAAGAGGGAGTTATTGCTCTTTCGAAAA,.....((((((((....)))))))).....,59.00882185905698
GAAAAGCAATGATTCCTAGCTATGTGCAAA,..................((.....))...,59.00605142218305
GAAAAGTGCTGTTTTAGACAACTACGAAAA,....(((..((((...))))))).......,59.00432500204951
GAAAAGCTAACAAGCTCGTTAAAGCGAAAA,.....(((....)))((((....))))...,58.99585427651333
GAAAAGGTGGTCATCTTTGAACTGCGAAAA,......(((((((....)).))))).....,58.970614482199686
GAAAAGTTGACCTTATGGTTCAGACGAAAA,.....(((((((....))))..))).....,58.96868899986188
GAAAAGCATTAGTCCTTATGGGTGCGAAAA,.....((((....((....)))))).....,58.964525504619274
TACGAAAAGTGATATTTGATCCGAAAAGTT,(((.....)))...................,58.96026845333175
GAAAAGCTTTTAGGGATTATTCCGCGAAAA,.......((((..(((....)))..)))).,58.94838336993713
GAAAAGCTAGTCTCGTAACGTCAGCGAAAA,............((((.......))))...,58.94438519014065
GAAAAGCTCCTACTTAGTACGGTGTGAAAA,.....((.(((((...))).)).)).....,58.94000595152437
GAAAAGGGTTACCCTATCGTGTTCCGAAAA,....((((...)))).(((.....)))...,58.93772067835356
GAAAAGCATAGTCAGTTTTTGCTGCGAAAA,..........(.((((....))))).....,58.93322060181145
GAAAAGGGGTGGGTTTTATTTTCCCGAAAA,......(((.((((...)))).))).....,58.92984517219788
GAAAAGCAATGGATGTATTAACTGCGAAAA,.....(((..............))).....,58.927257907534624
GAAAAGCAATTGATAATATGCCTGCGAAAA,.....(((..............))).....,58.92326140206578
GAAAAGCAATCACCGATTATACTGCGAAAA,.....(((..............))).....,58.91988874432876
GAAAAGTTAGCTTTGTATTGCGTTCGAAAA,.........((........)).........,58.917706848955305
GAAAAGCCATTATTGGGATAGTCGCGAAAA,((....(((....))).....)).......,58.914020704922336
GAAAAGCAACTTCCCTCATTTCTGCGAAAA,.....(((..............))).....,58.90463607358494
GAAAAGCAACTCCATTACTCTCTGCGAAAA,.....(((..............))).....,58.891612730649186
GAAAAGCAAATATTTATGGGCCTGCGAAAA,.....(((..............))).....,58.88687844406736
GAAAAGCATTATCTGTTGAGCTGCGAAAAG,.....(((...((....))..)))......,58.88059058018908
GAAAAGTCACATCGTTCATGTTCGCGAAAA,...........((((........))))...,58.87042982412828
GAAAAGAGGGATATATATGTTCCACGAAAA,.......((((((....)))))).......,58.86992742410889
GAAAAGCAGACTGTTTTACAGTGTCGAAAA,.......(.(((((...))))).)......,58.86465077299927
GAAAAGCTTGTTTGGTTTTACCGGCGAAAA,.......(((((.(((...))))))))...,58.85734640561171
GAAAAGGAGTAACCTATTTTAGGACGAAAA,............((((...)))).......,58.85591168608815
GAAAAGTCATCGTTAATCGTCATGCGAAAA,.........((((..........))))...,58.82043930715923
GAAAAGATAATGCTTTGCATTACGCGAAAA,.......((((((...))))))........,58.817910674986415
CCTAGGTGTCCAAGCTGCTTCTGCTCTATG,............(((.......))).....,58.813054705458306
GAAAAGCATCATTTCTAATCTGCGCGAAAA,.....(((............))).......,58.80834067002668
GAAAAGCGTCTGGTTTTATGGCCGCGAAAA,......(((..((((....)))))))....,58.805679853869854
GAAAAGTATCTTCCACTCGTAATACGAAAA,................((((...))))...,58.80255695520816
AAAAGCAATCTTAAGTCACTATGCGAAAAG,....(((..............)))......,58.79370750511094
AGAAAAGTCTTAGTTATCTAAAACGAAAAG,......((.((((....)))).))......,58.78910330585833
GAAAAGCACTAAATTCTATATGCGAAAATG,.....(((............))).......,58.77698164697656
GAAAAGCTCGTTACTCTGATCATGCGAAAA,.......((((............))))...,58.77103302579786
GAAAAGCCGGAAATCTTTTTCTGTCGAAAA,.......((((((....)))))).......,58.76625101899025
GAAAAGATCAAGCTTATAGCTCTTCGAAAA,..........((((...)))).........,58.76572818679917
GAAAAGTGGCTGTCTTCATCACTACGAAAA,....(((((.((....))))))).......,58.76292363318428
CGAAAAGCAACCATCTTTGTCTGTGAAAAG,......(((..((....))..)))......,58.756526198350805
GTCGAAAAGGCTGTTTTATCCCGAAAAGAA,(((.....)))...................,58.74971580334997
GAAAAGCTTGGATCGTATAATTCGCGAAAA,............((((.......))))...,58.7478634036812
GAAAAGAGTCGCGGTTTCCTCGTTCGAAAA,.....(((.((.((...)).))))).....,58.73805746069236
GAAAAGCAATTTCTTCCATCCATGCGAAAA,.....(((..............))).....,58.72288119678866
GAAAAGCAAACTTTAAGTCTCATGCGAAAA,.....(((..............))).....,58.71951162177068
GAAAAGAAAACCTGTTTTAGGTCTCGAAAA,.........(((((...)))))........,58.71891436790566
TGAAAAGGAGGTTAATACCACGACGAAAAG,.........(((....)))...........,58.71636971183952
GAAAAGCATTAACACACTATCCTGCGAAAA,.....(((..............))).....,58.71354801860255
CGAAAAGTTAGGATTCATCCCATCGAAAAG,..........(((....)))..........,58.71275201419374
GAAAAGCCATATAGTTCTTACTGCGAAAAG,...........((((....)))).......,58.712020134154386
GAAAAAGTGGATGGTTACTATTCCTGAAAA,.....((.((((((...)))))))).....,58.7068508906914
GAAAAGAGGCCATTTTAAATGCAGCGAAAA,........((((((...))))..)).....,58.705445950459605
GAAAAGCAACATTATTTTACAATGCGAAAA,.....(((..............))).....,58.70149046055185
GAAAAGATCACATCCCATTCGTATCGAAAA,.................((((...))))..,58.69770445973842
GAAAAGATTCCAGTTTATGCTGGTCGCAAA,.....(...(((((....)))))...)...,58.693999119264404
GAAAAGCTTTAACGCAGATTTAAACGAAAA,.....((......))...............,58.68487417079615
GAAAAGCAATACTTCTACTCCGTGCGAAAA,.....(((..............))).....,58.68124588577852
GAAAAGCCCTTATCGTATACTGAGCGAAAA,............((((.......))))...,58.68030458548668
GAAAAGCATCATATTTTGTGAAAGCGAAAA,.....((.(((((...)))))..)).....,58.679389907291664
CGAAAAGAGATTTCTTGCTTCCTCGAAAAG,.(((..(((....)))..))).........,58.67640790134689
GGGACGAAAAGTCTCTTTACGAAAAGTCCT,(((((.....)))))...............,58.67492478656799
GAAAAGGCAATGGTTATTCATTACCGAAAA,.....((.(((((....))))).)).....,58.67336815533227
GAAAAGCAATTATCAGCGTCCTTGCGAAGA,...............(((....))).....,58.67029345706172
GAAAAGTAAAATCTTAGATCATTACGAAAA,.....((((.(((...)))..)))).....,58.65950601100567
GAAAAGCTAGTATCGTTCTATGAGCGAAAA,............((((((...))))))...,58.647300137531836
CTGAAAAGACTTATAGTCCTGTCGAAAAGG,.(((...((((...))))...)))......,58.646596002220704
GAAAAGGTTTCCAATTCAGTAATGCAAAGA,(((..((...))..))).............,58.644969417393426
CGAAAAAGATTTCTTATGCGAATCGAAAAG,.......((((((....).)))))......,58.64440097207967
GAAAAGCACTCTATCCTTTACCTGCGAAAA,.....(((..............))).....,58.643906935828966
GAAAAGGTTTTAGCGAACGGTATCCGAAAA,.................(((...)))....,58.639838843308965
GAAAAAGGGTTTTTGCTCAGCACCTGAAAA,......((((....))))............,58.628024590540235
GAAAAGCATTGATCGTTAACGTCGCGAAAA,............((((.......))))...,58.618768505649726
GAAAAGACGTATTATTTAATGGTTCGAAAA,.......((.(((((...))))).))....,58.603278596721744
TAAGTCGAAAAGACCGTCGAAAAGACCTTT,...(((.....))).(((.....)))....,58.59355320733847
GAAAAGCGGTATTCTTGTACTATGCGAAAA,.....(((((((....)))))..)).....,58.57871327117716
GAAAAGCATCACTATTTTAGGAAGCGAAAA,.....((.((.(((...))))).)).....,58.576608430251035
GAAAAGATGTCATTTATAGTGACCGAAAAG,........((((((...)))))).......,58.56418275776363
GAAAAGCACACCCATATTTCTCTGCGAAAA,.....(((..............))).....,58.557117049130795
GAAAAGGCTATTGCTTTGCTTTCCGAAAAG,...(((((....))))).............,58.55505069244559
GAAAAAGTATCGCTCTTGCGATCCTGAAAA,.....((.(((((....))))).)).....,58.54960321399712
GAAAAGGCATATTGCTACAGTTACCGCAAA,.....((((...))))..............,58.54415176134361
GAAAAGCCTACATCTTTGGTGTACCGAAAA,........((((((...)))))).......,58.54294579401932
GAAAAGTCAGATTCTTTTGCTGAACGAAAA,....((.((((....)))))).........,58.536203875267034
AAAAGGTCGTTGTTTTAACGCTTCGAAAAG,...(((.(((((...)))))))).......,58.534961365762896
GAAAAGCAAACTGTTGGTTTCTAGCGAAAA,...........((((((...))))))....,58.533008177813855
CGAAAAGGTAGTCCGAATGTCTCTGAAAAG,......((....))................,58.532898529731156
CGAAGAGAATTACTTTGTAGCTTCGAAAAG,(((((....((((...))))))))).....,58.53163246745477
GAAAAGGAGTTAAACTTAGTACTACGAAAA,...(((........))).............,58.52734401659379
GAAAAGCTATGTTCTTTGAACACACGAAAA,.........(((((...)))))........,58.52070999691771
GAAAAGCATTGTTTATGCGATATGCGAAAA,.....(((((((....))))..))).....,58.514131208041455
GAAAAGCCATATTCAAGCCATTAGCGAAAA,................((.....)).....,58.50763905146279
CGAAAAGGGTGTTTCTGCATAACGAAAAGG,........((((....))))..........,58.49883011620547
GAAAAGTCGGCCTTTTGGCACTACGAAAAG,.....((.((((....))).).))......,58.497292270846074
GAAAAGGATGGATCTTTGATTCTACGAAAA,....(((((.((...)).))))).......,58.496648766161925
ACGAAAAGTGTACTCTTTAGTCCGAAAAGT,....((((......))))............,58.49297217988871
GAAAAGACAAGTTATCTGCGTCTTCGAAAA,...(((((.((....))..)))))......,58.49265239951284
GAAAAGATGGGTCTTCTCTCCGTTCGAAAA,(((..((.(((....)))))..))).....,58.488697271702236
GAAAAGGGCTTATTATTAAGTTATCGAAAA,......((((((....))))))........,58.47873277251497
GAAAAGCAATCATTTGATTAGGTGCGAAAA,.....((((((....)))....))).....,58.47536047432512
GAAAAGCACATTTTGTGACTGTAGCGAAAA,....((((((...)))).))..........,58.45945213206959
GAAAAGCTATTTGTCTTCACCAAGCGAAAA,.....(((...((....))...))).....,58.45842586116332
GAAAAGCAGATCGTATGTTCATAGCGAAAA,..........((((.........))))...,58.45347606987234
GAAAAGTCGTGTTTATGTACTCAGCGAAAA,......((((.............))))...,58.452192141858035
TATTATGCGAAAAGGCACGAAAAGTCTGTA,.....(((......))).............,58.45105084094871
GAAAAGAGGTCTTCCCTGGTTCATCGAAAA,(((.((.((....))))..)))........,58.448098612231576
GAAAAGCGATGATTTTGTTAGCCGCGAAAA,.....(((.((((...))))..))).....,58.444533258444594
GAAAAGCGGGTAGTTTTCTACCTCCGAAAA,.....(.((((((....)))))).).....,58.43983256704024
GAAAAGTCTGCCTTTATGGTGTGTCGAAAA,.........(((.....)))..........,58.43552038895425
GAAAAGGAAGTTATGCTTTAGATCCGAAAA,......(((((...)))))...........,58.435477831093294
CGAAAAGTTTGGGTTTTCCTGATCGAAAAG,(((.....(((((....)))))))).....,58.43046487218729
TGAAAAGCTCAATTTTATAGTGGCGAAAAG,......(((..(((....))))))......,58.41836772508154
GAAAAGGTGTCCTTATGGTTCCATCGAAAA,.....((((.((....))...)))).....,58.41761828735093
GAAAAGAGAGCTTTTAGCATTCCTCGAAAA,((...(((.(((...))).))).)).....,58.41311805161665
AAAAGTCAGAGTTTATAGTCCGACGAAAAG,....(((.((.(....).)).)))......,58.405663500779326
GAAAAGGTTACGTTTTACATGGCCCGAAAA,.....(((((.((...)).)))))......,58.40363927448986
GTCGAAAAGGCCCATCATTACCGAAAAGAT,(((.....)))...................,58.393133360663356
CGAAAAGAATTATGTTCCAGAGTCGAAAAG,(((...((((...)))).....))).....,58.39242104157186
GAAAAGGTCGCGATTATTCCTTACCGAAAA,.....(((...((....))...))).....,58.38538633261959
CGAAAAGCTTAGTTTAAGATAATCGAAAAG,(((....((((...))))....))).....,58.378858907608546
CGAAAAGTCAGTATATATTGTGCCGAAAAG,.......((.(((((...))))).))....,58.375237679701854
CGAAAAGCACGTTTCCATTACAGCGAAAAG,.........((((........)))).....,58.37464538692385
GAAAAGGAGTGGAAATTTAGTTACCGAAAA,.........(((.(((...))).)))....,58.36732205103547
GAAAAGTCTCGTACTCTCTACTAGCGAAAA,........((((...........))))...,58.36202578398521
GAAAAGCTGGCTCTTGTCAACTCGCGAAAA,....((.((((....)))).))........,58.3568895189346
GAAAAGAAGATTATCTTTGATCTCCGAAAA,.......((((((....)))))).......,58.34670613549435
TAGGAAAAGCAATCGATTTGCGAAGGACTT,........((((.....)))).........,58.34434371520673
GAAGGGTCCCTTTACTTTAGGTCGGGAAAA,......((((...(((...))).))))...,58.34081791362252
GCGAAAAGCCCGTACCCTGCGGCGAAAAGG,((.....))(((((...)))))........,58.3340695776249
GAAAAGATAGTCTCTTAAGAGATTCGAAAA,........((((((....))))))......,58.323874970450376
GAAAAGCAGTAGTACTCTTGTATGCGAAAA,.....(((....(((....)))))).....,58.32214299617895
GAAAAGCGTTTACAAGCCTATTAGCGAAAA,.....((........)).............,58.32009716361311
CGAAAAGGCTTATAGTGCGAAGGTTAAAAG,.......((.......))............,58.320077547153105
GAAAAGTAAAATCTTTATAGATCGCGAAAA,..........((((....))))........,58.31700924168918
GAAAAGTATATAGGATCTTATCCGCGAAAA,............((((...)))).......,58.31528338583513
GAAAAGCAGTCATTTTGTGGCATGTGAAAA,.....((((((((...))))).))).....,58.305252756587066
CGAAAAAGTTGGATTCTTATCATCGAAAAG,...........(((....))).........,58.298878654198106
GAAAAGGTACGACTCTTGTCAATACGAAAA,......(((.(((....)))..))).....,58.29704345007463
GAAAAGCATTATCCAAGCCAATCGCGAAAA,................((.....)).....,58.29515952382267
GAAAAGTATTTTACTTGTGTAATCCGAAAA,...(((((...)))))..............,58.279925318250655
GAAAAGTGCATTCTATGGATGCGGCGAAAA,......(((((((...))))))).......,58.278545624303185
CGAAAAGTAGTTACCTTGTAGTACGAAAAG,......(((.((((...)))))))......,58.265112928015895
GAAAAGCCATCGTTTTATGACGTGCGAAAA,.....((...((((....)))).)).....,58.24687995019422
GAAAAGGGTTCTTACTCTCCATACCGAAAA,....(((((....)))))............,58.23372478704614
TAAGTGGTCGAAGTGAAAAGATCTGTCTTG,.....((((..........)))).......,58.228286196906446
GAAAAGTTGGTCCTGTTGGATCTCGAAAAG,........(((((....)))))........,58.22556275853054
CGAAAAGGATACGTCTTATTAGTCGAAAAG,...........((.((....)).)).....,58.21032117089172
GAAAAGAATTTGCTATAGTCTGCTCGAAAA,...........((........)).......,58.20759372042799
AAAAGCCACGTTCTCGTAACCGCGAAAAAG,.............((((....)))).....,58.20113721703683
GAGGTGCGAAAAGGCAACGAAAAGGACATT,....(((......)))..............,58.19048823512263
GAAAAGTTTGCTATTAGTTGCTACCGAAAA,.........((........)).........,58.187880224747246
GAAAAGCAATCAGTTATTTGTCGGCGAAAA,.....((...(((....)))...)).....,58.18321474575768
GAAAAGAAAGCATTATTTAGCGTACGAAAA,.........((........)).........,58.17350269348918
GAAAAGCCACTTCTCTGTTATCGGCGAAAA,..........(((.(((....))).)))..,58.16929129904884
GAAAAGAGTAATCCACGGTTTTATCGAAAA,...............((((...))))....,58.1473027512738
CGAAAAGTATCCTTCAGCTCGTACGAAAAG,..............................,58.14340709117279
GAGGTGCGAAAAGGCAACGAAAAGAACATT,....(((......)))..............,58.135402203712914
GAAAAGGAGTATCTCTAGCATCTACGAAAA,.....((((...))))..............,58.12992854624245
GCGAAAATGCTTACACGTAAAAGGAAAAGT,((......))....................,58.12905116409513
CGAAAAGCATCATGCATTGTCTGCGAAAAG,......(((.((.....))..)))......,58.1021736586691
GAAAAGCAGTTCGTTTGTACCTTGCGAAAA,.........(((((.........)))))..,58.09693863139725
GAAAAGCAGCCTTTTTAAGCGTTGTGAAAA,.....((((((((...))).))))).....,58.09376607569487
GAAAAGCTGTTTATTATTAAGTGGCGAAAA,.....((((((((....)))))))).....,58.09335193646611
GAAAAGGGTTTTCCCTAAATGAACCGAAAA,....((((....))))..............,58.088813747217415
CGAAAAGGATCTGTATTAGATGACGAAAAG,........(((((...))))).........,58.082517520088416
CGAAAAGAACTAGTTTTCTAGCCCGAAAAG,.........((((....)))).........,58.073280683917716
GAAGAGCAACGCTTTATGGTATTGCGAAAA,.....((((.(((....))).)))).....,58.07265133018448
GAAAAGGAAATTTCCCGGTATTACCGAAAA,.....(((....)))((((...))))....,58.068600812552106
CGAAAAGTAATGCCTTGTCTGTCACGAAAA,.((.(((......))).))...........,58.065293408686316
ACGAAAAGACTACATTTGTACTCGAAAAGG,.......((.(((....))).)).......,58.04821592369247
TCGAAAAGCACAGTCTCTGTGGCGAAAAGT,........(((((...))))).........,58.04735280939836
AGAAAAGCACTTCAGCGCACGTAGGAAAAG,......((......))..............,58.04656281179513
GAAAAGGCGTATCGCAAATTTAGCTGAAAA,......(((...)))...............,58.03672508943063
GAAAAGCAAGCATTATTATTGAGGCGAAAA,.........((.(((....))).)).....,58.03478712380514
GAAAAGAAACCTTTCTTGAGCTTTCGAAAA,.....((((.(((....))).)))).....,58.02954935125456
GAAAAGCTCTCGTCCATATAAATGCGAAAA,.........((((..........))))...,58.0163766325126
GAAAAGGCTCATTTTTGCAGGAACCGAAAA,......((........))............,58.01192082060128
GAAAAGGCCCAGTTTTTACGAAACCGAAAA,.....((....((....))....)).....,58.008362488440724
GAAAAGGCAGGTGTTTCATCAACCCGAAAA,.....((..((((...))))..))......,57.99821747305716
GAAAAGTGGGCACTTATGTATCCATGAAAA,.....(((((.((....)).))))).....,57.99719372532262
GAAAAGTGATGTTGTCATCTAGCGAAAAGT,.......((((....))))...........,57.99021106461852
GAAAAGATGCAGTTTCTACTGCTTTGAAAA,........(((((....)))))........,57.973390973781825
CGAAAAGAGTTGCCTATCGTATCCGAAAAG,................(((....)))....,57.971086114929385
GAAAAGTATTATCGGTTCCCGTAACGAAAA,...........(((..........)))...,57.9677190952835
GAAAAGAATCATATTTTATGTGCCGAAAAG,.........(((((...)))))........,57.96566414367392
GAAAAGCTTCATGAATTGCTTGTGCGAAAA,...............((((....))))...,57.96224540133345
CGAAAAGATGGGATACTTTCCACCGAAAAG,......(.(((((....))))).)......,57.960720417972034
GAAAAGCGCAATTAAACTGCTATGTGAAAA,.......(((.......)))..........,57.95768726733772
GAAAAGCGATATGTATTTTACGCGCGAAAA,.....(((...((((...))))))).....,57.95656745307331
GAAAAGCTTCTTTCGGTAGAATTGCGAAAA,..........(((((.........))))).,57.954581180322684
GAAAAGTGCTGTTTTCAGATCTGACGAAAA,....((..(((....)))..))........,57.93700222269222
GAAAAGCAGTGTAATCTACCTTTGCGAAAA,.....((((.(((...)))..)))).....,57.93486548779748
GAAAAGGCTTCTCTTGAGCATTGCCGAAAA,.....((((((....)))....))).....,57.92285087466631
GAAAAGTGTCTTTATGGAATCGACCGAAAA,.....(..(((....)))..).........,57.920994137339505
GAAAAGAACTATGCATTTGAGCTTCGAAAA,............((......))........,57.916209097676514
GAAAAGGTGTATCTTTTGTTTGACCGAAGA,.....(((....(....)....))).....,57.90844578320807
CGAAAAGATCAGATCTTTCTCATCGAACAG,......(((.(((....))).)))......,57.90453093975587
GAAAAGGGTTATCTTTGATAATACGAAAAT,.......((((((...))))))........,57.9040883456025
GAAAAGATATCAGCTTTGCGATTTCGAAAA,.....((.(((.((...))))).)).....,57.902503473572054
GAAAAGGATGAAGATACTCGAATTCGAAAA,.................(((....)))...,57.88390737487899
GAAAAGTAGTAGCTCGTCGTATCTCGAAAA,((..(((....)))..))............,57.88055170706109
GAATATGAAAAGCTGTACGAAAAGTATGTC,..............((((.....))))...,57.875142303103004
GAAAAGTGTTAGCCTTTTGGTAACGAAAAG,......(((((.((....))))))).....,57.87125674687663
GAAAAGCGTTTGTAACTCTTGTAGCGAAAA,........(((((.((....)).)))))..,57.859364890129854
GAAAAGTAGGGTCATTTTGAGCTATGAAAA,........((.(((...))).)).......,57.85583847195008
GAAAAGCATTTCATCTCGTAAGCGCGAAAA,((((....))))...((((....))))...,57.853728231712765
TGAAAAGCTATCCCTTCTATGCGAAAATTG,......((............))........,57.84464535443871
GAAAAGATCGAGTTCTTGCCGTATCGAAAA,.....(((((.((....)))).))).....,57.843878239379805
GAAAAGAGTTGGCTGTTATCAGTTCGAAAA,........(((((((....))).))))...,57.8185754972082
GAAAAGTGAGTATCTTTACATACCCGAAAA,.....(((.(((....))).))).......,57.80859778341301
GAAAAGCTCTTATGAGTATTCATGCGAAGA,(((..((((....)))).))).........,57.80182027758646
GAAAAGGCAATTGTTAGCGATGAACGAAAA,......((........))............,57.79971160908448
CGAAAAGCCTATATTTGTTCAGCGAAAAAG,.............(((((...)))))....,57.79179216575643
GAAAAGGTTTTCCTTGGATTATGCCGAAAA,...((((....))))((......)).....,57.782347930695124
GAAAAGTGATGTATCATTACTAAACGAAAA,....(((((((...))))))).........,57.76483102158379
GAAAAGGTCAACATTATTGAAGATCGAAAA,.....((((..((....))..)))).....,57.762941819881064
GAAAAGGTTTTATCTTTGATAGTCCGAAAA,.....((..(((((...))))).)).....,57.76103285152568
GAAAAGCGATGATTATTCTGTCGGCGAAAA,......((((((....)).)))).......,57.7586425806123
GAAAAGCATTTCCATAAGTACTTGCGAAGA,.....(((..............))).....,57.7539095598916
GAAAAGCTAGTCTTATAGATTAAGCGAAAA,.....((((((((...))))).))).....,57.75091918356427
GAAAAGCCGTTAACTTTTAGTACGCGAAAA,.......(((..(((...)))..)))....,57.74526147810988
CGAAAAGCTATCTATTGAATGGGCGAAAAG,......(((.((....))...)))......,57.74101003102261
GAAAAGGAATAAGCTTGACGTTGCCGAAAA,............((........))......,57.7397533827003
GAAAAAGGATGCTCTCGCTGATACTGAAAA,..........((....))............,57.73943812160448
GAAAAGTCGTTCTAAAGTGTTACGCGAAAA,......((((.............))))...,57.735952244205606
AAAAGCATTAGATTTTTAGAATGCGAAAAG,....(((((..(....)..)))))......,57.73300356772633
GAAAAGGAAATTCCTTTGGGACTCCGAAAA,..((((((...))))))((....)).....,57.729155826977546
GAAAAGTTGGTGCACTCTTGGCAACGAAAA,......(((.(((.(....)))).)))...,57.727469480490974
CGAAAAGACATTCTTGAGATATGCGAAAAG,....((((...))))...............,57.72457181400537
GAAAAGCGAAAATCTTATGGTTAGTGAAAA,..........((((....))))........,57.721042855968754
GCGAAAAGTTTAGTGTCGATAACGAAAAGA,...............(((....))).....,57.71248325370253
CGAAAAGTAGCTATGTCATTCATCGAAAAG,(((..(((.((...)).)))..))).....,57.70931249654769
GAAAAGCTGTTAAGATTCTTGTAGCGAAAA,.....(((..((((...)))).))).....,57.69704066794622
GAAAAGGGAGACTTTGTAGTCTCCTGAAAA,.....((((((((....)))))))).....,57.689810506495064
CGAAAAGTACTAGATTTCTGGGTCGAAAAG,......(..((((....))))..)......,57.68324024485264
GAAAAGCTATCGCATTATCGCATACGAAAA,.....((....))....(((....)))...,57.68310106173435
GAAAAGGCTTTATGGTCTTAATGCTGAAAA,...((((((....))))))...........,57.67769341239841
GAAAAGATGCCATTCTCGATGCAACGAAAA,...............(((......)))...,57.67040596383988
CGAAAAGGCATTGTCTAGCATTCCGAAAAG,.....((((...))))..............,57.66377711411549
GAAAAGTACTACTGTTCAAGGTGTCGAAAA,(((.(((...))).))).............,57.658095147176354
GAAAAGCCACTTTTGTGAATGTTGTGAAAA,.......(((....))).............,57.64591510005354
AAAAAGACTGAGTTATACTCAATCGAAAAG,.....((.(((((...))))).))......,57.60894134056283
GAAAAGTCTCGCTTATGGTAGATACGAAAA,.....((((..(....)..)))).......,57.60837190370281
GAAAAGAGCAGCTTTTAGTCATGCCGAAAA,.......((((((...)))..)))......,57.59542483599646
CGGAGAGGTCGAAGTGAAAAGATATATATG,.......(((..........))).......,57.582771403807214
GAAAAGTGCTGTTTTCAGATCTCACGAAAA,....((..(((....)))..))........,57.579864041589104
GAAAAGCTTCCTTATGGGGTTCTGCGAAAA,....((((.((....)))))).........,57.57357612306164
GAAAAGCGGCTTCTTTTGGATTCGCGAAAA,.....((((.(((....))).)))).....,57.56974149749738
GAAAAGCATAATCCTTTGGAGCTGTGAAAA,......((((.(((...)))..))))....,57.555638966328374
GAAAAGGTTCAATCTTTTGCTCGCCGAAAA,.....(((.(((....)))...))).....,57.54930037894551
TGAAAAGCAATATCCCGATATATCGAAAAA,...............(((....))).....,57.54765179336516
GAAAAGTGCTCTTGTATATTCAGCCGAAAA,(((..((((....)))).))).........,57.53869589934648
GAAAAGGATTCGCTTTGTGCATTCTGAAAA,....(((((.(((...))).))))).....,57.535584255555776
GAAAAGCACTTATAGCAAATACGGCGAAAA,.....((.......))..............,57.531923412936436
GAAAAGCATGTTTTATGTTCCCTGCGAAAA,....((((((...))))))...........,57.52574420333028
GAAAAGCTTGAGTTTTAGCTTAGGCGAAAA,.....((((((((....)))))))).....,57.51220523211631
TAATCGAAAAGTGTCCTGCGAAAAGTATTC,................(((.....)))...,57.51059837838774
CGAAAAGTGTTCTTTTTGAGAGCCGAAAAG,(((((((....)))))))............,57.49317742641939
GAAAAGGTAACGAAAAGTCGTCCCGATGCT,.....((..((((....)))).))......,57.48812849389971
GAAAAGACCTGCTGTTTCAGAGCTCGAAAA,..........(((.......))).......,57.48616811783046
GAAAAGAGGTTCCTCAACAGTTCTCGAAAA,.....(((....)))...............,57.47587601104418
CGAAAAGTGATATCTTTGCATACCGAAAAG,...((((......)))).............,57.47009701534976
CGAAAAAAGCCTATCTTTAGCCTTGAAAAG,......(((.(((....))).)))......,57.46429727208667
GAAAAGAGCGAATGATTTATAGCACGAAAA,.......((............)).......,57.45004576930419
GAAAAGTGGGTACTCTGTGCCCTCCGAAAA,.......((((((...))))))........,57.44979773946452
AAAAGCTAATTAAACCTGCACAGCGAAAAG,....((...........))...........,57.42878092544113
CGAAAAAGCGCATTTATAGCCACTGAAAAG,.......((.........))..........,57.422726726216716
GAAAAGTAGAAAAGATCCTTCTTACGAGAA,...........((((....)))).......,57.42066033651102
CGAAAAGATTTACTGAGTGTGTTCGAAAAG,((((.(.((((...)))).).)))).....,57.41955216621369
GAAAAGCTTGAATTCCTGTGCAATCGAAAA,.....((............)).........,57.39973126019507
CGAAAAGATTGATTCCCGTTAAACGAAAAG,................(((...))).....,57.36054329124343
GAAAAGCACTCGTCTTTATAGTAGCGAAAA,.........((((((....))..))))...,57.34920264988583
CGAAAAGTACACTTCGTTGTCGAAAAGTGT,........((((((((....)))..))))),57.34469012778449
GAAAAGATTCGTCTTTGGACATTTCGAAAA,((((.(.((((....))))).)))).....,57.34370594637575
GAAAAGTCTGTACCTCGTGTATCCCGAAAA,..............(((.......)))...,57.33652842375452
GAAAAGAAATCTATTTATCGATTCCGAAAA,.................(((....)))...,57.33404265416326
GAAAAGCATTCATACTTCGTATCGCGAAAA,...............(((((...)))))..,57.33236125927628
GAAAAGCCTTATTAGGTTATGTGCGAAAAG,....(((((....)))))............,57.32132990925719
GAAAAGCGAGTCTTCTTTATGTAGCGAAAA,.....((................)).....,57.30452082041861
GAAAAGATCACTTTTGTATCATATCGAAAA,.....(((.((....)))))..........,57.29686251496942
GAAAAGTCAGTTTCCTTTGCACTGCGAAAA,...............(((((...)))))..,57.28833286726517
GAAAAGTAGTCAGTTTTCTGGCTGTGAAAA,......(((((((....)))))))......,57.283495113236995
GAAAAGCGTTCTCTTTAGCCAACTCGAAAA,.....((..........))...........,57.26711367550445
CGAAAAGGTGCTTTATTGGGTACTGAAAAG,......(((((((....)))))))......,57.25952143076455
TGAAAAGGTGTACTCGGTCATACCGAAAAG,.............(((((...)))))....,57.25632913788801
GAAAAGGATATCTTCTTAGAGTCTCGAAAA,.....((((.(((....)))))))......,57.25277796769603
GAAAAAGATGCTGTTCTTATAGCCTGAAAA,.........(((((....))))).......,57.248559319259826
GAAGAAGCGTCTCTTTAAGTGACATGAAAA,........(((.((...)).))).......,57.24634508306954
GAAAAGGCTTCATTCATGCACATCCGAAAA,......((.........))...........,57.24396880362878
GAAAAGATGCCTATTTTAGTGCTTTGAAAA,........(((((...))).))........,57.241371856294194
GAAAAGTCGTCAGTCTTCTGTACTCGAAAA,........(((((....))).)).......,57.23749167950585
GAAAAGCAACGTTATCGATTCTTGCGAAAA,.....((((((....))....)))).....,57.21692699594966
GAAAAGCGATCATCTATTATCCGGCGAAAA,.....((................)).....,57.21352756964865
TGAAAAGTTTTTGCTGGTCAAAACGAAAAG,(((..(((....)))..)))..........,57.2125406942881
GAAAAGCGATTCTATTTATAACAGCGAAAA,.....((................)).....,57.208849858301015
AGCGAAAAGCCCTGGTATATACGAAAAGTT,.((.....))....................,57.208422508202375
CGAAAAGCGGATACCTTTATCCTCGAAAAG,........(((((....)))))........,57.20585159809191
GAAAAGTCACGCTATTGCGTTATCGAAAAG,........((((....))))..........,57.198974210193725
GAAAAGCTTGTGTACTTTGTTCCGCGAAAA,.......(((((.((...))..)))))...,57.18610098450968
GAAAAGCATTCGATATTTGTAGTGCGAAAA,.....((((((((...))).))))).....,57.18608284625987
GAAAAGTATCGCCATATTTGGTCACGAAAA,..........((((....))))........,57.18319562293935
GAAAAGCGTATTACAGTCCTTAAGCGAAAA,.....((................)).....,57.16791821624195
TGCGAAAAGCGAATTATATCCCGAAAAGCG,(((.....)))...................,57.16594170477925
GAAAAGCGATCTGGGGTATATTAGCGAAAA,.....((................)).....,57.155074267981526
GAAAAGCTGAAACTTTTAGATTCGCGAAAA,.....((.(((.((...)).))))).....,57.154281527196105
GAAAAGCGATTAAGTACACTCTAGCGAAAA,.....((................)).....,57.146245226902224
GAAAAGGTGATTTGCTCTTGCTCCCGAAAA,.....((.((...((....)))))).....,57.1422372770443
CGAAAAACATTGCTTTCTTGAGTGAAAAGG,.........((((((....)))))).....,57.13723167417422
GAAAAGTGCGTCTTTTAAGACGTACGCAAA,.....((((((((....)))))))).....,57.1276169613762
GAAAAGCGATTTGACATACTCTAGCGAAAA,.....((................)).....,57.12702721714217
GAAAAGTTTTTGCTTTTGCAAGCCCGAAAA,........(((((....)))))........,57.12557029287257
GAAAAGCTTATTGGCTACTGTCCGCGAAAA,....((((....))))..............,57.10884408123303
GAAAAGAAGCCTTTGGGTAATATTCGAAAA,(((.....(((....)))....))).....,57.09836589593984
CGAAAAGCGTTAGCATTATAGTGCGAAAAG,............((((....))))......,57.095798404942826
GAAAAGCCAACTACTTGTTTCCCGCGAAAA,..............((((.....))))...,57.08149921029289
GAAAAGCAAGATTTCTTTGAAGTGCGAAAA,.....(((...((((...))))))).....,57.05225028058527
GAAAAGCACGTTACTTCTTAGAGGCGAAAA,........((((.((....)).))))....,57.04831722318332
GAAAAGAACGCGTATTTATCCGGCCGAAAA,.........((...........))......,57.04305265867561
GAAAAGGCTATATAATCTGCATACCGAAAA,......((..........))..........,57.039475354064216
GAAAAGAGTTGCATTTGCAATTCTCGAAAA,....((((((((....))))))))......,57.035799588084984
GAAAAGTATCAGTCTTTGGCAATACGAAAA,.....((((..(((...))).)))).....,57.031911380129856
GAAAAGGGAATCATTGTGTTTTCACGAAAA,.............(((((....)))))...,57.03073566628276
GAAAAGGTGCCAGTTTCTGTGTCTCGAAAA,.....((.(((((...))).)).)).....,57.02552247917106
GAAAAGCACTTACTTGTCAATCTGCGAAAA,((.(((......))).))............,57.02075681867072
GAAAAGTTAGCTTTTGCTTCTACCGAAAAG,....((..(((....))).)).........,57.02059959687104
GAAAAGCCGATTCTATCCTCTTCGCGAAAA,(..(((..(((...)))..)))..).....,57.01515390335449
GAAAAGTTGTCCGTGTTCTCACATCGAAAA,............(((....)))........,57.0150163783106
GAAAAGTTGACGCATATTTGTGTCCGAAAA,........((((((....))))))......,56.989283314896134
GAAAAGTTACTATCCTATGGACAACGAAAA,............(((...))).........,56.987863543720124
GAAAAGTGGTCATCCTATGTATATCGAAAA,.......((....))...............,56.976236335936605
GAAAAAGGATTCTCCATCAATGCCTGAAAA,......(((...)))...............,56.97090659703381
CGAAAAGTTTAAGCAGTCGAATACGAAAAG,................(((....)))....,56.94710352600221
GAAAAGCTTCCGTTATTACTCCTGCGAAAA,..........(((..........)))....,56.94694022294348
GAAAAGCTATTTCTTCGGACCCAGCGAAAA,.............((((.......))))..,56.94585897486068
GAAAAGCCCTGTTATTTGCTCATGCGAAAA,..............(((((....)))))..,56.93778842078463
GAAAAGGTTATTCGTCATTTTGTCCGAAAA,..........((((.((...))..))))..,56.92628864814911
GAAAAGCGTTTTTTCTACTGTGCGCGAAAA,.....((((............)))).....,56.92547538675512
CGAAAAGAGCGTTTTCCTCGATCGAAAAAG,(((...(((.(....))))..)))......,56.916544673311776
GAAAAGGAATGTTTATGCATATGACGAAAA,........((((....))))..........,56.90650278076175
ACGAAAAGCTATTATCTTGATGCGAAAAGT,.......((.((((...)))))).......,56.90600319931853
GAAAAAATAGAAGTTCTTCGTTGTCGAAAA,................((((....))))..,56.89078591078925
GAAAAGAGAGCATTCGTTTGATATCGAAAA,............((((........))))..,56.88070251389918
CGAAAAGGATCATTGCCGTAATACGAAAAG,................(((...))).....,56.8762304565628
GAAAAGCTGTTACCGTGATTAATGCGAAAA,.............(((.......)))....,56.83988877226484
GAAAAGGCTGTTACTCTATCTGCACGAAAA,......((.............)).......,56.83887573095843
GAAAAGCCGTCAAGTATTGTTATGCGAAAA,.............((((....)))).....,56.825130083919944
CGAAAAGCTTGGATTCTTGATCCCGAAAAG,..........(((((...))))).......,56.81351878802249
CCGAAAAGGTAGTCCGAATGTCTCTGAAAA,.......((....))...............,56.8096417665718
GAAAAGCTTCCGGTCCTCTATATGCGAAAA,.....((....((....))....)).....,56.80852343324414
TGCGAAAAGCGTTTTCCACAGCGAAAAGTA,.((.....)).(((((......)))))...,56.7860290524703
GAAAAGTAGCTTATGTTATGTCTATGAAAA,.....(((((....)))))...........,56.78205782376037
CGAAAAAGTATTTCCTCAGTATCTGAAAAG,...............((((...))))....,56.764618328775086
GAAAAGAGTAAGCAATTTAGCTATCGAAAA,..........(((......)))........,56.757276283715164
GAAAAGAGAACTATTATGTAGCTCGAAAAG,.....(((..((((...)))))))......,56.75389245679419
CGAAAAGCATTAGTTACATATTGTGAAAAG,.............(((((...)))))....,56.7522176474081
TGTGGAGGTCGAAGTGAAAAGACATTTACT,.(((((.(((..........))).))))).,56.74144753152865
GAAAAGGAGTGTGCTTTTGTAATCCGAAAA,.....(((...(((....))).))).....,56.7248212157335
GAAAAGAGCATAACCTTTTGGTGCCGAAAA,.......((...(((....)))))......,56.722645130008885
GAAAAGGAATCAAGTCGTTTATTACGAAAA,..............((((.....))))...,56.7161936181905
GAAAAGAGAGCTGTTTTAGTCGATCGAAAA,.....((..((((...))).)..)).....,56.71163406429571
GAAAAGCTTTAGTGCATTGCCGAGCGAAAA,.....((......)).((((...))))...,56.703023214307365
GAAAAGCTTGCGAAAAGTCGTCCCGATGCT,....(((((((((....))))...)).))),56.69102480923818
GAAAAGGAATTCCATAACTATTACCGAAAA,.....((....)).................,56.68831285026279
GAAAAAGAATCCTTTATGGGATTATGAAAA,.......((((((....)))))).......,56.679543478816015
GAAAAGCCTCTTCTCTTTGTAATGCGAAAA,...............(((((...)))))..,56.67797270083567
CGAAAAGGTCATCCTTGTAAGAACGAAAAG,....((((....))))..............,56.67649453504832
GAAAAGGATTGTATCCTATGCCTCCGAAAA,....(((((...))))).............,56.672987011712586
GAAAAGCCTATTAGTGTTCCTATGCGAAGA,.............((((....)))).....,56.659393485713444
GAAAAGCACGTTCTTATGTTCTGGCGAAAA,....((.((((....)))).))........,56.65872763062548
CGAAAAGGAATAATCCATTGGAACGAAAAG,......(((....)))..............,56.65465816902274
GAAAAGCATTATAGCCGTGGTTAGCGAAAA,.....((......))(((.....)))....,56.64436480234341
CGAAAAGCGTGTTCGTTTCTCTGCGAAAAG,.((.(((((....))))).)).........,56.64399130012957
GAAAAGTAATCTTATCTCAAGTGTCGAAGA,((.(((....))).))..............,56.64333561446763
GAAAAGCGAAATGGTTATCCTTCCCGAAAA,......((....((....))....))....,56.640900244994604
GAAAAGTGTTAGACTTATAGTCTCCGAAAA,..........(((((...))))).......,56.62172837520512
GAAAAGCAGGCAATTATATTGCTCCGAAAA,........((((((...)))))).......,56.615079263651026
GAAAAGCTTAATCATATTGACTGCGAAAAG,.....((....(((...)))..))......,56.5937704056615
GAAAAGAAATACAGCTTGCGCCTTCGACAA,.............((....)).........,56.578393566272865
GAAAAGTAGCCTATTCTATAAGCACGAAAA,.....((.((.(((...))).)))).....,56.56792402928912
GAAAAGCAATGTTCTGTTGATGTGCGAAAA,.....(((....((....))..))).....,56.55880048340932
GAAAAGTTGTGCCTTTCTAGGCTGCGAAAA,......((((((((....)))).))))...,56.54820200410838
GAAAAGCCTTAGGCGGAGAGTAGTCGAAAA,.....(((...)))................,56.543301541259424
TGAAAAGCTCATATGTATAATTGCGAAAAA,..............(((....)))......,56.539628801404106
GAAAAGTCTTTGGTTTCTACCAGCGAAAAG,......((.(((((....))))).))....,56.51465491601543
GAAAAGCATTCCCTTTTGTGGATCGAAAAG,.........((((....).)))........,56.51198301661235
GAAAAGGGTGTTACTATTGTGCGCCGAAAA,......(((((.((....))))))).....,56.51140637155481
GAAAAGCTGGTATTCTTGTGTCCACGAAAA,.......((((((....))).)))......,56.51131775838952
GAAAAAGTATACCGTTATCGGTTACGACAA,......(((.((((....))))))).....,56.509406962315936
GAAAAGTGATGTTCATATTGAGCACGAAAA,.........((((((...))))))......,56.506094589299025
GAAAAGCCTGAACTTTTAGCTCAGTGAAAA,.......((((.((...)).))))......,56.497687456291885
ATGAAAAGGTAACGCTCGTTAACGAAAAGT,...............(((....))).....,56.49629842993832
GAAAAGTGTTAGCTCTTGGTACAACGAAAA,.....((..((.(....).))..)).....,56.489199851515245
TGTCGAAAAGATTATGGATCGAAAAGATCG,.(((.....)))....((((.....)))).,56.45952388676625
GAAAAGACTGCGGTATCCTTAAGTCGAAAA,.....((((..((...))...)))).....,56.45105572242253
CGAAAAGCGATTGTCTCAATCTTCGAAAAG,((((....(((((...))))))))).....,56.45024441077386
GAAAAGGATTCCTCTTTGTGTATTCGCAAA,....(((...)))..(((((....))))).,56.44849792075668
GAAAAGAGATATCATATTGATGTTCGAAAA,.......(((((((...)))))))......,56.44796728159463
GAAAAGCTTCCTATCTTTGATACGCGAAAA,.......((((((((...)))).).)))..,56.44540088564084
TAGTCGAAAAGATGTTTAGCGAAAAGTATA,..(((.....))).................,56.44053650772131
GAAAAGAAACACCTTCGTGAGATTCGAAAA,.............((((.......))))..,56.43805570894662
GAAAAGCATGGATTTTATCAGTCGCGAAAA,.....((((.(((...))).)).)).....,56.43404078217108
GAAAAGCCATACTATCTTTAGTTGTGAAAA,.......(((((((....))).))))....,56.42659261492401
GAAAAGCATACTCCTTTGGACATGTGAAAA,......((((.(((...)))..))))....,56.42211135319063
GAAAAGTATTATCGCATTTATATACGAAAA,...........(((.((....)).)))...,56.412467002606625
CGAAAAGACACATTATTATGCATCGAAAAG,......((..(((....)))..))......,56.40878927307311
CCGAAAAGTACTCGTAGTTGACGAAAAGTG,...........((((.....))))......,56.40710637581813
GAAAAGCCATGAGTCGTTTCATTGCGAAAA,.....((.(((((....))))).)).....,56.404697164899346
GAAAAGTCGTAGTTTATACCGCGCCGAAAA,.....(.(((.((....)).))).).....,56.40242928159324
CGAAAAGGATTACTAGCTTTAAACGAAAAG,...((((.........))))..........,56.39710526246146
CGAAAAGTGTTGTCACTTAAATACGAAAAG,....(((((....)))))............,56.363834326184545
GAAAAGCCATGTTAACTCTTGTTGCGAAAA,............((((....))))......,56.36114376781978
CGAAAAGCTTGTATTTACAGAAACGAAAAG,........((((....))))..........,56.34843129496622
GAAAAGGATATTCCACGTCGTACCCGAAAA,((...(((...)))...))...........,56.33653397440054
GAAGAGCGGCCTTTTTAGTGCCCCGAAAAG,.......(((((....)).)))........,56.336032942176914
CGAAAAGTGTTAGGCTTCTGCATGAAAAGG,.............((....)).........,56.331582596687824
CGAAAAGAATTAGATTTGTAGTGCGAAAAG,..............(((((...)))))...,56.32782434341178
CGAAAAGTTTAGAGATCGGATAACGAAAAG,...............(((.....)))....,56.32595235498606
GTGTGAAAAGAATTCCTAGGCGAAAAGCTC,..................(((.....))).,56.32065293897019
CGAAAAGGTAATGCATTTGTGGCCGAAAAG,......(((...((....)).)))......,56.31651261951852
GAAAAGCAGCTTTGTACTCATACGCGAAAA,..........(((((........)))))..,56.31554409999076
GAAAAGATCGAGTTGTTATTCGGTCGAAAA,.....((((((((....)))))))).....,56.31054476752126
GAAAAGTATAGTTCTCTAGTCAATCGAAAA,.....(..(((....)))..).........,56.303543803022315
GAAAAGCTGGTTTTCTTAGACCCGGGAAAA,......(((((((....))).)))).....,56.30268491851305
CGAAAAGGTTTACTTTGCATTTCCGAAAAG,...((((.....))))..............,56.29954563631093
GAAAAGCTGTCTTCTGAACGCCTGCGAAAA,.....((..((....))..)).........,56.29690615398872
GAAAAGCGTAATTTTTGTGGCGCGCGAAAA,.....((((.((....)).)))).......,56.29417264600021
GAAAAGTACGGTTATCCTATCTGTCGAAAA,((...(((.((....)))))...)).....,56.288864378320156
TACGAAAAGTGAATTCTGTTCCGAAAAGGA,(((.....)))........(((.....))),56.28342338501455
GAAAAGCTATCTATATGATGTAAGCGAAAA,.....((((((.....)))...))).....,56.27738712100515
GAAAAGGAGGGTGTATTACTCTACGAAAAA,.......((((((...))))))........,56.272934318833975
GAAAAGCCATTCTCCTTTCTTGAGCGAAAA,............(((((....))).))...,56.255320549694375
CGAAAAGGATGTTTCAGTGAATTCGAAAAG,((((...((....))......)))).....,56.23290234156044
GAAAAGGCCAGTTGTTTCAATACCCGAAAA,.....((...((((...))))..)).....,56.22603329600433
GAAAAGGTCTCCTAATCGAACTACCGAAAA,....(((...)))..(((......)))...,56.21991199693244
TGAATGAAAAGACTAGTATCGAAAAGTTCG,.((((.....((......)).....)))).,56.205907513558685
GAAAAGTGAAATTAGTTTCTAATACGAAAA,..........(((((...))))).......,56.205873544434795
TAATACGAAAAGAATAATGCGAAAAGTGTA,................((((.....)))).,56.18681161879349
GAAAAGCGGTATCTAGTTCATACGTGAAAA,...........((..((....))..))...,56.16937236877726
GAAAAGCTGTTTTACTGTGTTCTGCGAAAA,(((..((.((...)).)).)))........,56.16913208302452
GAAAATGTAGGTTAGGTATCCTAACGAAAA,..........((((((...)))))).....,56.16137453885676
GAAAAGAGTGTATTATTGTCACATCGAAAA,.....(((((((....)).))).)).....,56.14374412030864
GAAAAGCGATATAGTTTCTATGTGTGAAAA,.....((.((((((...)))))))).....,56.13507075285492
GAAAAGGATGTCATTCTTATGGGCCGAAAA,.....((...((((....)))).)).....,56.11382810508367
GAAAAGTTTTGTCTTATAGGCATGCGAAAA,.....((..(((((...))))).)).....,56.1104751036962
AACGAAAAGTACTAATATGGTCGAAAAGAT,...................(((.....))),56.10432257174359
CGAAAAGTTTTACTAGAAGTTCGCGAAAAG,((..((.((((...)))).))..)).....,56.096891264916685
GAAAAGGGTGTTTATATCCAGTCCGAAAAG,.....(((((....)))))...........,56.096502019538136
GAAAAGGGAGATGTATTCGTCTTCTGAAAA,.....((((((((....)))))))).....,56.09186064103261
GAAAAGATGTTTTGCTTCAACTCTCGAAAA,(((..((....))..)))............,56.08377652263995
GAAAAGGAGTATCTCTTATCCATCCGAAAA,....(((((...))))).............,56.083452196988404
GAAAAGGGTTCTCTTTTTGGAGCACGAAAA,.......((.((((....)))).)).....,56.073296555341244
GAAAAAAAGCCTCGCTAATGCCTTTGAAAA,.............((....)).........,56.060730545487445
GAAAAGTAATTCCCTTTGGGTGAGAGAAAA,...........(((...)))..........,56.055974521487855
GAAAAGCTACCCTATGGGATTTTGCGAAAA,.....((..(((...))).....)).....,56.045346515718634
CGAAAAGTTCTATTTGTATTTAGCGAAAAG,............(((((.....)))))...,56.032989006134606
GAAAAGAGTCTCCATATTGGACCGCGAAAA,..........((((...)))).........,56.03203540880213
GAAAAGTGTCAGATATTCTGTTACCGAAAA,.....(((.((((...)))).)))......,56.01961515034998
CGAAAAGTCCTCTCTTTTGTTAGGTCGAAA,......(.(((..(....)..))).)....,56.017803217261445
GAAAAGCCCTTATGATATTCATGCGAAAAG,........(.(((((...))))).).....,56.01397468351294
GAAAAAGTAAACGTACAGGTTTCCTGAAAA,...............((((...))))....,56.01233079568607
GAAAAAGACTCAGCTTAGCTCATCTGAAAA,.....(((...(((...)))..))).....,56.01218005284113
GAAAAGTTATCGTGTTTTCACGTACGAAAA,..........((((....))))........,56.01188022242376
CGAAAAGCCTATGCGTTACTCTGCGAAAAG,.............(((......))).....,55.99130267780926
GAAAAGCTTGTATTTCTTGGTCAGCGAAAA,.....(((.(.(((....))))))).....,55.97108449409605
CGAAAAGTATCTTACTACAAACACGAAAAG,.....((((...))))..............,55.96570899906708
CCGAAAAGGATGGTATGAGTAACGAAAAGG,((.....)).....................,55.961547845147365
ACGAAAAGTCTTTCATAAGGAACGAAAAGT,..((((....))))................,55.95561464611048
GAAAAGGTATAAAGCCATTTACAACGAAAA,.....(((.....)))..............,55.94719011841208
AACGAAAAGTATCTCTATCGAAAAGGTGTC,...............((((.....))))..,55.92381761147553
GAAAAGATGGTATATTTGTACCCACGAAAA,........(((((....)))))........,55.922279671055065
GAAAAGAAATAACGCTTTAGTGATCGAAAA,............(((....)))........,55.90001292386191
AAAAGGGTCGAATCTTTTGATCCCGAAAAG,....((((((((...)))))))).......,55.89519555423152
ACGAAAAGTGCTTTCTAGTGTTCGAAAAGT,.((((...((((....))))))))......,55.89516508220302
GAAAAGTTAACACCTTGTGGTTTACGAAAA,...........(((....))).........,55.88732267582019
GAAAAGGGCCCATTTTTGTGTGCACGAAAA,.......((.(((....))).)).......,55.88408304886032
GAAAAGTTGTCTATCCGTCGGTAACGAAAA,.................(((....)))...,55.87621437784305
GAAGAGTAATCCTAGCTGTGTTTGCGAAAA,..............((.......)).....,55.86853901672725
CGAAAAGGTTATTCTTGGCATATCGAAAAG,(((....((((....))))...))).....,55.863698346666126
GAAAAGGTAGGATTTATAATCAGACGAAAA,......((..((((...))))..)).....,55.860146692364836
CCGAAAAGGATCTTCAAATGCACGAAAAGG,((.....)).....................,55.851646724371065
CGAAAAGCTAGGTATATTATCAGTGAAAAG,......(((.((((...)))))))......,55.84544470188841
GAAAAGACGGACCCATTTGATATTCGAAAA,...............(((((...)))))..,55.838674109623824
TGAAAAGGGCCTAGTTCTTTAGCCGAAAAG,.......(((.(((....))))))......,55.83307929337168
TGAAAAGGTTTTAGCCTATGTCCGAAAAAG,.....((((....)))).............,55.83184120136538
GAAAAGGTTGTTCTTTCACAGGTCCGAAAA,((((.((....)))))).............,55.82798335728934
GAAAAGGATTGTGACTCACTTGTCCGAAAA,.....((((.(((...)))..)))).....,55.81688666138958
GAAAAGCGGTGCCTTTTGCCATCGTGAAAA,.....((((((.(....).)))))).....,55.816386266093815
CGAAAAGTTAAACTTGTTAAGGCGAAAAGG,.............((((....)))).....,55.81580555551612
GAAAAGCAATTTGCCTTGTACTTGCGAAAA,.....((((..(((...))).)))).....,55.80606323162897
ATGAAAAGCAGATTTCTATCTCCGAAAAGT,.......(.((((....)))).).......,55.79153582869439
GAAGAGAGTATCGGTTTCCGTGTTCGAAAA,.....(((((.(((...)))))))).....,55.782314276828814
CGAAAAGTGATTTATGCATTCCGAAAAGGT,....................((.....)).,55.769496809846224
CGAAAAGCCCAGATTTTAGTCTGCGAAAAG,........((((((....))))).).....,55.76903844585972
GAAAAGTGTCGTTTTTACTGACACGACAAA,.....(((((((....)).)))))......,55.76693513800835
GAAAAGAATACTACTTCGTAGTTGCGAAAA,..............(((((....)))))..,55.74361571645032
TCGAAAAGTGTTCTCAATAACCCGAAAAGG,.....................((.....)),55.741759590710444
GAAAAGGGCCCTTTCTTAATTGCCTGAAAA,.....((((..((....))..)))).....,55.73644980315282
GAAAAGTCCTTTGCTTGTAAATGCCGATAA,............((........))......,55.73501393541845
AAGAGTAATCCCACAGTCGTTAACGAAAAG,................(((....)))....,55.71389197469921
AATGAAGTGAAAAGTTGTCGTCCCGATGCT,................((((...))))...,55.71090484351409
GAAAACAAGGCATTTTGATGTTGCGGAAAA,.........(((.........)))......,55.70341180637504
GAAAAGGTTAATAGTTAGGATGTCCGAAAA,.................((....)).....,55.70041562684311
GAAGTAGGATCCCTTTAAGGTGTTAGAAAA,.......(((.(((...))).)))......,55.69926948083673
TAAGGAAAAGCTCTGTTTGCGAAGGTTCCA,...((((..((.......)).....)))).,55.69891572239342
TCGAAAAGTTCATCTATCATGCCGAAAAGG,.....................((.....)),55.693987640398355
GAAAAGCGTTACCTATGGTATTCACGAAAA,......(((((((...))))...)))....,55.69371881196075
GAAAAGCTTCCAATTATGTCACAGCGAAAA,.....(((..............))).....,55.69213326398918
GAAGAGAGATCGTTTATACGTCTGCGAAAA,......(((.(((....)))))).......,55.68426532687117
TGAAAAGCGTCTAATTATTCCAGCGAAGAG,......((..............))......,55.68303462101777
GAAAAGGCTATGCTCTGTTCTATCCGAAAA,(((.((((...)).)).)))..........,55.68214854421451
GAAAAGAGCATCCTTTTAGGTTATCGAAAA,.(((((......))))).............,55.68055927020317
CGAAAAGTGCTATTCTTAGAGTTCGAAAAG,((((.....(((....)))..)))).....,55.66831857264346
GAAAAGAGTGCTTCTATGAAGTTCCGAAAA,.......(.(((((...))))).)......,55.65693442735774
GAAAAGCCCATATTGTGGTTTCACCGAAAA,...(((((((...)).))))).........,55.653975184577114
GAAAAGCTTCAAAATTACATACAGCGAAAA,.....(((..............))).....,55.64289916471924
TCGAAAAGTGGTCTTATAATCCCGAAAAGG,.....................((.....)),55.63512093221961
CGAAAAGTAAAGTTTGGATTCTTCGAAAAG,............(((.((....)).)))..,55.62651445472403
GAAAAGAATGTATACCTGTTGGTTCGAAAA,.............(((....))).......,55.62593068863876
GAAAAGCTCTCAATTCATCATCAGCGAAAA,.....(((..............))).....,55.623133817378026
CGAAAAGCGTTCTTGTTAGTTCCGAAAAGG,.(((.((((....))))..)))........,55.61410186166543
GAAAAGCATCCACTCGCTTTGTTGCGAAAA,.............((((......))))...,55.61216910672515
ATTGCGAAAAGTATCCTATGAAAAGTCCAT,..(((.....))).................,55.59094540401152
GCGAAAAGAGCATTTGTAGTCTCGAAAAGT,((.......)).((((......))))....,55.57691398887793
GAAGAGCTGTATCTTGCAGATTTGCGAAAA,.((((......))))(((....))).....,55.55802607810553
GAAAAGTTATCTGCCTTCTGGCAACGAAAA,...........((((....)))).......,55.557692869458556
GAAAAGCCATGTCTTTTAGCCAGGTGAAAA,.....(((.((.((...)).))))).....,55.55043950672789
GAGAAACGAACTCTTTTAGATTCGCGAAAA,......((((.(((...)))))))......,55.54941101379192
GAAAAGCATCTAAAACTTTTAGAGCGAAAA,.....((.((((((...)))))))).....,55.54401304269237
GAAAAGGGGTATCCTCTAGTTACCTGAAAA,....(((((...))))).............,55.53121530014528
GAAAAGGGATACCACTTTGATACCCGAAAA,.....(((.((.((...)).))))).....,55.529275415559425
GAAAAGCATTCTTGCTCATCAATGCGAAAA,((..((((....))))..))..........,55.51842181148635
TGAAAAGATGTAATAGTTGTCATCGAAAAG,......((((..(....)..))))......,55.50081777601475
CGAAAAGACTTATCTTCAAATGCGAAAAGG,....((((....))))..............,55.486640308818366
AAAAGCCTCTATACACGTTCTAGCGAAAAG,...............(((....))).....,55.479443686755296
TGCGAAAAGTATAATGTAGATCGAAAAGCT,(((.....)))...................,55.467385052298255
GAAAAGAGGTACATCTCATGACTTCGAAAA,.....(((((.(((...)))))))).....,55.461980009974305
CGAAAAGATCAACTCGTCCTCATCGAAAAG,(((..((..(.....)..))..))).....,55.44697681038719
GAAAAGACTCCTTCTTAGTTGAGTTGAAAA,.....(((((((....))..))))).....,55.44531498431377
GAAAAGTGATTACTATAGGATTCCCGAAAA,.................((....)).....,55.436013353512244
GAAAAGTGTTCTTTTGTAATGAATCGAAAA,.(((((....)))))...............,55.42487255731022
CGAAAAGGATACCTCTGTACAAACGAAAAG,.....(((...)))................,55.41963648425374
GAAAAGCCTTATAGTCTTCTTAAGCGAAAA,.....((.(((.((....))))))).....,55.418104359463754
GAAAAGCGTATCCTTATAGGATTGTGAAAA,.....(((.(((((...)))))))).....,55.41341757696202
CGAAAAGTATAGATACCTTCGTACGAAAAG,......((((.((.....))))))......,55.40906402171358
GAAAAGTGTTCAAGTCTTTTGATGCGAAAA,........(((..(((....)))..)))..,55.40830792632117
ATCCGAAAAGCATTTCTACGCGAAAAGCGT,....((((....)))).((((.....)))),55.40598320636528
GAAAAGTACTTGCTTCTAGCGAGACGAAAA,.....((.((((((...)))))))).....,55.38548525348732
GAAAAGATGCCGTTTCTACGGGTTCGAAAA,.....((..((((....))))..)).....,55.3789991991668
GAAAAGTGCGCTGTTTTTACGCGACGAAAA,.....((.(((.((....))))))).....,55.37391309275051
CTGAAAAGATCACTTTGTGTTTCGAAAAGG,.(((((....(((...))))))))......,55.365380269252
GAAAAGAATGACTTATAGTTACTTCGAAAA,.....((((((((...))))).))).....,55.36365925234837
GCGAAAAGGATAACCTTTGTTCCGAAAAGA,....(((((....)))))............,55.35945576663095
GAAAAGAACTACCTTTTGGTTAGTCGAAAA,.......((((((....)).))))......,55.3549869235127
GAAAAGCTATTCTCTCGACATGTGCGAAAA,..............(((.(....))))...,55.35065252583423
GAAAAAGCGCCCTTTTTAGGGGATGAAAAG,.........((((....)))).........,55.34216406057374
GAAAAGAAACATCGTATTCGGTGTCGAAAA,........((((((....))))))......,55.330590794356944
GAAAAGCTAGCCTATTCTTGGGTGCGAAAA,.....((..(((((....))))))).....,55.32615095484819
CGAAAAGTTCGGTTCGTTTTAGGCGAAGAG,((((...)))).((((((...))))))...,55.28746053109972
GGTTGAAAAGCCATTTAGCGAAAATAACAG,((((....))))..................,55.2841584735924
GAAAAGCGATTGGTTTACCTTAGCGAAAAA,.....((....((....))...))......,55.28382898665641
GAAAAGTGATTTCACCGATTAATCCGAAAA,.....(((....)))...............,55.281744933024655
GAAAAGCGTCTTAAGTATTTAGCGGGAAAA,.....((..............)).......,55.27556482089932
GAAAAGATCCTCATCTTGAGCATCGAAAAG,.....(((.((((...)))).)))......,55.27361592397773
AGCGAAAAGCTACATTTAGTACGAAAAGAT,(((.....)))...................,55.26502444017527
GAAGAGTGAGATTTATGTCTACAGCGAAAA,.....((.((((....))))))........,55.25718668242
GAAAAGGGATCTATTCACGGGTTCCGAAAA,.....(((((((......))))))).....,55.25316531867408
GAAAAGCTTTTGCATTGCACAGGCGAAAAG,.....((((.(((...))).))))......,55.24751788842948
CGAAGAGCACCTTGTTATCAGGTTGAAAAG,.......((.((((....)))).)).....,55.24532392084595
CGAAAAGGGGGATACTTCCAACACGAAAAG,......(..(((....)))..)........,55.24377914102992
CGAAAAAGCAATGTACTTTACGCTGAAAAG,......(((............)))......,55.23891891121468
CGAAAAGCTCGTTTTCACACGTACGAAAAG,.(((((.....)))))..............,55.22208573481019
GAAAAGCCCTTTCTAGGTATCTCGCGAAAA,.......(((....))).............,55.21718544592482
ACGAAAAGTAGTAGGAGTATCTCGAAAAGT,..............(((...))).......,55.21346362236292
GAAAAGTACAGTCCTTGACATTATGAAAAG,..........(((...)))...........,55.21173579928771
ATCGAAAAGCATGTTTTAAGCGAAAAGTTG,..................(((.....))).,55.20810907866708
GAAAAGGTACGTTTTTACGAACTCCGAAAA,.....(((.(((....))).))).......,55.20623190262032
GAAAAGCAAATACGCATTCTTGCGAAACGG,............((((....))))......,55.19967533302548
GAAAAGCTATCCTTTCTTAAGGCGTGAAAA,.......(((((((....)))).)))....,55.19482893688332
CGAAAAGTGCTTCCTTTGTTTCACGAAAAG,..............(((((...)))))...,55.173826491672415
CGAAAAGAGGAACGTATGTACCTTGAAAAG,......((((.((....)).))))......,55.16561161236651
GAAAAGAGATGCATGTATTCATGTCGAAAA,..........(((((....)))))......,55.158521298718284
GAAAAGGTCGGGTATATTACGCAACGAAAA,......((.(.(((...))).).)).....,55.15697255633894
GAAAAAAGGAGCTGTATTAGTTCTTGAAAA,......((((((((...)))))))).....,55.14838321818259
CATCGAAAAGGTGCTATTACGAAAAGAATG,((((.....)))).................,55.138718903925366
CGAAAAGCTTTCTTAATCGTACGCGAAAAG,................(((....)))....,55.13139183393673
GAAAAGGTAGCATTTTGAATCCTCCGAAGA,....(((...((...))...))).......,55.12002700439182
TGAAAAGAAATCCTTATTAGGTTCGAAAAG,......(((..(((....))))))......,55.11983412830888
GAAGAGTCGTTGTTTACTTCCTCGCGAAAA,......((((.............))))...,55.11854843580472
GTTTGAAAAGGCATTCGTCCGAAAAGATTT,((((....))))..................,55.117858825350986
CGAAAAGTTCTGCTCCCTCGTATCGAAAAG,(((..(((...)))...)))..........,55.116632928858195
GAAGAGGGTTATACCTTGTATAACTGAAAA,......((((((((...)))))))).....,55.10900140979014
GAAAAGGGTGCTTCAGTTTTATGCCGAAAA,...........(((.((.....)).)))..,55.09931802122213
GAAAAACCATTAGCTTTAAGTATGTGAAAA,.......(((..(((...)))..)))....,55.09718279546989
GAAAAGTTAGCTGTTTTCAGAATACGAAAA,.....((...(((....)))...)).....,55.08803432392762
GAAAAGAGTATTTGCTTTAGTCTCGAAAAG,((..(((((....)))))..))........,55.08428914747141
GAAAAAAGCCGCTTTTTGGCCGCTTGAAAA,.....((((.(((....))).)))).....,55.0810200421583
GAAAAAGTGTATCACTGTTGTACCTGAAAA,.....((((...))))..............,55.07260868207521
GAAAAGCTTTTATTATCGAAAACCGAAAAG,...............(((.....)))....,55.07031097099963
GAGAAGACAATTGCTTTATATTGCCGAAAA,............((........))......,55.0612421494026
GAAAAGGACTGGAATTTCCTCTCCGAAAAG,.....(((..(((...)))..)))......,55.056841488982684
GAAAAGGGAGTACTTCTGATCGACCGAAAA,.....((..(..(....)..)..)).....,55.05652594637792
GAAAAGAAGAGTCTTTATAGCATTCGGAAA,........((((((....)).)))).....,55.05565942185397
CGAAAAGCAAAATTCTTATGGGGTGAAAAG,...........(((((...)))))......,55.04816991573074
GAAAAGGCATTATCTTTAAAGCGCTGAAAA,....((((.(((....))).)).)).....,55.04069933298108
GCGAAAAGGTTACACTGTTTACCGAAAAGT,((.....(((..........))).....)),55.00956837984941
CGAAAAGGAGTTTGTATTTCGCTCGAAAAG,(((...(((((....)))))..))).....,55.00497057823075
CCGAAAAGGTTATATATGAAACGAAAAGTG,((.....)).....................,54.99654663205159
CGAAAAGTCTTGCTCTTATCTGCGAAAAGG,.........((((........)))).....,54.993371774388834
GAAAAGCAATCCTTTGGTAAGTTGTGAAAA,.....(((((((...))...))))).....,54.9718476366768
CGAAAAGTGTTATTATAGTTCCTCGAAAAG,(((.((.(((....))).))..))).....,54.96364071000461
CGAAAAGATCTTGTCTTTACGATCGAAAAG,((.((((((...)))))).)).........,54.954370632073655
GAAAAGTTACACGTTTTCGTGTCATGAAAA,........(((((....)))))........,54.946232462402946
GAAAAAGTCCCACGTTTCGTGTTCTGAAAA,..........((((...)))).........,54.94029531447069
CGAAAAGTTATTTCTATGGCATGCGAAAAG,((....(((((....)))))...)).....,54.93507827870668
GAAAAGGAATCTTATCAATTGTCCGAAAAG,((.(((....))).))..............,54.934377013242894
CGAAAAGCATTTCAACATTGTAGCGAAAAG,.((((....)))).................,54.92199461053096
GAAAAGTCAGAATATATTCGTCTACGAAAA,................((((....))))..,54.902968679218006
CGAAAAGTTGTCTTTGTTACATGCGAAAAG,............(((((.....)))))...,54.89505753844932
CGAAAAGCAGTTCGTTTCCAGTGCGAAAAG,..........(((((.......)))))...,54.888977499456
CGAAAAGCCCATGCTAAATACGAAAAGCGG,.....(((....)))...............,54.88713092329135
CGAAAAGAGTTACTTTGTAGTATCGAAAAG,........(.((((....)))).)......,54.88629038901939
GAAAAGTCTGTCTCTTGTAGTCTGTGAAAA,....((.(((.(....)))).)).......,54.8860468552634
GAAAAATGCGTGTTTATGCTCGTGTGAAAA,.....(((((.((....)).))))).....,54.884410570238956
CGAAAAGGTATTATCCAACTGACGAAAAGG,......((......))..............,54.88190386402103
GCGAAAAGCTATACTTTGTCAGTGAAAAGT,((.....))...(((((........))))),54.87487960479318
GAAAAGTGATTATCACATATGAAGCGAAAA,.....((((...))))..............,54.874285578756684
GAAAAGACCGGAGTTCTACTTCATCGAAAA,.........(((((...)))))........,54.866771896878994
CGAAAAGTATCTGGATTTATCCGCGAAAAG,.........((((((....)))).))....,54.86582538815344
CGAAAAGTATTAATTGTAAGTAGCGAAAAG,.............((((.....))))....,54.86525948202572
CGAAAAGCATTTCACTTTAGCCGCGAAAAG,.((((....)))).................,54.86096516048412
CGAAAAGTATCTTGTTGGGATGCGAAAAGG,......(((((((...))))))).......,54.8551839355501
GAAAAGGCCATATTATGTATGAGACGAAAA,........(((((...))))).........,54.83263398149995
CGAAAAGGATTTCACGATAGATACGAAAAG,.((((....)))).................,54.82989655525371
GAAAAGAGAAGTCTCCTATTAACTCGAAAA,.....(((....)))...............,54.829624934655996
GAAAAGCCTTGTTTCCTTGCCCTGCGAAAA,................((((...))))...,54.82297703440288
GAAAAGGAGAAGATTTATCGGATTCGAAAA,.................(((....)))...,54.81551570727709
GAAAAGCGGCCGATTCTTCAGCCACGAAAA,.....(.(((.((....)).))).).....,54.798712949294185
GAAAAGCTGTCTTTTGATACCTGCGAAAAT,....((.((((....)))).))........,54.79197044072464
GAAAATCGTGCTATATAGCTTCCGTGAAAA,.........(((....)))...........,54.79028027095707
CGAAAAGGATTTCAAGTAGTTACCGAAAAG,.((((....)))).................,54.78955784565838
GAAAAGAGGACTGATTTTAGTCCCCGAAAA,.....(.((((((....)))))).).....,54.77231130261306
CGAAAAGATGTTTATATCACGGTCGAAAAG,(((...((((....))))....))).....,54.76896407127929
GAAAAAACTGTCTTTAGTCTAAAGCGAAAA,......((((....))))............,54.76817369692894
GAAAAGCGAAGATCTTATCTCTCACGAAAA,.....(.((((((...)))).)).).....,54.76655967792264
GAAAAGTACGTTTTTGTAACGGTTCGAAAA,(((..(((((....))).))..))).....,54.76277466777006
CGAAAAGCAATAGATTTATCTATCGAAAAG,.........(((((....))))).......,54.759773429891354
GGCCGAAAAGGTGTTTATACGAAAAGGAAC,.(((.....)))..................,54.74761903934224
CGAAAAGTATCAATTGGTAGTTACGAAAAG,....((.((((....)))).))........,54.71518410963444
GAAAAGGTATGAATTAGGGATTCCCGAAGA,................(((...))).....,54.71163230525427
GAAAAGTTAGTGTTTCTACGCTCGCGAAAA,.....((.(((((....))))).)).....,54.71110540480745
GAAAAGATGTGCATTTTGTCTCATTGAAAA,.....((((.(((...)))..)))).....,54.70486399472577
GAAAAGGATGTTATGCTCTTCTTCCGAAAA,(((.((((.((...)))))).)))......,54.694073583488375
CAGATCGAAGAGTAGTATACGAAAAGTATT,................((((.....)))).,54.692910039261434
GAAAAGCATACAATCGTTATTTAGCGAAAA,.............(((((....)))))...,54.68571324748582
AGCGAAAAGCTTCTTTGTTGCGAAAAGCAT,(((.....))).......(((.....))).,54.68519088928601
GCGCGAAAAGCACTAAACTGTCGAAAAGCC,(.((.....)).).................,54.684623912664364
CTGAAAAGCCATTGTTAAATCCGAAAAGGG,....................((.....)).,54.6778213698816
ATCGAAAAGTAGTATTATCGCCGAAAAGGT,...................(((.....))),54.6680400375734
GAAAAGCCTAATGGTAATCTTCTGCGAAAA,.....(((....)))...............,54.665362938092926
GCCGAAAAGGTACATTTGTTCGAAAAGACG,(((.....)))...................,54.66503330463763
CGAAAAGTTTGATTTTAGTCCGACGAAAAG,......(((.(((....))).)))......,54.65813004930894
CGAAAAGTTAGATTTTAGTCCGACGAAAAG,......(((.(((....))).)))......,54.63853395792266
GAAAAGTGCTCATCTCTATGTCTACGAAAA,.....(((..(((....)))..))).....,54.634418712103724
CGAAAAGATCTTATTAGAACGAGCGAAAAG,((....(.(((....))).)...)).....,54.633901618295646
CGAAAAGCTCTGTTTTGTCTAGGTGAAAAG,.(((((((...))))).))...........,54.627812197795734
GAAAAGTCGTTGTTACGACAACTGCGAAAA,.....(((((....)))))...........,54.60916402569294
CGAAAAGTGATTGTTTACTACGGCGAAAAG,((...(((((....)))))....)).....,54.601884230565304
CGAAAAGGATTTCTACGCGTTGACGAAAAG,.((((....)))).................,54.596015933271275
CGAAAAGTACTCGGCAGATTTAACGAAAAG,..........(((..........)))....,54.59008770075722
GAAAAGTAACCAATTTCGTTGGTATGAAAA,........((((((...)))))).......,54.58985167798849
CGAAAAGTTTCTGACTTCGCAAACGAAAAG,.(..(((((...)))))..)..........,54.588044912770506
GAAAAGAGTACTGTATTCAGTCATCGAAAA,.....((..((((....))))..)).....,54.58194601950223
GAAAAGTCAATTGTTTTCAGTTAGCGAAAA,.....((.(((((....))))).)).....,54.55513918699833
GAAAAGAATGCTCTATTTAGAGTTCGAAAA,.........(((((....))))).......,54.543115435809334
GAAAAGAATCGTCTCACTCGTATCCGAAAA,.................(((....)))...,54.54298174835083
CGAAAAGTCGCTACTTTATGTCACGAAAAG,.......(((..((.....))..)))....,54.52973884111021
GAAAAGAGTTCGTTATACCAACTTCGAAAA,.....(((((.((...)).)))))......,54.52688565023587
GAAGAGATGGTCTGTTTTCAGAGCCGAAAA,........((((((....)))).)).....,54.519413976854764
GCGAAAAGCGTACTCTAAGAAGTGAAAAGT,((.....)).((((......))))......,54.51578267097519
CTGAAAAGGTATCTCTTTGTCCCGAAAAGG,..((.((((.....)))).))((.....)),54.50698383752225
GAAAAGATTACACGTCTCGTGAGTCGAAAA,.....((((.((((...)))))))).....,54.50039269884425
GCGAAAAGCAAGTTTCTAACTGAGAAAAGT,((.....))...(((((.....)))))...,54.47821353500967
CGAAAAGCCGTAGATTTCTTAAGCGAAGAG,......((...((....))...))......,54.475296469718316
GAAAAGGATTCCTTTGGAGATTTCCGACAA,..(((((...)))))(((....))).....,54.47191242878297
GAAAAGCCTGATGGTTCATCATTCGAAAAG,((..((((....))))..))..........,54.45927533094087
GAAAAGGGATATTATCTCAATCCGCGAAAA,.....(((((...)))))............,54.458483417537934
GAAAAGAGTTCTCTTCAGGTTTGTCGAAAA,(((.((....)).)))..............,54.45740845122958
GAAAAGGTTGATGATCATATCATACGAAAA,.....(..(((((....)))))..).....,54.455224527528095
TTAGCGTTTCGAACCAAAAAGATTCGGTTA,....((..((..........))..))....,54.453528855701094
CGAAAAGGTATATCGTCATACATCGAAAAG,............(((........)))....,54.45067678194253
CGAAAAGAGTTTTATCGAAGGCGCGAAAAG,..............(((......)))....,54.44810836808858
GAAAAGACGGCAGTTTTTACGTGTCGCAAA,.......(((((((....)).)))))....,54.43871602903877
TGAAAAGCATCTATTTAGATCAGCGAAAAG,......((((((....))))..))......,54.437375261643155
GAAAAGGTTAGTCTCTCCTATAACGAAAAG,....(((.........)))...........,54.43109111908703
GAAAAGCTTGAGTATTACTTATGCGAAAAG,.....((.(((((...))))).))......,54.43070697660881
GAAAAGCCGCTATATTTAGCACGCCGAAAA,.....((.((((....))))..))......,54.41218974529197
GAAAAGAGGCTATATTTGTGGTGTCGAAAA,.....((.(((((....))))).)).....,54.407028697375054
GAAGAGGGTTCTTACCAGTATCTCCGAAAA,...((((((....))).....)))......,54.40673142927308
GAAAAGTGCTTAGGTTATCTTGGCCGAAAA,............(((((...))))).....,54.390354083252646
GAAAAGATCATGCTATTGTTCGATCGAAAA,.....((((..((....))..)))).....,54.38321021472707
GAAAAGGAATGCATTTGGGTTTCCGAAAAG,.....(((((.(....).))))).......,54.37727429947046
GAAAAGCCTATGACTCTCATTATGTGAAAA,................((((...))))...,54.376713311837825
GAAAAATTTAAGCCTTTAGGTCAATGAAAA,...........(((....))).........,54.37514252177186
GAAAAGGTGTTTCCTACTGATCCCGAAAAG,....(((.....)))...............,54.372389328314625
GAAAAGAATCCTTGTATCAAGTATCGAAAA,..........((((...)))).........,54.37115888570932
GAAAAGAGGGATATGCTTGTCCTTCGAAAA,.....((((((((....)))))))).....,54.36574133482854
GAAAAGCTGTTCCTTTAGGATGCGAAAAAG,.....((...(((....))).)).......,54.36500364667177
GAAAAGGAAAGGATTGTTATCCTACGAAAA,.........(((((....))))).......,54.35936948458837
CGAAAAGCTAATATCGTGATTATCGAAAAG,.............(((.......)))....,54.35728809169824
GAAAAGTGTCATCTATTGTTCCCGCGAAAA,.....(((....(....)....))).....,54.35163987661906
GAAAAGTAATTTATTCCGAAAAGTCGTCCC,................(((....)))....,54.35005365813849
GAAAAGCCCTTCGTTTTTGAACGGTGAAAA,.....(((.((((....)))).))).....,54.34506493946559
GAAAAGGCATATGCCCTTAGTCGCCGAAGA,.....(((....)))...............,54.342751105775065
GAAAAGCACTACTATTGTATATAGCGAAAA,.....((..(((....)))....)).....,54.34254080779544
GAAAAGCCGTCATTCTTGATGCTGCGAAAA,....(((.((((....))))))).......,54.3308798600339
GAAAAGCACTGATTAGTGTCCTTGCGAAAA,.....(((..(((....)))..))).....,54.32101410278476
GAAAAGGCCTATTATTATAGGGAGCGAAAA,.......(((((....))))).........,54.312557855695964
GAAAAGATGGTTCCTTTAGGAGTCCGAAAA,........((((((....)))).)).....,54.30209136580969
CTGAAAAGATAATGTTAATCACCGAAAAGG,.....................((.....)),54.30066040309131
GAAAAGCTATATCGTGCATGTTTGCGAAAA,..............((((....))))....,54.29594544200262
GAAAAGTGTCTGTTATACGGTCTACGCAAA,.....((((((((...))))...))))...,54.291561754655035
CGAAAAGCTTCACTCTTCAGAATCGAAAAG,.(((.((.....)).)))............,54.28903997038357
GAAAAGATTTAGTCGTTTACTAAGCGAAAA,............((((((...))))))...,54.2883021724243
GAAAAGCTTCTAATAGTATCTGTGCGAAAA,.......(((..((((...))))..)))..,54.28547337802597
GAAAAGCGCGATGTTCTACATCTTCGAAAA,.........(((((...)))))........,54.28468698345454
GAAAAGTGCTCGATCTTATCGTGGTGAAAA,.......(((((((...)))).))).....,54.2829709921936
GAAAAGTCTTATTGGATTCTAAGCGAAAAG,....(((((....)))))............,54.281197913727055
GAAAAGGCCTAGGTTTTTACCCACCGAAAA,.....((....(((....)))..)).....,54.2782393697362
CGAAAAGATGTCATTTGATAAACCGAAAAG,........((((....))))..........,54.2759428988376
GAAAAGTAGTGCTTCTGCGTTCTGCGAAAA,.....(((((((....)))..)))).....,54.275684848858475
CGAAAAGTATACTCGATGAAACACGAAAAG,............(((........)))....,54.2750000615015
GAAAAGAGGTTATTCCATAGGTATCGAAAA,.......((.....))..............,54.26697149221636
GAAAAGCGTGCTATATTAGTGTCGTGAAAA,.....((((((((...))))).))).....,54.2450506553659
TCGAAAAGTTGTCCTCGTATATCGAAAAGA,..............(((.....))).....,54.242983867571226
GAAAAGAATCCTATATTTAGGCTCCGAAAA,.........((((....)))).........,54.23467242603188
CTTCCGAAAAGGCTTTATACCCGAAAAGGG,...((.....)).......(((.....))),54.2346352062676
ATATGCGAAAAGTTAGACGAAAAGTCCTAT,...............(((.....)))....,54.23005440098066
GAAAAGTGGACTCGCTTGTGCGCCCGCAAA,.....((((...(((....))).))))...,54.225861512740224
GAAAAGGTAAAGGTTGGATATTTCCGAAAA,.............(((((....)))))...,54.22052652670364
GAAAAGACGACCACTCTTGTAGTTCGACAA,.......((((.((....)).).)))....,54.2194949614762
GAAAAGAGGTCACCCTGGTTTATTCGAAAA,......(((....)))..............,54.21448221586853
GAAAAGGGTGCTATCTTATCACTCGAAAAG,.....(((((.((...)).)))))......,54.214293807696656
GAAAAGCCATATTCGTTAACATGCGAAAAG,...........(((((......)))))...,54.20585338895266
GAAAAGCATTTATTATTGTAATGGCGAAAA,.....((..((((....))))..)).....,54.18287240317283
GAAAAGTGATGTTTCTACTATTACGAAAAG,.....(((((((....)).)))))......,54.18016870661238
CGAAAAGAACTAGTTTTCTAGCCCGAACAG,.........((((....)))).........,54.17713750143733
GAAAAGAAAGCCATTTGGTTTTTCGAAAAA,.....(((((((....))))))).......,54.1751537282838
GAAAAGTTGGATTTCTATCCGCTGCGAAAA,....(((.((((....))))))).......,54.17206895969596
GAAAAGATCTGGTATCCATTCCTTCGAAAA,(((..((..(((...))).)).))).....,54.15752282444792
CGAACAGCATTTTGTCAAATTCGTGAAAAG,((((..(((...)))....)))).......,54.157060533544694
CGAAGTGTTGCGAAGTGAAAAGCTGTTTTG,.........((..........)).......,54.156935977475825
CGAAGAGGAGTTCTTTCCTACGAAAAGGTC,.....(((((....)))))...........,54.15466938429365
GAAAAGGATCACGGTTTTCCGATCTGAAAA,.....(((((..((....))))))).....,54.14960113280538
GAAAAGGCTGATTATTGTCTGCTCCGAAAA,.....(((.(((....))).))).......,54.14892373854248
TGAAAAGGAGCAATTTTGTATCCCGAAAAG,......((((((....))).))).......,54.140993904174394
GAAAAGCCATCGTCTTTTGTATGGTGAAAA,.......(((((((....).))))))....,54.138134429237425
GAAAAGCCATGTAATTTACGTGCGCGAAAA,.....((((((((...)))))).)).....,54.13178332508799
AGGAAAAGATAACAGAATGTTCGAGGGAAT,..................((((....)))),54.12790468029543
CGAAAAGTAGCTTATCTCTTCACGAAAAGG,.(((.((........)).))).........,54.12757330842712
GAAAAGCTTAGTCTCTGATTTGCGAAAAGG,.....((..((((...)))).)).......,54.12644388834621
CGAAAAGTAGTGCCTGTCTTTAACGAAAAG,...(((((((...))).)))).........,54.11800336531234
GAAAAGCACCTGGTATTTTAGCGGCGAAAA,.....((..((((....))))..)).....,54.117485541305335
CGAAAAGGTACCCTGGTTTATAACGAAAAG,.....(((...)))................,54.09781707435161
GGATTTGAAAAGGCCTGCGAAAAGAATATA,((.(((....)))))...............,54.09624464857958
GAGGGAACTCGTTAACAATAGGAGGGAAAA,(((....)))....................,54.07715820885827
GAAAAGTGGTGTTTCTAGGCTTAACGAAAA,.......(((.(....).))).........,54.06325460086594
CGAAAAGAATTTCACCGCATGTACGAAAAG,.((((....)))).................,54.05299676686178
GAAAAGCTTCTTTATAAGAGTCCGCGAAAA,.....(((((((...)))))...)).....,54.050023740129646
CGAAAAGGGTCAGTACTGTTCTCCGAAAAG,.(((.((........)).))).........,54.045208680002034
GAAAAGTGAATATCCATTTGGAAACGAAAA,............(((....)))........,54.03804192027493
GAAAAGGTGGAACATTGTTCAATTCGAAAA,.........((((...))))..........,54.03450450366741
GAAAAGCTAATTGCATAAAATTCGTGAAAA,.....((.....))................,54.018932549883715
CGAAAAGTTAATTTCAGATTAGGCGAAAAG,.((((......))))...............,54.009497047770786
TTGAAAAGTGCGTTTATGCGTACGAAAAGA,.......((((((....)))))).......,54.00663080942755
CGAAAAGCGTAACTCGAATTTACCGAAAAG,.............(((.......)))....,53.9692356215562
GAAAAGGCGGTATTTCTCCTGGTCCGAAAA,((..(((.((....)).)))..))......,53.96666664177194
GAAAAGAGTGCTGTTCTCTCAACTCGAAAA,.....((((...(....)...)))).....,53.939087897713534
GAAAAGCGAAAGGAGTTTCTTTTCCGAAAA,.......(((((((...)))))))......,53.93554517491588
TCGAAAAGCAATGTCCTATGGCGAAAAGTA,............(((....)))........,53.93366604946689
GAAAAGATATCCCTCATCGTGATTCGAAAA,................(((.....)))...,53.91992519476386
CGAAAAGATCCTACTGTTCACATCGAAAAG,.(((.((......)).)))...........,53.915171955834545
GAAAATGTAGTCGTTATTGCGCTACGAAAA,......((((.(((....))))))).....,53.91317310230289
GAAAAGTGTGCCGTGTTTGGTAGCGAAAAG,.....((.(((((....)))))))......,53.912163736532136
CGAAAAGGCTTTATTGGTCCAGCTGAAAAG,......((((.....))))...........,53.90381012537948
GAAAAGCTATTGTTTTTAAACAAGTGAAAA,.((((((....)))))).............,53.90159689056746
AAAAAGCGGTGCCTTTTGCCATCGTGAAAA,.....((((((.(....).)))))).....,53.901494756273934
AAAAGATTAACTTCCCCGAATTTCGAAAAG,................(((...))).....,53.899600216264744
GAAAAGGTAGAGCTTTAGTTAATCCGAAAA,.....((...(((....)))...)).....,53.89947194230288
CGAAAAGCATCTTTCACATAGATCGAAAAG,.((((......))))...............,53.89936676081619
GAAAAGAAGGATTTCCATGACGTTCGAAAA,(((.....((....))......))).....,53.89213227088806
GAAAAGCCTAACTTTTGTTAATGTCGAAAA,........((((....))))..........,53.89061849051351
TGGCGAAAAGTACTCGATATGGAAAGCTTA,.......((((..((......))..)))).,53.888256656039715
CGGAAAAGCAGATATCTTATCTCGAAAAGG,.........(((((...)))))........,53.875276040198926
GAAAAGATCGGTTCCTTCTGGCGTCGAAAA,.......((((..((....))..))))...,53.86448325674412
ATAGGGTCACGAAATGAAAAGTACTCTTGT,..(((((.((..........)))))))...,53.86183457787571
GAAAAGTGGGATTTGTTGATCGTACGAAAA,.....(((.((((....)))).))).....,53.85928579158943
GAAAAGGATTACCTCCGTGTTATGCGAAAA,....(((....))).(((.....)))....,53.85895625451222
GAAAAGCCAAGTTCCCGTTTGTTGCGAAAA,...............(((.....)))....,53.85736349718791
CGAAAAGCGGATTTTATGCACGACGAAAAG,......(((.......)))...........,53.853480846233
CGAAAAGCTGCACTACGTTACCGCGAAAAG,...............(((....))).....,53.84255293895613
TACGAAAAGCTATTTATTAGGCGAAAAGGA,........(((........)))........,53.833282497725705
GAAAAGTGTATATTCCCTTCGTACCGAAAA,.................((((...))))..,53.804423756048394
GAAAAGGATTTTCATTTGTGTATCCGAAAA,.....((((...(....)...)))).....,53.803376100017275
GAAAAGAGCCCGCTTTTGTCTGCTTGAAAA,.....((((..((....))..)))).....,53.797579507238964
CGAAAAGTACGGTCTTGTCCATATGAAAAG,..........((......))..........,53.79627621662448
GAAAAGCTACATTCTTGTGGAATGCGAAAA,......(((((....)))))..........,53.793843951654296
GAAAAGGATAGTCCATTCGATATACGAAAA,.....(((...))).((((.....))))..,53.784810448712264
GAAAAGCTTGGCTTTTCTAAAAGCGAAAAG,(((((((...))))))).............,53.78205080486458
GAAAAAACCGATTCTTGTCATGGTTGAAAA,.....(((((((....)))..)))).....,53.78042208269078
CGAAAAACATTCCTATTGGTCGCTGAAAAG,...........((....))...........,53.78038985364609
GAAAAGGTTCTCCAATTTTGACCCCGAAAA,.....((....))..(((((....))))).,53.77125548863984
CGAAAAGGATATCTATGTTCACACGAAAAG,......(((((....)))))..........,53.76948861145163
CGAAAAGGTTTAGTCGATTAGTCCGAAAAG,.............(((.......)))....,53.759069084918295
GAAAAGAGGGCGTTTTCTAGCGTTCGAAGA,.......(((((((....))))))).....,53.753419093423986
ACAACGAAAAGATTTGTTCGAAAAGGACGT,...............((((.....))))..,53.75134991105875
CGAAAAGTCTCGTTCTTGCTCCACGAAAAG,.........((((.........))))....,53.750089495233446
CGAAAAGTAATTGTGACCCGTTACGAAAAG,..........((((((....))))))....,53.74880265795024
GAAAAGTTTTGCCGAAAAGGCTCACGAAAA,..........(((.....))).........,53.747651559966684
CGAAAAGGGAATCTCGGTTTCACCGAAAAG,.............(((((...)))))....,53.73066205026468
GAAAAGCTTGCGGTTTTAACATGCGAAAAG,.......(((((((....)).)))))....,53.73034386287233
GAAAAGTGACAGTTCTCTGATTCGCGAAAA,.....(((((((....)))..)))).....,53.73024674457214
CGAAAAGTACTGAGTCTTATCATCGAAAAG,.((.(((........))).)).........,53.72757322076041
GCGAAAAGTTTGAATTTCCTAACGAAAAGA,..((((........))))............,53.72632524362383
GAACAAGGACCGTTTTTACAGTCCAAAAAA,......((((.((....)).))))......,53.72470155755362
CGAAAAGGTCCATCGTTGTTATCCGAAAAG,............(((........)))....,53.72174570840863
CGAAAAGATTCGGCACATTGTATCGAAAAG,........(((((.((...)).)))))...,53.71691074757945
GAAAAGAGTGTAGATATTTCGGCTCGAAAA,.....((((...((....)).)))).....,53.70819786666196
CGAAAAAGTTACTGCTAATATACGAAAAGG,......(((....)))..............,53.70623078976743
GAAAAGGTTAAGCTTTGTGGCTACCGAAAA,.....(((..((((....))))))).....,53.70304901343343
GAAAAGCTATCGATATTATCGGTGCGAAAA,.....((.((((((...)))))))).....,53.70081285838455
GAAAAGTCAATAACACGTTTAATGCGAAAA,...............(((.....)))....,53.69310135422391
CGAAAAGCTTAAATTGTTTAGGGCGAAAAG,......((((.((....)).))))......,53.68241288328072
TGAAAAGCTATAGTCTCTATTTGCGAAAAG,......((.((((...))))..))......,53.66600677943811
CGAAAAGCTGTATGTTTACCCGTCGAAAAG,....((((.....)))).............,53.66150391325156
CGAAAAGTATGATTGGTCACCTACGAAAAG,......((((((....)))..)))......,53.65677845210575
CGAAAAGCTTTAATAACGATAGCGAAAAGG,......(((...........))).......,53.65653947693888
GGAAAAGAACTTCATCGGGCATGCGAAAAG,..............(((......)))....,53.6545706703819
GAAAAGCTGTAGCTTTAGTTTTAGCGAAAA,.....((((.(((....))).)))).....,53.64986487505669
GAAAAGTCTCCATCTTATGTAGTACGAAAA,.....((((.(((...))).)).)).....,53.64157752620092
AAAAGCAATGTTTTTAGCTGGTGCGAAAAG,((((((...)))))).((....))......,53.631840024322884
TACACGAAAAGTGTTTACCCGAAAAGTCTA,.((((.....))))................,53.63120518183598
CGAAAAGTGTCTTTCTTCCCAACCGAAAAG,.((((......))))...............,53.62846170777972
CGAAAAGGTAGTTCCTATTAACGAAAAGTG,.....(((.....)))..............,53.623263734282006
CGAAGAGCCGTTTGCTATGTAACCGAAAAG,........((.((((...)))).)).....,53.61982204809857
CATGAAAAGACAGCTCGATACCGAAAAGTG,..............(((....)))......,53.61921677967791
GAAAAGAGTACTTCTAAGTTCCCCGAAAAG,(((...((.....))...))).........,53.61883384679906
GAAAAGGAGTTGATACTTCAATCACGAAAA,.....(((((....)))))...........,53.611057314184784
GAAAAGTAGAAGCTTGCCTTGTTTCGAAAA,........(((((.......))))).....,53.609175340215835
GAAAAGCCGGTACTATATAGTTCCCGAAAA,.......(((.(((....)))..)))....,53.60732769280388
GAAAAGATATCTTTTCATAGTTTTTGAAAA,((((((....))))))..............,53.60613162644056
CGAAAAGATTTAGTTCGTAACCTCGAAAAG,.............((((......))))...,53.59800471425786
GAAAAGTTGTACTTCTAGTACCCTCGAAAA,........(((((...))))).........,53.59607732140958
CGAAAAGGTCAATCTCGCCGCACCGAAAAG,((....(((.......)))....)).....,53.58646558514391
CGAAAAGATGTTTCATTGTTGTACGAAAAG,.((((.....))))................,53.58480680762007
CGAAAAGCATCAGTAATTTACTGCGAAAAG,..........(((((...))))).......,53.58121723022166
GAAAAGCATTGTTGTTTACTCAGGCGAAAA,...(((((....))))).............,53.57865887462931
GAAAAGTGTGCTATTGTAATGTAACGAAAA,........(((....)))............,53.57290075623341
CGAAAAGTTAGATTTCACACGTTCGAAAAG,((((..((..(....)..)).)))).....,53.570377963635735
GAAAAGTAATGCACATTTGGCAGTCGAAAA,.........(((.......)))........,53.569079889756225
GAAAAGGTAATCTTTCTGGACAACCGAAAA,.....(((..(((....)))..))).....,53.56636804760157
CGAAAAGTATGGTTTCCTGTTTGCGAAAAG,............(((((.....).))))..,53.56394638730073
GAAAAGTGGGATATTCTCAGAACATGAAAA,......(((((...)))))...........,53.56218968806232
GAAAAGCTTTAGTCATATCTAATCGAAAAG,........((((......))))........,53.55022942387907
GAAAAGAAGTAACTTTTGGGACTTTGAAAA,.....(((((..(....)..))))).....,53.547266568472196
GAAAATGATGGTGTTTTACAGCTCTGAAAA,......((.(.(((...))).)))......,53.5469203376557
GAAAAGCACCTTTAGGTTCTAACGCGAAAA,....((.(((....))).))..........,53.54663372052243
TCACGAAAAGTGAGTTGTCATGAAAAGTTA,((((.....)))).................,53.52699867888263
GAAAAGCTGCGTAATTTTACGAACCGAAAA,.........((((....)))).........,53.52660827544972
GAAAAGATCAAATTCGATTTGTGTCGAAAA,............((((((....))))))..,53.52490171814161
CGAAAAGCATATTTGTGTCTAGGCGAAAAG,...........(((((......)))))...,53.519390623605474
GAAAAGGAGTTTGTTTACGAGTTCCGAAAA,.....((((((((....)))))))).....,53.517865260857036
CGAAAAGCATCTTGTATACATAGCGAAAAG,...........((((.......))))....,53.51381357508686
GAAAAGCATGGACTCCTTCTTATGCGAAAA,.....((((((........)))))).....,53.51276603462517
GAAAAGCGGGCTTAGTGTTTTGAGCGAAAA,.........((((((....)))))).....,53.50701939825669
GAAAAGATCTTAGCTTTTGCGTCTCGAAAA,....((((....((....))))))......,53.5057010998056
CGAAAAGGATTTTGATGTTCCCCCGAAAAG,......(((.........))).........,53.50361436937148
GAAAAGCGTCATCTTCTTAGTGTGTGAAAA,.....(((.((.((....))))))).....,53.500342743615306
CGAAAAGGTTCGTACTTCGTGATCGAAAAG,((((....))))...((((....))))...,53.499063822882306
GAAAAGAAGATTTAGCTAAAGTTCGAAAAG,(((....((......))....)))......,53.49748248537236
GAAAAGTTAGGTGTATTTACGCTACGAAAA,.........(((((....))))).......,53.48939656438351
GAAAAGAATGATGTGTTCGTTGTTCGAAAA,.....((((((((....)))))))).....,53.485962546087165
CGAAAAGGAGCATTTCAGATATCCGAAAAG,......(((............)))......,53.479893267582206
GAAAAGGTCTTTACTTCTGTCGGCCGAAAA,.....((((...((....)).)))).....,53.477065996069996
GAAAATGGTGTCTTTATAAGACAGTGAAAA,......(.((((((...)))))).).....,53.47386211287677
CGAAAAGTTTCTGTATTCGCAAACGAAAAG,...............((((....))))...,53.468721619073705
GAAAAGTCTGCCAATTTGGTTTGTCGAAAA,.........((((...))))..........,53.464591780148446
GAAAAGGGATAGCTTTAGTAATGCCGAAAA,.....((.((.((....)).)).)).....,53.46226532681944
GAAAAGATGCATATGATATCTCATCGAAAA,((..((((((....).)))))..)).....,53.46054697454123
CGAAAAGTCTCATCCTACCTTGACGAAAAG,......(((............)))......,53.45827564333156
AAAAGATTTTTGCTTTTAGCTATCGAAAAG,...........(((...)))..........,53.44593695135727
CGAAAAGCCTTTACTGTTCACCGCGAAAAG,.(((.((......)).)))...........,53.442041490375836
CGAAAAGCACGTCTTGTTCACCGCGAAAAG,.............((((.....))))....,53.427923972422974
GAAAAGAAGCGTTCTTGCTACGTTCGAAAA,(((..(.((((....)))).).))).....,53.42135822169497
CGAAAAGTACATCTTGGTCAGTCGAAAAGG,(((...(..((...))..)..)))......,53.412265278445574
GAAAAGAATAGAGGTTATCGTCATCGAAAA,..........((.(....).))........,53.39594294310754
GAAAAGCGTTGGTTTCTGGCCTTGCGAAAA,.....(((..((((...)))).))).....,53.389862548155726
ATCACGAAAAGTGTTTAAGCGAAAAGAGAG,..(((.....))).................,53.38077346117361
CGAAAAGGCTATCATTTAGGTAACGAAAAG,......(.(((.....))).).........,53.380314388592154
GAAAAGCATGTTTAGGTCTCCTGCGAAAAG,............((((...)))).......,53.379553989886276
CGAAAAGTAGCTTATCTTGTCCACGAAAAG,.((.(((........))).)).........,53.37834862368325
GAAAAGCATGGTACTTTACTCTGCGAAAAG,.....(((.((((...)))).)))......,53.37670447055636
TCGAAAAGGGATTCCCAATTCACGAAAAGG,..(((..(((...)))..))).........,53.374580498655675
GAAAAGCGAAATTGTATCAATTCCCGAAAA,......((.(((((...)))))..))....,53.37272052706166
GAAAAGGTTATACACTTCCGATACCGAAAA,.....(((..............))).....,53.3600948298627
GAAAAGAACCATTCATGAGTAACTCGAAAA,................(((...))).....,53.35259605297476
GAAAAGGTATCTACCCTATGTTTCCGAAAA,.....(((....)))...............,53.35148225485186
AGGAAAAGGGATGTTTTCTTCCCGAAAAGT,.......((((........)))).......,53.34267318497742
GAAAAGTTTTGGTTTCTAACCCTACGAAAA,..........((((...)))).........,53.328054085597365
AAAAGTATCTCTCCTCGTAAGTACGAAAAG,..............((((....))))....,53.31790075669042
GAAAAGGAGCTATCCCAGTTTATCCGAAAA,.....(((....)))...............,53.317143967722245
GAAAAGATACGTAATTTCTTAGGTCGAAAA,...((((.........))))..........,53.3082533803788
TGAAAAGCTAGATTTATAGTCTACGAAGAG,........((((((...)))))).......,53.30784700579192
CAATATAGTCATATATGTCCCGAAGTGGCG,.......(((((............))))).,53.30692740849554
GAAAAGATTGGATGTTTCCAATACCGAAAA,......((((((....))))))........,53.29485974624757
GAAGAGGGATTGGCTATATTAGACCGAAAA,.........(((((((...))).))))...,53.28544023145648
GAAAAGTCTGTATGTAGTACTCTGCGAAAA,.............((((....)))).....,53.274857089361234
GAAAAGCAATTTCATTCGACGTTGCGAAAA,.....(((((.((....)).))))).....,53.269509839325096
GAAAAGTTGTGCCTTTCTAGGCTGCGCAAA,......((((((((....))))...)))).,53.26824950016413
CGAAAAGCAGTTGTCATCTTGATCGAAAAG,(((.(((..(....)..)))..))).....,53.26352257358081
GAAAAGGATTTCACTCTAGTTGCCGAAAAG,((((....))))..................,53.245097299307915
GAAAAGAGAGCTACCTTTAGTTTTCGAAAA,.....((((((((....)))))))).....,53.231797149575016
CGAAAAGAAATTGTTTTAGACGTCGAAAAG,(((....(((....))).....))).....,53.221209454583494
GAAAAGGGTTACGCTTATTAGTCCCGAAAA,.....(((....(((....)))))).....,53.21748397221765
GAAAAGGCTGTGCTAAATTATCACCGAAGA,.....(((...)))................,53.21746779160839
GAAAAGAAAGCAGTTGTCTGTATTTGAAAA,.........((((....)))).........,53.21004301111221
AACTTCGAAAAGACCGGTCGAAAAGATCTT,...............((((.....))))..,53.203752200294296
CGAAAAGCGTTTTTAGTCCTCTGCGAAAAG,.......(((............))).....,53.203309757584655
CGAAAAGTTATTGTTAGCGTACACGAAAAG,((....((((....)))).....)).....,53.201922787890126
GAAAAGCAATCTTATGGTATCCAGCGAAAA,.........((...(((...)))..))...,53.201539619101254
GAAAAGCAATTACTTCGTGTTAGGCGAAAA,.............(((((.....)))))..,53.20051569965602
GAAAAGCAGATACTTCTGTATCCGTGAAAA,.....((.(((((....))))).)).....,53.195164438432926
GAAAAGGGTTGTACTTATTGGTCCCGAAAA,.....(((....(((....)))))).....,53.194595900122586
GAAAAGCCATCTAGGTCTCGATGTCGAAAA,.....(((.....))).(((....)))...,53.19418984033025
GAAAAGTTGATTGGTAAAGCCTACGAAAAG,............(((...))).........,53.19319632186327
GAAAAGTGTTGGCATTGTCAGCTACGAAAA,.....((((((((...)))))).)).....,53.19160750375703
CGAAAAGATTGGATTTAGATCCTCGAAAAG,..........((((....))))........,53.18596778361436
GAAAAGAGATTACTGTTTGTCACTCGAAAA,(((((.((....)).))).)).........,53.18457039201877
GAAAAGAATGTCCATCTTGGGATTCGAAAA,.....((((.((((...)))))))).....,53.184180839255475
GAAAAGTGATTCACTATAAATCTACGAAAA,....((((...))))...............,53.17850890609132
CGAAAAGCTGTAATTCGAACTGGCGAAAAG,.............((((......))))...,53.17474865939311
GAAAAGAATCATATTGGTATACTTCGAAAA,(((....((((...))))....))).....,53.17470987579436
GAAAAAGGTAGTACTTTTGTACTCTGAAAA,......((.(((((....))))))).....,53.16933587039013
GAAAAGCTACTGTTATTCTAAGGGCGAAAA,(((.(((....))).)))............,53.165879050069506
GAAAAGAGATGAGTTATTACCGTCCGAAAA,.......((((.((....))))))......,53.16439837710202
GAAAAGTTGGGAAACTTTTTCCCACGAAAA,.......(((((((...)))))))......,53.1625315485672
CGAAAAGCGCTTTCATTGTTCAACGAAAAG,.((((.....))))................,53.148959493265224
GAAAAGCTTGTAGTGTTCTATGGCGAAAAG,.....(((.((((....)))))))......,53.14634796230121
GAAAAGGTGTCTTCTGACGTGAGCCGAAAA,.....((((((....)))....))).....,53.14498278422616
GAAAAGCAGATGAGTCTCTTATTGCGAAAA,.....((((.((((...)))))))).....,53.142547162575745
CGAAAAGTAGAATAGTTCGTCGACGAAAAG,...............((((....))))...,53.138956251265796
CCGAAAAGCATTTCACTTTAGCCGCGAAAA,..((((....))))................,53.13770839732476
CGAAAAGGCATTACCAGATTATCCGAAAAG,......((.....))...............,53.13664521762355
GAAAAGTGATCTTTCTTCGGATAACGAAAA,..((((....)))).((((.....))))..,53.135111417034395
GAAAAGCTACTGTTCCTCTGTCGTCGAAAA,((..(((....)))..))............,53.131359461105134
TACGAAAAGATATCTCTGAATCGAAAAGAA,..(((..(((....)))...))).......,53.12782146743105
GAAAAGCTTTAGTATACGCCTTAGCGAAAA,................(((....)))....,53.12761633287254
CGAAAAGGACACTTCGTATCACCGAAAAGG,............((((......))))....,53.11139784646873
CATCGAAAAGATGACTATCGAAAAGATATG,((((.....))))..((((.....))))..,53.10957246732961
CGAAAAGAGTTTCTAGTGGTTACCGAAAAG,.((((....)))).................,53.10865510419755
GAAAAGATCGTTGCTTGCAAGTATCGAAAA,.......(((.((((....)))).)))...,53.10648383064668
CGAAAAGAATATTTCCCGAGATGCGAAAAG,.((((......))))...............,53.10601348514824
GAAAAGCAAATTAACGTTCTTGTGCGAAAA,..............(((......)))....,53.100382940904694
GAAAAGGAATTCCTTCATAGTTCTGAAAAG,...((((....))))...............,53.09866251446398
GAAAAGGGTAGTTTTCTATAGTCCCGCAAA,.....((((((....)))....))).....,53.07838126615188
GAAAAGTGAAGGATTGTTTCGTCACGAAAA,.....((((.(((....))).)))).....,53.07670955733076
GAAAAGGTTTTAGCCTAGTCCTACCGAAAA,((..((((....))))..))..........,53.075703650788085
CGAAAAGCTGACTTTCCGTTTTGCGAAAAG,((.(((((.((...)).))))).)).....,53.07542908068261
GAAGAGCGTTCTCCTTTTTAGGTGCGAAAA,......(((...(((....))).)))....,53.067268899118204
GAAAAGGATTTACGCATGTTTGACGAAAAG,............((((....)).)).....,53.062195922026014
GAAAAGATAAGGTTTCTAGCCGTTTGAAAA,..........((((...)))).........,53.06063439573561
GAAAAGTAATCCTTTAGGATTTCACGAAAA,.....(.(((((....))))).).......,53.05667876703984
GAAAAGTATGCTGCTACAGCTCCACGAAAA,.........((((...))))..........,53.05481207093671
ACGAAAAGTTTGTCCCAATAGCGAAAAGTG,........(((((.......))))).....,53.051774182619944
GAAAAGCCCACTTCATCTTTTGGTCGAAAA,...........((((((....))).)))..,53.04851556326991
GAAAAGCCCTTCGTCAGTATCAGCGAAAAG,.........(((((........)))))...,53.04223671313233
GAAAAGAGGGAATCTACTATTACTCGAAAA,.....(((..............))).....,53.041581028059056
GAAAAGTTCCAGATCTATCTGTGTCGAAAA,.........((((....)))).........,53.030126996183526
GAAAAGCTGTTAATCTTTAGCGTGCGAAAA,.....((((((((...)))))).)).....,53.02919820621805
GAAAAGCTTCTTCGTAGTGCTAGCGAAAAG,..........(((((.......)))))...,53.02591799573658
GAAAAGCAATGCGGTATATTATGCGAAAAG,..........(((........)))......,53.02523741518427
GAAAAGCACACATCGTTATTGTTCGAAAAG,............(((........)))....,53.02072282960965
GAAAAGAAGATTGCTCTGTAACTTCGAAAA,.....((((.((((...)))))))).....,53.02029058679351
TTGGAAAAGCATTTATAGCGAAGGTCCCTA,..(((...((.......)).....)))...,53.01021808320959
GAAAAGTCATACCTTCAGCTATTTCGAAAA,(((((((..........))).)))).....,53.004106869934084
ATCGAAAAGCCATTTTGTGTCGAAAAGACT,..................(((.....))).,53.001421748111966
GAAAAGCCATTCTTGGGGGATATGCGAAAA,......(((....)))..............,52.997919590909845
GAAAAGCCGATGTTTATAACAGTCCGAAAA,.......((.((((...))))...))....,52.99045258582002
GAAAAGTCACGTCAGATTTATCTGCGAAAA,.........((.((((....))))))....,52.9856598818739
GAAAAGTATGCATCATGTGATGCTCGAAAA,.........(((((....))))).......,52.98490871082254
GAAAAGAATGAAGGTTCCCTTCTGCGAAAA,.........(((((...)))))........,52.984421906739925
AGGAAAAGCTGGTTCATTTAAGCGAAAAGT,.......(((..........))).......,52.98376546758125
GAAAAACGTCCTCTTTTGGGGTACTGAAAA,.......((((((....)))).))......,52.98095584331098
CGAAAAGAAGTTTCTAAATTAGTCGAAAAG,.((((.....))))................,52.979888442756774
CGAAAAGGATTTCCCCAGCTATACGAAAAG,......((......))..............,52.97318819852323
GATCGAAAAGGTAATTTAACGAAGATGTGA,.(((.....)))..................,52.96971152652805
CGAAAAGCTCATGTTCCACTTATCGAAAAG,(((.(((...........))).))).....,52.96532014227175
GAAAAGACGGTTGATTTCAACTCTCGAAAA,.....((.(((((....))))).)).....,52.9585148789847
GAAAAGCTTCATCTTTTCAGTGAGCGAAAA,((((((......))))))............,52.95662249355017
TGAGGAAAAGTATGTATATGCGAAAATGCT,........(((((............))))),52.95243210901589
GAAAAGTTGTTGACTGTTGTCACACGAAAA,......((((((((....)))).))))...,52.943667291804275
GAAAAGGAAAAGTCCATGTGTTTATGAAAA,.....(((....)))...............,52.935137863207515
CGAAAAGGAACGTTCAATACTTGCGAAAAG,..........(((.........))).....,52.917303478904714
GAAAAGCCATTCTTGGAGGATATGCGAAAA,......(((....)))..............,52.91682454647368
GAAAAGCTGTATCCCTTGATACTACGAAAA,........(((((....)))))........,52.914374127817176
CGAAAAGGGTTATTCGTTCTAATCGAAAAG,............((((.......))))...,52.90725569638931
GAAAAGTATATCCACTTTAGTGGTCGAAAA,...........((((....)))).......,52.901887226699415
GAAAAGTTTAGCATTTGCTAGGTTCGAAAA,(((...((((((....))))))))).....,52.899628965816774
GAAAAGTGTATTGTCTCGTCTTCACGAAAA,...............((((....))))...,52.89814273651888
GAAAAGAACGCATTATTTGCGTTACGAAAA,......((((((.....)))))).......,52.892445804719976
GAAAAGCTCGTAGGTTTACCAATGCGAAAA,.......(((((((....))..)))))...,52.889219265436296
GAAAAGGGAATCATCATTCGTATCCGAAAA,................((((....))))..,52.87380860087276
TAAGTCGAAAAGGGCGTCGAAAAGATATTA,...(((......)))(((.....)))....,52.861297362487235
GAAAAGCCATCCGTTTTTTGATCGCGAAAA,(((((((.....)))))))...........,52.85552199507978
GAAAAGCTGTCTTTAGATCCTGGCGAAAAG,.....((((((....)))...)))......,52.842308226951374
GAAAAGCCACATTATTATGTTCTGTGAAAA,.......((((..((...))..))))....,52.84135811138952
GAAAAGGATGAATTTGTTTCCGAAAAGTGT,.....(((..........))).........,52.84128468103857
GAAAAGCAATAAGTTTTCTGTTTGTGACAA,.....((((..((....))..)))).....,52.83781508237979
GAAAAGTAACCCTTTAGGATTTCACGAAAA,..........((....))............,52.83273390021395
GAAAAGCTCAGGTTCGTTCTACTGCGAAAA,............(((((......)))))..,52.830182013920506
GAAAAGCCAGCGTTTTTTAGCCTGTGAAAA,.......(((.(((....))))))......,52.82873910082574
CTCGGAAAAGTTTAGATAACGAAGGAAGTG,.(((...............)))........,52.819966850642494
GAAAAGGAATCTTCTCATCTATGCCGAAAA,((.(((....))).))..............,52.81983317541231
GAAAAGAACTAGTTCCTCTTGTATCGAAAA,...((((.........))))..........,52.811467237308534
TGCGAAAAGCCACTTTTCCGGCGAAAAGCT,.((.....(((........))).....)).,52.80899380683359
GAAAAGGCCTCTTTTAGGACACGCCGAAAA,.....(((.(((....)))...))).....,52.8026560677437
TGAAAAGATGCTTCTTATGGAATCGAAAAG,....((((....))))..............,52.80090869391918
GAAAAGGTTGGTCATTGGCTGATCCGAAAA,.....((((((((...))))))))......,52.79899032226649
GAAGAGCCGCCTTTATAAGGTCAGTGAAAA,........(((((...))))).........,52.79774796589592
GAAAAGAGTACTTTACTCAGGATACGAAAA,.....(((((...)))))............,52.787292843356184
AGGGAAAAGGTCTCGTATGTACCGAAGGTT,........((((......).))).......,52.781991365377415
GAAAAGAGTCAATTTTGACCAACTCGAAAA,.......((((....))))...........,52.776528454355926
GAAAAGAGGGATCATTTGAATACTCGAAAA,.....(((...((....))...))).....,52.76835828443565
GAAAAGGCGCATGTGTTCTCTCGCCGAAAA,.....((((...(....)...)))).....,52.76535811511906
GAAAAGTATCTTCATTTGGAGTGACGAAAA,.....((..((((....))))..)).....,52.761345473889904
GAAAAGCGTAGCATTGCTACATTGCGAAAA,.....(((((((...)))))...)).....,52.759758677428096
AAAAGCGATCATCGAATATACAGCGAAAAG,.....(((...)))................,52.756471212306685
CGAAAAGTGTCCGCGTTTTTAAGCGAAAAG,...........(((........))).....,52.750091284731695
GAAGAGAGACCATTTGGTTCGTCTCGAAAA,...((((((((....))))..)))).....,52.74360122904405
GAAAAGCAGATATTCGTTAACTTGCGAAAA,............(((((......)))))..,52.737459433209
GAAAAGAGTGCTTGCTTACATCCTCGAAAA,.....((((....)))).............,52.73414674954506
GAAAAGTGACTTCATTCTTGGAGCCGAAAA,......((.(((((....))))).))....,52.732115120233004
GAAAAGGTGTGTCATTTGACTCTCGAAAAG,......(.(.(((....))).).)......,52.72759147612902
GAAAAGTATACCTAATTTTAGGAACGAAAA,..........((((....))))........,52.72371142215982
GAAAAGCCTTATGTTCGTCATTTGCGAAAA,.............(((((.....)))))..,52.71919712912833
CTGAAAAGCTAATTTAGTTCCGCGAAAAGG,......(((((...)))))...........,52.713623575008995
GAAGAGGTTCTCGTTTTTGTCTGCCGAAAA,.....(((...((....))...))).....,52.71263711614387
AAAGCAATTGTAGATAGCGTCCGAAGGCTT,.((((..(((..(((...))))))..)))),52.70721304117191
CGAAGAGGCTCCTGACTGTTCACCGAAAAG,.(((.((........)).))).........,52.70128984078505
AGGAAAAGCTTCATGATATGCGAAGGATAT,........((((.........)))).....,52.69153149676845
GAAAAGCTACTCTTTAGTTCCCAGCGAAAA,....(((((.....)))))...........,52.68338746361374
GAAAAGGGCTCTATTCTTGGTATCCGAAAA,.....(((..(((....)))..))).....,52.680164501718366
CGAAAAGCATACTTTGATATGTGCGAAAAG,......(((((........)))))......,52.67930429357779
GAAGAAGGTGCCATCTTTGTAATCTGAAAA,.....((((..((....))..)))).....,52.6774316222671
GAAAAGTATCTCTTTCCGGAGCTATGAAAA,.....(((.((((....)))).))).....,52.664669385880764
GAAAAGAATACAAACCTTTAGGTTCGAAAA,............((((....))))......,52.65859267296787
GAAAAGGGATTCCGATTTAGTAACCGAAAA,.....((....)).................,52.65707016648376
GAAAAGTTCCTGTTTTTACTGGCCCGAAAA,........((.((....)).))........,52.65584012441192
GAAAAGATAGCCTATTGACTAATCGAAAAG,.....(((((.(....).)).)))......,52.65350753184961
GAAAAGTGTTCATCTTTGTGTAAGCGAATA,..............(((((....)))))..,52.645965054177985
CGAAAAGTGTTATTGCAATATTGCGAAAAG,............(((((....)))))....,52.64181096253795
GAAAAGTAATTAGCGTCTCGCTGTCGAAAA,..........(((((...))))).......,52.63714160658307
CGAAAAGACATGATTTCCCCTTTCGAAAAG,(((((.(...........).))))).....,52.63536168819043
CGAAAAGACTTATATAATACGCGAAAAGTG,...................(((.....))),52.632167523426716
AAAAGGCATCTGTATTTAGTATCCGAAAAG,....((...(((....)))...))......,52.630622082386864
TGAAAAGCGAGACTTCTGTTTAGTGAAAAG,......((.((((....)))).))......,52.61351330611069
GAAAAGCGCTATTGTCTTATTCGTGAAAAG,((((((.((....))))).)))........,52.613232142457655
CGAAAAGCCTCGTCTACAGTTTGCGAAAAG,.........(((.(........))))....,52.61245267002539
GAAAAGATAGCTTATTGCTCTTCGAAAAGT,.....((.(((.....)))..)).......,52.61017609215612
CGAAAAGCTTGTTTGTTGTGACGCGAAAAG,...........(((((......)))))...,52.606987634653294
GAAAAGTGTTATCCTCTGGGTAGACGAAAA,.....((.((((((...)))))))).....,52.60548143613513
ATCGAAAAGATCTTTGGTCGAAAAGACTAG,..............(((((.....))))).,52.60230265067432
GCAAAGCCATGTATCGTGTTTTGGTGAAAA,.((((((.(((...))))))))).......,52.594108273048455
GAAAAGGCTAATTTATTGGCTCGCCGAAAA,.....((((((....)))))).........,52.592212011488485
GAAAAGTAACCTATTTATAGGCGCCGAAAA,.........((((....)))).........,52.586513124929965
CGAAAAGCATTTGTTATCTTCCGCGAAAAG,.........(((((........)))))...,52.58565192087367
GAAAAGCCTGTTGTCTTGTTCATGCGAAAA,((((((.(....).))).))).........,52.582056656623834
GAAAAGCATACATTCGTTCATCTGCGAAAA,............(((((......)))))..,52.58004324345359
GAAAAGTAGTATCGTTCTCGTCTGCGAAAA,.....((((...((....)).)))).....,52.57268805123269
CGAAAAGGATCTATCTCAGTCCGAAAAGTG,......((((........))))........,52.572653335797796
GAAAAGTGTTAACTCAGATATCCACGAAAA,....(((....)))................,52.570770819427025
GAAAAGCCTCGATTTCGAGATTCGCGAAAA,.......((((....))))...........,52.55708325221753
GAAAAGGATTGCTTCCACCCTACCCGAAAA,.....(((.....)))..............,52.554122753754406
GAAAAGCAAGTATTACATCGTTCGCGAAAA,.................(((....)))...,52.54630437269606
CTCATGAAAAGGGTATACGAAAAGTGTATG,............((((((.....)))))).,52.54248292451716
GAAAAGCCCGGTATTCGTACTAGCGAAGAG,.............(((((....)))))...,52.5410824121758
CGAAAAGGATTCTCTACTACCTCCGAAAAG,......(((............)))......,52.532710814066675
GAAAAGAGAATGGTTAATCGAACTCGAAAA,.................(((....)))...,52.53183378043941
GAAAAGACGGTGCTTCACCATCTTCGAAAA,...((((.((((...)))).))))......,52.53139231196718
GAAAAGCCTCAACGTTTTTACGTGCGAAGA,........((.((((....))))..))...,52.53024964620408
GAAAAGTCTGCCTATTTAGGTATCCGAAAA,........(((((....)))))........,52.530056426930926
GAAAAGATTCTGCTCTATAGCTTTCGAAGA,...........(((....))).........,52.523276546548544
GAAAAGAGTTCTTTACAGGTAATCGAAAAG,..((((....))))................,52.514309263468455
CGAAAAAGGATGGATTTAAGTTCCGAAAAG,...........(((.......)))......,52.51113752866848
GAAAAGATAACTTCTCATACGTATCGAAAA,((.(((....))).))..............,52.5105072297939
GAAAAGCTATGTCTTCATCGTAAGCGAAAA,.....((((((.......))).))).....,52.50598497409525
CGAAAAGGATTTTCTCCAGGGCCGAAAAGG,......(((.....)))....((.....)),52.50247489331355
CGAAAAGCTGTGAATTTCCTAGTCGAAAAG,......((((.((...)).)))).......,52.49051225119655
GAAAAGCTCTACCGGATTTTAGTTCGAAAA,............(((((....)))))....,52.489827565448905
CGAAAAGTTGTAAACGTATTTAACGAAAAG,..............(((.....))).....,52.48780690867876
GAAAAGTTGTTTCAGTCGGTAACACGAAAA,((((.....))))..(((......)))...,52.480522245142794
CGAAAAGTTATTAGCACCGCTTACGAAAAG,............(((...))).........,52.47770315172443
GAAAAGTCGTAGGTTATCCTACATCGAAAA,........(((((....)))))........,52.46957383649573
GAAAAGCTTTGTCTATTGTCCCAGCGAAAA,.....(((..(.(....).)..))).....,52.4686231210913
GAAAAGGTAGATTTATTGGTCGTACGAAAA,......(((((((....)))).))).....,52.46291824788487
GAAGAGTATCGCTTTTGCCATGTACGAAAA,.....((((.((....))...)))).....,52.462001403268616
CGGGAAAAGTTAAGTTGTACTACGAAGGTG,.......(((........))).........,52.45510587924302
GAAAAGATGTTAGATTTCTGACTGCGAAAA,........(((((....)))))........,52.45350686865784
GAAAAGAAGTTCCGTATTCGGTTCGAAGAG,........(..(((....)))..)......,52.450120303152346
GAAAAGTTGTTCTTAGGATACCCACGAAAA,...............((....)).......,52.44652054207296
GAAAAGACATAGTCATTAGACATTCGAAAA,...........(((....))).........,52.44651498418064
GAAAAGCGTCTTGATTTCATGTTGCGAAAA,.....(((...((....))...))).....,52.435660486818456
GAAAAGTGTACTGTGTTTAGTCCGCGAAAA,.....(((.((((....)))).))).....,52.43472298639209
CGAAAAGGCATATTTCTGTATACCGCAAAG,......((.((((....)))).))......,52.42947382660998
GAAAAGCTTTTATTGTCATACTGCGAAAAG,............((((......))))....,52.42163248782603
GAAAAGGGCTTGACCTCGGTCACACGAAAA,.....((......))(((......)))...,52.41282019934723
TGAAAAGCATGATCTTATCTCTGCGAAAAG,......(((.(((...)))..)))......,52.41197512468109
GAAAAGACAGTGTTTTAGACACGTTGAAAA,.....(((.(((((...)))))))).....,52.40887956291908
GAAAAGGTCTATTTGTTGATCGGCCGAAAA,.....((((.(((....))).)))).....,52.407570491686215
GAAAAGGTTTCCATATGGATTCCCGAAAAG,.....((..(((....)))..)).......,52.40746982724799
TGCGAAAAGCAATTACTATTCCGAAAAGTA,(((.....)))...................,52.406605441490214
GAAAAGTATTTAGTACACCAAACACGAAAA,.....((((...))))..............,52.40179397173921
GAAAAGGATTCGTATTTATGACGCCGAAAA,.....((..((((....))))..)).....,52.40127470479845
CGAAAAGCGTTACTTTAACGCCGAGCGAAA,((....((((((...))))))....))...,52.39530632583178
ATGAGGAAAAGTTATTTCGAAGGTGCCACT,.....((((.....))))............,52.38463905609932
GAAAAGCATACTCAAGTTGTTTAGCGAAAA,(..(((((.........)))))..).....,52.3659710551798
GAAAAGTGATTACTAGGTAAGTCCGAAAAG,...............((.....))......,52.36439432081008
GAAAAGGCAAACAGGTTTGGATTCCGAAAA,...............(((((...)))))..,52.3616189917222
GAAAAACGGTCTGTATTTAGCCCGCGAAAA,......(((.(((....))).)))......,52.35752498788858
ACGAAAAGGGATATTAATCGTCCGAAAAGA,........((((.......)))).......,52.35743324727385
GAAAAGGAGCATACTGTGTATTCACGAAAA,..............((((....))))....,52.3547161762766
TGAAAAGAAGAGATGTTGCTATTCGAAAAG,......(((.((......)).)))......,52.34968131672443
GAAAAGCGTATTTACAATCGGTAGCGAAAA,.................(((....)))...,52.34897118157853
TGCGAAAAGCAATCTTCATAGCGAAAAGGA,(((.....)))...................,52.3482413005393
CGCGAAAAGATTCTTGAACCTCGAAAAGAG,...................(((.....))),52.34779227295327
GAAAAGGGGACGTTTAGTCTTTCCCGAAAA,.....((((((.....)))...))).....,52.34595112905544
GAAAAGATGTGTTTGTACACTCGTCGAAAA,.....((.((((....))))))........,52.34232416965288
GAAAAGCAATATAGTTATGAATTGCGAAAA,.....(((((.((....)).))))).....,52.33627476275192
GAAAAGTTGTGACATTTGTGGCCACGAAAA,.....((.((.((....)).)).)).....,52.31988461767662
GAAAAGACAATTGTTTGATATTGCCGAAAA,....((((....))))..............,52.31948066554495
GAAAAGAGACCATGTCCCATTTCTCGAAAA,((((.(.(((...))).).)))).......,52.31702094287504
GAAAAGTGAGCATTTCTATGAATACGAAAA,.....(((..(((....)))..))).....,52.31628216846927
GAAAAGCCTTTAACATCTCGTGTGCGAAAA,.................(((....)))...,52.31291201508594
GAAAAGGAGTTAGTATCAGTTCTCTGAAAA,...............((((....))))...,52.31055437298211
GAAAAGAGATATTCATGTGTCCCTCGAAAA,....((.(((((....))))).))......,52.30925819505908
GAAAAGGTATATCTATTCATCGCCGAAAAG,(((.((......)).)))............,52.29737700829678
GCGAAAAGATTTCCTCGGCTATCGAAAAGT,..............(((.....))).....,52.28840310039022
GAAAAGCATTCTCATTACTGATGCGAAAAG,.....((((.(........)))))......,52.282203982417144
CGAAAAGCGTCTGTATTTAGTAGTGAAAAG,......((..(((....)))..))......,52.27305704532102
GAAAAGTATGAAGTGTGTTCACTCCGAAAA,.........(.((((....)))).).....,52.27047664863973
GAAAAGAATGTTTACATCGTAAGTCGAAAA,................(((.....)))...,52.26498452261457
GAAAAGCGAGTCATTTGACGTTGTCGAAAA,.....(((((((....))).))))......,52.260776417129065
ACGAAAAATATCGATATGAAAAGTCAAGGT,.(((......))).................,52.25581194646807
GAAAAGTTTGTAGTCGTATCTAAACGAAAA,.............((((......))))...,52.25292497530076
CGAAAAGTGCTACTTGCTCGCGTCGAAAAG,(((...(.((.....)).)...))).....,52.25203020425537
GAAAAGTCGTATCATATGGTTTCGCGAAAA,......(((((((....)))...))))...,52.248108609976555
ACCCGAAAAGGGATGTACGCCGAAAAGGTT,.(((.....)))......(((.....))).,52.24224790873728
GAAAAGGATTGTTGTTGATAGTCCGAAAAA,.....((((((((...))))))))......,52.238303694670535
GAAAAGATTACACGTCTCGTTAGTCGAAAA,.....(((((.(((...)))))))).....,52.23631558467638
GAAAAGGAATTTAGGTTACGTCCGAAAAGT,.............((......)).......,52.228477445477374
ACGAAAAGCTTACTTATTGTTGCGAAAAGG,.......((..((.....)).)).......,52.22475173318327
GAAAAGGATCTGACTAGTTTTCCGAAAAGG,.....(((............))).......,52.21931597249625
GAAAAGCCATGTGTTATCATTGGGCGAAAA,.....(((..(((....)))..))).....,52.21660005240522
GAAAAGGGTAAGGATCTTTGTTCCCGAAAA,.....(((.((.((...)).))))).....,52.21221506011178
GAAAAGCATCCATGTTTGGTTACGCGAAAA,.....((..(((....)))....)).....,52.21055808105332
GAAAAGTGTTAGTATTACTGACTGCGAAAA,.....((((((((...)))))).)).....,52.2014718915212
GAAAAGGTTTCGCTCTGTGTTTCCCGAAAA,.....((...(((...)))...))......,52.174818125183165
GAAAAGCCTGCTCTGTTCTATCAGCGAAAA,..........(.(((......))).)....,52.17353121387653
GAAAAGCAGATGAGTCTCTTATAGCGAAAA,.....((..(((((...))))).)).....,52.17291362838614
CGAAAAGGATCTTTATTCGCAGCCGAAAAG,...............((((....))))...,52.16821037500428
GAAAAGTCTTTATATGGTGTAGCCCGAAAA,...............(((...)))......,52.168105895412396
GAAAAGCTTTCCAGTTTACTGATGCGAAAA,.....((....(((....)))..)).....,52.16272307860291
GAAAAGGTTGTTCTCATGCCTAGCCGAAAA,....((((((....)).)))).........,52.16124531131983
GAAAAGATTTAGGGTTCTCTCTGTCGAAAA,.....(((..((((....))))))).....,52.15383961870887
GAAAAGGTATAACAAATTCGTTCCCGAAAA,................((((....))))..,52.14406231738563
GAAAAGCGTTACTATTGTTATAGCGAAAAG,......(((((.((....))))))).....,52.13132105709282
GAAAATGATCATGGTCTCCATGAACGAAAA,........((((((...)))))).......,52.127224576592184
CTAGCGAAAAGCTTGTCGAAAAGTATTATG,..(((.....))).................,52.11512508109869
GAAAAGCGATAAGTTCTTTTGGAGTGAAAA,...........(.(((....))).).....,52.11144051326663
GAAAAGCTATATTTTAACGTCTCGCGAAAA,.................(((...)))....,52.107163724356525
GAAAAGCTGTATCCTTTTAGAAGCGAAAAG,.....(((.............)))......,52.106586706151866
GAAAAGTCATCAGCTCGTTCGATACGAAAA,..............((((.....))))...,52.10170276773195
CGAAAATCTTCGTGTTTCTGTAGCGAAAAG,........(((((.........)))))...,52.1003366079741
CGAAAAGGTCGGCTCATGCTTTCCGAAAAG,......((..(((....)))..))......,52.09739134692413
GAAAAGAACCAGCTCTTAGCTTATCGAAAA,..........((((...)))).........,52.095538197870475
GAAAAGCGTTATTACACACTTCAGCGAAAA,(((..(.((....)).)..)))........,52.093627049832904
CGAAAAGAGGGTCGAGTCGCCGTCGAAAAG,......((.(((......))).))......,52.09071510206702
GAAAAGTGTGTTCGCTTATGTCACCGAAAA,...(((((....))))).............,52.088457611804515
ACGAAAAGAAAGATTCTTCGATCGAAAAGG,.(((.(((((...)))))...)))......,52.086689350257195
GAAAAGGAAAACTCGTGTTAATGACGAAAA,............((((.......))))...,52.08591079772242
CGAAAAGCTTCATACTTCCATGGCGAAAAG,......(((............)))......,52.080395676509454
GAAAAGCTTCCTGAGTTTCAGGATCGAAAA,........((((((...)))))).......,52.07991797794846
GAAAAGTAACTCTTATTAGCTGTACGAAAA,.....(((...((....))...))).....,52.07602634953449
GAAAAGCGATTACTTTCTGGGTAGCGAAAA,......((.((((((...))))))))....,52.06085896058843
GAAAAGCAGCCTGTTCTTAGTTTGCGAAGT,.....((((.(((....))).)))).....,52.056925952196565
CGGAAAAGTTCTCGGAGTATAACGAAAATG,...........(((........))).....,52.048353997184435
CCGAAAAGTCATACTTTCCATACGAAAAGG,..(.(((((...))))).)...........,52.04801176382287
GAAAAGCATTTAGTCGCACTTAAGCGAAAA,.............((((......))))...,52.0430387563279
TCCGAAAAGGAAGCTCTGATCCGAAAAGTA,(((.....)))...................,52.037151006588736
GAAAAGTTATACCTGAATCGTAAACGAAAA,.................(((....)))...,52.03429388879389
GAAAAGCTTTCTATTGAAATCCCGCGAAAA,.....((((((....))))....)).....,52.03362496289359
GAAAAGCCAGCAATTCTATTGTATCGAAAA,.........(((((...)))))........,52.027646945987954
GAAAAGTGAGTAAATTGTTAACTGCGAAAA,..............((((.....))))...,52.02587570988945
GAAAAGTGTTCTTTGGAATACACACGAAAA,.....((((((....)))))).........,52.01900450257398
GAAAAGGTTAACCTGTTTGTAAATCGAAAA,....(((....)))................,52.01360942562014
CGAAAAGCATTTGCAATTATCCGCGAAAAG,.........(((((........)))))...,52.01319356889722
GTGCGAAAAGTACATATTCCGAAAAGCTTA,((((.....)))).................,52.008915522004685
GAAAAGTAGTATAGGTTCTACCTGCGAAAA,...........(((((...)))))......,52.00598186093055
CGAAAAGCTTTGTGCGTTTCAAGCGAAAAG,.((((.((.....)).))))..........,52.00520035719589
CGAAAAGGATTGTATATACTGACCGAAAAG,......((...((....))...))......,52.00155330536749
CGAAAAGAATGGTGAGTATCCTGCGAAAAG,..........((.......)).........,51.99538082094035
GAAAAGGTAAGTTGTCTCGATCTCCGAAAA,................(((.....)))...,51.99400555323698
GACAGCGAAAAGCTTGTCGAAAAGTTTTTA,((((((.....)).))))............,51.98370703154586
GAAAAGCTCTTATTCTTAGGCATGCGAAAA,.....((.((((....))))...)).....,51.97937824851837
GAAAAGCGCTTGGTTGATCAATCTCGAAAA,((..(((.....)))..))...........,51.97642476392038
GAAAAGTAGAATCGTTTAAAGCTACGAAAA,...........((((........))))...,51.9740175310658
GAAAAGAATAGAGTTTACTCTTAGCGAAAA,.....(...((((....))))...).....,51.97239659449163
GAAAAGCTTCCCTTCGTGTCTCAGCGAAAA,............(((((......)))))..,51.97151453873303
GAAAAGCTCCATCTTGTTATCATGCGAAAA,.............((((......))))...,51.97002782246197
CGAAAAGTTAAGCTTTATGCCATCGAAAAG,...(((((...)))))..............,51.96669084026926
CGAAAAGTGTCTTTTGGTACTACGAAAAGG,..........(((((.((...)).))))).,51.963789835006665
TGAAAAGTAGTTACTCGGTACATCGAAAAA,..............(((......)))....,51.962863989937325
GAAAAGCATTTACACTCGGGGTTGCGAAAA,...............(((......)))...,51.96270859194944
GAAAAGCATACTAATCGCGCTATGCGAAAA,..............((((.....))))...,51.94254749772521
GAAAAGCGTTTTTAGTCCTCTGCGAAAAGG,......(((............)))......,51.942247663337355
GAAAAGAGGTTGTTTCTACATACTTGAAAA,.....(((..(((....)))..))).....,51.940592237629886
GAAAAGTGTACCGTTCTATGGTTTCGAAAA,.........(((((...)))))........,51.94009625614996
CGAAAAGGACCTTAACAAATTCCCGAAAAG,......(((...........))).......,51.93572656144369
GAAAAGCTAACGTTTCATATCAGCGAAAAG,((((........))))..............,51.92981546876214
TGTCAGGGAAAGTTGATCGAAGGAATTTCA,.(((((......))))).............,51.92977398649189
GAAAAGGATCGATTTGTATGTATCCGAAAA,.....((((..((....))..)))).....,51.91498894310598
GAAAAAGAGTTCCTCAGTTAAGTCAGAAAA,......(((...)))...............,51.900222755624725
CGAAAAGATAGTTCTTTCAACCACGAAAAG,...(((((....))))).............,51.89992444922281
TGAAAAGAAATCAACTTGTTAGTCGAAAAG,..........((.(((....))).))....,51.89496516193927
CGAAGAGGCTTCACTACTGTTCACGAAAAG,.(((.((.........)).)))........,51.89397120481222
GAAAAGGTTTAAAGGCAATTGCTCCGAAGA,.............(((....))).......,51.89375307875207
GAAGGAAAATATCCTTTTGGATACGGAAAA,.........(((((....))))).......,51.889899071088905
GAAAAGCGGTTGCATTTGTGTCCGTGAAAA,.....((((..((....))..)))).....,51.888421135619076
GAAAAGCAATCTGACTCGCCGATGCGAAAA,...............((((....))))...,51.8867585093804
CGAAAAGAGACTCCTCGATGTACCGAAAAG,......(((....)))..............,51.886617569588736
CGGAAAGCGATTGTCTCAATCTTCGAAAAG,((((....(((((...))))))))).....,51.88624187230968
GAAGAGCATATATTTAGCTCCATGCGAAAA,...((((.((....))))))..........,51.88423161050858
CGAAAAGAATTGATCCTTTAGTTCGAAAAG,......(((((((....)))))))......,51.87763011408058
CGAAAAGGATCGTTCTAAACACTCGAAAAG,......(((....)))..............,51.86919744157126
GAAAAGTAATCGATCGTCTGTTTACGAAAA,.............((((......))))...,51.86852875958793
GAAAAGCGGATAGTATTGCCATCCCGAAAA,.......((((.((...)).))))......,51.86512048578576
GAAAAGTGTATAGTACTCGTACTTCGAAAA,................(((.....)))...,51.86162930692919
TCGAAAAGTTGTGATTCACGTACGAAAAGG,.......((((((...)))).)).......,51.86004647782668
CGAAGAGGGCTACATTGTATTACCGAAAAG,......((..(((...)))...))......,51.85916087923677
GAAAAGCTTAGTGGATTCTTCTGGCGAAAA,.....(((....(((....)))))).....,51.838905667363264
GAAAAGATATTTATGTCCTAAAGTCGAAAA,.....((((....)))).............,51.837721472251594
GAAAAGCAGTTTCTTCGAATTCGCGAAAAG,.............((((......))))...,51.83520854692247
GCGAAAAGCGCATTTCCTTCGCGAAAAGTG,(((((............)))))........,51.825969789162535
CGAAAAGCATGCCCAAATTCTTGTGAAAAG,.................(((....)))...,51.82442045162321
GAAAAGAAGTCTATTCGCTAGCCTCGAAAA,(((.((....)).)))..............,51.82370831555666
CGAAAAGGTTTGCTTTGTACACACGAAAAG,...((((.....))))..............,51.81551057057976
GCAACGAAAAGGGATCTTTCCGAAAAGTCA,...........(((....))).........,51.814307314263246
TGAAAAGTTCCCTACTAGTGGAGCGAAAAG,......(((((((...)).)))))......,51.80749395387161
GAAAAGTTTGTGCTTACCTATCAACGAAGA,...((((....))))...............,51.80078279571916
GAAAAGGCTCTTACATTAGGAGCCCGAAAA,.....((((((((...))))))))......,51.79998288448934
AAAAGTATCTCAATCTTTGAATGCGAAAAG,....((((.((((...))))))))......,51.79835983320996
GAAAAGCGGTCTTTAGATCCATTGCGAAAA,.....((((((....))))....)).....,51.79801099055919
TCGAAAAAGCCTTGTTAGAGGCTGAAAAGT,.......((((((....)))))).......,51.79544520972445
GAAAAGGAACGTTGTTCAGTGTTACGAAAA,......((((...)))).............,51.79144621406897
GAAAAGTATTAGTCCTTGACGTAACGAAAA,...........(((...)))..........,51.790415113230715
GAAAAGAATAACCATTTGGGATCTCGAAAA,....(((....((....))..)))......,51.78152586662846
GAAAAGCTTGTTTACGGGTTAACGCGAAAA,....((((((....))))))..........,51.778303458440476
CGAAAAGGCTATACGTTTATATACGAAAAG,.............(((......))).....,51.77789441665276
GAAAAGGTAGCTTATTAGTATGACCGAAGA,.....(((.(((....)))...))).....,51.77615466140985
TACGAAAAGCGATTTACATCGCGAAAAGAA,........(((((....)))))........,51.77613370080039
GAAAAGGGTTCGTTCTCGTGCTTCCGAAAA,.....((((.((....)).)))).......,51.77027194653428
GGCGAAAAGCTTCTTGTATGTGAAAAGTAA,(((.....)))...................,51.76656465499653
CGAAAAAGCCTTTCTTTAAAGTCCGAAAAG,.((((.....))))................,51.76567301970148
GAAAAGTGGTTTATCGGAAGTTCACGAAAA,.............(((........)))...,51.76462113041492
GAAAAGCAGGTTTACCGTGTTATGCGAAAA,....((((((....)).)))).........,51.758609019032264
GAAAAGCGATGTCGTTTCATTCAGCGAAAA,((((((((....)))))..)))........,51.74181647503289
GAAAAGGAGTTTTCTTGTGGAAGCCGAAAA,......(.((((((....))))))).....,51.74118544159485
GAAAAGGGTCCAGTGTTTTCAACCCGAAAA,.....((((..((....))..)))).....,51.740056851413534
GAAAAGCACAGCGTTTACTCTCTGCGAAAA,.....(((.((.(....).)).))).....,51.7270418716702
GAAAAGATAACATAATAGCGTTAGCGAAAA,.................((....)).....,51.722577572126674
GAAAAGCTAGTATCCCGTCATTTGCGAAAA,...............(((.....)))....,51.72208784495923
GAAAAGGATCTCTCAACATCTTCCGAAAAG,.....(((.............)))......,51.72193788865177
CGAAAAAGTTGACTTTCAGTGTACGAAAAG,.((((........)))).............,51.7142878618877
ACGAAAAGGGATTCCCTCATACTGAAAAGT,......((((...)))).............,51.713919925419546
GAAAAGCACATTCTTGTACTATAGCGAAAA,....((.(((....))).))..........,51.713638852572515
GAAAAGTATTATGTACATAAACAACGAAAA,.....((((...))))..............,51.70738762158161
CGAAAAGTACGGTTCGTTATAGTCGAAAAG,(((.....(((...))).....))).....,51.70693481557669
CGAAAAGCAGGTTTCTAGTACAGTGAAAAG,.((((......))))...............,51.70666728581787
GAAAAGGAGCGTATCATCGATTTCCGAAAA,.....((((((......))..)))).....,51.69773265481569
GAAAAGCCTTAATGTTTACATTGCGAAAAG,.......(.(((((....))))).).....,51.69761755117048
GAAAAGAATTTGCTTCGTCAAGTCGAAAAG,.............((((......))))...,51.695348412742916
GAAAAGAAATCTATCTTAGACTTTCGAAAA,.....((((((((...)))).)))).....,51.69534578866822
GAAAAGGCATTAGCTTGTAAACTCCGAAAA,....((((....))))..............,51.69123035395883
CCGAAAAGGGAAAATCTTAATCGAAAAGTG,.(((.((((.....))))..))).......,51.68397376142716
GAAAAGCGTTTGACGTTTCGAATGCGAAAA,.....((((((((....)))))))).....,51.67220623329354
GAAAAGCATACTCCGCTTAAGTATCGAAAA,...((((.......))))............,51.671877622417604
GAAGAGTCATTGCTTTTGCTTGGTCGAAAA,...((.(((..((....)).))))).....,51.67090991438563
GAAAAGAATAGTTTCTCGTAGCTTCGAAAA,...............(((......)))...,51.66901574294432
GAAAAGTCAGGTGTTTAACACGTTCGAAAA,..........((((...)))).........,51.668835446192524
GAAAAGCAATGTATTGTTATGCTGCGAAAA,.....(((..((((....))))))).....,51.668184478154885
TCGAAAAGGTTCTGCGTCTAAACGAAAAGA,..............(((....)))......,51.66799632490472
GAAAAGCAGTGAACTTTTCACGAGCGAAAA,.....((.(((((...)))))..)).....,51.666740745339155
GAAAAGCATGATGTTTTAGGCTTGCGAAAA,...((((.(((....))).)))).......,51.664862264968285
GAAAAGATGGTTGTCCATGTCCAGCGAAAA,....(.((((....)))).)..........,51.664059908322095
GAAAAGGGACTTGGTTCATTGCCCGAAAAG,.....(((...((...))...)))......,51.66169036037321
GAAAAGATACATTGTTATGTACGCGAAAAG,.......(((((....))))).........,51.660763258903145
GAGGAAAAGGTTTGTAGTCTCCGAAAAGTC,..(((..............)))........,51.653338223399174
GAAAAGAATGTTTTCTTGAAAGTTCGAAAA,...(((((....))))).............,51.65150434187547
GAAAAGCTCCTGTTTGTACATTCGCGAAAA,.....((...(((....)))...)).....,51.65061899986304
GAAAAGTACGTATTCGTAGGAGTCTGAAAA,((....((((....))))....))......,51.648062327974756
GAAAAGGAATATCGTTGCATGTTACGAAAA,...........((((........))))...,51.64764843519043
GAAAAGCCATTACTCCGTTAGATGCGAAAA,...............(((.....)))....,51.64522125533097
AGCGAAACGTAAACTTGATTCCGAAAAGGT,....................((.....)).,51.64317173030885
GAAAAGATTCTACTGGTTAGACCTCGAAAA,..............(((...))).......,51.64210196124225
GAAAAGCATTCCTCTCGTAGAATCGAAAAA,..............(((......)))....,51.6409814246349
GAAAAGTTGGAATTTCTAGCCCTACGAAAA,.....((((((...))))))..........,51.63752356637889
ATTGTTCGAAAAGTGCGCGAAAAGATGTAT,............((((((.....).))))),51.62522240873768
GAAAAGCTGACACATTGTCCTTCGCGAAAA,(..(((..((((...)))))))..).....,51.62067510016143
GAAAAGGATTACGCTTCGTGTTCCCGAAAA,.....(((.((((...)))).)))......,51.6202229945536
GAAAAGAACATTTTCTCAAAGGGTCGAAAA,(((((.....)))))...............,51.614884613633485
GAAAAGAAGTTTGCCCTCGTCATTCGAAAA,................(((.....)))...,51.61387987976697
