Sequences,Secondary structure,Scores
CTGATTGGTCTATTCATAGGCGTCCAGAGG,(((....(((((....)))))...)))...,110.87724510257725
GGTTTGGTCTATTCATAGGCGTCCGGGTGA,((....(((((....)))))..))......,87.02795606870669
TAGAGGGTCTATTAATAGGGCTGTCCCCTG,..((.(((((.......))))).)).....,86.30416657850108
ATAGGAGGTGTCCACTATCGTGGTCGTCTT,....((((((.((((....)))).)))))),77.31672144653606
TGCGGTGAGATAGTAAACTAGAGGGCCCCG,...(((....(((....)))....)))...,77.17556924022047
TGCTGGTCTATTCATAGGCGTCCGAGTTCA,.....(((((....)))))...........,77.07670169340692
GATGTTCGGTAATCCACGATTCTCTAGTGA,((...(((........)))...))......,74.76086747827306
TGATTGGTCTATTCATAGGCGTCCAGAGGG,......(((((....)))))..........,74.17289639858579
AACGGTGGTCTATTCATAGGTGTCCGACTT,..(((...((((....))))...)))....,73.49338842225393
GGTTTGGTCTATTCATAGGCGTCCGGGTTA,((....(((((....)))))..))......,73.08513062491971
TAGGTGTCCACTACCTAGGTTGAAGGTCTA,((((((.....)))))).............,73.02598045495976
TAGGAGGTGTCCACTATCGTGGTCGTCTTG,...((((((.((((....)))).)))))).,72.78433704914224
GTTTGGTCTATTCATAGGCGTCCGGGTGAG,.....(((((....)))))...........,72.59484996219442
GATTGTGGTCTATTCATAGGCGTCCGCTGA,....((((((((....))))...))))...,72.35574108057699
GTAGTCGGGTCCGGTTTTGGAAGTTTCTGC,((((.....((((....)))).....)))),72.21880089765638
AGGAGGTGTCCACTATCGTGGTCGTCTTGT,..((((((.((((....)))).))))))..,72.07588679718522
TGGGGGATCTTGCTTGCAATGGCGGATCTA,....((((((.(((......))))))))).,72.00281329227307
GGGGTTAGGCGTGCTGTGCTAGGAGGTTCT,.......(((.(.(((...))).).)))..,71.9612374588762
GATTGGTCTATTCATAGGCGTCCAGAGGGT,.....(((((....)))))...........,71.91329792014116
CTATTGGTCTATTCATAGGCGTCCAGAGGG,......(((((....)))))..........,71.74833461376642
TTATTGGTCTATTCATAGGCGTCCAGAGGG,......(((((....)))))..........,71.67853935602604
GTTTGGTCTATTCATAGGCGTCCGGGTTAG,.....(((((....)))))...........,71.63376057081656
CTAGGGGTCTGTCGGGATTCGATGGTCCAT,.....((.((((((.....)))))).))..,71.46012516288756
CTAATTGGTCTATTCATAGGCGTCCAGAGG,.......(((((....))))).........,71.44290460396329
TGATTGGTCTATTCATAGGCGTCCAGATGG,......(((((....)))))..........,71.35406406922179
TGTTTGGTCTATTCATAGGCGTCCGGGTGA,......(((((....)))))..........,71.33582412987349
CCCGATTGGTCTATTCATAGGCGTCCAGAG,........(((((....)))))........,71.28953321546018
GTTTGGTCTATTCATAGGCGTCCGCTGAGT,.....(((((....)))))...........,71.2276328737125
GTTTTGGTCTATTCATAGGCGTCCGGGTTA,......(((((....)))))..........,71.22064503969415
GATTTGGTCTATTCATAGGCGTCCGGGTGA,......(((((....)))))..........,71.20767787275942
TTTGGTCTATTCATAGGCGTCCGGGTTAGT,....(((((....)))))............,71.17767787275942
GATTTGGTCTATTCATAGGCGTCCGCTGAG,......(((((....)))))..........,71.14818901758267
GATTTTGGTCTATTCATAGGCGTCCGCTGA,.......(((((....))))).........,71.09092359070185
CTGATTGGTCTATTCATAGGCGTCCAAAGG,.......(((((....))))).........,71.07237941713302
GGGGGATCTTGCTTGCAATGGCGGATCTAG,...((((((.(((......)))))))))..,71.02114314056243
TGTTGGTCTATTCATAGGCGTCCGAGTTCA,.....(((((....)))))...........,70.96511816903151
GCTGGTCTATTCATAGGCGTCCGAGTTCAG,....(((((....)))))............,70.89094936880844
TTAGTTGGTCTATTCATAGGCGTCCAGTGA,.......(((((....))))).........,70.85088327594936
CTGATTGGTCTATTCATAGGCGTCCCGAGG,.......(((((....))))).........,70.80308313649059
CTGCGGTGAGATAGTAAACTAGAGGGCCCC,....(((....(((....)))....)))..,70.73781601201631
ACATGGTCTATTCATAGGCGTCCGCGGAAG,.....(((((....)))))...........,70.70616386927387
CTATATGGTCTATTCATAGGCGTCCGATTG,.......(((((....))))).........,70.694097542213
GTGAATGGTCTATTCATAGGCGTCCGGAGG,.......(((((....))))).........,70.67041815133143
CGGTGAGATAGTAAACTAGAGGGCCCCGGT,.(((....(((....)))....))).....,70.63436773615425
CTGGTCTATTCATAGGCGTCCGAGGTCAGT,...(((((....))))).............,70.61771865101827
TGCTGGTCTATTCATAGGCGTCCGAGTTCG,.....(((((....)))))...........,70.61114450130283
CTGCTGGTCTATTCATAGGCGTCCGAGTTC,......(((((....)))))..........,70.60259138064276
GTTTGGTCTATTCATAGGCGTCCTGGTTAG,.....(((((....)))))...........,70.58918285601241
CTGGTCTATTCATAGGCGTCCGAGTTCAGT,...(((((....))))).............,70.57509138064276
GATGTTCGGTAATCCACGATTCTCTAGTCA,((...(((........)))...))......,70.57396036828901
TCGTTGGTCTATTCATAGGCGTCCCCAGGA,......(((((....)))))..........,70.56707399371903
ACGTTTGGTCTATTCATAGGCGTCCTAAGT,.......(((((....))))).........,70.5571368970766
GGGTTAGGCGTGCTGTGCTAGGAGGTTCTG,......(((.(.(((...))).).)))...,70.55558328399125
GGGGATCTTGCTTGCAATGGCGGATCTAGT,..((((((.(((......)))))))))...,70.42015407976865
ATTGTGGTCTATTCATAGGCGTCCTCTGAG,......(((((....)))))..........,70.36589053920824
CAGTCTGGTCTATTCATAGGCGTCCAATAG,.......(((((....))))).........,70.28586903477472
CAGGGGAAGTGCCTTCTTTAGTAGGGTATG,........(((((((.......))))))).,70.08554032546762
GGTGAGATAGTAAACTAGAGGGCCCCGGTC,(((....(((....)))....)))......,69.8171263568439
GAGCAAAAGGTGTCCCTTGGTCTATTGATA,((.((..(((....))))).))........,69.45379110180167
TGCTGGTCTATTCATAGGCGTCTGAGTTCA,.....(((((....)))))...........,69.39096787493789
GTAGTCGGGTCCGGGGTTGGAAGTTTCTGC,((((.....((((....)))).....)))),69.07886941298811
GGGAGGGAAGTTCTGCTTTAGCAGGTCCAC,.....(((...(((((....))))))))..,68.92870335406542
GATTGTGTCTATTCATAGGCGTCCGCTGAG,......(((((....)))))..........,68.86540841628799
GGGAGGGAAGTTCTTCTTTAGCAGGTCCAC,.((((((....)))))).............,68.64394409689189
GGTTTGGTCTATTCATAGGCGTCCGTGTGA,((....(((((....)))))..))......,68.1029136391291
GATGTTCGGTAATCCACGATTCACTAGTGA,((...(((........))).))........,67.98586299062379
TGCGGTGAGGTAGTAAACTAGAGGGCCCCG,...(((....(((....)))....)))...,67.76061671851708
GGTTTGGTCTATTCATAGGCGTCCGGGGGA,((....(((((....)))))..))......,67.69492141105664
GGTTTGGTCTATTCATAGGCGTCCGGGTTG,((....(((((....)))))..))......,67.63414055729503
GGTTTGGTCTATTCATAGGCGTCCGGGGTA,((....(((((....)))))..))......,67.58789055729503
GGTTTGGTCTATTCATAGGCGTCCGGGTTC,((....(((((....)))))..))......,67.57562513041421
GGTTTGGTCTATTCATAGGCGTCCGGGTAA,((....(((((....)))))..))......,67.55812513041421
GGTTTGGTCTATTCATAGGCGTCCGGGAGA,((....(((((....)))))..))......,67.55289055729503
GGTTTGGTCTATTCATAGGCGTCCGTGTTA,((....(((((....)))))..))......,67.54596308967855
GGTTTGGTCTATTCATAGGCGTCCGAGTGA,((....(((((....)))))..))......,67.44096500596905
GGTTTGGTCTATTCATAGGCGTCCGGAGGA,((....(((((....)))))..))......,67.42687513041422
GGTTTGGTCTATTCATAGGCGTCCGGAGTA,((....(((((....)))))..))......,67.41312513041422
GGTTTGGTCTATTCATAGGCGTCCTGGTGA,((....(((((....)))))..))......,67.40979107579604
GGTTTGGTCTATTCATAGGCGTCCGGATGA,((....(((((....)))))..))......,67.4068751304142
GGTTGGTCTATTCATAGGCGTCCGGGTTAG,((...(((((....)))))..)).......,67.35067115061953
GGTTGGTCTATTCATAGGCGTCCGTGTGAG,((...(((((....)))))..)).......,67.047416548599
GGTCTGGTCTATTCATAGGCGTCCGGGTGA,((....(((((....)))))..))......,67.0099353379136
CTAGGGGTCTGTCGGGATTCGATGGTCGAT,......(.((((((.....)))))).)...,66.99819586066752
AGAGGGCCCCATGGGGTGCTTGGGTGAGGT,.(((.((((....)))).))).........,66.99020504354307
GGGTTAGTTGTGTATCTGATCAGGGTTCCT,.((((((........)))))).........,66.83222164349866
GGAGTCTATGTTCCCAAACTAGTCGTCTGC,((((.(((.(((....)))))).).)))..,66.77710631037905
GGCTTGGTCTATTCATAGGCGTCCGGGGGA,((....(((((....)))))..))......,66.66967409155573
GGGGGAAGTCCATTCATAGTTGTCTGCCGT,((.(((...(........)...))).))..,66.6511356732748
GGTTAGGTCTATTCATAGGCGTCCGGGTGA,((....(((((....)))))..))......,66.63986355047793
AGCGTCTGGGGTTCAGAAACGTGTTTAGTA,.(((((((.....))))..)))........,66.63575699073402
GGTTGGGTCTATTCATAGGCGTCCGGGTGA,((....(((((....)))))..))......,66.57402187768432
GGTTTGGTCTATTCATAGGCGTCCTGGTTA,((....(((((....)))))..))......,66.55323253817981
AGAGGGCCCCATGGGTTCTTGGGTGAGGTG,.((((((((...))))))))..........,66.47986377787198
CTAGGCGTCTGTCGGGATTCGATGGTCCAT,...((...((((((.....)))))).))..,66.42037709029024
GGTTTGGTCTATTCATAGGCGTCCTTGTGA,((....(((((....)))))..))......,66.40998629371786
GGCTTGGTCTATTCATAGGCGTCCGTGTGA,((....(((((....)))))..))......,66.4014194895352
GGTTTGGTCTATTCATAGGCGTCCTGGTGG,((....(((((....)))))..))......,66.39667083065656
CTAGGGTTCTGTCGGGATTCGATGGTCCAT,....((..((((((.....)))))).))..,66.39569103104002
AGGGGAAGTGCCTTCTTTAGTAGGGTATGG,.......(((((((.......)))))))..,66.32188330940676
GGTTCGGTCTATTCATAGGCGTCCGGGTGA,((....(((((....)))))..))......,66.2832876647932
CCAGGGGAAGTGCCTTCTTTAGTAGGGTAT,.........(((((((.......))))))),66.24688330940675
TGCGGTGAGATAGTAAACTAGACGGCCCCG,...(((....(((....)))....)))...,66.03808541003522
GATCCAGTCTATTCAGAGTCGTCTGCTAAC,.............((((....)))).....,65.82202715658698
GGCTTGGTCTATTCATAGGCGTCCTGGTGA,((....(((((....)))))..))......,65.4969697917981
GTCCGAGAAGATCTTCTTTAGCAGGATGAT,((((..(((((...)))))....))))...,65.48926830090221
AGCAGGTCTATTCAGAGGTGTCCTATACCT,...............((((((...)))))),65.47792548863542
GGGTAAGTTGTGTATCTGATCAGGGTTCCT,(((.((.((.((........)).))))))),65.40552462094911
GGTTTAGTCTATTCATAGGCGTCCGGGTGA,((....(((((....)))))..))......,65.34572054064758
GATCCAGTCTATTCATAGTCGTCTGCTAAC,...............((((.....))))..,65.27931711808601
GCGTCTGGGGTTCAGAAACGTGTTTAGTAG,(((((((.....))))..))).........,65.23047158787777
GATACAGTCTATTCAGAGTCGTCTGCTAAC,.............((((....)))).....,65.122027156587
GATTAGGGTCTATTCATAGGCGTCCGCTGA,.....(((((((....)))))..)).....,65.07625641053839
GGGGTTAGGCGTGCTGTGCTAGGAGGCTCT,.......(((.(.(((...))).).)))..,64.91669439510237
TAAGCGGATCTAACCATAGTTGGGGTAACA,........((((((....))))))......,64.87438807481263
AGCGTCTGGGGTTCAGAAACGTGTGTAGTA,.(((((((.....))))..)))........,64.68030791280316
ATCCAGTCTATTCATAGTCGTCTGCTAACG,..............((((.....))))...,64.67213199551628
ACTCCCTTGCGGATGCTCTGCACTTTAGCT,.......((((((...))))))........,64.66837897711984
GCGTCTGGGGTTCAGAAACGTGTTGAGTAG,(((((((.....))))..))).........,64.24872896543474
TAGGTCTCTTGATCCTTAAGAGGTGTCCAG,..((((((((((...))))))))...))..,64.20190541765423
ATAGGAGGTGTCCACTATCGTGGTCGCCTT,....((((((.((((....)))).)))))),64.13959811261975
CAGGGGATGTGCCTTCTTTAGTAGGGTATG,........(((((((.......))))))).,64.01650571906826
GTTCGGAAGTTCTTCTTTAGCAGGTGAAAA,(((.((((....))))..))).........,63.93280160311914
GGGTAAGTTGTGTAACTGATCAGGGTTCCT,.(((.((((....)))).))).........,63.86432880872403
GGAGGGCCCCATGGGTTGCTTGGGTGAGGT,.((((((((...))))).))).........,63.63342638978076
TGGTCTATACGTTTCAAGTCTAGGCGTCCG,..(((((.((.......)).))))).....,63.62563531572534
CTAGGTGTCCGGGCCTATTGCTTGGTCTAT,......(.((((((.....)))))).)...,63.59412994771579
AGAGGGCCCCATGGGGTGCTTGGGGGAGGT,.(((.((((....)))).))).........,63.50542059722016
CTGATTGGTCTATTCATAGGCGTCCAGATG,(((....(((((....)))))...)))...,63.38862028223955
ATCTAGTCGGTAGGTGCTGTGTACTCGGAT,.....(((.(..(((((...)))))).))),63.14051448060736
TCTAGTCGGTAGGTGCTGTGTATTCGGATG,....(((.(..(((((...)))))).))).,63.022237468144986
CTGTTTGGTCTATTCATAGGCGTCCAGAGG,(((....(((((....)))))...)))...,62.8150567211052
AGGTCTCTTGATCCTTAAGAGGTGTCCAGG,.((((((((((...))))))))...))...,62.70470695070167
AGCAGGTCCATTCAGAGGTGTCCTATACCT,...............((((((...)))))),62.45194093077243
AGGGAAAAGATTATCGGTCGAAGGGTTCCT,.(((((..((((...))))......))))),62.42253483764324
TGGGGGATCTTGCCTGCAATGGCGGATCTA,....((((((.(((......))))))))).,62.32566546873039
GTGAAGGAAGCCCTTCTTCAGCAGTTCCAT,..(((((....)))))..............,62.29224427586766
GGGTATCTTATGAAAGTTGTCAGGGCTCCT,(((..(((..(((......))))))..))),62.261117036803064
CCTGATTGGTCTATTCATAGGCGTCCAGAG,.(((....(((((....)))))...)))..,62.24151863388791
GGGTTAATTGTGGATCTAATCAGGGGTCCT,...........((((((......)))))).,62.076670626424885
GGGTATCTTATGGAAGTTGTCAGGGCTCCT,...........(((.(((.....)))))).,62.050940852940094
TAGGTCTCTTGATCCTTAAGAGGTGTCCGG,..((((((((((...))))))))...))..,61.80872856256437
CTGATTGGTCTATTCATAGGCGTCCAGGGG,(((....(((((....)))))...)))...,61.66847235324546
CTGATTGGTCTATTCATAGGCGTCCAGAGA,(((....(((((....)))))...)))...,61.58542607260303
GGTCTATACGTTTCAAGTCTAGGCGTCCGG,.(((((.((.......)).)))))......,61.58350644915072
CACGAAAAGGCGCATTATTTCCGAAAAGGG,....................((.....)).,61.58286954847982
CAGGAGTGGTCATCATTTCGGATGTCTTCG,.....(.((.((((......)))).)).).,61.523320223642884
CTGAGTGGTCTATTCATAGGCGTCCAGAGG,(((....(((((....)))))...)))...,61.40609216119449
CCTGAATGGTCTATTCATAGGCGTCCAGAG,.(((....(((((....)))))...)))..,61.33005678768623
GAAGGAATTCTTCTATTGAAGCAGGAAAAG,((((.....)))).................,61.210447764925085
CTGACTGGTCTATTCATAGGCGTCCAGAGG,(((....(((((....)))))...)))...,61.11932941655641
CTGATTGGTCTATTCATAGGCGTCCACAGG,(((....(((((....))))).....))).,61.08397759344828
ACTTAGGGAGTTCCTCTTTAGCGGTACAGT,..((((((((...)))))))).........,61.04428486973679
CGTAGTCTAGGTGTCCTCTGGTCTATCTAG,.((((.(((((.....))))).))))....,61.0344456681465
CGTAGTCTAGGTGTCCTCTGGTCTATCCAG,.((((.(((((.....))))).))))....,60.98028070341051
GGGTAGGTTATGAAAGTTCCCAGGGTTCTT,(((.((.((....)).))))).........,60.975141806417184
CTGATTGGTCTATTCATAGGCGTCCAGTGG,(((....(((((....)))))...)))...,60.92995692636465
TGAAGGAAGTGTCTTTAGTAGTGGGCCACA,........((((((........))).))).,60.8693890278938
GCCTGGAGTCTATGCATAGTCGTCGGAATC,..((((.(.(((....))).).))))....,60.84223656213665
GTAGTCGGGTCCGGGGTTGGAAGTGTCTGC,((((.((..((((....))))..)).)))),60.77609475100903
CAGGAGTGGTCAACTTGTCCGTTGTCTTCG,.....(.((.((((......)))).)).).,60.77012030970446
CTGTTTGGTCTATTCATAGGCGTCCAGTGG,(((....(((((....)))))...)))...,60.75449720085203
CTGATTGGTCTATTCATAGGCGTCCAGCGG,(((....(((((....)))))...)))...,60.712691499483846
GAGGGAATGTTGTACTCTATAGCAGGAAAA,.......(((((((...)))))))......,60.688804652978895
GGGAAAAGGATGTAGTATCCGAAGGGTTTC,.......(((((...)))))..........,60.64573316721799
AGGAAAAGTTGATGTATCTACGAGGGATAT,.............((((((.....)))))),60.47787812192207
TGCGGCGAGATAGTAAACTAGAGGGCCCCG,...(((....(((....)))....)))...,60.42088811232979
CACGAAAAGTCAATTCCATTGCGAAAAGCG,....................((.....)).,60.373179807087396
CCGAAAAGGTCATTAAATTACCGAAAAGCG,((.....)).....................,60.300812604184564
CCGAAAAGTGATATGCTGTACCCGAAAAGG,.....................((.....)),60.30071292197121
CCGAAAAGGTCAATAAATTACCGAAAAGCG,((.....)).....................,60.29608819473575
GGCGAAAAGCGTAGTCTCGAGCGAAAAGAT,.((.....))....................,60.286733605529264
CAGGGGAAGTGCCCTCTTTAGTAGGGTATG,........(((((((.......))))))).,60.23289877829633
CACGAAAAGCCAATTCCTTTGCGAAAAGCG,....................((.....)).,60.21614774629694
GGGCGTGTGGGCTATTTAGGCAGGGTTCCT,((((......(((.....)))...))))..,60.18731790469736
CACGAAAAGTCAATTCCTTTGCGAAAAGCG,....................((.....)).,60.16966253747109
CTAGGGGTCCGTCGGGATTCGATGGTCGAT,......(.((((((.....)))))).)...,60.09172071480559
CCGAAAAGCGTTCTACTCTTGCGAAAAGCG,....................((.....)).,60.06780949681616
GCGAAAAGCACATTAATTGTCCGAAAAGTC,((.....)).....................,60.048412862468425
GCGAAAAGCTTACTTCTATATGCGAAAAGA,((.....)).....................,60.04704829683207
GGAGGGCCCCATTCTTTGTTGGGTGAGGTG,.....(((.(((((......))))).))).,60.04207057478057
AGAGGGCCCCATGGGTCGCTTGGGTGAGGT,.((((((((...))))).))).........,60.039007523114776
CTGAATGGTCTATTCATAGGCGTCCAGCGG,(((....(((((....)))))...)))...,60.01630678768622
GTAGTCGGGTCCGGTTTCGGAAGTTTCTGC,((((.....((((....)))).....)))),59.96494681555721
TAAGCGGATCTAACCATAGTTGGGGTATCA,......(((....(((....)))...))).,59.96116195522767
GGGGGAAGTCCATTCATAGTTGTCTGCCGC,((.(((...(........)...))).))..,59.89225993362982
CATGAAAAGGGAAATGTATACCGAAAAGGG,....................((.....)).,59.857959587312784
TATGGAGTTGTCTGGGTTCACTAGGCGGCT,.....((((((((((.....)))))))))),59.80140370778177
CTAGGTGTCTGCCGTGTGACGGTGGTCTAT,......(.(((((((...))))))).)...,59.723068160610254
TAGCAGAAAAGAGGCAATTCGAAAAGGATA,................((((.....)))).,59.628391645335206
GCGAAAAGCTATCTTTAGATCCGAAAAGTC,((.....)).....................,59.61280238435537
GGGGGAAGTCCATTCATAGTTGTCTGCCAT,((.(((...(........)...))).))..,59.53749450674901
CTGATTAGTCTATTCATAGGCGTCCAGAGG,(((....(((((....)))))...)))...,59.36759205168971
GGGGGAAGTCCATTCATAGTTGTCTGCCTT,((.(((...(........)...))).))..,59.06413493362982
CTGATTGGTCTATTCATAGGCATCCAGAGG,(((....(((((....)))))...)))...,58.93212255709504
CTGATAGGTCTATTCATAGGCGGCCAGAGG,(((....(((((....)))))...)))...,58.91447169796044
ATCTAGTCGGTAGGTGCTGTGTATTCGGAT,(((((.....))))).(((......)))..,58.86574972511878
CAGGAGTGGTCAACTTGTCCGTTGTCTTCA,.....(.((.((((......)))).)).).,58.47929142509993
AGGAGTGGTCAACTTGTCCGTTGTCTTCGG,....(.((.((((......)))).)).)..,58.454632378831924
CTAGGGGTTTGTCGGGATTCGATGGTCCAT,.....((.((((((.....)))))).))..,58.355865743445094
TGGCGAAAAGCGATTCATTGTGAAAAGAAA,..((.....))...................,58.31907437024356
GCGAAAAGCGAACATTAGATAGTGAAAAGA,((.....)).....................,58.21981874330212
CTCCCTTGCGGATGCTCTGCACTTTAGCTG,......((((((...)))))).........,58.185823071487015
GCGAAAAGCGTACAGTCTCTAGTGAAAAGT,((.....)).....................,58.17803563295988
GCGAAAAGCGGTATTTGGTTAGTGAAAAGT,((.....)).....................,58.16805470551394
TGCCATAGGTGTCCAGATTGGTCTATGCCT,...((((((...(((...)))))))))...,58.159317522852795
GCGAAAAGCGTACAGTCCCTAGTGAAAAGT,((.....)).....................,58.11740001669717
GCGAAAAGCGGTCCAGTTTAAGTGAAAAGG,((.....)).....................,58.018536553641844
GCCTTGAGTCTATGCATAGTCGTCGGAATC,...(((((.(((....))).).))))....,57.94223656213665
ATCTAGTCGGTAGGTGCTGTGTATGCGGAT,(((((.....))))).((((....))))..,57.8294022348758
AAGCGGATCTAACCATAGTTGGGGTATCAG,.....(((....(((....)))...)))..,57.743748599352784
TGCGAAAAGCCTTAATTTAAGTGAAAAGCT,.((.....))....................,57.7239931158841
CTAGGTGTCCATTACCTATTTGTGGTCTAT,.((((((.....))))))............,57.66886175497001
TGCGAAAAGCCCTATTTAATGTGAAAAGCG,.((.....))....................,57.64242447519196
ATAGAAGGTGTCCACTATCGTGGTCGTCTT,....((((((.((((....)))).)))))),57.619131379065244
AGGAGTGGTCATCATTTCGGATGTCTTCGG,....(.((.((((......)))).)).)..,57.43268436377625
CACTCCCTTGCGGATGCTCTGCACTTTAGC,........((((((...)))))).......,57.325062431317804
ACTCCCCTGCGGATGCTCTGCACTTTAGCT,.......((((((...))))))........,57.28055044601258
GGAGTCTATGTTCCCAACCTAGTCGTCTGC,((((.(((.(((...))).))).).)))..,57.142453632739944
CGGGAGTGGTCAACTTGTCCGTTGTCTTCG,.....(.((.((((......)))).)).).,57.0951161335723
GGTTTGGCCTATTCATAGGCGTCCGGGTTA,((....(((((....)))))..))......,57.07644127911044
CAGGGGAAGTGCCTTCTTTAGTAGGGGATG,..(((((((...)))))))...........,56.875708738974055
GAAAAGTTAGGTTATTACCGCATCGAAAAG,.........(((....)))...........,56.829371832601964
GGTTTGGCCTATTCATAGGCGTCCGTGTGA,((....(((((....)))))..))......,56.785686677089906
AGAGGGCCCCATGGGGCGCTTGGGGGAGGT,.(((.((((....)))).))).........,56.7595203436276
CAGGGGAAGTGCCTTCTTTAGTAGGGTTTG,..(((((((...)))))))...........,56.708618823154104
TAGTCGTCACTTAACAGTAGGAGTTGTCTG,(((.((..((((........)))))).))),56.59830451978441
AAGCGGATCTAACCATTGTTGGGGTATCAG,.....(((....(((....)))...)))..,56.57381350301838
GAAGGTCTAGCTTCTCAGTTAGGTGTCCAC,...(((((((((....)))))))...))..,56.473863027288246
TGCGGTGAGATAGGAAACTAGAGGGCCCCG,...(((....(((....)))....)))...,56.454311553842786
TGCGGGGAGATAGTAAACTAGAGGGCCCCG,..(((((...(((....))).....))))),56.309837955589984
GTAGTCGGGTCCGGCGTTGGAAGTTTCTGC,((((.....((((....)))).....)))),56.154626988745676
TCGGCCTAGGTGTCCTCAGGTCTATGCTTA,..((((((((...))).)))))........,56.12544492340405
ATAGGGGGTGTCCACTATCGTGGTCGTCTT,....((((((.((((....)))).)))))),56.05453942457276
CTAGGGGTCTGTCGGGATTCGATAGTCTAT,.....((.((((((.....)))))).))..,55.799407078832324
GGGACAGGTCTATTCATAGGTGTCCGGCAA,.(((((..((((....))))))))).....,55.47332909007346
TATGGAGTTGTCTGGGTTCACTAGGCGGTT,.......((((((((.....))))))))..,55.450047371810044
GAGTGGTCATCATTTCGGATGTCTTCGGTC,..(.((.((((......)))).)).)....,55.396545595740264
TGCCATAGGTGTCCGTTGGTCTATTGTTCA,.((((..((...))..))))..........,55.34077873020202
TGGGTAGTCTCTTCAGAGTTGTCTGCATAA,.(((....)))..((((....)))).....,55.31686698905693
TGGAGTTGTCTGGTTCCACTAGTCGTCTGT,...((.((.(((((...))))).)).))..,55.31594925381408
GTTAGGCGTGCTGTGCTAGGAGGTTCTGTC,..(((((.(.(((...))).).).))))..,55.2931641824291
CTGATTGGTCTATTCATAGGCGTCCGGAGG,(((....(((((....)))))...)))...,55.21882315053395
GAAAAGATATACCTGCCTCGTTATCGAAAA,.................(((....)))...,55.175694459959686
CTGTTTGGTCTATTCATAGGCGTCCGGAGG,(((....(((((....)))))...)))...,55.043363425021326
ATGTTCGGTAATCCACGATTCTCTAGTGAG,....(((........)))..(((....))),55.00072977943124
GATGTGCGGTAATCCACGATTCTCTAGGGA,((..((.((....)).))..))........,54.9933237083759
TGCGAAAAGCAGTTTTATTGGCGAAAAGCG,(((.....))).........((.....)).,54.77601722888127
CTGATTGGTCTATTCATAGGCGTCCGGTGG,(((....(((((....)))))...)))...,54.73257315053395
GATGTTCGGTGAATAGCTTTCCTCTAGTGA,..(((((...)))))...............,54.72174254651428
GGGCCTTAGGTGTCCTCTGGTCTATGATTC,(((((..(((...)))..))))).......,54.69711702517197
AACAGGGGTCTATTCATAGGTGTCCGACTT,....(((.((((....))))..))).....,54.66254014280427
CACGAAAAGTGATCATGTTTCCGAAAAGAG,(((.....)))...................,54.585839598649606
CTGATTGGTCTATTCATAGGCGTCCATAGG,(((....(((((....))))).....))).,54.52597463363115
TAGGTCTCTTGATCCTTAAGGGGTGTCCAG,..((((((((((...))))))))...))..,54.45301117138997
TGGGTAGTCTCTTTAGAGTTGTCTGCAGAA,.........(((.((((....)))).))).,54.39905205048377
ACTCCCTTGCGGATGCTCTGCACTCTAGCT,.......((((((...))))))........,54.355417437926945
CCAGGAGTGGTCACATGGCATTGTGTCTTC,........((.((((......)))).))..,54.29297782538465
GGTTTGGTCTATTCATGGGCGTCCGGGTGA,((....(((((....)))))..))......,54.29168216065217
CGCCCTAGGTGTCCTCTGGTCTATGTTGTG,.(((..(((...)))..)))..........,54.23113204071579
CAGGAGTGGTCACATGGCATTGTGTCTTCG,.....(.((.((((......)))).)).).,54.12558843254013
CTAGGTGTCTGTCGGTATTCGATGGTCTAT,......(.((((((.....)))))).)...,54.06966927387826
TAGAGTCGGGTCCATTTGGAAGTATCTGTA,((((..(...(((....))).)..))))..,54.045303788522105
CTAGGCTGTCCGATCATCCGATTGGTCTAT,.......(.((((((....)))))).)...,53.9953325273167
ACGGTGGTCTATTCATAGGTGTCCGACTTG,.(((...((((....))))...))).....,53.98402663019983
CGCCCTAGGTGTCCTTTGGTCTATGTTGTG,.(((..(((...)))..)))..........,53.91013249293334
GGCCTCTAGGTGTCCTATGGTCTATTGGTT,((((..((((...)))).))))........,53.84270162575144
TAGGTGTCTGCCGTGTGACGGTGGTCTATG,.....(.(((((((...))))))).)....,53.84226612634595
GCGAAAAGTTATGACACATCACGAAAAGTG,...................(((.....))),53.77101934718627
GGACAGGTCTATTCATAGGTGTCCGGCAAG,(((((..((((....)))))))))......,53.750915734198564
TAGTCGTCACTTAACAGTAGGAGTGGTCTG,......((((((........))))))....,53.69060184225587
TTGGGCTAGGTGTCCTCTGGTCTATATCGA,.(((((((((.....)))))))))......,53.68014454895689
GGGACAGGTCTATTCATAGGTGTCCGGCTA,.(((((..((((....))))))))).....,53.642165734198564
GGGTAGTCTCTTCAGAGTTGTCTGCATAAG,(((....)))..((((....))))......,53.606015340705284
CAGGAGTGGTCACATGGCATTGTGTCTTAG,.......((.((((......)))).))...,53.571458369611456
GATGTGCGGTAATCCACGATTCTCGAGTGA,((..((.((....)).))..))........,53.55429821118522
CGGCCTAGGTGTCCTCAGGTCTATGCTTAG,.((((((((...))).))))).........,53.538198788897056
ACCCCGTAAGGGTCATCTATGACTTTAGCT,.....((.(((((((....))))))).)).,53.53137542234012
GTAAGTTAGGTTGTCCTCTGGTCTAGGTAA,.......(((....))).............,53.52614605404482
TAAGTTAGGTTGTCCTCTGGTCTAGGTAAG,......(((....)))..............,53.48388062716401
GAAGGTAGTCTCTTTAGAGTTGTCTGCAGA,..........(((.((((....)))).))),53.48304836983067
TGGGTAGTCTCTTCAGAGTTGTCTGCATTA,.(((....)))..((((....)))).....,53.4607121587757
CTGGTTGGTCTATTCATAGGCGTCCAGAGG,((((...(((((....)))))..))))...,53.439009628444744
CTCGGCCTAGGTGTCCTCAGGTCTATGCTT,...((((((((...))).))))).......,53.416029558751674
CGGTTTGGTCTATTCATAGGCGTCCGGGTG,(((....(((((....)))))..)))....,53.40301312703298
TCGGCCTAGGTGTCCTCAGGTCTATGCCTA,..((((((((...))).)))))........,53.37278986888094
TCGGCCTAGGTGTCCTCAGGTCTATGCTCA,..((((((((...))).)))))........,53.36269402116976
CAGGAGTGGTCACATGGCATTGTGTCTGTG,.......((.((((......)))).))...,53.31002443279969
CGGTTTGGTCTATTCATAGGCGTCCGGGGG,(((....(((((....)))))..)))....,53.274732273271354
ACGTTTGGTCTATTCATAGGCGTCCGAAGT,.((....(((((....)))))...))....,53.26476766816381
GGGTAGTCTCTTCAGAGTTGTCTGCATTAG,(((....)))..((((....))))......,53.22915045125245
AGCGGTGGTCTATTCATAGGTGTCCGACTT,..(((...((((....))))...)))....,53.184421811941164
TAGAGTCGGGTCCATTTGGAAATATCTGTA,((((......(((....)))....))))..,53.164360299304086
GAGCAAAAGGTGTCCCTTGGTCTAGTGATA,((.((..(((....))))).))........,53.126813158355105
AGGTGTCCGGGCCTATTGCTTGGTCTATGT,....(.((((((.....)))))).).....,53.11751939930848
CTGAGGGGTCTATTCATAGGCGTCCAGATG,(((.((.(((((....))))).)))))...,53.11434918812814
ATTGTGGTCTATTCATAGGCGTCCGCTGAG,...((((((((....))))...))))....,53.11247184980775
GGAGTCTATGTTCCTAACCTAGTCGTCTGC,((((.(((.(((...))).))).).)))..,53.100635722143764
GCGAAAAGCACTCGTGTATATGCGAAAAGT,((.....))..((((......)))).....,53.07240637227296
CGGCCTCTAGGTGTCCTATGGTCTATTGGT,.((((..((((...)))).)))).......,53.068367150199066
CGGTGGTCTATTCATAGGTGTCCGACTTGT,(((...((((....))))...)))......,53.06270266570279
GAGCAAAAGGTGTCCCTTGGTCTATTGGTA,((.((..(((....))))).))........,53.045896025638534
CTGATTGGTCTATTCATAGACGTCCAGAGG,(((....(((((....)))))...)))...,53.045842167029676
CAACGGTGGTCTATTCATAGGTGTCCGACT,...(((...((((....))))...)))...,52.99317181194117
AGGCCATAGGTGTCCTGTGGTCTATGGAGT,((((((((((...)))))))))).......,52.9912128408188
CTAGGTGTCCGTGTCGTGGATATGGTCTAT,......(.(((((((...))))))).)...,52.972472478045525
GAGCCTAGGTGTCCTTTGGTCTATGATACG,..(((.(((...)))..)))..........,52.969361298030805
CGCCCTAGGTGTCCTCTGGTCTATGTCGTG,.(((..(((...)))..)))..........,52.933992852175535
CGCCCTAGGTGTCCTCTGGTCTATGTTGAG,.(((..(((...)))..)))..........,52.89822779060064
TAGGTGTCCACTACCTAGGTTGATGGTCTA,((((((.....)))))).............,52.889820813232454
TAGGTGTCCACTACCTAGGTCGAAGGTCTA,((((((.....)))))).............,52.86249711829426
AACGGTGGTCTATTCATAGGCGTCCGACTT,..(((..(((((....)))))..)))....,52.849074953607925
AGGAGTGGTCACATGGCATTGTGTCTTCGG,....(.((.((((......)))).)).)..,52.824470746807066
TGCCCTAGGTGTCCTCTGGTCTATGTTGTG,.(((..(((...)))..)))..........,52.818689785270415
GGGTCATAGGTTGGCCTGCGGTCTATTCTT,((((((.....)))))).............,52.78358381045514
CGATGTTCGGTGAATAGCTTTCCTCTAGTG,...(((((...)))))..............,52.760532816073784
GAGCAAAAGGTGTCCCTTGGTCTATTGATG,((.((..(((....))))).))........,52.72848484501231
TAAGCGGATCTAACCATAGTTGGGGTAGCA,...((...((((((....))))))...)).,52.6279806360975
GATTGGGGTCTATTCATAGGCGTCCGCTGA,...(((((((((....))))).))))....,52.618437207298136
GAAAAGCTAAGGATATTTCCGTATCGAAAA,..........(((....)))..........,52.59144248663763
GGGTCATAGGTTGGCCTCCGGTCTATTCTT,((((((.....)))))).............,52.58358381045514
CTAGGTGTCCATTACCTATTTTGGTCTATG,.((((((.....))))))............,52.55177134564292
GCCCTAGGTGTCCTCTGGTCTATGTTGTGG,(((..(((...)))..)))...........,52.515896869870815
CGCCATTAGGTGTCCTTTGGTCTATTCGCC,.((((..(((...))).)))).........,52.39886777182681
TAGGTGTCCACTACCTAGGTTGTAGGTCTA,((((((.....)))))).............,52.3988217863295
TATGGAGTTGTCTGGGTTCACTAGTCGGCT,.....(((((.((((.....)))).))))),52.395124511934725
CAGGGGAAGTGCCTTCCTTAGTAGGGTATG,..(((((((...)))))))...........,52.39035198026697
CTAGGTGTCCATTACCTATTTTTGGTCTAT,.((((((.....))))))............,52.37317906166709
GATTGGGGTCTATTCATAGGCGTCCGCGGA,...(((((((((....))))).))))....,52.34586007289408
AGAGGGCCCCATTGGGTGCTTGGGTGAGGT,.(((.((((....)))).))).........,52.33768320640585
CTAGGTGTCTGCCGTGTGACGGCGGTCTAT,......(.(((((((...))))))).)...,52.280206235525824
GATTGGGGTCTATTCATAGGCGTCCGCCGA,...(((((((((....))))).))))....,52.26632921913246
GGTTTGGTTTATTCATAGGCGTCCGGGTTA,((....(((((....)))))..))......,52.259079631485946
GGTTTGGTTTATTCATAGGCGTCCGGGGGA,((....(((((....)))))..))......,52.23657963148594
CTGATTGGTCTATTCATAGGCGTTCAGAGG,((((...(((((....)))))..))))...,52.214477615816506
TAGGTGTCCACTACCTAGGGTGAAGGTCTA,((((((.....)))))).............,52.20429442731395
TAGGTGTCTGTCGGTATTCGATGGTCTATG,.....(.((((((.....)))))).)....,52.199998671084195
CTAGGTGTCCATTACCTATTTCTGGTCTAT,.((((((.....))))))............,52.1168212887257
TGATTGGTCTATTTATAGGCGTCCAGAGGG,......(((((....)))))..........,52.112299176445
CTAGGTGTCCATTACCTAATCGTGGTCTAT,.((((((.....))))))............,52.108288989514534
CTAGGTGTCCATTACCTATCTGTGGTCTAT,.((((((.....))))))............,52.091520824415106
CGATTGTGGTCTATTCATAGGCGTCCGCTG,.....((((((((....))))...))))..,52.08185160466827
TCGGCCTAGGTGTCCTCAGGTCTAAGCTTA,..((((((((...))).)))))........,52.07404838820578
GATTGTGGTCTATTCATAGGCGTCCGCTGG,....((((((((....))))...))))...,51.98482075090666
TTGTGGTCTATTCATAGGCGTCCGCTGAGT,..((((((((....))))...)))).....,51.9845547051043
TAGGTGTCCACTACCTAGGTTGAGGGTCTA,((((((.....)))))).............,51.97319842585605
CGCCCTAGGTGTCCTCCGGTCTATGTTGTG,.(((..(((...)))..)))..........,51.96233090504082
ATCGTGGTCTATTCATAGGCGTCCGCTGAG,...((((((((....))))...))))....,51.95912365313839
GATCGTGGTCTATTCATAGGCGTCCGCTGA,....((((((((....))))...))))...,51.94787365313839
ATATTGGTCTCTTCAGAGGCGTCCGCATCT,......(((((....)))))..........,51.900049401307115
TTAGGTGTCCATTACCTATTTGTGGTCTAT,.((((((.....))))))............,51.85651899325471
AACGGGGGTCTATTCATAGGTGTCCGACTT,..((((.(((((....))))).))))....,51.82712204415644
TAGGTGTCCATTACCTATTTGTGGTCTATG,((((((.....)))))).............,51.78984882445048
CGGTTGGTCTATTCATAGGTGTCCGTATAG,(((....((((....))))...))).....,51.74700044113812
CTGATGGGTCTATTCATAGGCGTCCAGAGG,((..((((((((....)))))..)))..)),51.7389400258392
GTACGAAAAGTACATTAGTGCGAAAAGGTC,((((.....)))).................,51.7149526950974
CTAATTGGTCTATTTATAGGCGTCCAGAGG,.......(((((....))))).........,51.70690586026713
ATAGGAGGTGTCCACCATCGTGGTCGTCTT,....((((((.((((....)))).)))))),51.697339591687125
CTGATAGGTCTATTCATAGGCGTCCAGAGG,(((..(.(((((....))))).).)))...,51.67327221437022
CTAGGTGTCTGCCGTGTTACGGTGGTCTAT,......(.(((((((...))))))).)...,51.62399490832902
GAAAAGAATAATCCCTATCGTGTTCGAAAA,.................(((....)))...,51.58234307809971
GGTACAGGTCTATTCATAGGTGTCCGCAAC,((.(((..((((....))))))))).....,51.54251310049264
GAGCAAAAGGTGTCCCTTGGTCTAGTGGTA,((.((..(((....))))).))........,51.54103769022337
CTAGGCGTCTGCCGTGTGACGGTGGTCTAT,......(.(((((((...))))))).)...,51.49073198178753
GAGCAAAAGGTGTCCCTTGGTCTACTGATA,((.((..(((....))))).))........,51.487192211330914
GGAGGGCCCCATGATTTTCCTGGGTGAGCT,....(((((((.((...)).))))...))),51.47085939701324
GGGCACTAGGTGTCCATTGGTCTATTGACT,((((((...))))))...((((....)))),51.437758593985876
GAAAAGTGGATCTATTGATCAATCCGAAAA,........((((....))))..........,51.43083999721864
GAGCAAAAGGTGTCCCTTGGTCTAATGATA,((.((..(((....))))).))........,51.39744862158733
AGTTGGTCTATTTATAGGCGTCCGCTCAGG,.....(((((....)))))...........,51.36257154836539
GATGTTCGGTAATCCACGATCCTCTAGTGA,((.(.(((........))).).))......,51.34495720042872
AACGGAGGTCTATTCATAGGTGTCCGACTT,..((((.(((((....))))).))))....,51.337867453248094
TTAGGCGGATCTATCTGTATGGGGGATCAA,.......(((((.((.....)).)))))..,51.33606440338143
CAGGAGTGGTCATCATTTCGGTTGTCTTCG,..((((((.....))))))...........,51.31790813475251
CTAGGTGTCCATTACCTATTTGCGGTCTAT,.((((((.....))))))............,51.310867568671824
AGGTGTCTGTCGGTATTCGATGGTCTATGT,....(.((((((.....)))))).).....,51.2805243833406
AGGCTTAGGTGTCCTCTGGTCTAGGTTGAG,(((((.(((...)))..)))))........,51.25346372222705
CAGTTGGTCTATTTATAGGCGTCCGGTCAG,......(((((....)))))..........,51.19752954978051
GCACGAAAAGTGATGTGTCCGAAAAGGGTG,.(((.....))).....(((.....)))..,51.16320525453311
CAGTTGGTCTATTTATAGGCGTCCGATCAG,......(((((....)))))..........,51.15786942533534
TAGGTGTCCACTACCTAGGTTGAAGATCTA,((((((.....)))))).............,51.14669911512342
TAGGCGGATCTATCTGTATGGGGGATCAAG,......(((((.((.....)).)))))...,51.142601456072335
TGGGTAGTCTCTTCAGAGTTGTCTGCAGAA,.........(((.((((....)))).))).,51.13802385473503
GCGGTGAGATAGTAAACTAGAGGGCCCCGG,(.(((....(((....)))....))).)..,51.122637512355055
CAGGGGAAGTGCCTTCTTCAGTAGGGTATG,..(((((((...)))))))...........,51.10187064704257
ATGTTCGGTGAATAGCTTTCCTCTAGTGAG,.(((((...)))))......(((....))),51.09324051969276
CCTAGGTGTCTGTCGGTATTCGATGGTCTA,.......(.((((((.....)))))).)..,51.02679391359208
TGGTCTATTGCTAATTGCACTAGGCGTCCG,..(((((.(((.....))).))))).....,51.02651450962158
GTGAATGGTCTATTTATAGGCGTCCGGACC,.......(((((....))))).........,51.00145026139688
CTGATCGGTCTATTCATAGGCGTCCAGAGG,(((..((.((((....))))))..)))...,50.956871282094326
CAGGAGTGGTCATCATTTCGTATGTCTTCG,..((((((.....))))))...........,50.94892956546351
CTAGGCGTCTGTCGGCATTCGATGGTCCAT,...((...((((((.....)))))).))..,50.94381021436465
CCTGATCGGTCTATTCATAGGCGTCCAGAG,.(((..((.((((....))))))..)))..,50.841854872576576
TGCCAAAGGTGTCCAGATTGGTCTATGCTT,.(((((.((...))...)))))........,50.7487548835134
CTGTTCGGTCTATTCATAGGCGTCCAGAGG,(((..((.((((....))))))..)))...,50.73122389879993
CGCGCATAGGTGTCCTTTGGTCTATCATAG,.((.((.(((...))).)))).........,50.703547204455624
TGCCAAAGGTGTCCAGATTGGTCTATGCGT,.(((((.((...))...)))))........,50.670495454609636
CTATGGTCTATTTATAGGCGTCCATCCCTG,.....(((((....)))))...........,50.666774390107946
GCCCCGTAAGGGTCATCTATGACTTTAGCT,.....((.(((((((....))))))).)).,50.63958452093383
CTAGGTGTCCAGGTTGCCCGTTTGGTCTAT,......(.(((((.......))))).)...,50.63817949297986
GATTGCGGTCTATTCATAGGCGTCCGCTGA,....((((((((....))))...))))...,50.625661493378644
GTAGTCGGGTCCGTTTTTGGAAGTTTCTGC,((((.....((((....)))).....)))),50.59995169236219
TGGTTGGTCTATTCATAGGCGTCCAGAGGG,(((...(((((....)))))..))).....,50.599788777369604
TGCGCATAGGTGTCCTTTGGTCTATTCCCA,.((.((.(((...))).)))).........,50.529872793665284
AACGGTGTTCTATTCATAGGTGTCCGACTT,..(((...((((....))))...)))....,50.52627820983894
CTAGGGGTCTGTCGGCATTCGATGGTCGAT,......(.((((((.....)))))).)...,50.507258739602456
GTGGTGGTCTATTCATAGGCGTCCGACTAT,.(((..(((((....)))))..))).....,50.46889638217936
GAGCAAAAGGTGTCCCTTGGTCTGTTGATA,((.((..(((....))))).))........,50.450048810900206
TGGACAGGTCTATTCATAGGTGTCCGGCAA,((((((..((((....))))))))))....,50.43182972405486
CTGATGGGTCTATTCATAGGCGTCCAGATG,(((..(.(((((....))))).).)))...,50.4243747997534
CTAGGTGTCCATTACCTATTTTAGTCTATG,.((((((.....))))))............,50.42331054963044
TGGTCTATTGCTAATTGCACTAGGCGTCCA,..(((((.(((.....))).))))).....,50.39462030414832
CGCGAAAAGCGTCTTCAGTTCCGAAAAGTG,(((.....)))...................,50.39232031805043
GAGGGCCCCATGGGTTGCTTGGGTGAGGTG,...(((((...)))))((((.....)))).,50.37318541803526
TGCGTGGTCTATTCATAGGCGTCCGGGCTG,.((.(((((((....))))...))).))..,50.371235078053104
TGCGTGGTCTATTCATAGGCGTCCGGGCTT,.((.(((((((....))))...))).))..,50.36326593181472
AATTGCGAAAAGTGATTACGAAAAGATATT,((((((.....)))))).............,50.356149525453354
AGCGTCTGGGGTTTAGAAACGTGTTTAGTA,.(((((((.....))))..)))........,50.3431067897439
GAGCAAAAGGTGTCCCTTGGTCGATTGATA,((.((..(((....))))).))........,50.34172677140424
CTAGGTGTCCATTACCTATTTGTAGTCTAT,.((((((.....))))))............,50.31422453236699
CGCGAAAAGTGTCCATGTACGAAAAGAGGG,(((.....)))...................,50.30679839288847
GGGTTGGTCTATTCATAGGCGTCCGGGTGA,(((...(((((....))))).)))......,50.303171150619534
TGCGTGGTCTATTCATAGGCGTCCGGGCTA,.((.(((((((....))))...))).))..,50.291235078053106
CCGAAAAGCACATGTATTACGCGAAAAGCG,...................(((.....))),50.26588834800293
CTAGGGGTCTGCCGTGTGACGGTGGTCGAT,......(.(((((((...))))))).)...,50.26559310704414
TGGTCTATGCAGATTTTGCCTAGGCGTCCG,..(((((.(((.....))).))))).....,50.2303200438942
GGAGGGCCCCACGATTTTCCTGGGTGAGCT,....(((((((.((...)).))))...))),50.20585517047056
CTCGAAAAGCTAATCCTTTCGCGAAAAGCG,...................(((.....))),50.17763422032286
CAACGGTCTATTTATAGGCGTCCGCTATAG,.....(((((....)))))...........,50.175891781896624
CTAGGCGTCCGTGTCGTGGATATGGTCTAT,......(.(((((((...))))))).)...,50.136276004972835
GCCGTATAGGTGTCCTTTGGTCTATTCAGA,((((...(((...))).)))).........,50.13564992698702
TGGACAGGTCTATTCATAGGTGTCCGGCTA,((((((..((((....))))))))))....,50.122221735889184
ACCCCGTGAGGGTCATCTATGACTTTAGCT,.....((.(((((((....))))))).)).,50.09814962628025
TGCGGTGGGATAGTAAACTAGAGGGCCCCG,..(((.((..(((....))).....))))),50.09125935174592
TGGTCTATGCAGATTTTGCTTAGGCGTCCG,..(((((.(((.....))).))))).....,50.08269779609729
TCGGCCTAGGTGTCCTCTGGTCTATGCGTA,..((((.(((...)))..))))........,50.064812673389696
GGCCATAGGTGTCCTCAGGTCTATTGATAC,((((..(((...)))..)))).........,50.03809702930327
TGCGAAAAGTTTACAAATGTGCGAAAAGCT,....................((.....)).,50.02587168375244
GAAAAGAACATAGGCTCGGTATTTCGAAAA,...............((((....))))...,50.02217675657879
GTGACAGGTCTATTCATAGGTGTCCGGCAA,(.((((..((((....))))))))).....,50.02044658796019
TCGGCCTAGGTGTCCTCGGGTCTATGCTTA,..((((((((...))).)))))........,50.012656391659625
TGGTCTATGTCGTTTAGGCCTAGGTGTCTG,.((((((.......))))))..........,49.998795104267224
GAAAAGAGGTAAGTCATTCGTACTCGAAAA,................((((....))))..,49.962537127340255
TAGGCCTCTTGATCCTTAAGAGGTGTCCAG,.(.(((((((((...))))))))).)....,49.9470600760772
TCGGCCTAGGTGTCCATAGGTGTAAGCCTA,...(((((((...)).))))).........,49.922562061606996
CACGAAAAGTGTAGTTCTTAGCGAAACGAG,(((.....)))...................,49.91813273339899
TATGGAGTTGTCTGGTTTCACTAGTCGTCT,.....((.((.(((((...))))).)).)),49.849284212966545
CTAGGTGTCCATTACCTATTTGTGGTCGAT,.((((((.....))))))............,49.84369114904054
TGGGGGATCTTGCTTGCTATGGCGGATCTA,....((((((.(((......))))))))).,49.83134912890607
GGGGTCGAGGTGTCCTCTGGTCTCTAGTAC,((((((((((...)))).))))))......,49.80255557202146
GTAGTCGGGTCCGGGGTTGGAAGTGTCCGC,.....((((((((....))))....)))).,49.80208540837565
CAGGAGTGGTCATCATTTCGGATGTCTCCG,..((((....((((......)))).)))).,49.77505427855415
GGCTTGGTCTATTCATAGGCGTCCGGGTGA,.((((((((((....))))...))))))..,49.72554264607813
GAGCAAAAGGTGTCCCTTGGTCCATTGATA,((.((..(((....))))).))........,49.712777006346315
GATTGAGGTCTATTCATAGGCGTCCGCTGA,....((.(((((....))))).))......,49.610426437302465
CTAGGTGTCCATTACCTATTTGTGGTGTGT,.((((((.....))))))............,49.59638380701054
CTGTGTGGTCTATTCATAGGCGTCCAGAGG,((.((..(((((....)))))...)).)).,49.55999242066828
GATTGTGGTCTATTCATAGGCGCCCGCTGA,....((((((((....))))...))))...,49.559857151218615
GATGTTCGGTAATCCGCGATTCTCTAGTGA,((....(((....)))....))........,49.55511468405871
ATGCTCATAGGTGTCCTCTGGTCTATACAG,..((.((.(((...))).))))........,49.4862206509107
GGTCTATGCAGATTTTGCCTAGGCGTCCGG,.(((((.(((.....))).)))))......,49.456153983743924
GGAGGGCCCCATTCTGTGTTGGGTGAGGTG,.....(((.(((((......))))).))).,49.45565607076569
ATAGGAGGTGTCCACGATCGTGGTCGTCTT,....((((((.((((....)))).)))))),49.450069679165225
GTAGTCGGGTCCGTTTTGGAAGTTTCTGCG,((((.....(((.....))).....)))).,49.43291386340257
GGAGGGCCCCATTCTCTGTTGGGTGAGGTG,.....(((.(((((......))))).))).,49.33813377291311
GGAGGGCCCCATTCTTCGTTGGGTGAGGTG,.....(((.(((((......))))).))).,49.313759041236935
GTGCCTAGGTGTCCTCAGGTCTATGCGATG,..(((((((...))).))))..........,49.310228367238274
ATTACCTAGGTGTCCTTTGGTCTATGGAGT,...(((.(((...)))..))).........,49.30569981352666
ATGGAGTTGTCTGGTTTTACTAGTCGTCTG,....((.((.(((((...))))).)).)).,49.29433594003457
GGTCTGGTCTCTTTAGAGGCGTCCTAATTC,((....(((((....)))))..))......,49.293746831032905
GGCTTGGTCTATTCATAGGCGTCCGGGTTG,(((((((((((....))))...))))))).,49.26247523272226
GAAGGTCTATCGTCTCAGCTAGGTGTCCAC,...((.(.(((..........)))).))..,49.246786312991134
CTAGGGGTCTGTCGTGATTCGATGGTCCAT,.....((.((((((.....)))))).))..,49.2037205828405
ATAGGAGGTGTCCACTAACGTGGTCGTCTT,....((((((.((((....)))).)))))),49.18100797164198
CTGTTGGGTCTATTCATAGGCGTCCAGAGG,((.(((((((((....)))))..)))))).,49.15413550343851
GGGTCTCTTGATCCTTAAGAGGTGTCCAGG,(((((((((((...))))))))..)))...,49.14011055351442
AACGGTGGCCTATTCATAGGTGTCCGACTT,..(((..(((((....)))))..)))....,49.12092103429552
AGTGCCTAGGTGTCCATAGGTCTAAGCGAT,...(((((((...)).))))).........,49.097709713826916
TGGGGGATCTTGCTCGCAATGGCGGATCTA,....((((((.(((......))))))))).,49.07829704767776
ATAGGAGGTGTCCACTGCCGTGGTCGTCTT,....((((((.((((....)))).)))))),49.05457119003278
CTAGGGGTCCGGGCCTATTGCTTGGTCGAT,......(.((((((.....)))))).)...,49.0317410398315
CTAGGGGTCTGTCGTTATTCGATGGTCCAT,.....((.((((((.....)))))).))..,49.019187728770845
GGAGGGCCCCATTCTTTGCTGGGTGAGGTG,.....(((.(((((......))))).))).,49.01581539242326
GAAAAGAGGAGACTTCTGGCGCTTCGAAAA,.....((((...(....)...)))).....,48.99541195622096
AGCGAAAAGCCATATTTTGACGAAAAGTCT,.((.....))........(((.....))).,48.98833677747747
TAGGAGGTGTCCACTATCGTGGTCGTCGTG,.....((((.((((....)))).))))...,48.9744622641224
GGTACGAAAAGTTCTTGAGCGAAAAGTTTC,................((((.....)))).,48.97362498028601
TGCCAGAGGTGTCCAGATTGGTCTATGCTT,.(((((.((...))...)))))........,48.95588192879221
TAAACCGAGGTGTCCTCTGGTCTCTGTATT,...(((((((...)))).))).........,48.94335289250181
CTAGATGGTCTATTCATAGGCGTCCGATGG,...((((.((((....))))))))......,48.93302033193996
CTAGATGGTCTATTCATAGGCGTCCGATTG,...((((.((((....))))))))......,48.90825490505914
TAGACCTAGGTGTCCTTTGGTCTATGTCTT,((((((.(((...)))..))))))......,48.883925692078705
CACGGTCTCTTTAGAGGTGTCCGATTAATG,..(((((((....))))...))).......,48.859113062944736
CTGATTGGTTTATTCATAGGCGTCCAGAGG,(((....(((((....)))))...)))...,48.792212705931306
TCGGAGAGGTTGTCCTCTGGTCTCTGAGTA,(((((((((....)).....)))))))...,48.78896191137282
GGAGAGGGTCTATTCATAGGTGTCCACTAT,(((.(...((((....))))).))).....,48.78486467375217
GCGAAAAGCACTCTTGTATATGCGAAAAGT,((.....))....((((....)))).....,48.78197696178231
TGATGGTCTATTCATAGGCGTCCGAGTGCA,.((((.((((....))))))))........,48.777004905059144
TGCCAGAGGTGTCCAGATTGGTCTATGCTC,.(((((.((...))...)))))........,48.72758062464646
ATTGGTCTCTTTAGAGGTGTCCGTTAGGTC,...((((((....))))...))........,48.71675186991012
CAGAGGGCCCCATGGGTTGCTTGGGTGAGG,(((..(((((...)))))..))).......,48.70604746245274
ACGTTTGGTCTATTCATAGGCGTCCGTAGT,(((....(((((....)))))...)))...,48.6613033416147
TATGGAGTTGTCTGGTTCCACTAGTCGTCT,.....((.((.(((((...))))).)).)),48.6532770692867
GCTTGGTCTATTCATAGGCGTCCGGGTTGT,((((((((((....))))...))))))...,48.60190442307238
TAAGCGGATCTAACCAGAGTTGGGGTATCA,........((((((....))))))......,48.58517150753871
CTAGGTGTCCTAAGTGTATGTTTGGTCTAT,.((((...))))..................,48.57876183563292
CTAGGTGTCCGGCCAGTTCTGTTGGTCTAT,..........((((((.....))))))...,48.57358542345321
GGCCACTAGGTGTCCTTTGGTCTATTGACT,(((((..(((...))).)))))........,48.5695524952117
GATACGAAAAGTTGCTCTACGAAAAGTTTA,(..((.....))..)...............,48.51275319048556
CTGATTGGTCTATTCATAGGCGGCCAGATG,(((..(.(((((....))))).).)))...,48.47669212424058
GTAGTCGGGTCCGATTTGGAAGTTTCTGCG,((((.....(((.....))).....)))).,48.47111145599806
AGAGGGCCCCATGGGTTGCTTGGGTGAGGT,.......((((.(.....).))))......,48.46787488218266
GTGTGGTCTATTCATAGGCGTCCGTCAGGG,.....(((((....)))))..((....)).,48.458149368537576
GGAGACTATGTTCCCAAGCTAGTCGCCCGG,((.(((((.(((....)))))))).))...,48.45476016090709
ATAGGCTAGGTGTCCTTAGGTCTATCATGT,((((((((((...)))..))))))).....,48.4325721828648
TAAGCGGATCTAACCACAGTTGGGGTATCA,........((((((....))))))......,48.41602719120682
CTAGTGGGTCTATTCATAGGCGTCCGAGTG,....((((((((....)))))..)))....,48.40829032466772
CTTATTGGTCTATTCATAGGCGTCCAGAGG,(((....(((((....))))).....))).,48.39527816990759
CTGATTGGTTTATTCATAGGCGTCCAGATG,(((....(((((....)))))...)))...,48.387273430817615
AGGGTCTGGGGTTCAGAAACGTGTCTAGTA,.(..((((.....))))..)..........,48.379217243969485
GATTGGTCTATTCATAGGCGTCCGGAGGGT,.....(((((....)))))..((....)).,48.3580678812131
GGTACAGGTCTATTCATAGGCGTCCGCAAC,((.((..(((((....))))))))).....,48.35274316523633
CTAGGTGTCCTGATTCGAAGTTGGTCTATG,.((((...))))..................,48.32626658603873
AGCAGGTCTATCCATAGGTGTCCTATACCT,....((.....))..((((((...)))))),48.32184995557015
TATGCGAAAAGCATATTCGCGAAAAGCCTA,(((((.....)))))...((.....))...,48.30783543901622
GCGAAAAGCAAAATTATTCTGTGAAAAGTC,((.....)).....................,48.299170824186675
CTAGGTGTCCAGTGTGGCAATCTGGTCTAT,((((((..(((...)))..)))))).....,48.29360617667969
GTTTGGTCTATTCATAGGCGTCCGGGCTAG,((((((((((....))))...))))))...,48.289565727198635
GGGACTGGTCTATTCATAGGTGTCCGGCAA,.((((...((((....)))).)))).....,48.28236379030197
AACGGCGGTCTATTCATAGGTGTCCGACTT,..(((..(((((....)))))..)))....,48.25272439868128
TAATGTGGTCTATTCATAGGCGTCCGCAGA,...(((((((((....))))...)))))..,48.23391593297485
GAGTGGGGTTTATTCATAGGCGTCCGCTGA,.(((((((((((....))))).))))))..,48.221492059858974
GCGGTGGTCTCTTTAGAGGTGTCTGATGTG,.(((...((((....))))...))).....,48.217342679404965
GACAATGGTCTATTCATAGGCGTCTGTTGC,((((...(((((....)))))...))))..,48.213221357372895
GAAAAGGAAGTGTTTCTGCACCAACGAAAA,.........((((....)))).........,48.191784131197124
GAAAAGATGCTTCTATTGTACCATCGAAAA,.....((((...(....)...)))).....,48.109817248329065
CAGGAGTGGTCATCATTTCGGATGTCCTCG,...(((.((.((((......))))))))).,47.95958130242028
GGGGGATCTTGCTTGCAATGGCGGATCAAG,....(((((.(((......))))))))...,47.956787725397305
CCGAAAAGACTAATCATTCGTAATCGAAAA,................((((....))))..,47.93454657784807
GGTTTGGTCTATTTATAGGCGTCCGGGTGA,((....(((((....)))))..))......,47.934391813598864
GATGTTCGGTAATCTACGATTCTCTAGTGA,((...(((........)))...))......,47.931011807441585
GACATGGTCTATTCATAGGCGTCCGCGGAA,(((...(((((....)))))))).......,47.92342929615467
ACTCCCTTGTGGATGCTCTGCACTTTAGCT,.......((((((...))))))........,47.879596984317
TGTGAAAAGCCAATTTTAAAGCGAAAAGCG,....................((.....)).,47.877039939031945
ACGTTTGGTCTATTCATAGGCGTCCGATGT,(((((..(((((....)))))....))))),47.87637507069846
GGATCATAGGTGTCCTTTGGTCTATAAGCT,((((((.(((...))).)))))).......,47.841734070303474
CTAGGCGTCCGTGTCGTGGACATGGTCTAT,......(.(((((((...))))))).)...,47.83531920449137
CTAGGCGTCCGTGTCGTGGATATGGTCTAC,......(.(((((((...))))))).)...,47.830100781908484
CTAGGTGTCCTAAGTGTGTATGTGGTCTAT,.((((...))))..................,47.8216437961832
TGTATGGTCTCTTTAGAGGTGTCTGCACGG,((((.((((((....))))..))))))...,47.81333043864131
GGCACATAGGTGTCCTGTGGTCTATAAGCT,(((.((((((...)))))))))........,47.81149291103229
TGCGGTGAGATAGCAAACTAGAGGGCCCCG,...(((....(((....)))....)))...,47.7908664098943
GACTTGGTCTATTCATAGGCGTCCGGGGCG,..(((((((((....))))...)))))...,47.777174091555736
GAAGCATAGGTGTCCTGTGGTCTATCCTTT,((..((((((...)))))).))........,47.7740496687819
GTAGTCGGGTCCGGCGTTGGAAGTGTCTGC,((((.((..((((....))))..)).)))),47.76732147300499
ACGGTGGTCTCTTTAGAGGTCGTCTAGCTT,..(((((((((....)))))))))......,47.71011349142524
TGATTGGTCTATTCATAGGCGTCCGGAGGG,......(((((....)))))..((....)),47.69306788121311
TCGGCCTAGGTGTCCGCAGGTCTATGCGTA,..(((((.((...))..)))))........,47.69130713031285
CATCGGTCTCTTTAGAGGTGTCCTACTATG,....((((((....))))...)).......,47.68757772737672
CAGGAGTGGTCATCATTTCGGATGTCTTCT,....((.((.((((......)))).)).)),47.68753869934263
GTCCATAGGTGTCCTCTGGTCTATCGATGT,(.(((.(((...))).))).).........,47.678822904543935
CGCCCGAGGTGTCCTCTGGTCTATGGTGTG,.(((.((((...)))).)))..........,47.66405547666996
TGTTTGGTCTATTCATAGGCGTCCAGAGGG,(.(((((((((....))))...))))).).,47.66351318519499
ACGGTGGCCTCTTTAGAGGTCGTCTAGCTT,..(((((((((....)))))))))......,47.64405852808593
CCGATTGGTCTATTCATAGGCGTCCAGAGG,((..((((((((....))))...)))).)),47.55222819640649
TGCGGTGAGATAGTATACTAGAGGGCCCCG,...(((....(((....)))....)))...,47.55145577063313
ATGCGAAAAGCCTGTTATGTGAAAAGTCCT,..((.....))...................,47.55078070890473
GATGGAGGTTTATTCATAGGCGTCCGCCGA,(.((((.(((((....))))).)))).)..,47.55063117469942
CCTAGGTGTCCTAAGTGTATGTTTGGTCTA,..((((...)))).................,47.54563416475561
CTAGGTTGTCCGATCATCCGATTGGTCTAT,.......(.((((((....)))))).)...,47.544699618848895
CGGTGGTCTCTTTAGAGGTCGTCTAGCTTG,.(((((((((....))))))))).......,47.53157392110332
GAAAAGCTATTTACTCCGTTCTTGCGAAAA,................(((....)))....,47.486131249971336
TTCAGGAGGTGTCCAGGTCTGGTCGTCGAT,.......((((.(((....))).))))...,47.47715379530795
GCTTTGGTCTATTCATAGGCGTCCGGGTGA,((((..(((((....)))))....))))..,47.454106444187985
GGTTTGGTCTATTCATAGGCGGCCGGGTGA,((((..(((((....)))))))))......,47.436708389835125
AGCAGAAGGTGTCCATGTTGGTCTATCTTG,.....((((((.(((...))).).))))).,47.408276217961664
TCATGGGTCTCTTTAGAGGCAGTCCGATTT,....(((((((....)))))...)).....,47.39223303724913
TAAGCGGATCTAACCCTAGTTGGGGTATCA,......(((...(((((....)))))))).,47.3829658053902
TTGAGGGTCTATTCATAGGGCGTCCCTTAA,.((((((((((....))))....)))))).,47.354927183234366
TAGTCGGGTCCGGTTTTGGAAGTTTCTGCG,..(.((((((((....))))....))))).,47.349905689410285
ACTCCTATAGGATGCATCTGCACTTTAGCT,....(((.(((.(((....)))))))))..,47.3452357666269
GCAGTTAGGTGTCCTCTGGTCTATATGGAG,.(((..(((...))))))............,47.34518044665981
GAAAAGAGTATTCTCTGTGTGTCTCGAAAA,....((((....))))..............,47.335680235279796
ACTCCTCTGGATCCGTACAGGACTTTAGCT,......((((((((.....))).)))))..,47.32628252224414
GAGTCTATCGATTCCGTCGATAGTTGTCTG,((..((((((((...))))))))...))..,47.32228075627047
GAAAAGAGTATTCTCTGCTTACCTCGAAAA,....((((....))))..............,47.32133910749285
CGGGATGGTCTATTCATAGGTGTCCGCCAG,..(((((..(((....))).))))).....,47.313829034351414
TAGAGTCGGGTCCATTTGGAAGTTTCTGTA,(((((.....(((....)))...)))))..,47.301972410118964
TAGGCTGTCCGATCATCCGATTGGTCTATG,......(.((((((....)))))).)....,47.29708728939494
AACTGGGGTCTATTCATAGGTGTCCGACTT,...((((.((((....))))..))))....,47.297023777038945
TGACAGGTCTATTCATAGGTGTCCGGCAAG,.((((..((((....)))))))).......,47.26525745017489
GACAGGTCTATTCATAGGTGTCCGGCAAGT,((((..((((....))))))))........,47.261507450174896
GAAAAGGTATAGCTTCTTAGCATTCGAAAA,...........(((....))).........,47.24586300724208
TGCTGGTCTATTCATAGGCGTCCGAGCTCA,.(((((((((....))))...)).)))...,47.24116280921419
GTAGTCGGGTCCTGTTTTGGAAGTTTCTGC,((((.....(((......))).....)))),47.22547853826948
TATAGTCGGGTCCATTTGGAAGTATCTGTA,(((((.....(((....))).....))))),47.225318442949515
GAGACAGAGGTGTCCCTTGGTCTCGTTCGC,(((((.((((....)))).)))))......,47.182773452365964
GTAGTCGGGTCCGTTTTGGGAAGTTTCTGC,((((.....(((......))).....)))),47.17030659976159
GTTGTGGTCTATTCATAGGCGTCTGCATCG,((....(((((....)))))....))....,47.16643716043822
AACGGTGATCTATTCATAGGTGTCCGACTT,..(((..(((((....)))))..)))....,47.12455998439829
ACCGAAAAGGATTTTAGTTACCGAAAAGGA,.((.....))..........((.....)).,47.090151819402806
CGTGTGGTCTATTCATAGGCGTCCGTCAGG,......(((((....)))))..((....)),47.061899368537574
GAAAAGATGTGATTTCTGTCAGGTCGAAAA,.....(((.((((....)))).))).....,47.05746417784421
GTGAAAAGTGGGTCTATCTTAGCGAAAAGC,.....................((.....)),47.01788040409278
GACAGGGTCTATTCATAGGTGTCCGCGGAA,((((...((((....)))))))).......,46.99910326887162
CAGGAGTGGTCAAAATGTCGTTTGTCTTCG,.....(.((.((((......)))).)).).,46.960782575632074
AACGGTGGTCTATTCATAGGTGTCTGACTT,..(((...((((....))))...)))....,46.945756893886696
GTAGTCGGGTCCGGGGTTGGAAGTGTCGGC,...(((((.((((....))))....))))),46.94082407351739
AACGGTGGTCTATTCATAGGTGCCCGACTT,..(((..(((((....)))))..)))....,46.92693517939091
CTTCAGGAGGTGTCCAGGTCTGGTCGTCGA,........((((.(((....))).))))..,46.920909204105826
GAAAAGATTAAGGTTTTAACCGCTCGAAAA,...........(((....))).........,46.910500286127395
GAAAAGATTATGGTTTTAACCGCTCGAAAA,...........(((....))).........,46.90740394287321
GAGACGGAGGTGTCCTTTGGTCTCTTTCGC,(((((.((((....)))).)))))......,46.88479521799364
CGAAAAGATGATTCTTCGAAGTTCGAAAAG,((((....(((....)))...)))).....,46.88314567934796
AGTCGTCACTTAACAGTAGGAGTTGTCTGG,((.((..((((........)))))).))..,46.879370451437595
GGGCTCTAGGTGTCCTATGGTCTATTGTCT,(((((.((((...)))).))))).......,46.86243282673762
GAAAAGAATTGTCTTCTGACTCATCGAAAA,.....((...(((....)))...)).....,46.85590172405763
ATCGAAAAGGCTTAAGTATTCCGAAAAGGT,....................((.....)).,46.840691409726844
GAAGCATAGGTGTCCTGTGGTCTATCCCTT,((..((((((...)))))).))........,46.823109180414576
AGTCCATAGGTGTCCATTTGGTCTATTGTT,((.(((..((...))...))).))......,46.82060909559206
GCGAAAAGATTATCCATGATCGAAAGCATA,((.....(((((....)))))....))...,46.81753466872982
AGGCTGTCCGATCATCCGATTGGTCTATGT,.....(.((((((....)))))).).....,46.81704437992981
AGTCCATAGGTGTCCATTTGGTCTATTGCT,((.(((..((...))...))).))......,46.80442839984181
CTAGGAGTCTGTCGGGATTCGATGGTCCAT,...(((..((((((.....)))))))))..,46.794980330975704
GATTGGTCTATTGATAGGCGTCCGAGCTCG,.....(((((....)))))...........,46.79016193766625
TGGTTAGTCTCTTCAGAGTTGTCTGCATAA,.............((((....)))).....,46.7571785009069
GTATTCGGGTCCGGTTTTGGAAGTTTCTGC,.....((((((((....))))....)))).,46.72857971344385
GAAAAGAGATTCTTCTATTAACCTCGAAAA,......(((....)))..............,46.716836967449936
AGTAGGAAAAGTTGCCTACGAGGGAATATT,.(((((........)))))...........,46.71171993501135
CTATTGGTCTATTGATAGGCGTCCGATTTG,......(((((....)))))..........,46.696448631291496
CTATTGGTCTATTGATAGGCGTCCGATTAG,......(((((....)))))..........,46.6939486312915
CTATTGGTCTATTGATAGGCGTCCGATCTG,......(((((....)))))..........,46.680198631291496
CTAGGTGTCCGGGTCTATTGCTTGGTCTAT,......(.((((((.....)))))).)...,46.664666286878315
TTAGGCTGTCCGATCATCCGATTGGTCTAT,.......(.((((((....)))))).)...,46.664435322285115
GGTTTGGTCTATTTATAGGCGTCCTGGTGA,((....(((((....)))))..))......,46.659422086960404
CACTGGGTCTCTTCAGAGGTTGTCTGATTG,............(((((.....)))))...,46.65279860449857
GCGAGGTCTATTCATAGGTGTCTGCGGAGT,((((.(((((....))))).)).)).....,46.63000379442782
CTGATTGGTCTATTCATAGGCGTCCTGAGG,((.(...(((((....)))))....).)).,46.62975684739507
ACGTTTGGTCTATTCATGGGCGTCCGAGGT,.((....(((((....)))))...))....,46.62105953119846
CTTTTGGTCTATTCATAGGCGTCCTGAGGG,((((..(((((....))))).....)))).,46.617652144430345
TAGCAGAAGGTGTCCATGTTGGTCTATCTT,......((((((.(((...))).).))))),46.598862649763404
GGAGCCTAGGTGTCCTTTGGTCTATACTGC,(((.(..(((...)))..).))).......,46.59042152947261
GTAGGAAAAGTTGCCTACGAGGGAATATTG,(((((........)))))............,46.579677137883664
GAAAAGAGTCGCAATTTGCTAAATCGAAAA,..........(((...)))...........,46.57620488920891
AACGGGGGTCTATTCATGGGTGTCCGACTT,..((((.(((((....))))).))))....,46.55908906018186
GGGCACTAGGTGTCCTTTGGTCTATTGACT,((((((...))))))...((((....)))),46.502246211970046
GCGATAGGTCTATTCATAGGTGTCCACTCC,(.((((..((((....))))))))).....,46.44487057215761
GAGCGAAAAGCTATTTATTGCGAAAAGTGC,.(((.....)))..................,46.438909462532806
TCCGAAAAGGAAGTTCTGATCCGAAAAGTA,(((.....)))...................,46.41164952529306
TAGACCTAGGTGTCCATTGGTCTATGTCTT,((((((..((...))...))))))......,46.38731122658307
GGGCACTAGGTGTCCACTGGTCTATTGACT,((((((...))))))...((((....)))),46.37451387440886
TCCGAAAAGGCATGTTTACAACGAAAAGGT,.((.....))....................,46.367246684545925
TCCGAAAAGGAAGCACTGATCCGAAAAGTA,(((.....)))...................,46.357258664714955
CTAGGCGTCCGTGTCGTTGATATGGTCTAT,......(.(((((((...))))))).)...,46.353981581527194
GTCGAAAAGGCCCATCATTACCGAAAAGAT,(((.....)))...................,46.3463496222757
ATCCGAAAAGTTTGGCATACGAAAAGTGTT,..(((((...))))).((((.....)))).,46.332541750808836
TCCGAAAAGGAAGTTCTGACCCGAAAAGTA,(((.....)))...................,46.289046352858314
CATGCGGTCTATTCATAGGCGTCCGTTTCG,...((((((((....))))...))))....,46.27530803155441
TCGGCCTAGGTGTCCGCAGGTCTACGCGTA,..(((((.((...))..)))))........,46.263732979991076
TCCGAAAAGGATTCTTGAATACGAAAAGGT,(((.....)))...................,46.260791508178755
GCTAGTGGTCTATTGATAGGCGTCCGATAC,.......(((((....))))).........,46.2523733242632
GAAAAGCTTCTGTTCATCTTCCAGCGAAAA,((..(((....)))..))............,46.25061773192115
ACGGTTAGGTGTCCCCTGGTCTATCCTTGT,..(((((((.....))))))).........,46.2314829472359
ATCGAAAAGTACTCCATGTCGAAAAGACGG,.................(((.....)))..,46.22697364787753
AGGTCTCTAAGTCCCTCAGAGGTGTCCAGG,.(((((((.((...)).)))))...))...,46.2162718474766
GAAAAGAATCGTCTCACTCGTATCCGAAAA,.................(((....)))...,46.19585297780016
CAGGAGTGGTCACATGGCATTGTGGCTGTG,.......(((((((......)))))))...,46.18487408686264
TGCGAGGTCTATTCATAGGTGTCTGCGGAG,(((((.(((((....))))).)).)))...,46.17293807168901
AGCCTATAGGTGTCCTATGGTCTATGGTGT,((.(((((((...))))))).)).......,46.170030744838044
AAGCATAGGTGTCCTGTGGTCTATCCTTTG,.(.((((((...)))))).)..........,46.16398871346955
AGTGTCTGGGGTTCAGTAACGTGTCTAGTA,.((..(((.....)))..))..........,46.150559597893675
CGTTGAGGTCTATTCATAGGTGTCTGCATC,.((.((.(((((....))))).)).))...,46.1368083369294
ATCGAAAAGTAGTTACACGTCGAAAAGACT,..................(((.....))).,46.13457207904838
CTGATTGGTCTATTCATAGGCGTCTAGAGG,(((((..(((((....)))))))).))...,46.11821350924259
GTCGAAAAGGCCCAGCATTACCGAAAAGAT,(((.....)))...................,46.105388481201956
TGCCATAGGTGTCCTGATTGGTCTATGCCT,.((((((((...))))..))))........,46.06512241168629
GACGAAAAGGATTTACATTCCGAAAAGGAT,..................(((.....))).,46.062120321107464
GTCGAAAAGGCCCAACATTACCGAAAAGAT,(((.....)))...................,46.05918376453489
CGAAAAGGTCTTCATTGTCGCCGAAAAGGT,...................(((.....))),46.027158838801356
TCCGAAAAGTTGTTAGTATCCGAAAAGGTA,...................((.....))..,46.02137710653097
GATTGTGGTCTATTCATGGGCGTCCGCTGA,....((((((((....))))...))))...,46.013433782835236
GTCGAAAAGACTATTTGATATCGAAAAGAG,(((.....)))...................,46.01271870596769
CGCGAAAAGCGATACTATGCGAAAAGAACG,(((.....)))...................,46.01138907583479
ACTCCTATAGGATGCATCTGCACTTTAGTT,....(((.(((.(((....)))))))))..,46.007105226725514
CGAAAAGGCTTGCATTCATTACCGAAAAGG,.....................((.....)),45.96781346223911
GAAAAGCATTCTGGTTCTCCAGATCGAAAA,.........(((((....))))).......,45.96518822465963
GGAGGGCCCCATGATCTTCCTGGGTGAGCT,....(((((((.((...)).))))...))),45.94571951874108
ATGCGAAAAGTCATTAGACGAAAAGTCAAT,................(((.....)))...,45.922942733849595
GAAAAGTAGTAGCGCGTCGTATCTCGAAAA,................(((.....)))...,45.88849419445959
GAAAAGAGTGCTGTTCTCTCAACTCGAAAA,.....((((...(....)...)))).....,45.87459910251263
GTCCATAGGTGTCCTGTTGGTCTATCGATG,(.(((((((...)))).))).)........,45.86754088244146
CAGGAGTTGTCACATGGCATTGTGTCTTCG,.....(..(.((((......)))).)..).,45.86645396030184
GAAAAGCTTAGGGTTCTCCTTCGGCGAAAA,.....(((.((((....)))).))).....,45.84673799269188
GAGGGCCCCATGATCTTCCTGGGTGAGCTG,...(((((((.((...)).))))...))).,45.84571951874108
CTAGGTGTCCAGCGGGTTCTGCTGGTCTAT,......(.(((((((...))))))).)...,45.83851710458889
CTAGGCTGTCCGATCATCCGATTGGTCTAA,.......(.((((((....)))))).)...,45.83279958114103
ATCCGAAAAGGTTCTATTCCGAAAAGCGCT,..((.....))...................,45.80271194573937
GAAAAGCGGCATTAAGCGTTCTCGCGAAAA,...............(((....))).....,45.79897086428355
GAAAAGAATAAGTCTCTCGTACTTCGAAAA,................(((.....)))...,45.79482602732122
GATATGGTCTCTTTAGAGGTCGTCCGCATT,...((((((((....)))))))).......,45.773946914190574
GTTGGGGTCTATTCATAGGTGTCTGCATCG,((.((.(((((....))))).)).))....,45.77376580188678
GAAAAGATGCCTTCTGGATATCATCGAAAA,.....((((((....)).))))........,45.77207345784949
GAAGCATAGGTGTCCTGTGGTCTAGCCGTT,((..((((((...)))))).))........,45.75996753747948
ATAGGAGGTGTCACTATCGTGGTCGTCTTG,.(((((.(..((((....)))).).))))),45.75553441627986
GAAAAGGTTTGTTAAACTCGTATCCGAAAA,.................(((....)))...,45.75244468097932
AGCAGGTCTATTCAGAGGTGTACAATACCT,...............((((((...)))))),45.71909358874763
GAAAAGGGCTAACGGTGTTCTCACCGAAAA,............(((((....)))))....,45.71163321871802
TAGGTCTATCTTTGTGAGATAGGTGTCCGG,..((((((((((...))))))))...))..,45.71103101081653
CTAGGTGTCCGGCGTATTGTTGGTCTATGT,......(.(((((.....))))).).....,45.68988171063332
CTAGGTGTCCAGTTTGGCAATCTGGTCTAT,((((((..(((...)))..)))))).....,45.688449986107614
GGCTAAAAGGTGTCCCTTGGTCTATTACAC,(((((..(((....))))))))........,45.68312407373611
AACGGAGGTTTATTCATAGGTGTCCGACTT,..((((.(((((....))))).))))....,45.653965047787906
TGCAACATAGGTGTCCTGTGGTCTATTTCA,.....((((((...))))))..........,45.625657869642254
TTGGCATAGGTGTCCTGTGGTCTATTCTAG,....((((((...))))))...........,45.612554525799396
GGCTTTGGTCTATTTATAGGCGTCCCTGAC,((.....(((((....)))))...))....,45.591876509257055
CGAAAAGAGCTTCTTGGCTTCCTCGAAAAG,(((...(((((....)))))..))).....,45.58218694190159
TAGAGTCGGGTCCGTTTGGAAGGATCTGTA,......(((((((........)))))))..,45.57538670584148
GGCGAAAAGTCCAGGGTATAGCGAAAAGCT,(((.....)))........(((.....))),45.574556195081996
TAAGCGGATGTAACCATAGTTGGGGTAGCA,...((...(.((((....)))).)...)).,45.54105474147929
GAAAAGCATCAATGCGCATTCTTGCGAAAA,..............((((....))))....,45.53783325626847
GCTAAAAGGTGTCCCTTGGTCTATTACACG,.....((((....)))).............,45.492129882741914
GACATGGCCTATTCATAGGTGTCCGCGGTA,(((...(((((....)))))))).......,45.49190802630274
CTAGGTGTCCATTGTGTGGCGGTGGTCTAT,......(.(((((((...))))))).)...,45.48596921508373
GAAGGTCTATGTCTGTTCATAGGTGTCCGC,...((((((((......))))))...))..,45.48267339020889
TGGCGCTAGGTGTCCTTTGGTCTATCATCA,.(((...(((...)))...)))........,45.447304337806
CCGAAAAGTTGTACATATACGCGAAAAGCG,...................(((.....))),45.413024601726555
CAGGAGTGGTCAACTTGTCTGTTGTCTTCG,.....(.((.((((......)))).)).).,45.40211981891925
GAAGGTCTATGTCTATTCATAGGTGTCCGC,...((((((((......))))))...))..,45.39164202747867
GGCCTCTAGGTGTCCGTTGGTCTATTGGTT,((((....((...))...))))........,45.368589655442314
CAGAAGGTGTCCATGGTTTATGGTCTATCG,.....((((.(((((...))))).).))).,45.36117978292562
GATTGGGGTTTATTCATAGGCGTCCGCTGA,...(((((((((....))))).))))....,45.273238517898115
GGCGAAAAGTCCATTTTATAGCGAAAAGCT,(((.....)))........(((.....))),45.25953518172905
GATTGGGGTTTATTCATAGGCGTCCGCCGA,...(((((((((....))))).))))....,45.25925394477893
GAAAAGCGGCTTCTTCTGGATTCGCGAAAA,.....((((.(((....))).)))).....,45.23417227627397
GAAAAGAATTGGATTCTTCCGATGCGAAAA,.......((((((....)))))).......,45.22653427265864
TAGGTCTCTAAGTCCCTTAGAGGTCTCCAG,.(((((((((((...)))))))))))....,45.19983825789055
AAAGTGGTCTCTTTAGAGGTTGTCTGCGTA,...((((((((....))))....))))...,45.19863974724316
AACGGTGGTCTATTCATAGGTGTCCTACTT,...(((((((((....))))....))))).,45.192792083586454
GATGGTCTATGTCCGTTCATAGGTGTCCGC,...((((((((......))))))...))..,45.19109522943475
GAAAAGAAACGTTCATATCGAATTCGAAAA,.................(((....)))...,45.17133897835771
TGCGGTGAGATAGTAACCTAGAGGGCCCCG,...(((....(((....)))....)))...,45.17044783642532
CCGTATAGGTGTCCCTAGGTCTATTCAGAG,.....((((....)))).............,45.16406481906702
CGTATAGGTGTCCCTAGGTCTATTCAGAGT,....((((....))))..............,45.15551781052001
GCTAGGTGTCCGGGCAACTATTGGTCTATC,(((.((...)).)))...............,45.153022776041865
ATCGAAAAGCGTATTATTAAGCGAAAAGCT,...................(((.....))),45.13895378738599
GAAAAGCTACATCTTCTGATATTGCGAAAA,.....((...(((....)))...)).....,45.13131539723719
GGCTAAAAGGTGTCCCTTGGTCTATTACAG,(((((..(((....))))))))........,45.129400020012056
GAAAAGAGTTTCCATTGGATTATCGAAAAG,.....((...(((...)))...))......,45.1281835845365
GAAAAGAAGAAGCTATTGTAACTTCGAAAA,.....((((..((....))..)))).....,45.10983406095821
GGCTACTAGGTGTCCTCTGGTCTATTTGTT,(((((..(((...))).)))))........,45.08520104308678
GGCGAATAGGTGTCCGTTTGGTCTATCAAC,(((.((..((...))..)).))).......,45.072186526122856
GAAAAGCAATCTCCCATCGTTATGCGAAAA,................((((...))))...,45.067195531997825
CATCGAAAAGATGACTATCGAAAAGATATG,((((.....))))..((((.....))))..,45.05487945639756
GAAGGTCTATGTCCGTTCATAGGTGTCCGC,...((((((((......))))))...))..,45.049573305308904
CGGGATGGTCTATTCATAGGTGTTCGCCAG,.((((...((((....))))...)).))..,45.02397743102395
GGGATGGTCTATTCATAGGTGTTCGCCAGG,((((...((((....))))...)).))...,45.0076502966199
CTGATAGGTTTATTCATAGGCGTCCAGAGG,(((..(.(((((....))))).).)))...,44.999707522336756
ATGGTCTATGTCGTTTGCATAGGTGTCTGT,....(((((((.....))))))).......,44.989728964670284
GCTAGGTGTCCGGGCAAATATTGGTCTATA,(((.((...)).)))...............,44.9875044683448
GAAAAGATATGGATCTTTCTAGATCGAAAA,.........(.(((((....))))).)...,44.98513449829604
TAACAGAGGTGTCCTCTGGTCTCTGCTTCA,...((((((...))))))............,44.96697145750598
AGTAAAGAGGTGTCCTCTGGTCTCTTGCAT,.....(((((...)))))............,44.966321456841115
TGCGAAAAGCAATCTTCATAGCGAAAAGGA,(((.....)))...................,44.96579062255614
GAAAAGAGCTCTATCCTCGTACCTCGAAAA,................(((.....)))...,44.962310789425125
TGCGAAAAGCATTGAGTAAAGCGAAAAGTA,(((.....)))...................,44.94901603124264
TGCGAAAAGCAGTATGTACCGCGAAAAGTA,(((.....)))...................,44.941210439877125
AAAAGAGCTCTATCCTCGTACCTCGAAAAG,...............(((.....)))....,44.920045362544315
GAAAAGCCGCTATATTTAGCACGTCGAAAA,........((((....))))..........,44.91981414683518
CTAGGGGTCTGCCGTGTGACGGTGGTCTAT,.....((.(((((((...))))))).))..,44.88703093505569
GTCAGAGGTCTATTCATAGGTGTCATCGGC,(((.((.(((((....))))).))...))),44.88456972254922
GAAGGTGTCCATGGTTTATGGTCTATCGTC,...((((.(((((...))))).).)))...,44.880551186381595
CTGATTGATCTATTCATAGGCGTCCAGAGG,(((..((.((((....))))))..)))...,44.87749757994954
CAGTGAGGTCTATTCATAGGTGCCCGCCGG,..(((.((((((....)))..))))))...,44.87663082069784
TTAGGTGTCCGGCCAGTTCTGTTGGTCTAT,..........((((((.....))))))...,44.869179275802296
GATGGTCTATGTCTGTTCATAGGTGTCCGC,...((((((((......))))))...))..,44.86341763048013
TATACAGGTCTATTAATAGGCGTCCGGGTA,.......(((((....))))).........,44.85494526012955
GTCCATAGGTGTCCTAGTTGGTCTATCGAT,(.(((((((...))))..))).).......,44.854633710846606
TAAGCATAGGTGTCCTGTGGTCTAGCCGTT,..(.((((((...)))))).).........,44.8423851727702
GCGAAAAGATCACATTTATGTCGAAAAGAC,...................(((.....))),44.839544655246065
GCGTCGAAAAGATAGTGCTCGAAAAGAGGT,..(((.....)))....(((.....)))..,44.83367300489414
CTAGGGGTATGTCGGGATTCGATGGTCCAT,.....((..(((((.....)))))..))..,44.82615124356664
GAAAAGAGTTTCCATTCTTGCGCTCGAAAA,.....((((...((....)).)))).....,44.810599957936795
GAAAAGACAGTAGTTTCTACTACTCGAAAA,........((((((....))))))......,44.808826493240076
ACCCCGCAAGGGTCATCTATGACTTTAGCT,.....((.(((((((....))))))).)).,44.80650371285302
GAAAAGAGTGCCTTCTTGGGGATTCGAAAA,.....((((.(((....))).)))).....,44.79659413903856
AAGGTCTATGTCCGTTCATAGGTGTCCGCG,..((((((((......))))))...))...,44.77727603540798
GATGTCCGGTAATCCACGATTCTCAAGGGA,((.(((.((....))..)))..))......,44.76734008490621
TGGTCTATGTCGTTTGCATAGGTGTCTGTG,...(((((((.....)))))))........,44.76301752975051
CTAGGGGTCTGCCGTGTGACGGTGGTCCAT,.....((.(((((((...))))))).))..,44.72532989838524
GAAAAGCATTATCTCCAGCTCCTGCGAAAA,.................((....)).....,44.723140999868676
CTAGGCGTCCGTATCGTGGATATGGTCTAT,......(.(((((((...))))))).)...,44.676827505616615
GTCGAAAAGTCATGCGTTGGGCGAAAAGCC,...................(((.....))),44.66949987359759
CACTTGGTCTCTTCAGAGGTTGTCTGATTG,............(((((.....)))))...,44.669281294873535
GAAAAGATGGAACCTATTGGTTCTCGAAAA,........((((((....))))))......,44.66524622769987
TGACCTAGGTGTCCGTTTTGGTCTATGGCG,.((((..((...)).....)))).......,44.64546027011903
AACGGTGTCTATTCATAGGTGTCCGACTTG,..(((((((((....)))))).))).....,44.636660871930815
AGAGGGCCCTATGGGGCGCTTGGGGGAGGT,.(((.((((....)))).))).........,44.605674189781446
GATGCTCGGTAATCCACGATTCTCTAGTGA,...(((.((.((((...)))).)).)))..,44.60258502676825
CTAGGTGTCCGGCCAGTTCTGTTGGTCTAC,..........((((((.....))))))...,44.57679312515639
TAAGCGGATCTAACCTTAGTTGGGGTATCA,......(((...(((((....)))))))).,44.56820430092008
GAAAAGCTAACCGTTCTCGCCTAGCGAAAA,.....((((..((....))..)))).....,44.562667535008174
AACGGGGGTTTATTCATAGGTGTCCGACTT,..((((.(((((....))))).))))....,44.53607593294746
GAAAAGCTGTCTTCTGAACGCCTGCGAAAA,.....((..((....))..)).........,44.523351958160816
AGACAAAGGTGTCCTCTGGTCTATGTTTTG,((((..(((...)))...))))........,44.52049839131071
GGGGGAAGTCCATGCATAGTTGTCTGCCGT,((.(((...(........)...))).))..,44.506157707205844
CACGAGGTCTATTCATAGGTGTCATTGGGG,...((.(((((....))))).)).......,44.49380085524217
GAAAAGTATGCTTCTGACATGCTACGAAAA,....(((((((....).)))))).......,44.46380467577595
GGCTAACAGGTGTCCCTTGGTCTATTACAC,(((((..(((....))))))))........,44.46068998919925
GTTCGGTCTCTTTAGAGGTTGTCCCATGAG,...(((((((....))))))).........,44.43386819928805
CTAGGCTGTCCGATCATCCGATTGGTCCAT,.......(.((((((....)))))).)...,44.417570628431534
GAAAAGATTCTTATCTGTTAGTATCGAAAA,....((((....))))..............,44.40632481301538
GAGGGCCCCATTCTTTGTTGGGTGAGGTGT,..(.(((.(((((......))))).))).),44.39434739605125
GAAAAGATTCCTATTGGAATAATCGAAAAG,......(((((....)))))..........,44.379663854196394
CAGGAGTGTCATCATTTCGGATGTCTTCGG,..((((...((((......)))).))))..,44.370063519601295
GAAAAGAAGTTTGCTTTGCTGATTCGAAAA,.....(((....((...))...))).....,44.353457995072525
CTAGGTGTCCGTAAGTGTCTGTTGGTCTAT,......(.(((..((...))..))).)...,44.335899331113495
AAGGTCTATGTCTGTTCATAGGTGTCCGCG,..((((((((......))))))...))...,44.32280215581092
CAGGAGTGGTCATCATTTCTGATGTCTTCG,((((((((.....)))))))).........,44.318557870787416
TGCGGCGAGATAGGAAACTAGAGGGCCCTG,...(((....(((....)))....)))...,44.309797447259704
GAAGGTCTATGTCTGTTCATAGGTGTCCGT,...((((((((......))))))...))..,44.25871175246918
CAGATTGGTCTATTCATAGGTGTCCCACTG,(((..(((((((....))))....)))))),44.242286297413486
ACCCCTCTGGATCCGTACAGGACTTTAGCT,......((((((((.....))).)))))..,44.22956922625021
CAGGAGTGGTCATCACTTTGTATGTCTCTG,..((((((.....))))))...........,44.21113567258424
AGGGCCCCATGGGGTGCTTGGGTGAGGTGT,((.((((....)))).))............,44.21075379824313
CAGGGGAAGTGCCCACTTTAGTAGGGTATG,........((((((((....)).)))))).,44.193958541550096
CGGTAGGTCTATTCATAGGTCGGTCCTGAT,.((..((((((....))))))...))....,44.190115197946824
CAGGAGTGGTCAACTTTTCCGTTGTCTTCG,.....(.((.((((......)))).)).).,44.187266764486104
AGGAGTGGTCAAAATGTCGTTTGTCTTCGG,....(.((.((((......)))).)).)..,44.180374949070604
GGCTAAAAGGTGTCCCTTGGTCTAGTACAA,(((((..(((....))))))))........,44.177862394019726
GATGGTCTATGTCAAATCATAGGTGTCCGC,...((((((((......))))))...))..,44.1699454267916
TGGCAAAAGGTGTCCTTTGGTCTATTGGTT,.(((.(((((...))))).)))........,44.16797809803407
CTGATGGGTTTATTCATAGGCGTCCAGAGG,((..((((((((....)))))..)))..)),44.16728853909931
GAAAAGTAGTGCTTCTGCGTTCTGCGAAAA,.....(((((((....)))..)))).....,44.16239005181494
GAAGGTCTATGTCAAATCATAGGTGTCCGC,...((((((((......))))))...))..,44.15521978330818
GAAAAGATTCTTATCTAGCCAAATCGAAAA,....((((....))))..............,44.15172911221877
GAAAAGGTGTCTTCTGACGTGAGCCGAAAA,.....((((((....)))....))).....,44.1500471623807
GAAAAGCTTATTGTTCTCAGGGAGCGAAAA,.....((((.(((....))).)))).....,44.14498312363237
GAAAAGATCCGTTACCTCGTATATCGAAAA,................(((.....)))...,44.144979432228354
GCTCCCATGCGGATGCTCTGCACTTTAGCT,(((....((((((...))))))....))).,44.14368175914389
CACTGGGTCTCTTCAGAGGTTGTCTGACTG,............(((((.....)))))...,44.13516922533072
GAAAAGGCACCCGTTGTAATACCGAAAAGG,.....................((.....)),44.12641879911467
GAAAAGGTGTTTCATCAGGTATTCCGAAAA,.....((((...)))).((....)).....,44.12271797721429
GCACGAAAAGTGTATTCATGCCGAAAAGAA,((((.....)))).................,44.10366985009436
GGGCACTAGGTGTCCATTGGTCTATTGGCT,((((((...))))))...((((....)))),44.08156592581118
GCTGTGGTCTCTTTAGAGGTGTCTGCGTGT,((.(...((((....))))...).))....,44.074856438568915
CCAGGGGTCTGTCGGTATTCGATGGTCTAT,.....((.((((((.....)))))).))..,44.04735198445634
GAAAAGATTACTCCCCTCGTAAACGAAAAG,................(((....)))....,44.03660274023328
ACTCTTCTGGATCCGTACAGGACTTTAGCT,......((((((((.....))).)))))..,44.03654243848035
GAAAAGATATCCCTCATCGTGATTCGAAAA,................(((.....)))...,44.01992861693264
GAAAAGAAGCGTTCTTGCTACGTTCGAAAA,(((..(.((((....)))).).))).....,44.01786500860753
GAAAAGATTTGGATTCTTCCATGCCGAAAA,.........((((....)))).........,44.01786047866473
GGAGGGCCTCATTCAGTGTTGGGTGAGGTG,.....((((((((((....)))))))))).,44.01376344007313
CCAGGTGTCCGGCCAGTTCTGTTGGTCTAT,..........((((((.....))))))...,43.996619659767084
GAAAAGATATCCCCCATCGTGATTCGAAAA,................(((.....)))...,43.97677459704305
GAAAAGATGGTTGTCCTCTGTCATCGAAAA,((..(((.((....))))).))........,43.97500880296664
TAGGTCTATGTTGGTCTCATAGGTGTCCAG,..((((((((.......))))))...))..,43.96455348911452
GAAAAGTAACTAGATTCTCGTATACGAAAA,.................(((....)))...,43.9113592775299
GGAGGTCTATGCGTCAGATTAGGTGTCCGC,(((.(((((..(....)..))))).)))..,43.90995349559617
GAAAAGCATGCTTTCTAGTTTGTGCGAAAA,.....(((((((....)))..)))).....,43.88462944399015
GATGGTCTATGTCTTTTCATAGGTGTCCGC,...((((((((......))))))...))..,43.881727971699966
GAAAAGCCCCTTTCTGGGTATCGGCGAAAA,.....((((((....)))....))).....,43.88122701499533
CTAGGTGTCCGTTACCTATTTGTGGTCTAT,.((((((.....))))))............,43.87880061140268
GAAAAGAGTCCTATCGTTGCCTCGAAAAGT,.............(((......))).....,43.856977707864985
GAAGGTCTATGTCCGATCATAGGTGTCCGC,...((((((((......))))))...))..,43.85667230568674
TGTCGAAAAGATTATCTAACGAAAAGTTCA,.(((.....)))..................,43.838334959633386
ACTACCTTGCGGATGCTCTGCACTGTAGTT,(((((..((((((...))))))..))))).,43.83454678552072
CTAGGTGTCCGGGCCCATTGCTTGGTCTAT,......(.((((((.....)))))).)...,43.82646467514481
GAAAAGATCATGCTATTGTTCGATCGAAAA,.....((((..((....))..)))).....,43.82354877072798
GAGTCGAAAAGTCTTATAGTCGAAAAGGCC,(((.(.....).)))...(((.....))).,43.82071952234056
GCATAGGTGTCCTAGCCCCTTGGTCTATCC,((.((((...))))))..............,43.81677745788866
GAAAAGGTTGTATTTCTGTACGTCCGAAAA,.....((.(((((....))))).)).....,43.81316963930715
GAAAAGAAAGCATTACCGGTATTTCGAAAA,................(((....)))....,43.80955632265069
CTACCTAGGTGTCCTGTGGTCTATGTTCAG,..(((((((...)))).)))..........,43.80690399256882
ACTCCTATGGGATGCATCTGCACTTTAGCT,....(((.(((.(((....)))))))))..,43.80467724211674
GAAAAGACAATTATCATCGTTCGTCGAAAA,................(((.....)))...,43.80385253274573
ATGCGAAAAGTACTGAACATCGAAAAGCTT,.(((.....)))..................,43.802985659661466
GAAAAGACAGTAATCATCGTTCGTCGAAAA,................(((.....)))...,43.78521275254174
GTCAGGTCTATTCATAGGGCGTCCTGCTAA,(.((((((((....))))....)))))...,43.7798816265354
CGAAAAGATTTATTGATCCTCATCGAAAAG,(((...((((....))))....))).....,43.77110019062367
CGAAAAGATGTTTACTCGTAATGCGAAAAG,...............((((...))))....,43.77013294378244
GAAAAGACAATAATCATCGTTCGTCGAAAA,................(((.....)))...,43.768607166975606
GAAAAGAGTCGTGATATTCGTAGTCGAAAA,................((((....))))..,43.76344693667375
CTAGGTTGTCCATAGTCTACGGTGGTCTAT,.......(.((((........)))).)...,43.750492835519054
GAAGGTCTATGTCCTTTCATAGGTGTCCGC,...((((((((......))))))...))..,43.731276606177914
GAAAAGGTATTCTTGCAATTTCACCGAAAA,((((..(((....)))..))))........,43.723465065970494
GAGATGGTCTATTCATAGGTGTCTAGAGAA,.(((((..(((....))).)))))......,43.70439328758314
GCGAAAAGCATTTGTATTAAGCGAAAAGTG,((.....)).(((((.....))))).....,43.70041624840046
TGCGGTGAGATAGTAAACTAGAGGGCTCCG,..(((.(...(((....))).....).))),43.6951566598742
GAAGGTCTATGTCAGATCATAGGTGTCCGC,...((((((((......))))))...))..,43.69160842372213
GATGGTCTATGTCTTCTCATAGGTGTCCGC,...((((((((......))))))...))..,43.68598420921343
ATGCGAAAAGTAGGATTTCACGAAAAGGAT,.(((.....)))..................,43.68152871815014
TGCGGTGAGATAGTAAACTAGAGGGTCCCG,..(((.((..(((....))).....))))),43.67436099202722
GAAGGTCTATGTCTTTTCATAGGTGTCCGC,...((((((((......))))))...))..,43.6556751938125
GGCGAAAAGCTGTTTACTTCACGAAAAGAC,(((.....)))...................,43.64844152534684
AAAGATCTTGCTATTGTTCGATCGAAAAGT,...((((..((....))..)))).......,43.62563720270067
GATGGTCTATGTCAAGTCATAGGTGTCCGC,...((((((((......))))))...))..,43.622287638908944
TCGAAAAGGTCTAGCATTCCCGAAAAGGGG,..................(((.....))).,43.61681030800086
TGCGAAAAGTATATCTCACAACGAAAAGTA,(((.....)))...................,43.615412148530346
TGGCAGAGGTGTCCTTTGGTCTCTATCCTA,...((((((...))))))............,43.6012665827595
AGCGTGTGGGGTTCACAGGTGTTTCTAGTA,.((.((((.....)))).))..........,43.59611752919311
TAGGTGTCCACTACCGAGGTTGAAGGTCTA,..((((.....))))...............,43.58948994385494
GGGCACTAGGTGTCCATTGGTCTATTGTCT,((((((...))))))...............,43.586260302344954
TGGCAGAGGTGTCCTTTGGTCTCTATCCGA,...((((((...))))))............,43.58491494534393
GCGGAAGGTGTCCATGGTTTATGGTCTATC,......((((.(((((...))))).).))),43.580893795752026
TAGGTGTCCGTAGTGTTACCATGGTCTATG,.....(.((((.((...)).)))).)....,43.575891330076686
AAAGTGGTCTCTTTAGAGGTGTCCGATTGG,....(((((((....))))...))).....,43.54338687060213
CTAGGCGTTTGTCGGGATTCGATGGTCGAT,.....((.((((((.....)))))).))..,43.53866119331518
GAAAAGTCTTACTCTTCTGAGTGATGAAAA,......((((((((....)))))).))...,43.53029041310949
GAAAAGATATTTCTATAGAAGGAGCGAAAA,....(((....)))................,43.50718554556344
CAAGTATAGGTGTCCCTAGGTCTACTTGAG,((((((((((....))))....))))))..,43.50306873255014
GAAAAGGCTTCTGTCTTCTGGATCCGAAAA,...(((((....))))).............,43.49975435855872
GGGGGAAGTCCATTTATAGTTGTCTGCCGT,((.(((...(........)...))).))..,43.488531663299405
GAAAAGGTCTTCCTTCTAAAATGCCGAAAA,...((((....))))...............,43.48819635711764
CTAGGGGTCCGTGCAGTGTGTGCGGTCTAT,.....((.(((((((...))))))).))..,43.47827150381701
CTAGGTGTCCATAGCGTCTTCTTGGTCTAT,......(.(((...........))).)...,43.47215749790523
GAGGAAAAGGTGTCCCTTGGTGTAATGATA,......((((....))))............,43.471346429068994
GAAGGTCTATGTCTTATCATAGGTGTCCGC,...((((((((......))))))...))..,43.46998517666367
GAAGGTCTATGTCTGTCCATAGGTGTCCGC,...((((((((......))))))...))..,43.46710017830232
GGGGGAAGTCCACTCATAGTTGTCTGCCGT,((.(((...(........)...))).))..,43.466659726774616
GGGTCTAGGTGTCCATGTTGGTCTATGCAT,..((.((((...(((...))))))).))..,43.45145685363575
GAAGGTCTATGTCATATCATAGGTGTCCGC,...((((((((......))))))...))..,43.43643067021753
TAACAGAGGTGTCCTTTGGTCTCTGCTTCA,...((((((...))))))............,43.42924504684281
GAAAAGTATCGCCATATTTGGCCACGAAAA,..........((((....))))........,43.42738880671692
GAAGGTCTATGTCTGCTCATAGGTGTCCGC,...((((((((......))))))...))..,43.42435806080587
TGGTCTATACGTTTCTAGTCTAGGCGTCCG,..(((((.((.......)).))))).....,43.41605191707851
GATGGTCTATGAGTTCCCATAGGTGTCCGC,...((((((((......))))))...))..,43.40278060444639
AAAGGGGGTTTATTCATAGGTGTCCGACTT,...(((.(((((....))))).))).....,43.400187896253485
GGGTCATAGGTTGGCCTCCGGTCTACTCCT,((((((.....))))))..((......)).,43.39530943200022
GTGCGAAAAGTACATATTCCGAAAAGCTTA,((((.....)))).................,43.393944540446185
TCGAAAAGCCCTCGTTTCATTGCGAAAAGA,...........((((......)))).....,43.38165300257116
GGGCACTAGGTGTCCTTTGGTCTATTGGCT,((((((...))))))...((((....)))),43.372596231876486
GAAAAGAACATTCGCCTTCTGGTTCGAAAA,..........((((((....))..))))..,43.349045431709406
ACTCCCTTGCGGATGCTCTGCACTGTAGCT,......((((((.(((...)))))))))..,43.34716991621788
GGGCACTAGGTGTCCGTTGGTCTATTGTCT,((((((...))))))...............,43.346113700714625
GGGCACTAGGTGTCCATTGGTCTAGTGACT,((((((...))))))...((((....)))),43.33878453137229
GAAAAGTCACCTGTTCTTGGGTTACGAAAA,.....((.(((((....))))).)).....,43.331345068464664
TGGTCTATACGTCTCAAGTCTAGGCGTCCG,..(((((.((.......)).))))).....,43.3200023965413
GAAAAGTTGGGTTCTCTCACATACGAAAAG,.......((((....))))...........,43.31800914148023
CGTGCATAGGTGTCCTTTGGGCTATCATAG,.((.((.(((...))).)).))........,43.304379259748075
CTAGGTGTCCGTCGGTATTCGATGGTCTAT,......(.((((((.....)))))).)...,43.300118371988304
GCGAGATAGGTGTCCCCTGGTCAACGTCAC,(((.((((((.....))).)))..)))...,43.293245330483465
GATGTGCGGTAATCCACGATTCTCGAGCGA,...((.(((.((((...)))).))).))..,43.273143895415515
TAACTCTAGGTGTCCCTTGGTCTATTGATA,..(((..(((....))).))).........,43.267533559759336
TGGTCTATACGCTTCAAGTCTAGGCGTCCG,..(((((.((.......)).))))).....,43.267370817593935
GATCGAAAAGATCGTTGCATCGAAAAGGTC,((((.....)))).................,43.23714140338304
TAGAGTCGGGTCCATTTGGGAGGATCTGTA,......(((((((........)))))))..,43.233031530858256
TGGAGAGTCTCTTTAGAGTTGTCTGGATGA,.(((.((.(((....))))).)))......,43.23277889639397
TAGGTGTCCGGGCCGATTGCTTGGTCTATG,.....(.((((((.....)))))).)....,43.21877896393164
AGGTGTCCGTGCCTATTGCTTGGTCTATGT,....(.(((.((.....)).))).).....,43.208248966638806
GAAAAGGATACTTCCCGTACATTCCGAAAA,.....(((....)))...............,43.197718444956564
GGGCACTAGGTGTCCTTTGGTCTATAGACT,((((((...))))))...((((....)))),43.194339182585594
GAAAAGGATCATTCCGTAGATTTCCGAAAA,.....(((....)))...............,43.19342466751249
GCTGGTAGGGTGTCCCTATGGGTCTATTTA,(((.((((((...)))))).))).......,43.1870359708141
GAGTCTAGGTGTCCTTTGGTCTATCCATCG,((.(..(((...)))..).)).........,43.18470926645152
GAAAAGAATTCAGCTTTAGCATATCGAAAA,............((....))..........,43.17572920152048
GAAAAGCAGTTGTACTTCTGTCAGCGAAAA,........((((.((....)))))).....,43.156907834925335
GAAAAGCTGGTTCTTCGGTTACTGCGAAAA,....((((((....))))))..........,43.14788536041892
TGATTGGTCTACTCATAGGCGTCCAGAGGG,......(((((....)))))..........,43.14386074303368
GGGCACTAGGTGTCCACTGGTCTATTGTCT,((((((...))))))...............,43.129947112776385
GTGCGAAAAGTACTAGTTACGAAAAGTTAG,((((.....)))).................,43.088834975387286
GAAAAGAACTCAGCTTTAGCATATCGAAAA,............((....))..........,43.072046418526085
GAAGGTCTATGAGTTTGCATAGGTGTCCGC,...((((((((......))))))...))..,43.06841825494103
CAAGGTGTCCGTGCCTATTGCTTGGTCTAT,......(.(((.((.....)).))).)...,43.06568957675845
GAAAAGCTGATCTTCTGGCCAGTGCGAAAA,.....((((.((....)).)))).......,43.06163111344418
GGAGTTTATGTTCCCAACCTAGTCGTCTGC,((((......))))................,43.05053536830236
GAAAAGAAGGTATTCCTCGAATTTCGAAAA,((((...(((....)))....)))).....,43.03945858305555
GAAAAGGTTGTTACCATCATTATCCGAAAA,.....(((....)))...............,43.031261320615855
TAGGTGTCTACTACCTAGGTTGAAGGTCTA,((((((.....)))))).............,43.01033693869099
ACTCCCTTGCGGATGCTCTGCACTGTAGTT,......((((((.(((...)))))))))..,42.99859925610876
GGAGTGGTCAAAATGTCGTTTGTCTTCGGT,...(.((.((((......)))).)).)...,42.96662746496436
CGAAAAGATGGCAGTATTCATCCATCGAAA,......(((((..(....)..)))))....,42.95403162406476
TAGGTCTCTTATCCTTAAGAGGTGTCCAGG,..(((((((((....)))))))...))...,42.950936966714764
TGCCAGAGGTGTCCAGATGGGTCTATGCTT,..(((..((...))...)))..........,42.94424771371279
GAGAAAAAGGTGTCCCTTGGTCTAGTGATA,.(((..((((....))))..))).......,42.934778253809284
GGGCACTAGGTGTCCGTTGGTCTAGTGACT,((((((...))))))...((((....)))),42.929576222218714
TTGAGAGTCTCTTTAGAGTTGTCTGGATGA,((.(((..(((....)))...))).))...,42.912735691735385
ATCTAGTCGGCAGGTGCTGTGTATTCGGAT,(((((((..((((...))))..))).)))),42.901410921529944
GATGTTCGGGAATCCACGATTCGCTAGTGA,.......(.(((((...))))).)......,42.89506567014344
GGTACAGGTCTATTCATAGGTGTTCGCAAC,((.(((..((((....))))))))).....,42.882145858957244
GGGGGAAGTTCATTCATAGTTGTCTGCCGT,((.(((....((........))))).))..,42.87923179138184
CTAGGTGTCCGATCATCCGTATTGGTCTAT,..........(((((.......)))))...,42.86688920399993
ATAGGAGGTGTCCACTATCGTGTCGTCTTG,....((((((..(((....))).)))))).,42.86025728562698
TGGAGTTGTCTGGTTTCACTAGTCGTCTGT,...((.((.(((((...))))).)).))..,42.84527692312215
ATATTGGTCTCTTCAGAGGTGTCCGCATCT,....(((((((....))))...))).....,42.837172875430596
GGGCACTAGGTGTCCTTTGGTCTATTGTCT,((((((...))))))...............,42.83502518152946
GAAGCATAGGTGTCCGTTGGTCTATCCGTT,((..((..((...))..)).))........,42.834528060448626
CTAGGTGTCCAGGTTGTCCGTTTGGTCTAT,......(.(((((....))...))).)...,42.81513899999212
GAAAAGGTTATTCTTCTGAGCCGCCGAAAA,.....(((..(((....)))..))).....,42.79096688273064
GAGACAGAGGTGTCCTTTGGTCTCTTTCGC,((((((((((...))))).)))))......,42.78510938081967
GAAAAGTTCTCCTCTGGTTCGTAACGAAAA,.................((((...))))..,42.77771545414164
CGTGGTCTCTTCAGAGGCGTCCGCTTGTCG,.((((((((....))))...))))......,42.75200782751723
CAGGGGAAGTGCCTGCTTTAGTAGGGTATG,...........(((((....))))).....,42.7439585415501
AGTGCCTAGGTGTCCTTAGGTCTATGCGAT,...(((((((....))))))).........,42.73770590335965
GAAAAGAGCAACCTCTTGGTATATCGAAAA,.....((...(((....)))...)).....,42.73024711833522
CTAGGGGTATGTCGGGATTCGATGGTCGAT,......(..(((((.....)))))..)...,42.728444257491994
GAAAAGATCCTGGATATTTCCAGCCGAAAA,.........(((((....))))).......,42.72236499284132
GAAAAGTGTGGTTTCTACCTTACCCGAAAA,.....(((.(((....))).))).......,42.71859677581194
GAAAAGGATCATTCCCGTACTCTCCGAAAA,.....(((....)))...............,42.71793444411425
TGCGAAAAGTAGTCCCTCGATCGAAAAGTA,(((.....)))...................,42.69828683047845
AACGAGGTCTCTTTAGAGGTGTCTTAAGAT,...((.(((((....))))).)).......,42.682352497653895
GATGTGCGGTAATCCACGATTCCCGAGGGA,......(((.((((...)))).))).....,42.66399522382913
GAAAAGATACTGTTCTCAGCAATTCGAAAA,.........(((....)))...........,42.658908525263115
AAAAGATACTGTTCTCAGCAATTCGAAAAG,........(((....)))............,42.658908525263115
AGCAAAAGGTGTCCCATGGTCTATAGAGAG,.......((....))...............,42.64415829317242
CGAAAAGTCTTGCTATTGTACAACGAAAAG,......((..(((....)))..))......,42.62726562070318
ATAGCATAGGTGTCCTTTGGTCTATCAATG,....((.(((...))).))...........,42.61047280682821
TAGGTGTCCACTACCCAGGTTGAAGGTCTA,..((((.....))))...............,42.60681799929074
CAGCAATAGGTGTCCTTAGGTCTATAATTG,..((...(((...)))...)).........,42.606423398200796
GAAAAGCAATCTTCTGATTCTTAGCGAAAA,(..(((.((((....)))))))..).....,42.59538056228286
AGCAAAGAGGTGTCCTCTGGTCTCTTGCAT,.(((((((((...)))))......))))..,42.594438515670106
GAAAAGAATTGCTTATTGGCTAGTCGAAAA,.....((...(((....)))...)).....,42.59107623917231
TGTGAAAAGCCCTGTTTAATGCGAAAAGCA,...................(((.....))),42.55226369277966
GAAAAGGGTCATTCTTGATAGCCACGAAAA,.....((((((....))))..)).......,42.54663960141588
CAAGATAGGTGTCCATGTTGGTCTATTGCG,...((((((...(((...)))))))))...,42.545091830960715
CGCATTAGGTGTCCTAGTCTGGTCTATCAG,((.((((((...)))))).)).........,42.54399120056057
CGGTTATAGGTGTCCTTTGGTCTATCATAG,.(((((.(((...))).)))))........,42.53947423522693
GACGAAAAGATCATTTACTTCCGAAAAGGA,...................(((.....))),42.527020794589475
CGTGCATAGGTGTCCTTTGGACTATCATAG,.((.((.(((...))).)).))........,42.5227720995201
TACGAAAAGTACTATTATGTCCGAAAAGTT,(((.....)))...................,42.51743920642677
GAAAAGATCAGATCTTTCTCATCGAAAAGG,.....(((.(((....))).))).......,42.51558729199825
TAGGTCTATGCGCGGTACATAGGTGTCCAG,..((((((((.......))))))...))..,42.51455931876649
TGCGAAAAGTAGATTCACTCACGAAAAGTT,(((.....)))...................,42.511150177846034
GCAAAAAGATTATCCATGATCGAAAGCATA,((.....(((((....)))))....))...,42.50300088717192
GAAAAGCTTATTGGCTACTGTCCGCGAAAA,....((((....))))..............,42.48546887091257
CTTGCATAGGTGTCCTTTGGTCTATCATAG,....((.(((...))).))...........,42.483434272786084
TGGTCTATGCATCGTTAGCATAGGTGTCTG,...(((((((.......)))))))......,42.46915942132284
GAAAAGAGATGCTACAGGATTATCCGAAAA,................(((...))).....,42.46904186911901
GGGCACTAGGTGTCCTCTGGTCTATTGTCT,((((((...))))))...............,42.44579649600676
CACATCTAGGTGTCCCTTGGTCTAAAGCTG,...(((.(((....))).))).........,42.41937388957093
CTAGGTGTCCGGGCCTTTTGCTTGGTCTAT,......(.((((((.....)))))).)...,42.41779219460224
GCAGAAAGGTGTCCATTCTGGTCTACTGTC,.(((((.((...)).)))))..........,42.41033960744795
ATGGTCTATCCATTAGGCATAGGTGTCCGA,..(((((((((....)).)))))...))..,42.40889366216145
GAAAAGCTCGCATCTTTGATGCATCGAAAA,.........(((((...)))))........,42.405319700227516
TAGGTCTATTCGTGTCGCATAGGTGTCCAG,..(((((((.((...)).)))))...))..,42.39094153956757
CACATCTAGGTGTCCCTTGGTCTACAGCTG,...(((.(((....))).))).........,42.38220325824949
ATGGTCTATGATCGGATCATAGGTGTCTGT,....((((((((...)))))))).......,42.38123050886982
GAAAAGATTAGGGTTTTACCCCCTCGAAAA,..........((((...)))).........,42.37038686017036
GAAAAGATGTTTACTCGTAATGCGAAAAGG,..............((((...)))).....,42.368724894778055
GCGAAAAGCGTTTTGTTGTATGCGAAAAGT,((.....)).((((((.....))))))...,42.36090487181887
ACTCCTTTAGGATGCATCTGCACTTTAGCT,..(((....)))(((....)))........,42.35409599931578
TGTGCGAAAAGATTTGGTTCGAAAAGAACT,...............(((((.....))))),42.35250516523183
GAAGGTCTATGCCAAATCATAGGTGTCCGC,...((((((((......))))))...))..,42.350890514350326
GAAAAGTAACGTTCTTGTTATATGCGAAAA,.....((((((....)))))).........,42.34173751007199
AGGTCTCTTATCCTTAAGAGGTGTCCAGGT,.(((((((((....)))))))...))....,42.33964246446542
TATCGAGGTGTCCGGATTCTGGTCTCTAGA,....((((...((((...))))))))....,42.33897142474282
GAAAAGTAAGCTGCTTCAGCAATCGAAAAG,.........((((...))))..........,42.33438214124155
GAAAAGTTATTGCTTGCCCTATACCGAAAA,...((((....))))...............,42.31498292347963
CAGCATAGGTGTCCTGATTCTGGTCTATCC,(((..((((...))))...)))........,42.30464120694626
GAAAAGAGGATCGTTTATCGGAATCGAAAA,.................(((....)))...,42.29380739181748
GAAAAGAAACAGGTTTATCGGGTTCGAAAA,.................(((....)))...,42.28506629780298
CTCGAAAAGGTCTAGCATTCCCGAAAAGGG,...................(((.....))),42.27711995095595
TACAGGTCTATGCATTCATAGGTGTCCGTC,....((((((((....))))))...))...,42.273069654711094
GGGCACCAGGTGTCCATTGGTCTATTGACT,((((((...))))))...((((....)))),42.271493131869846
TAGGTCTATGCGCGTTACATAGGTGTCCAG,..((((((((.......))))))...))..,42.262442772241755
TACGAAAAGGACTTATCTCTCCGAAAAGGA,...................(((.....))),42.25349633406215
ATGGTCTATGATCTGATCATAGGTGTCTGT,....((((((((...)))))))).......,42.24702534751534
TTAGCGAAAAGAATCACATCGAAAAGATAA,.................(((.....)))..,42.24268926197784
GAAAAGATATGGATTCTTCCAGAGTGAAAA,.........((((....)))).........,42.23364092286562
ACTCCTTCAGGATGCATCTGCACTTTAGCT,..(((....)))(((....)))........,42.233584730529174
TAGGTCTATCGTTAAACTATAGGTGTCCAG,..((.(.(((...........)))).))..,42.23028597018795
GAAAAGCGTCATTGGATTCTTCCGCGAAAA,......(((....(((....))))))....,42.226623212296744
GGTTTGGTCTATTAATAGGCGTCCGGGTGA,((....(((((....)))))..))......,42.224052655844964
GAGGAAAAGGTGTCCCTTGGTCTAGTGATA,.(((..((((....))))..))).......,42.22210135632094
AGTGCATAGGTGTCCTCTGGTCTATATCGT,((..((.(((...))).))..)).......,42.21740653796628
TTAGGCGGATCCATCTTTGTGGGGGATCAA,.......(((((.(((....))))))))..,42.20948596986477
GAAAAGTATCTTAGGGATCGAATACGAAAA,.................(((....)))...,42.20125968029705
AAAGGTGTCGGTCGGGATTCGATGGTCTAT,......(.(.((((.....)))).).)...,42.19741833356893
GGTGCGAAAAGATTTTGTTCGAAAAGAACT,................((((.....)))).,42.19091261833224
GTCTGGTCTCTTTAGAGGCGTCCTAATTCG,.....(((((....)))))...........,42.185277700448395
GAAAAGAGTATAGCTATTGTCGCTCGAAAA,.....((((...((....)).)))).....,42.17813971960777
GCCGGATAGGTGTCCATCGGTCTAACAGTA,(((((...((...)).))))).........,42.1618557218585
CTGATTGGTCTATTTATAGGCGTCCAGAGG,(((....(((((....)))))...)))...,42.155616604020565
GAAAAGATCTTAGATCAATCTAGTCGAAAA,.....((((...))))..............,42.13522669271369
GAAAAGTGGATGTTTTAGCATCATCGAAAA,........(((((....)))))........,42.12253217618221
AAAGTAAAGGTGTCCTTTGGTCTATGCTAT,..(.((((((...)))))).).........,42.1116302504887
CCAGGAGTGGTCATCATTTCGGATGTCTTC,((.((((((.....))))))))........,42.104164110711125
GAAGGATAGGTTGTCCTCTGGTCTACGTTT,..((((((...)))))).............,42.09956451072822
GAAAAGTGTAGTATTTCTGTGCCACGAAAA,.....(((..((((....))))))).....,42.0937883361742
GTCGAAAAGGCTGTTTTATCCCGGAAAGAA,(((.....)))...................,42.0918312319239
GAAAAGATCTCTACTTCGTTTGTCGAAAAG,..............((((.....))))...,42.0717017449774
GGGGGTCTATCCTGTGGTTAGGTGTCTGGC,(((.(((((.((...)).))))).)))...,42.05917405792159
ATACGTTAGGTGTCCTGTGGTCTATCCTAT,......((((.(.((...)).)...)))).,42.05899389683324
GAAAAGCTATATGTTCTCTGATCGCGAAAA,.....((.((..(....)..)).)).....,42.050468851849764
TAGGAGTTGTCTAGGGTTTACTAGGCGGCT,....((((((((((......)))))))))),42.0391579861637
CAGAAATAGGTGTCCCTAGGTCTAAAACTG,.(((..((((....))))..))).......,42.034183912002874
TAGGTCTATGCCGTAACTCATAGGTGTCCA,..((((((((........))))))...)).,42.02724395207286
GCCGTATAGGTGTCCCTTGGTCTATTCAGA,((((...(((....))))))).........,42.01068157404468
TAAGCGAAAAGAAAACTATCGAAAAGATTT,.................(((.....)))..,42.008925346139584
TAGGTCTATGCGCGGTCCATAGGTGTCCAG,..((((((((.......))))))...))..,41.99572730133433
GGGTCGAAAAGAGGTTTCTCGAAAAGAGAT,................((((.....)))).,41.9784115661698
TGAAAAGATATATCGTTTTAGATCGAAAAA,............(((........)))....,41.9517719157209
GAAAAGTTCCCTTCTGGTATTCAACGAAAA,.........((....)).............,41.94436589850271
GCATAGGTGTCCTATTCCCTTGGTCTATCC,..(((((...)))))...............,41.93450707320561
TAGGAGGTGTCCACTTAATGGTGGTCGTCT,....(((((.(((((....))))).))))),41.93395428483365
AGGAGGTGTCCACTTAATGGTGGTCGTCTG,...(((((.(((((....))))).))))).,41.92456650197107
GAAAAGAAGCACATCTAAGGTATTCGAAAA,.....(((...(......)...))).....,41.913905493303204
GTGGTCTATGCTGCTATCATAGGTGTCCGT,..((((((((.......))))))...))..,41.87530409275106
GAAAAGGTATGATTCTTCTGTAGCCGAAAA,.....(((..((....))....))).....,41.875282308412984
GAAAAGCATGATGTCTCGATCATTCGAAAA,...............((((....))))...,41.86588454422595
GAAAAGTAACTATTCTTAGTGCAACGAAAA,.....(((.(((....))))))........,41.84766358695381
GGCTAAAGGGTGTCCCTTGGTCTATTACAC,((((((.(((...)))))))))........,41.84323853228207
CCAGGTGTCCGGGTCTATTGCTAGGTCTAT,......(.((.(((.....))).)).)...,41.83728489618372
GAAAAGATAGTTCTCTGTACAGATCGAAAA,......((((....))))............,41.837016763820806
AGTTGGTCTATCTCTAGGCGTCCGCTCAGG,.....(((((....)))))...........,41.82784305768618
GAAAAGAATTCGCCCTTTGGGCATCGAAAA,...........((((...))))........,41.82686636834482
AAAAGTATTCGTTCTCGCATATCGAAAAGT,....((((.((....)).))))........,41.816419509754695
TTCAGGAGGTGTCCAGTTTTGGTCGTCGAT,.......((((.(((....))).))))...,41.81297033526451
CAGCAATAGGTGTCCTTAGGTCTATGATTG,..((...(((...)))...)).........,41.81281858696562
GCAGAAGGTGTCCTTGGTTTATGGTCTATC,....((((...))))...............,41.80365297162796
TCGAAAAGCCCTCGTTTCATCGCGAAAAGA,...........((((......)))).....,41.775404981949656
AAATTGGCCTCTTCAGAGGTGTCCAGCATT,...((((((((....))))...))))....,41.771395973716
AGGTGTCCACTACCGAGGTTGAAGGTCTAG,.((((.....))))................,41.76618919881578
GAAAAGATGTTTGTCTTCTGTCATCGAAAA,.....((((...(....)...)))).....,41.75930177139439
GAAAAGAGTCACGTTATTGCGTCTCGAAAA,.....(((..((((....))))))).....,41.758479368320224
GAAAAGACCTTCGTATTTGAAGCTCGAAAA,.....((.(((((....))))).)).....,41.73250680756976
GTAGTCGGGTCCGGGTTTGGAAGTGTCTGC,((((.((..((((....))))..)).)))),41.71994405533511
TGCGGGGAGATAGGAAACTAGAGGGCCCCG,..(((((...(((....))).....))))),41.717067166929965
GAGCAAAAGGTGTCCCTAGGTCTATTGATA,((.(...(((....))).).))........,41.70500738154377
GAAAAGGGTAATCTATTGATACATCGAAAA,.......(((.((....)))))........,41.69173288580386
GAAAAGAATTAACTCGTATCCATTCGAAAA,.............(((........)))...,41.67824236519862
GAAAAGCTTCAGTTCTCTTTCAAGCGAAAA,.....((((.((....))...)))).....,41.66095750844721
AAATTGGTCTCTTCAGAGGTGTCCAGCATT,...((((((((....))))...))))....,41.65723744207652
ATATTGGTCTCTTCAGAGGTGTCCGCAGCT,....(((((((....))))...))).....,41.65374092276788
AGGTGTCCACATCGATCACGTTGAAGGTCT,.((((....))))((((........)))).,41.61635411907584
TAGGTCTCTTGGTCCTTAAGAGGTGTCCAG,..(((((((((.....)))))))...))..,41.606684319672794
GAGCAAAAGGTGTCCCCTGGTCTATTGATA,((.((...((....)).)).))........,41.60423528105759
GAAAAGATATAAGTCGTACTCAATCGAAAA,.............(((........)))...,41.59830617201712
GGTGGTCTATCATTAGATAGGCGTCCGCAG,((..(((((((....)))))))..))....,41.59823434496886
GGAAATAGTCTCTTTAGAGTTGTCTGATCA,.............(((((....)))))...,41.57659038168059
ATATTGGTCTCTTCAGAGGTGTCCGCAGTT,....(((((((....))))...))).....,41.57171006900625
GAAAAGCATGATGTACTCATCTTCCGAAAA,.........((((....)))).........,41.56512358209345
AACGAAAAGAATACTCGATTCGAAAAGGTA,..((((..((....))..))))........,41.56470407446838
GAAAAGATGCCATGTTTCGTCATCGAAAAG,..............(((((....)))))..,41.55019108768897
GAAAAGATGATGCTACTGCAGTTTCGAAAA,.....((...(((....)))...)).....,41.53942656832335
AACGAAAAGAATACTCGATTCGAAAAGGCA,..((((..((....))..))))........,41.53513672807717
ATATTGGTCTCTTCAGAGGTGTCCGCAGAT,....(((((((....))))...))).....,41.531944642125445
AATTGGTCTCTTCAGAGGTGTCCAGCATTG,..((((((((....))))...)))).....,41.53169116143408
AAGGATAGGTTGTCCTCTGGTCTACGTTTG,.((((((...))))))..............,41.52456902408148
GAAAAGATCGCTGTTATTACTGCTCGAAAA,.........((.((....)).)).......,41.51877853000723
CAAATTGGTCTCTTCAGAGGTGTCCAGCAT,....((((((((....))))...))))...,41.50814430387888
GAAAAGATAAGACTCGTTTGCTATCGAAAA,.............(((........)))...,41.503091875427444
AGAGGGCCCCGTGGGTTGCTTGGGTGAGGT,.((((((((...))))).))).........,41.493544084774946
CAGTATGGTCTCCTCAGAGGTGTCTGATTG,.............(((((....)))))...,41.48288924336362
CTAGGCGTCCGGCCAGTTCTGTTGGTCTAT,..........((((((.....))))))...,41.47990796982262
AGCGCAAAGGTGTCCTCTGGTCTATGAAAT,((..((.(((...))).))..)).......,41.47258185848628
GCGAAAAGCGGACTTTATTCCCGAAAAGAG,((.....))(((......))).........,41.46892035248372
CTAGGTGTCCGCTATCCTATGCAGGTCTAT,......(.((((........)).)).)...,41.45975110286136
ACCGAAAAGTACTTACAGCTCGAAAAGAGT,.................((((.....)))),41.44686815185987
GAAAAGAAATGGATATTGTCCTATCGAAAA,..........((((...)))).........,41.442823194461795
ATATAGTCGGTAGGAGCTGTGTATACGGAT,((((((((.....)).))))))........,41.438260443627804
TTCAGGAGGTGTCCATGTCTGGTCGTCGAT,.......((((.(((....))).))))...,41.42920407771851
GAAAAGACAGCTCTCGTTAAAAGTCGAAAA,.............(((........)))...,41.42861976530353
TAGGTGTCCGATCATCCGTATTGGTCTATG,.........(((((.......)))))....,41.42395699222082
GAAAAGAGTGATCCTCTTGGTTCTCGAAAA,.....(((....((....))..))).....,41.41985147160936
AGGTCTATCGTTAAACTATAGGTGTCCAGG,.((.(.(((...........)))).))...,41.41700983223059
GAAAAGAAAGTACTCGTACACTATCGAAAA,.............(((........)))...,41.41504059858675
CAGGAGTGGTCAATCCTATGATTGTCTTCG,..((((((((((......)))))).)))).,41.4016995079342
GAAAAGAATATAGTGTCGTCTAGTCGAAAA,...............(((......)))...,41.397909677213306
TCAGGAGGTGTCCATGTCTGGTCGTCGATG,......((((.(((....))).))))....,41.38322706622425
GAAAAGATATAGCTTCTGGCAATTCGAAAA,...........(((...)))..........,41.37527848664196
GAAAAGATATCCTCTCGTTGACATCGAAAA,..............(((.......)))...,41.361082910325564
TTGGTAGTCTCTTCAGAGTTGTCTGCAGTA,..........((.((((....)))).))..,41.36048000435464
GAAAAGTCTTTAGTACCTCGTAAGCGAAAA,.................(((....)))...,41.35864865445539
GAAAAGAGGTACTCCTCATGTTCTCGAAAA,.....((((....)))).............,41.35800537315803
TAGGTGTCCACTACCTGGGTTGAAGGTCTA,((((((.....)))))).............,41.356126997076174
GTAGACTAGGTGTCCTTCGGTCTATTCTGT,((((((((((...)))..))))))).....,41.35024492409362
GAAAAGACCAGTCAGTTTCTGCGGCGAAAA,..........(((.((....))))).....,41.34849113648934
GAAAAGATGTGGTCTTCCATTCTTCGAAAA,...((((.((((....))))))))......,41.34363567058021
ATGGTCTATACAGTTGTCTAGGCGGCCGCG,...(((((.((....)).))))).......,41.34225838267935
CGAAAAGGATTGCCTTATTAACCGAAAAGG,....((((....)))).....((.....)),41.328350484494585
GAAGGTCTATCGTCCCAGCTAGGTGTCCAC,...((.(.(((..........)))).))..,41.30811309024401
GGGCGAAAAGTACCGGAATACGAAAAGAGA,((((.....)).))................,41.30276405885964
GAAAAGTATGATCTCGGATCTAGACGAAAA,.............(((........)))...,41.30010625417023
CATCGAAAAGATTCTAGACCGAAAAGATTG,.(((.....)))..................,41.28230060070326
CATATCGAAAAGTACCTACGAAAAGTAGTG,...............((((.....))))..,41.282097173120285
GAAAAGAATTGGGTCTTTCGAATTCGAAAA,.....(((((.((....)).))))).....,41.280182341228894
CAGTAGTCTCTTTAGAGTTGTCTTGCTGTG,((((((.(((....))).....))))))..,41.27237394785645
GAAAAGTTCCTCCTCGGATTATAACGAAAA,.............(((........)))...,41.2712365014265
GAAAAGAGTTGTTACTCAACATTCGAAAAG,.....((((....)))).............,41.26979282233353
CGAAAAGTATTCTCTTGGAACATCGAAAAG,(((...((.(((....))))).))).....,41.26673480583559
GAAAAGAGTTACAATCGTTAAGTTCGAAAA,..............(((.......)))...,41.25940313974642
GCAGGAAAAGAACATGTTTCGAGGGAAATC,...............(((((....))))).,41.25684904199244
CTGCTGGTCTCTTCAGAGGTGTCCTTCGGG,(((..((((((....))))...))..))).,41.248919197775656
GAAAAGATGCTCCTCGTTAGCCCTCGAAAA,.............(((........)))...,41.2448279682687
CTAGGTGTCCGGGCCTACTGCTTGGTCTAT,......(.((((((.....)))))).)...,41.23922638624508
GAAAAGAAATTCCTCGTGCGTGTTCGAAAA,.............(((........)))...,41.233984843370855
GAAAAGATTTAGATCGTCAACAATCGAAAA,.............(((........)))...,41.22843411383164
TTAAGAAAGGTGTCCTATGGTCTATGTTAG,.......(((...)))..............,41.22536764982496
GAAAAGCATTGGTCTTCCAGAGTGCGAAAA,.....(((((((....)))..)))).....,41.2246902233607
AGTCGAAAAGAACTTTTACTCGAAAAGAGT,.................((((.....)))),41.21824545679696
GGAGGGCCTTATTCGGTGTTGGGTGAGGTG,.....((((((((((....)))))))))).,41.2179886269713
CAGGGGAAGTGCCGGCTTTAGTAGGGTATG,........(((((.((....))..))))).,41.21450482219253
CGAAAAGCTCGTTCCAGGTTGCGAAAAGGT,........((((........))))......,41.21297473743564
GAAAAGATAATCGTCGTAATTAATCGAAAA,.............(((........)))...,41.2072757117403
GTACGAAAAGTGCTCATCTCGAAAAGTTAA,((((.....)))).................,41.19142469365269
ATGTAGTCGGTAGGAGCTGTGTATGCGGAT,..(((..((((....))))....)))....,41.19098353270005
AACCCGAAAAGTATACATGCGAAAAGTATT,................((((.....)))).,41.180377050438864
GGTAATAGTCTCTTTAGAGTTGTCTGATCA,.............(((((....)))))...,41.15916450271625
GAAAAGCTAATGTCCCTGCTCCTGCGAAAA,................(((....)))....,41.15865464012576
GAAAAGGAAGTATCTCGGTATCAACGAAAA,..............(((.......)))...,41.15434995812831
TCACGAAAAGTGTTACCAATACGAAAAGGA,.(((.....)))..................,41.135461525011735
GAAAAGGTAGTATCTCGGTATCAACGAAAA,..............(((.......)))...,41.107967158052716
GAAAAGCTCATTCTATTGGATCTGCGAAAA,.....((..((((....))))..)).....,41.10490136843132
AGGGAAAAGCAACATATCAAGCGAAAAGCT,...................(((.....))),41.077341287717616
AGCGTCTGGGGTTCAGTGTGTTTACAAGTA,.(((.(((.....))))))...........,41.04602537103676
CACATCTAGGTGTCCTGTGGTCTATAGCTG,...(((((((...)))).))).........,41.036576187910164
GAAAAGATATTGCTCTGCTAGAATCGAAAA,.....(((...((...))....))).....,41.01216657947208
GAAAAGAATAGAACTCGTCTTACTCGAAAA,..............(((.......)))...,41.00697754191648
GAAAAGTTGCATGTTCTTGTCCAACGAAAA,.....((((.(((....))).)))).....,41.00242859436947
CAGGAGTGGTCGCTCTATAGTGTGTCTTCG,..((((....((((....))))...)))).,40.98594597881575
CACTGGGTCTTTTCAGAGGTTGTCTGATTG,............(((((.....)))))...,40.97215512880629
AGTGCCTAGGTGTCCTTAGGTCTATGCGTT,...(((((((....))))))).........,40.95688713634847
GAAAAGCCGGTATTCTTCCTCGTCGAAAAG,((..((..((....))..))..))......,40.95154404721223
GGGCACTCGGTGTCCATTGGTCTATTGACT,((((((...))))))...((((....)))),40.9305300637469
GATGTCTGGTAATCCATGATTCGCGAGCGA,((.((((((....))).)))))........,40.92289654815812
GAAAAGATGTGCTTTCTAGCAAATTGAAAA,.....(((.((((....)))).))).....,40.92235026163432
GAAAAGAGAGCGGTATTTTGCAATCGAAAA,.....((..((((....))))..)).....,40.92021263063
GTGCCTAGGTGTCCTTAGGTCTATGCGATG,..(((((((....)))))))..........,40.915864503204304
CGAAAAGTCATTATCGTTTAGTGCGAAAAG,.............((((.....))))....,40.9047951104343
GAAAAGTTCGAATTCGAAATGTAACGAAAA,......((((....))))............,40.90299961182959
CAGGGGAAGCGCCTTCTTTAGTAGGGTATG,..(((((((...)))))))...........,40.89806742659151
TAGGTCTCTTGATGCGTAAGAGGTGTCCAG,..(((((((((.....)))))))...))..,40.897758232944405
GAAAAGGGAGTCTTCTTCCGATCCCGAAAA,.....(((((....)))))...........,40.87855980113916
GAAAAGAAGCTAGGTTTACCTTATCGAAAA,...........(((....))).........,40.870061891931115
AGCGTGTGGGGTTCACAGTTGTTTCTAGTA,(((.((((.....)))))))..........,40.86480271528605
GTGCCTAGGTGTCCTTAGGTCTATGCAATG,..(((((((....)))))))..........,40.861714118550395
GAAAAGCTTGTGCTATTCTACACGCGAAAA,(((.(((....))).)))............,40.85451038015959
GTAGCTTAGGTGTCCCCAGGTCTATTCTTA,(((((((.((....)).))).)))).....,40.847907757895406
CAGGCTTAGGTGTCCTTTGGTCTACGACAG,.(((((.(((...)))..))))).......,40.84145416544206
GAAAAGTATTGCTTCTTAGCGAAACGAAAA,.....((.(((((....))))).)).....,40.84012218190199
GGCTAAAAGGTGTCCCCTGGTCTATTACAC,(((((...((....)).)))))........,40.8397643361112
TGAGGCATAGGTGTCCCTTGGTCTATCTCG,..((((..(((....)))..))))......,40.83623398175093
GGTTTGGTCTATTCTTAGGCGTCCGGGTGA,((....(((((....)))))..))......,40.834894895576795
ACTCCTATAGGATGCATCTGCACCTTAGCT,....(((.(((.(((....)))))))))..,40.8218680002825
CGAAAAGTATTATCGTGTTATAGCGAAAAG,............((((......))))....,40.82158529828762
GTAAAAAGGTGTCCTCAGGTCTATTCTAGT,......(((...)))...............,40.81530318243674
TCGAAAAGTTGATCGTAGAGGGCGAAAAGA,............((((.....)))).....,40.81504771956092
GAAAAGAATTGCTTTTGGCTAGTCGAAAAG,.....((...(((...)))...))......,40.810340248255685
GAAAAGAATATTGCTCGTCCCATTCGAAAA,..............(((.......)))...,40.798336197529316
CTAGGTGTCTGCCGTGTGACGGTGGTTTAT,........(((((((...))))))).....,40.793160293320845
GAAAAGAGATGCGTGTATTCATGTCGAAAA,..........(((((....)))))......,40.79202141342276
AGCGAAAAGAAATTGTCGGTTCGAAAAGTT,..((((..((.....))..)))).......,40.78597372661352
AAGGTCTATCGTCTCAGCTAGGTGTCCACG,..((.(.(((..........)))).))...,40.77056818393233
GAAAAGTATCTTTAGTCGCGTATACGAAAA,...............(((......)))...,40.76539116222928
GAAAAGATATACTCGGGTTCATAGCGAAAA,............(((.........)))...,40.74913950059035
GAAAAGATTCTGCTTATGCTACATCGAAAA,.....(((...((....))...))).....,40.74763247869073
CACTTGGTCTCTTCAGAGGTTGTCGGAGTG,(((((.(((((....))))....).))))),40.739165372997945
GAAAAGCTTTCTTGGGCTTTAAAGCGAAAA,..(((((((....)))))))..........,40.72705202855528
GAAAAGATAAGACCTCGTTACTGTCGAAAA,..............(((.......)))...,40.72088533904537
CTAGGGTGTCCCTGAATCTTGTGGGTCTAT,.(((((...)))))................,40.71092352792505
GAAAAGCATTTAGTCCTCGAAACGCGAAAA,................(((.....)))...,40.706669721456976
TAGCAGAAGGTGTCCATGCTAGTCTATCTT,(((((...((...)).))))).........,40.70539337146637
GAAAAGCTGTATATCGTCCTACATCGAAAA,.............(((........)))...,40.68979845561336
GTCGATAGGTTGTCCTTTGGTCCATCAAGT,.((((.(((....)))))))..........,40.66703559816311
GAAAAGCTTCTACTACTCGTGAATCGAAAA,................(((.....)))...,40.66532577425414
CGAAAAGCTATCGTTATGTAATGCGAAAAG,..........((((........))))....,40.663004178575825
GAAAAGCTCTGTATCCTCGATCCGCGAAAA,................(((.....)))...,40.65943343312786
GAAAAGATTCAACCTCTTGGTCATCGAAAA,.....(((...(((....))).))).....,40.65920293473039
CGAAAAGTTAGCTTCTGCGATATAACGAAA,......((((((....))....))))....,40.657807203538695
AGCAGAAGGTGTCCATGCTGGTCTATCGTG,((((...((...)).))))...........,40.65366736096077
GCCATATAGGTGTCCCTTGGTCTATTCAGA,((((...(((....))))))).........,40.638007751628095
CTAGGTGTCCGTCGGTATTCGTTGGTCTAT,......(.(((.((.....)).))).)...,40.62573324096503
GAAAAGATTAGCTCGTACAGATATCGAAAA,............(((.........)))...,40.615339565506346
CAGGAGTGGTCAATCCCATGATTGTCTTCG,..((((((((((......)))))).)))).,40.61167980662646
GAAAAGATCCTACCTCTTGGTCATCGAAAA,.....(((...(((....))).))).....,40.60115982836182
GGTAGGTCTCTTCAGAGGTTTGTCCAGAGA,((((((((((....)))))))).)).....,40.59432395579029
AAAAGATCAGATCTTTCTCATCGAAAAGGT,....(((.(((....))).)))........,40.59424777444243
TACGAAAAGTAATGAATTCAGCGAAAAGTA,(((.....)))...................,40.59374375991272
GAAAAGAGGGCCATCTTGGTCGCTCGAAAA,.....((((((((...))))).))).....,40.5868631260785
CAACGAAAAGGATTCCAGTCGAAAAGTCTG,...............(((.(.....).))),40.57321910814259
GAAAAGATATTACCGTATTCGGATCGAAAA,............(((....)))........,40.55474629630048
CGAAAAGCCATCGTTAAACTCTGCGAAAAG,..........((((........))))....,40.53270844603929
GAAAAGTGCTCTTACCTCGTATGCCGAAAA,................(((.....)))...,40.53246300307588
GAAAAGATCAGTCTTTGACTACTCGAAAAG,.....((..((((...))))..))......,40.521234240801235
CTAGGGTGTCCCTGTATCTTGTGGGTCTAT,.(((((...)))))................,40.514268181458434
GAAAAGAAGCACATCTAAGGTATTCGAAAG,.....(((...(......)...))).....,40.50921204860218
GAAAAGCTCTGTAACCTCGATCCGCGAAAA,................(((.....)))...,40.50857077762263
GAAAAGCCGTATCTTTATGGTCGCCGAAAA,.....((((((....)))))).........,40.505964785246235
GAAAAGCTGTATCTTCTGGAACATCGAAAA,.......(((.((....)).))).......,40.49536600045144
GAGCAAAAGGTGTCCCCTGGTCTAGTGATA,((.((...((....)).)).))........,40.49281101470317
GAAAGGCTATTGTTCTTCACATTGCGAAAA,(((.(((....))).)))............,40.484055065513324
GAAAAGAGATGCTTTCTAGTAGCTTGAAAA,.....(((.((((....)))).))).....,40.478011780698715
TACGAAAAGTAAGTCTCATCTCGAAAAGAA,(((.....)))...................,40.47076525580657
GTTACGGTCTCTTCAGAGGTGTCCATAAAG,.....((((((....))))...))......,40.47032410264259
GAAAAGAACAGGATCTTGTCCACTCGAAAA,..........((((...)))).........,40.46970058346437
CTAGGTGTTCATTACCTATTTGTGGTCTAT,.((((((.....))))))............,40.468300286843046
GGAGTCTATGTTCCCAACCCAGTCGTCTGC,((((......)))).....(((....))).,40.46727595882825
GAAAAGTAAACATCCCTCGTTATACGAAAA,................((((...))))...,40.45810986879403
GAAAAGTTTTCTCATCTCGAACCGCGAAAA,................(((.....)))...,40.45797962335989
GATGTTCAGTGAATAGCTTTCCTCTAGTGA,..(((((...)))))...............,40.442966168468736
GAAAAGTAAATTAACTTCGTGTTTCGAAAA,...............((((.....))))..,40.435096743781486
TGCGAAAAGTCATTTGTATAGCGAAAAGCG,((((((......))))))..((.....)).,40.42943840207261
GAAAAGATTGATCTATGATCCCCTCGAAAA,.........((((...))))..........,40.42411416318613
GAAAAGTGTGCTTTCTTAAGCCTTCGAAAA,.........((((....)))).........,40.40886484316879
GAAAAGCCTTCATCTCGGAATCAGCGAAAA,..............(((.......)))...,40.40683092920635
CGAAAAGAATCTCTTAATACTCGAAAAGAG,...................(((.....))),40.403844292059134
TAGATGGTCTCTTCAGAGGTGTCCACCGTT,..(((((((((....)))......)))))),40.3977127331622
AAGGTCTATCGTCCCAGCTAGGTGTCCACG,..((.(.(((..........)))).))...,40.39740637285047
GAAAAGAGCTGTCTTTACTCTGGTCGAAAA,((..((((.((....))))))..)).....,40.39692939333884
GAAAAGCTATCTGGTATTCCGAGGCGAAAA,.....(((.((.((....))))))).....,40.39506841034012
GAAAAGAGTTATGCTCAGCTTACACGAAAA,.....((((...))))..............,40.3915367074801
GAAAAGCAATACTTCTGTACTTGACGAAAA,......((((((....))).))).......,40.36588018118665
CCGAAAAGGATTGGGCAGTTCCGAAAAGCG,((.....)).((((......))))......,40.36419770974438
TACGAAAAGTATTGTCTCCATCGAAAAGTA,(((.....)))...................,40.36266518821311
GAAAAGAGGTGTTATCACGAAATCGAAAAG,........(((....)))............,40.35380294915665
GAAAAGTTAACCCTATTGGTCATACGAAAA,.....((....((....))....)).....,40.35308306167687
GATAGTCTATGCATAGGATAGTTGTCTGTT,(((((.((((.(...).)))))))))....,40.35113189398165
CGAAAAGATCTTGTCTTTACGATCGAAAAG,((.((((((...)))))).)).........,40.34570406027253
GAAAAGAAGTCAATCTTTTGAGATCGAAAA,.....((..((((....))))..)).....,40.342636240786405
GAAAAGGAGTATGTTAATCGAAGCCGAAAA,.................(((....)))...,40.342226217346145
CGGGAGTGGTCATCATTTCGGATGTCTTCG,(.((((((.....)))))).).........,40.32853582773049
GAAAAGTGTCAGCTTTTGGTTGACCGAAAA,.....(.(((((((...)))))))).....,40.32833307789643
GAAGGTCTATCGTCTCAGCTAGGTGTCCGC,...((.(.(((..........)))).))..,40.29951724790362
GAAAAGTGCATAGGTTTCAACCAACGAAAA,............(((....)))........,40.29669422455121
AGGAGGTGTCCATTCTCCAGTGGTCGTCTG,...(((((.(((((....))))).))))).,40.286230148322886
GAAAAGTATGCATGTTTGCGCCCGAAAAGG,.........(((....)))..((.....)),40.283482428612935
TGAGGCATAGGTGTCCCTTGGTCTATCCCG,..((((..(((....)))..))))......,40.280372315987606
CAGTATGGTCTCTTCAGAGGTGTCCGATTG,((((.(((((((....))))...))))))),40.263941322874366
AGGTCTATCGTCCCAGCTAGGTGTCCACGT,.((.(.(((..........)))).))....,40.259261572237364
CCGAAAAGGGAATAACATAGAGGAAAAGAG,((......))....................,40.25626653616438
TAGGTGTCTGTCGTTATTCGATGGTCTATG,.....(.((((((.....)))))).)....,40.249056737770594
GAAAAGAAATCTCGTTAAAATCTTCGAAAA,...........(((..........)))...,40.243135137382325
GAAAAGCTATAGCATTCTTGCAAGTGAAAA,.....(((...(((....))).))).....,40.239515070968345
AGAGGGCCCCATGTGTTGCTTGGGTGAGGT,.......((((.((...)).))))......,40.21462271623923
GAAAAGTTCTGACTCTTGTCTATACGAAAA,.....((...(((....)))...)).....,40.21080401226779
GAGGCATAGGTGTCCCTTGGTCTATCTCGG,.((((..(((....)))..)))).......,40.19930054901846
TCGAAAAGTTATGGTTGTTCTCGAAAAGAG,...................(((.....))),40.1904571544598
GAAAAGAAGTAATCGTAAATCGTTCGAAAA,............(((.........)))...,40.17279840879726
ATTGAAAAGGAACTAAGTATCGAAAAGATG,.................((((.....)))),40.16791156218741
GTATCGAAGGTGTCCTTTGGTCTACGCTAT,((((((((((...))))))))..)).....,40.16065911059636
GGTTTGGTCTATCCATAGGCGTCCGGGTTA,((....(((((....)))))..))......,40.160123424131065
GAAAAGCAGATAACTCGTTATGGTCGAAAA,..............(((.......)))...,40.159362391017304
GAAAAGAGTAATCGTAGTGTTCATCGAAAA,...........(((..........)))...,40.15605085455515
ACCGAAAAGGTATTCTGTTAGTGAAAAGGG,(((.....)))...................,40.14824604606687
AGGAGTGGTCAATCCTATGATTGTCTTCGG,.((((((((((......)))))).))))..,40.14284724908194
GGCACGAAAAGTACTGTCACGAAAAGTGGT,................((((.....)))).,40.133337969025625
GAAAAGCCCTTGTTGGTATAGCGAAAAGCC,.....(((......)))...((.....)).,40.124271466361556
TAAAGAGGTGTCCTCTGGTCTCTTGCATGT,...(((((...)))))..............,40.12384626821208
GAAAAGGGATCTTTCTCTGAATCACGAAAA,((..(((((....)))))...)).......,40.122872580587305
GAAAAGATCGTTAACATTCGCTATCGAAAA,................((((....))))..,40.119519443854706
GAAAAGAATAGTCTCGCCCCGTTTCGAAAA,.............(((........)))...,40.118992334823304
GAAAAGGTGCTTTTGCTGTAATCCCGAAAA,........((....))..............,40.11340712995735
GAAAAGGGATATTTCCTAATAGACTGAAAA,.....((((....)))).............,40.096789408005094
GAAAAGAACCTCGTTAACAGAATTCGAAAA,..........(((...........)))...,40.093734966211095
TAGCCGAAAAGATTCAATTCGAAAAGAATA,................((((.....)))).,40.09253201749742
GAAAAGATTTATGCTTTAGCAGTTCGAAAA,.....((....(((....)))..)).....,40.087820278177844
TAGATGGTCTCTTCAGAGGTGTCCACCTTT,.((.(((((((....))))...))).))..,40.08349358692382
AGGTCTATCGTCTCAGCTAGGTGTCCACGT,.((.(.(((..........)))).))....,40.08297283386868
GGGGGAAGTTCATGCATAGTTGTCTGCCGT,((.(((....((........))))).))..,40.07868402499566
ACTCCGATAGGATGCATCTGCACTGTAGCT,..(((....)))(((....)))........,40.07840244447115
GAAAAGAATTATGCTTACTAGCTTCGAAAA,............(((....)))........,40.07812895164274
AGTAGAGAGGTGTCCTCTGGTCTCTTGCAT,.....(((((...)))))............,40.07764605972121
GAAAAGCACGTGTGTTTCACACTTCGAAAA,.........(((((...)))))........,40.064900840770306
GCACGAAAAGGAATGTCATACGAAAAGTAA,..................(((.....))).,40.06345787622527
GAAAAGTATGTATCGTAAGATCTTCGAAAA,............(((.........)))...,40.051910056960836
GGGCACTAGGTGTCCATTGGTCTATTGATT,((((((...))))))....(((....))).,40.0445028424697
GGATTGGTCTATTGATAGGCGCCCGAGCTC,((....(((((....)))))..))......,40.03001246438948
GAAAAGAAGATCGTTATACTCATTCGAAAA,..........(((...........)))...,40.02121180248283
GAAAAGTCTGCATCTTTGCCCTGACGAAAA,.....(((.(((....)))...))).....,40.011985896856004
CGAAAAGATTCGGATGTTTGAAACGAAAAG,........((((...........))))...,40.00844708946354
CTAGGTGTCCGGGCCTATCGCTTGGTCTAT,......(.((((((.....)))))).)...,40.00735199554087
AGTAAAGAGGTGTCCTCTGGTCTCTCGCAT,.....(((((...)))))............,40.00551699274695
GAAAAGAAGCTTGTTCTCAACCTTTGAAAA,.....((((.(((....))).)))).....,40.003549160604074
CGAAAAGCTGTCGTCTTTAAATGCGAAAAG,..........((((........))))....,39.99063600191816
CCGTAGAGGTGTCCCGTGGTCTATGCAGAG,.((((((((....))....)))))).....,39.990409556938594
GAAAAGTCTCAACTATTGTTGCAACGAAAA,.....((..((((....))))..)).....,39.98381640345118
CTAGTTTAGGTGTCCCTTGGTCTATGCAGG,.(((...(((....)))....)))......,39.98151981155673
TAGGAGGTGTCCATTCTCCAGTGGTCGTCT,....(((((.(((((....))))).))))),39.95749451613898
GAAAAGCTATCCTCGAAATTCCCGCGAAAA,............(((.........)))...,39.951032956104726
ATAGTCCATCTTCTCAAGATAGTCGTCTGA,...(.(.(((((...))))).).)......,39.949580085610236
GAAAAGATGCTATTGCTATTGAATCGAAAA,((...(((((....)).)))...)).....,39.94717365369834
CGAAAAGCAGTCGTCTTTAAATGCGAAAAG,..........((((........))))....,39.94422945432895
AAGGAGGTGTCCATTCTCCAGTGGTCGTCT,....(((((.(((((....))))).))))),39.93113487183993
TAGGAGGTGTCCATAATTGTTTGGTCGTCA,.....((((.(((........))).)))).,39.920773331351086
GAAAAGTTCAGTGGATTCCGCGTTCGAAAA,..........((((...)))).........,39.92021397731445
TCTAGGTGTGCGGCCGTTGGCTGGTCTATT,..........(((((...))))).......,39.91743227205656
GAAAAGTTATGTCTCGCAAATAAACGAAAA,.............(((........)))...,39.91624414425903
GAAAAGAACTATATCGCATGATTTCGAAAA,.............(((........)))...,39.913075585856035
AGGAGTGGTCAATCCCATGATTGTCTTCGG,.((((((((((......)))))).))))..,39.90227809722475
CTAGGTGTCCATGTTGAACGTTTGGTCTAT,((((((((.((...)).)))))))).....,39.88794337449881
GAAAAGATAGATTCTGTCCCGTATCGAAAA,.....(((((...)))))............,39.882730082808976
GAAAAGATAGATTCTGTCCCATATCGAAAA,.....(((((...)))))............,39.882596078018395
GAAAAGGTTTACCTCGTACTACACCGAAAA,....(((....)))................,39.87739417730236
GGGGGAAGTTCATGCATAGTTGTCTGCCGG,((.(((....((........))))).))..,39.87555902499566
GGTTTGGTCTATTCGTAGGCGTCCGGGTGA,((....(((((....)))))..))......,39.86880865422986
CCGTATAGGTGTCCCTTGGTCTATTCAGAG,(((...(((....))))))...........,39.856249013494626
AAAAGATAACACCCTTCGTGATTCGAAAAG,..............((((.....))))...,39.83394866151099
CACCGAAAAGATTCTAGAACGAAAAGTTTG,................((((.....)))).,39.83248512628523
GGTTTGGTCTATTCGTAGGCGTCCGGGTTA,((....(((((....)))))..))......,39.83130865422986
GAAAAGTTTTGTGGTCTCGACATTCGAAAA,................((((...))))...,39.825634853398086
CGAAAAGCTATCGTATTAATTCGCGAAAAG,..........((((........))))....,39.81981505617236
GCCTCTAGGTGTCCTATGGTCTATTGGTTG,(((..((((...)))).)))..........,39.814420874513154
GAAAAGAAACCTTCTTAGGTCTTTCGAAAA,((((.((..(((....))))))))).....,39.809956550940235
GAAAAGGTCTGTCTTCAGTACTCCCGAAAA,....((..(((....)))..))........,39.787687929543274
GAAAAGGGTTACGCTTATTAGTCCCGAAAA,.....(((....(((....)))))).....,39.77134915829797
GAAAAGGGTCACGCTTATTAGTCCCGAAAA,.....(((....(((....)))))).....,39.77030793546142
TAGAGGGTCTATTAATAGGCGTCCAACTGG,....(((((((....)))))..))......,39.765059347836356
TAGGTCTATCGTTAACTATAGGTGTCCAGG,..((.(.(((..........)))).))...,39.70979817601831
CGAAAAGATATCCGGGTTCGGTTCGAAAAG,((((..((.........))..)))).....,39.69741492026027
CACACCTAGGTGTCCCTTGGTCTATAGCAG,...(((.(((....))).))).........,39.687479108068686
GAAAAGTGTCGTTTCTTAACATACGAAAAG,.....((((.(((....)))))))......,39.68383421159598
CTAGGTGTCCGGGCCTAATGCTTGGTCTAT,......(.((((((.....)))))).)...,39.68001384280142
CCAATGAGGTGTCCCGTGGTCTATGTGCTG,(((.((.((...)))))))...........,39.66816035443248
GGGATAGTCCCTTCAGAGTTGTCTGTACTA,((((...))))..((((....)))).....,39.66617684595572
GAAAAGTGTTCACTATTGTCTCCACGAAAA,.....(((...((....))...))).....,39.662959746484304
TAGGTGTCCGGGCCTATTGCTTGGGCTATG,.....((((((((.....))))))))....,39.65601736367543
GAAAAGGGTCTTGCTTTGCATCTCCGAAAA,......((...(((...)))...)).....,39.64184587991815
TGGTCGATACGTTTCAAGTCTAGGCGTCCG,.((.((..((.......)).....)).)).,39.63687946384757
TGCCAGAGGTGTCCCGATTGGTCTATGCCT,.(((((.((....))..)))))........,39.632992101653365
GGAGTCTAGGTGTCCTTTGGTCTATCATCG,(((.(..(((...)))..).))).......,39.630389296901996
GAAAAGCTTGAATCGTTGTTATGCGAAAAG,............((((......))))....,39.62762242134053
TCGTCAAAGGTGTCCTATGGTCTATTACGC,...(((.(((...))).)))..........,39.62593458692672
GTAAAGATTACGCTATTGTTCGATCGAAAA,.....((((..((....))..)))).....,39.624065709215344
TAGAGTCGGGTCCATTTGGAGGTATCTGTA,......(((((((.......)).)))))..,39.618138461615054
GAAAAGCTTCTATATCGATAAGTGCGAAAA,..............(((.......)))...,39.60717564862291
GAAAAGGATAATTCCATTGCACTCCGAAAA,.....(((....)))...............,39.60374106194922
CGAAAAGCAAATCTCGTTATCCGCGAAAAG,.............((((.....))))....,39.59403830872533
GCGAAAAGATGAGTTGTTCTATCGAAAAGG,.(((..(((........))).)))......,39.572785756917376
GAAAAGATTCTTCTCCTGGGGAGTCGAAAA,.....((((((((....)))))))).....,39.57215863230135
GAAAAAGTTTCGTTTCTACGAGCCTGAAAA,.....((.(((((....))))).)).....,39.570766456180216
GAAAAGTCACCAGTATTCTGATCACGAAAA,..........(((....)))..........,39.56676784086767
GAAGGTCCATCGTCTCAGCTAGGTGTCCAC,...((..((((..........)))).))..,39.56080046830571
GAAAAGATAGTTTCTGTTTGTATCGAAAAG,((..((((((...))))))...))......,39.55279159286604
GGTAGGTCTCTTCAGAGGTTTGTCCTGAGA,((((((((((....)))))))).)).....,39.5307456465563
CAGGGGAAGTGCCGCCTTTAGGAGGGTATG,........(((((.((....))..))))).,39.50700418052295
GAAAAGTATACACCTCGATAAATACGAAAA,..............(((.......)))...,39.50087151997077
GAAAAGGCCCGGATCTTTCTGAGCTGAAAA,.....(((.((((....)))).))).....,39.48949721480483
GAAAAGTTCAGATCTCGATGTTAACGAAAA,..............(((.......)))...,39.481782903817255
GAAAAGCTATCATTCCTCGTAATGCGAAAA,................((((...))))...,39.478144150794634
AGAGGGTCTATTAATAGGGCTGTCCCCTGG,.((.(((((.......))))).))......,39.46461987520438
GAAAAGTATGTGCCATTTTGGCAACGAAAA,..........(((((...))))).......,39.46213684734879
GAAAAGTGATATCCTCGAGTGATACGAAAA,..............(((.......)))...,39.45942491307668
GTCCGAAAAGATTCCTCTATCGAAAAGTAT,...(((..(((....))).)))........,39.449656622811894
CTAGGTGTCCGGGCCTATTGCTGGGTCTAT,..........(((((((....)))))))..,39.44924022070198
CGAAAAGATAAGAGGGTTCTCGTCGAAAAG,(((..(((.........)))..))).....,39.44813214410392
ATAGTCCATCTTTGTAAGATAGTCGTCTGA,...(.(.(((((...))))).).)......,39.44369753146025
GCTGGTAGGGTGTCCCTTTGGGTCTATTTA,(((.(.((((...)))).).))).......,39.43187682503767
GCGAAAAGTAGTCGCGATGCGAAAAGCATG,((((.......)))).((((.....)))).,39.42092294271398
CCGAAAAGGGTTCTTTGTGTCCGAAAAGCG,((.....))(((.((((....)))).))).,39.410069722101596
GAAAAGACTGAGCTTTTAGCTTATCGAAAA,.....((.((((((...)))))))).....,39.407347347693744
GAAAAGATATTGCCAATTTGGCATCGAAAA,..........(((((...))))).......,39.37835042684088
CGAAAAGAAACTTTCCATCGGTTCGAAAAG,((((..((.........))..)))).....,39.36290597855967
TACGAAAAGAACTAATTTGTCGAAAAGATA,.................((((.....)))),39.360107605888274
ACGAAAAGATTGAATGTTCTATCGAAAAGG,.(((..(((........))).)))......,39.35281583105919
GCAGCAGGTCTATGGGATAGGTGTCCGCCA,......(((.....((((....))))))).,39.35262242385818
GAAAAGAACTTGGTATTCCTGTTTCGAAAA,.....((((..((....)).))))......,39.323300027601775
GAAAAGTCTCTATCTTTAGGGCAACGAAAA,.....(((.(((....))))))........,39.315150596353035
GAAAAGAGTTATCTCTATGTGCCTCGAAAA,....((((....))))..............,39.30240585112419
GAAAAGTCCGTATCTCGCCTTAGACGAAAA,..............(((.......)))...,39.299372535017014
GAAAAGAGGATATTCTATCGTAATCGAAAA,....((((....)))).(((....)))...,39.291795931472016
CGAAAAGATATGGGTATTCGATTCGAAAAG,((((..((.........))..)))).....,39.28979943564224
GAAAAGGATCTATCTCGATACAGACGAAAA,..............(((.......)))...,39.28763124530376
AGATAGTCTATGCATGCAAAGTTGTCTGCT,...........(((.(((....))).))).,39.27424800376048
TGCGGTGAGATAGGAAATTAGAGGGCCCCG,...(((....(((....)))....)))...,39.271840289474966
ACGAAAAGAAAGGTTCCTCGTTCGAAAAGG,.((((..((........)).))))......,39.260386786705865
GAAAAGAATTGCTTATTGGCTAGTCTAAAA,....(((...(((....)))...)))....,39.254485033449946
TAGTCGTCACTTACAGTAGGAGTTGTCTGG,(((.((..((((.......)))))).))).,39.24677656056415
GGAGGGCCCCATTCTTTTTGGGTGAGGTGT,...(.(((.(((((.....))))).))).),39.24485567110001
CTAGGCGTTTGTCGGCATTCGATGGTCCAT,...((...((((((.....)))))).))..,39.24433215722587
GAAAAGATCTTGGTTTCCCGGGTCCGAAAA,.....(((((.((...)).)))))......,39.22574802595115
TGCGAAAAGAATTAACTCTATCGAAAAGCG,..(((..(((......))).))).......,39.21250724307143
CTAGGTGTCCATTGTGTGCCTGTGGTCTAT,......(.((((.........)))).)...,39.19975129554821
GGGGGACCTCCATTCATAGTTGTCTGCCGT,((.((((..(........)..)))).))..,39.19560819377271
GAAAAGCAGGTTTTACCGTGCATGCGAAAA,.....((((((...))).))).........,39.193308811711965
TGCGAAAAGAATTAGCTCTATCGAAAAGCG,..(((..(((......))).))).......,39.17758823608145
GAAAAGCGTCTATCGTATTCCGCGAAAAGT,............((((.....)))).....,39.16492952509568
GAAAAGGTATGGTATTCCTCCTAACGAAAA,....(((...((....)).)))........,39.1583065458316
GAAGGTCTATCGTCCAGCTAGGTGTCCACG,...((.(.(((.........)))).))...,39.11500009398608
CGAAAAGAGTATTCTGTCGATCTCGAAAAG,(((..(((....))).)))...........,39.1048802751922
CGAAAAGAGTATCGTTACATTCGCGAAAAG,...........((((.......))))....,39.09659176117855
GGAGGGCCCCATTCGGTGTTGGGTGAGGTG,.....(((.((((((....)))))).))).,39.066883518932684
GAAGGTCTATCGTCTCGGCTAGGTGTCCAC,...((.(.(((..........)))).))..,39.066879131552774
GGCGAAAAGTACATTAGTTACGAAAAGTGA,.................((((.....)))),39.06415981265944
GAAAAGAATGACTCTTGTGGTTATCGAAAA,......(((.((....)).)))........,39.06140318785414
GCCGTATAGGTGTCCCTTGGTCTATTTAGA,((((...(((....))))))).........,39.04861281134363
GAAAAGGATTCCTTATTAGCATCCGAAAAA,.....((((..((....)).))))......,39.04631172322365
GATCGAAAAGGTGCTTGACTGCGAAAAGGA,.(((.....)))((......))........,39.03272632932498
GAAGGTCTATCGTCACAGCTAGGTGTCCAC,...((.(.(((..........)))).))..,39.02355497567932
CGAAAAGATGCATTGCGATATATCGAAAAG,(((.....(((...))).....))).....,39.0235018439715
CTAGGTGTCCCTGCAGTTGCCGAGGTCCAT,...((...(((.((....)).).)).))..,39.021065823564065
CTAGGTGTCCATGTTGATTCGGTGGTCTAT,......(.((((.........)))).)...,39.01962117755303
GAAAAGTCACCAGCTTCTGGTCTCGAAAAG,.....(..(((((...)))))..)......,39.00895191516903
GAAAAGATAAGAACGCGTATTCGTCGAAAA,.............((((....)).))....,39.008614957589785
GAGTAAAAGGTGTCCCTTGGTTTACTGATA,.(((((((((....)))...))))))....,38.99564144891993
AGGTCTATCGTTAACTATAGGTGTCCAGGT,.((.(.(((..........)))).))....,38.990598543999155
GAAAAGTTATGTGCTGTTGCCTTACGAAAA,............((....))..........,38.9728537394508
AAAGCGGATCTATGCTAACATGGGGTATCT,.....(((((((((....)))))...)))),38.95580315992965
CTAGTTGTCCGTCGGTATTCGATGGTCTAT,......(.((((((.....)))))).)...,38.95315326260122
ACTACCCTGCGGATGCTCTGCACGATAGCT,.(((.(.((((((...)))))).).)))..,38.94777047738586
GCGAAAAGCTTACTCTTCATGCGAAAAGAC,((.....))...((.(((....))).))..,38.94667818532473
TAGCGAAAAGATAGCGTAGCGAAAAGCATA,..((.........))...((.....))...,38.94023306878118
GCTGGCAGGGTGTCCCTTTGGGTCTATCTA,(((.(.((((...)))).).))).......,38.939070248847386
GAGCAAATAGGTGTCCTTTGGTCTATAAAC,((.(((..(((...)))))).)).......,38.93297327780474
GAAAAGCAGATTCTGCATACTCGGCGAAAA,.....((((...))))..............,38.93037453787932
AAGGTCTATCGTCTCGGCTAGGTGTCCACG,..((.(.(((..........)))).))...,38.91695009801384
CTAGGGGTCCAGTGTGGCAATCTGGTCGAT,(((((...(((...)))...))))).....,38.90707930017628
AGGTCGATCGTTAAACTATAGGTGTCCAGG,.((.(.(((...........)))).))...,38.89872783320297
GAAGGTCTATCGTCTTGCTAGGTGTCCACG,...((.(.(((.........)))).))...,38.89711016245218
TCTGGTCTATCCATATGATAGGCGTCCGGT,....(((((((.....))))))).......,38.89642073490595
CTAGGTGTCCGTAGTGTTACCATGGTCCAT,...((...((((.((...)).)))).))..,38.89482966981558
GAGCAAAAGGTGTCCCTTGGCATAGTGATA,..((..((((....)))).)).........,38.892584979267596
GAAGGTCTATCGTCTCAGTTAGGTGTCCAC,...((.(.(((..........)))).))..,38.88882301863801
GAAAAGGTTTGGTTTCTGGGCCTCCGAAAA,....((((((((...)))))))).......,38.887506598127004
GGTTTGGTCTACTCATAGGCGTCCGGGTTA,((....(((((....)))))..))......,38.88618795330673
CTAGGTGTACGGGCCTATTGCTAGGTCTAT,..........(((((((....)))))))..,38.885628649633475
CTAGGGTTGTCCCGTCGTTGATGGGTCTAT,........(.((((((...)))))).)...,38.880393513100415
GAAAAGAATCTGGTATTCCCGATCCGAAAA,.......(((.((....)).))).......,38.88035017093199
CGAAAAGCTCGTCAAACTTAATGCGAAAAG,........((((..........))))....,38.86959588532381
GAAAAGATAGTATCCTTGATGCCTCGAAAA,.........(((((...)))))........,38.86545920163853
GAAGGTCTATCGTCTTAGCTAGGTGTCCAC,...((.(.(((..........)))).))..,38.85780181868964
TCTGGTCTATCCCTATGATAGGCGTCCGGT,....(((((((.....))))))).......,38.851285136312875
TATGGTCTATCCTTGTGATAGGCGTCCGCA,....(((((((.....))))))).......,38.8498836801131
GAAAAGATCGATACCCTTATTAGGCGAAAA,.......(((....(((....))))))...,38.83063405762978
GAAGGTCTATCGTCTAAGCTAGGTGTCCAC,...((.(.(((..........)))).))..,38.82405688727438
GAAGATAGGTGTCCGATCTTGGTCTATTAA,.(((((.((...)).)))))..........,38.81959966433938
TGAAATAGTCTATTCATAGTTGTCTGGGCA,.......(((((..((....))..))))).,38.81673727402994
ATGAAAAGATTCGTGTTGAAATCGAAAAGT,.........((((.........))))....,38.8145210979201
CTATTGGTCTGTTCACAGGTGTCCGTTTCG,.....((((((....))))...))......,38.807454670090856
TAGGTCTATCGTTTAACTATAGGTGTCCAG,..((.(.(((...........)))).))..,38.80531037808207
GAAAAGGTATTGGTCTCGGCATCCGAAAAG,...............((((...))))....,38.803674531537354
TAAAGGGTCTGTTCACAGGTGTCCGATTGG,....(((((((....))))..)))......,38.799368500854754
ACCCCGTTAGGGTCATCTATGACTTTAGCT,.....((((((((((....)))))))))).,38.79779439762275
CGAAAAGAATTTAAGTGTCTGATCGAAAAG,(((..(((.........)))..))).....,38.794280033233996
AAGGTCTATCATCATGCATAGGTGTCCCCG,..((.....((((.......))))...)).,38.780659399513354
CTTTGATAGGTGTCCCTTGGTCGATCAGTG,..((((((((....)))..)))))......,38.780577133978156
CGAAAAGGACATCGTTGTATGCGCGAAAAG,...........((((.......))))....,38.77472974418354
GTCCGAAAAGTGATATATTAACGAAAAGAA,((((.....).)))................,38.77248919473882
TAGGTCTATCGTTATACTATAGGTGTCCAG,..((.(.(((...........)))).))..,38.77190103976214
GAAAAGCATGATCTAGTATTCTAGCGAAAA,............((((....))))......,38.76717186792779
TATCGAAAGGTGTCCTGTGGTCTATCTAGA,.......(((((.((...)).).))))...,38.757829631066265
TAGGTCTATCGTTAAAATATAGGTGTCCAG,..((.(.(((...........)))).))..,38.74902281097985
AAAGCGGATCTATGCGAACATGGGGTATCT,.....(((((((((....)))))...)))),38.74375876892803
TGAAAAGATACATTCGTGGTTATCGAAAAG,............((((.......))))...,38.73380209933074
CGAAAAGAAGCTTTCCATCGGTTCGAAAAG,((((..((.........))..)))).....,38.7258377122222
CGAAAAGTCGTAAATTACTTCAGCGAAAAG,.......((((...........))))....,38.723015557201464
GTAAGCGGATCTAGGCAACTGGGGTATCTC,......((((((((....))))...)))).,38.71305593963849
CGAAAAGAAACTTGCCATCGGTTCGAAAAG,((((..((.........))..)))).....,38.711716400324796
CTAGGGGTTCGGCCAGTTCTGTTGGTCCAT,..........((((((.....))))))...,38.71143691049021
GAAAAGTTGGCACTTTGCTGACATCGAAAA,.....(((((((...)))))))........,38.7097298858822
CTAGGGGTCCCTGCAGTTGCCGAGGTCCAT,.....((.(((.((....)).).)).))..,38.69960932723687
GAAAAGCATCATATCTCGTCCATGCGAAAA,...............((((....))))...,38.69753052065055
CTAGGGGTCCCTGCAGTTGCCGTGGTCCAT,.....((.(((.((....)).).)).))..,38.69571686431487
CGGTACGAAAAGTACGCTCGAAAAGTGGAG,..((((.....)))).(((........))),38.6942211541665
GAAAAGTTTGGAAGTTTCTTCCCTCGAAAA,.........(((((...)))))........,38.68636459089882
GAAAAAATACGGATTCTTCCCTATTGAAAA,.....((((.(((....))).)))).....,38.68070772415611
GAAAAGGGATTTTCCAGTCAATCACGAAAA,((....(((...)))..))...........,38.67146827484625
GAAAAGAACAGATGCTACTGCTTTCGAAAA,..........((.((....))..)).....,38.66569244526164
ACTCCCTTGCGGATGCTCTGCACTGCAGCT,......((((((.(((...)))))))))..,38.66441463730876
GAAAAGGTCTAGCTTTTAGCTCCGAAAAGT,.....((...((((...)))))).......,38.653204126046276
GGCCATAGGTGTCCCTTGGTCTATCGTGTC,(((((.(((....)))))))).........,38.65315646004987
CATAGGTAGGTGTCCCTTTGTCTATTTAGG,.(((((.(((....)))...))))).....,38.64875609259907
CTAGGGGTCCGGGCCGATTGCTTGGTCGAT,......(.((((((.....)))))).)...,38.636938497750364
TACGAAAAGTGATCGGAAAAGCGAAAAGTT,(((.....))).(((......)))......,38.63142866230426
GCAAAAAGTCTATTGTGAGACGAAAGCATA,((.....((((......))))....))...,38.62263202530646
GCCGAAAAGATGTTCTGACCTCGAAAAGAC,..(((..(((...)))....))).......,38.612209568106884
TTCAGGAGGTGTCCAGTTCTGGTCGTCGAT,.......((((.(((....))).))))...,38.6081164133433
CAATTGGTCTGTTCACAGGTGTCCGTTTCG,.....((((((....))))...))......,38.605069236093414
GAAAAGTTGATCTTTCTGCATCCACGAAAA,.....((.((....)).))...........,38.59905081592598
GAAAAGTTCGTCGCTTTGTGACCACGAAAA,.........(((((...)))))........,38.59135985792925
CGAAAAGAAAGTGATTATCGATTCGAAAAG,((((..((.........))..)))).....,38.58978573703688
GAAAAGATGCATCTATTGATACAACGAAAA,.......((.(((....))).)).......,38.58531292275446
GAAAAGGGTCCTGCTTTGCATCTCCGAAAA,......((...(((...)))...)).....,38.58417172546796
CTGGTCTATGTCGTTTAGGCCTAGGTGTCT,((((((((.......)))))).))......,38.578290798904945
ACTCCCCTGCGGATGCTCTGCACTGTAGCT,......((((((.(((...)))))))))..,38.574538154153544
GAAAAGCTTCCGTCTTACTCTAGCGAAAAG,.....(((...((...))...)))......,38.571530306002856
GAAAAGCTGGCTCTTGTCAACTCGCGAAAA,....((.((((....)))).))........,38.5637049400074
ATTTGGTCTGTTCACAGGTGTCCGTTTCGG,....((((((....))))...)).......,38.56352755921516
TATCGAAAGGTGTCCTGTGGTCTATCTAAA,.......(((((.((...)).).))))...,38.556004390779485
GCCAGGAGGTGTCCTTTTGGTCGTCGTCGT,(((((((((...))))))))).........,38.555423739924
TAACGAAAAGTTAGATTCAACGAAAAGATA,((((.....)))).................,38.54409837396134
ATCGAAAGGTGTCCTGTGGTCTATCTAGAG,......(((((.((...)).).))))....,38.54031241544369
CTAGGTGTCCGTTGCTCAATATGGTCTATG,......(.((((........)))).)....,38.52309443824602
GAAGTTTAGGTGTCCTTAGGTCTATTCAAG,..((((((((....)))))).)).......,38.502546597676236
CCGAAAAGGATTTATGGATACCCGAAAAGG,((.....)).(((.(((....))).)))..,38.49916063727993
CCGAAAAGGATCTGTATTAGATGACGAAAA,((.....))(((((...)))))........,38.47812185884243
CTAGGTGTCCCTGCATTTGCCGAGGTCTAT,.(((((.((...((....)).)).))))).,38.46631356065707
TGGTCTATTGCTTTTGCACTAGGCGTCCGG,..(((((.(((....))).)))))......,38.40958987721095
GGCGAAAAGAGTTGAGTTGCGCGAAAAGCT,.((((...........))))((.....)).,38.40235870869672
CTTGGAAGTCTATTCATAGTTGTCTGCATG,...(((...(((....)))...))).....,38.39857018683821
GGTGGAAGTCCATTCATAGTTGTCTGCCGT,((((((...(........)...))))))..,38.39329807817759
GAAAAGTTCTTCCCGATTCGAAAACGAAAA,................((((....))))..,38.38521808778902
CTAGGGGTCTGTCGCTATTCGATGGTCTAT,.....((.((((((.....)))))).))..,38.38067336598682
AAAGTTGTCTGTCGGTATTCGATAGTCTAT,......(.((((((.....)))))).)...,38.37116552931086
TATGGTCTATCATGCGTATAGGTGTCCGAA,...((.(.(((.........)))).))...,38.36495574546949
GAAAAGCGTTTCTTCTTGGTGACGTGAAAA,.....(((((.((....)).))))).....,38.35998946517
CTGATTGGTCTATGCATAGGCGTCCAGAGG,(((....(((((....)))))...)))...,38.350251206317836
GAAAAGCTATGTCTTCAAGCATACCGAAAA,.....(((.((....)))))..........,38.340993417654474
CAGGAGTGGTCAACTTGTCCGTTGTCCTCG,...(((.((.((((......))))))))).,38.34007356610428
TCGAAAAGTTGATCGTAGAGGGCGAAAATA,............((((.....)))).....,38.331843820995836
GAAGGTCTATCATCATGCATAGGTGTCCCC,...((.....((((.......))))..)).,38.32695641363827
TGCTCATGGGTGTCCCTTGGTCTATGACCT,.......(((...)))..((((...)))).,38.32279801592002
GAAAAGGTTGAAGTCTTCTTCTGTCGAAAA,.....((..((((....))))..)).....,38.31585500039415
CGAAAAGATATGGGTACTCGATTCGAAAAG,((((..((.........))..)))).....,38.31269737055978
GGGCCTAGGTGTCCCCTGGTCTATGATTCG,(((((.(((.....))))))))........,38.30751928094704
TCCGAAAAGGATTCTCGAATACGAAAAGGT,(((.....)))...(((....)))......,38.294306919471026
GAAAAGTTGGCTCCTGTCTTTTAACGAAAA,........(((....)))............,38.29393990023547
TAGGTGTACACTACCTAGGTTGAAGGTCTG,((((((.....)))))).............,38.239189184576155
GCGAAAAGCGATATTCATGATGTGAAAAGT,((.....))....(((((...)))))....,38.237267347092214
TGGTCTATTGCTATTTGCACTAGGCGTCCG,..(((((.(((.....))).))))).....,38.23383945119083
GATGGAAGTCTCTTTAGAGTTGTCTGCAGA,(((....)))(((.((((....)))).))),38.230012396270276
GCAAAAAGTCTATTGGGAGACGAAAGCACA,((.....((((......))))....))...,38.221382803075976
CGAAAAGAGTATGCATCTGATATCGAAAAG,(((..(((.......)))....))).....,38.207941091738135
GAAAAGCAATTTGCTAGCTAATTACGAAAA,....((((...))))...............,38.20572407879136
GAAAAGGAGATACTTCTCGAATCCCGAAAA,......((((....))))............,38.20209976432769
CGAAAAGAGCTTATCTTCGGCCTCGAAAAG,(((..(((.....))))))...........,38.200353950004285
CGAAAAGGTTTCTCTTGCGACACTGAAAAG,.....(((((.(....).))).))......,38.19225268173769
CTAGGTGTCCACTACCTATTTGTGGTCTAT,......(.((((.........)))).)...,38.18875458738884
GAGCCGAGGTGTCCTTATGGTCTATGAGAC,..(((((((...))))..))).........,38.185440943449436
AACCTTTAGGTGTCCCTTGGTCTATTGGAT,.(((...(((....))).))).........,38.16617966735386
GAAAAGTAAGTATGCCGAAAAGTCGTACCG,.........(((((.(.....).)))))..,38.164983810920845
GAAAAGTGTTGGCATTGTCAGCTACGAAAA,.....((((((((...)))))).)).....,38.15581961302392
GCCGTATAGGTGTCCCTTGGTCTAGTCAGA,((((...(((....))))))).........,38.12718503410018
CAGGAGTGGTCAAAGTGTCGTTTGGCTGCG,.....(((((((((......))))))))).,38.12468995816287
GAAAAGTCACTTCTATCGTATGTGCGAAAA,...............((((....))))...,38.12453023755083
GAAAAGTGGATCACTTTGGTCTCACGAAAA,.....((((((((...))))).))).....,38.12147987034625
TAGGTGCCCACTACCTAGGTTGAAGGTCTA,((((((.....)))))).............,38.11933635241224
GTGCTACGAGGTGTCCTCTGGTCTCTTACC,..((((.((((...))))))))........,38.115611583382346
GAAAAGCTTGACTTATTGGCATTGCGAAAA,.....((.((.((....))))..)).....,38.1147176575992
TAGGTGTCCACTACCTAGGTTGAAGGTCCA,((((((.....))))))((........)).,38.1144213200956
GAAAAGTTACGGTCTTCCCTATAACGAAAA,.....((((.((....))...)))).....,38.1143783473302
CTAGGTGTTTATTACCTATTTGTGGTCCAT,.((((((.....))))))............,38.11242093970482
GAAAAGATATCGCATTGTGATTGTCGAAAA,.....((((((((...)))).)))).....,38.11028551416759
CAGGAGTGGTCAAAGTGTCGTTTGTCTTCG,.....(.((.((((......)))).)).).,38.09990203972876
AGAGGGCCTCATGGGTTGCTTGGGTGAGGT,.....(((((((...........))))))),38.09867228990315
CGAAAAGCGTCGTATTCTATAGCGAAAAAG,.........((((........)))).....,38.08992073117245
GAAAATATAGTCCATCGTTGATATCGAAAA,..............(((.......)))...,38.0869504880375
GAAAAGGTTTTCCTTCTTGGGAACTGAAAA,.........(((((....))))).......,38.07979589464004
GAAAAGAAGTTTTGCTTGTCATTCGAAAAG,(((.(.((((...)))).)..)))......,38.07741662697926
GAAAAGAGGTATATGCCAGTCACTCGAAAA,.......(((....))).............,38.06936343768789
GAAAAGCATTTTGTCTTCGAAACGCGAATA,.....((.(((((....))))).)).....,38.063785380404845
GGAGGGCCCCAGTTTCTTCTGGGTGAGGTG,.......(((((......))))).......,38.06083433883915
GCCGTATAGGTGTCCCTAGGTCTATTCAGA,(((...((((....))))))).........,38.03968905395681
GGAGCCTATGTTCCCAACCTAGTCGTCTGC,(((((....)))))................,38.03365381787155
GAAAAGCTCGTTTATGCAAAATGCGAAAAG,.......((((...........))))....,38.022276462026724
GAAGGTCTATCAATCATTCTAGGTGTCCAC,...((.(.(((..........)))).))..,37.99416759773319
TAGAGGGTCTATTCATAGGGCTGTCCCCTG,..((.(((((.......))))).)).....,37.980012676672445
CTAGGGGTCCGTAGTGTTACCATGGTCCAT,.....((.((((.((...)).)))).))..,37.961363412812275
GAAAAGGTTTGTCTTCGAAAAATACGAAAA,.............((((.......))))..,37.96111748889955
GGCACTAGGTGTCCATTGGTCTATTGACTG,(((((...)))))....((((....)))).,37.9606630824036
GAAAAGCTAATGCCTTACTTGTCGCGAAAA,.....((....)).................,37.96032127506225
GAAAAGTGTTGGGCTTCCTTTCACGAAAAG,.....(((..(((...)))..)))......,37.95121842706829
TGGTCTATCGCTAATTGGGATAGGTGTCTG,...((((((.(.....).))))))......,37.95006566746804
GCCGTATAGGTGTCCCTTGGTCTACTCAGA,((((...(((....))))))).........,37.94469971225022
GGGCCTTAGGTGTCCCCTGGTCTATGATTC,(((((..(((.....)))))))).......,37.94052615364502
GAAAAGATGTTATCGTCAGTACACCGAAAA,.....((((....)))).............,37.93769591726196
CTAGGCGTCCGATCATCCGTATTGGTCTAT,..........(((((.......)))))...,37.92874852129073
GAAAAGATATCAGCTTTGCGATTTCGAAAA,.....((.(((.((...))))).)).....,37.92417429656246
TAGAGGGTCTATTAAGAGGGCTGTCCCCTG,..((.(((((.......))))).)).....,37.922456403340846
TGAAAAGGTATATTGGAATCCCGAAAAGGG,...................(((.....))),37.907054201305364
CTAGGCTGTCCGATCGTCCGATTGGTCTAT,.......(.((((((....)))))).)...,37.88303726677306
GAAAAGTCTAGTCCTATTGGTAGATGAAAA,.....(((((..((....))))))).....,37.88093540888868
CGAAAAGAATAGTATCTCTCGGTCGAAAAG,(((..(((......))).))).........,37.874829723518836
GAAAAGAGGGCGCTTTAGTGCGTTCGAAAA,.....(((.((((....)))).))).....,37.86267602719224
CCTTGGTGTCCAAGCTGCTTCTGGTCTATG,.(((((...)))))................,37.844980275124975
TAGGTCTCTTGATCCGTAAGAGGTGGCCAG,..(((((((((.....))))))...)))..,37.84447269314513
GAAAAGATTACACGTCTCGTGAGTCGAAAA,.....((((.((((...)))))))).....,37.83091960839839
GAAAAGGCTTCATCATTGGAGCTCGAAAAG,.....(((((((....))))))).......,37.82983238617476
CACTCCTTTAGGATGCATCTGCACTCTAGC,.......(((((.(((....))).))))).,37.818639860705204
GAAAAGAAATTGGTTTACCTTAGTCGAAAA,.....((....((....))....)).....,37.81650252548303
GGCTTAGGTGTCCCTTGGTCTACGTCTTGT,((((.(((....))).))))..........,37.80113357554295
GGGTACTAGGTGTCCTTTGGTCTATTGACT,((((((...))))))...((((....)))),37.79728682323573
CAGACGAAAAGTATTGGTACGAAAAGCATG,(((((.....)).)))..............,37.79133415167056
ACTCCGTTAGGATGCATCTGCACTGTAGCT,.....((((.(.(((....))).).)))).,37.78940230089008
CTAGGTGTCCACATCGTTGCATTGGTCTAT,...((((....))))...............,37.77713599361193
ACTCCCTTGAGGATGCTCTGCACTTTAGCT,......((((((.(((...)))))))))..,37.76900415638647
CATTATCGAAAAGACCGTGCGAAAAGATTG,(((..((.....))..)))...........,37.76730915156872
GAAAAGATGGTGTCTTCGTACAATCGAAAA,..............((((......))))..,37.76047507294035
GAGAAAAAGGTGTCCCTTGGTTTACTGATA,.(((..((((....))))..))).......,37.754062925599726
GAAAAGAATCTTATTATTGTAGTTCGAAAA,.....((((..(((....))))))).....,37.75209792156721
GGCAGGTAGGTGTCCGCTGGTCTAGATGGA,(((.(((.((...))))).)))........,37.7502993626008
GAAAAGTGTCGCATTCTTTGCAATCGAAAA,..........(((.....))).........,37.745154788233734
CAGGAGTGGTCAAAAGGTCGTTTGGCTGCG,.....(((((((((......))))))))).,37.738311420561146
GCAGTATAGGTGTCCCTTGGTCTAGTCAGA,((((...(((....)))....)).))....,37.737112280097485
GAAAAGTGTGCATATTTGTCCAACCGAAAA,......((.(((....))).))........,37.732548685825584
CCGATTAGGTGTCCTTTGGTCTATTCAGTG,((((..(((...)))))))...........,37.73067344352851
GAAAAGCGCTTCGTATTGCGGTCGCGAAAA,.....(((..((((...)))).))).....,37.72869685281672
GAAAAGAGATGTTTCTCCCAGATCGAAAAG,.....((((....)))).............,37.72673219980924
CTAGGTTGTCCATAGTCTACGGTGGTCCAT,.......(.((((........)))).)...,37.72302679462206
GAAAAGATACATTCATTGAGTGTACGAAAA,.......(((((((...)))))))......,37.721332851482046
GAAAAGAGTCGCGGTTTCCTCGTTCGAAAA,.....(((.((.((...)).))))).....,37.720607096390964
GATGCAGTTTATTCAAAGTCGTCTGCTAAC,...((((...............))))....,37.71686145661695
CTAGGTGTCCGTCGTGCTAGTTTGGTCGAT,..........((((.((((...)))))))),37.704933062444695
GAAAAGATCTAGGCAATATGCAATCGAAAA,............(((...))).........,37.6912925849547
TCTAGGTGTCCGCGGTAACAGTGGTCTATT,.......(.((((.......)))).)....,37.688664023752764
GATGGTAGTCTCTTTAGAGTTGTCTGCAGA,(((....)))(((.((((....)))).))),37.68294773818046
GAAAAGAGCTGCCTTTGGTTTCCTCGAAAA,.....(((..(((...)))...))).....,37.679537430041336
CTAGGTGTCTGTCGTTATTCGATGGTCTAT,......(.((((((.....)))))).)...,37.66577429050395
GAAAAGTGCCGCATTCTTTGCAATCGAAAA,..........(((.....))).........,37.65271073010543
GAAAAGAAATCTCGTTCGTTGATTCGAAAA,..............((((......))))..,37.64211085737812
GCGAATAAGGTGTCCTTTGGTCTAGTTGGT,..((.(((((....))))).))........,37.63505644094501
AGCGTATGGGGTTCATTGTCTTAACAAGTA,.(((.(((.....))))))...........,37.62134794651213
CTGAGTGGTCTATGCATAGGCGTCCAGAGG,(((....(((((....)))))...)))...,37.61113545851073
GAAAAGGTACTAACCCTCTTTAACCGAAAA,.....(((....)))...............,37.61069300584955
GCCTTGAGTTTATGCATAGTCGTCTGAATC,.......(((((.((......)).))))).,37.609155114542496
GGCGAAAAGAGTTCATTTGCGCGAAAAGCT,.(((((.........)))))((.....)).,37.59976484276394
GTGAAAAGAACCATTGTTGCTTCGAAAATC,.......(((.((....)).))).......,37.597950744455446
GAAAAGGGTCAATACTGTTCACCGAAAAGG,(((.((........)).))).((.....)),37.59748689818922
ACTCCTCCTGGAAACAACTGTTCTTTAGCT,..(((....)))..................,37.58755305522701
ACCCCGTAAGGGTCATCTTTGACTTTAGCT,.....((.(((((((....))))))).)).,37.57910057755681
GAAAAGAATGATGCATTGTGTCTTCGAAAA,.....(((.(((((...)))))))).....,37.574238100666186
TGGTCTATGCAGACTTTGCCTAGGCGTCCG,..(((((.(((.....))).))))).....,37.57250355694348
GAAAAGATACGCTTCTGGTGTGTTGAAAAG,.....((((((((...))))))))......,37.551140864273265
GTAAAGAGGTGTCCTCTGGTCTCTTGCATG,(((((((((...)))))......))))...,37.548582785256286
GAAAAGATTCGGTTTTCCGCAGCGAAAAGG,.........(((....)))...........,37.54257119974959
ACCCCGTAAGGGTCATCCTTGACTTTAGCT,.....((.(((((((....))))))).)).,37.53739433214125
GAAAAGCTATTGGCTCTAGTTATGCGAAAA,....((((...))))...............,37.525787354410326
GAAAAGCTCTTGTTTTGGTACTGGCGAAAA,..(((((....)))))..............,37.52575341741657
GAAAAGGATCGTTCCATGCGTATACGAAAA,.....(((....)))...............,37.52441617860497
GAAAAGCGTAATCTCTTCGATTTCCGAAAA,...............((((.....))))..,37.520946240720576
GGAAAATGAGATCTTCTCGACTAACGAAAA,.......((((...))))............,37.51767742896495
CGAAAAGAAAGTTTCATCTAAATCGAAAAG,(((..(((........)))...))).....,37.51759131576783
GAAAAGATGAGGCTCTGCTTTCTTCGAAAA,.....((.(((((...)))))..)).....,37.47500600168746
TGAAAAGCGCACTCGTTTCATCGCGAAAAA,............((((......))))....,37.46132321807307
GAAAAGTATCGTCTATTGGATGTACGAAAA,.....(((.(((((...)))))))).....,37.46018402157938
CGAAAAGAATATTAGCGCTCGTTCGAAAAG,((((..((..........)).)))).....,37.4566076562758
GAAAAGAGACATCGATTCGAATCTCGAAAA,.....((((..(((...))).)))).....,37.450315243364166
GAAAAGTAATATGTCTTTGACATACGAAAA,.........((((((...))))))......,37.41997999285668
GAAAAGGAATCAACTTTGTTGATGCGAAAA,........((((((...)))))).......,37.41948252030177
GAAAAGAGGATTAAAGTCAGTACTCGAAAA,.....(((.(((......))).))).....,37.41728905838011
GAAAAGCATATACTTTGTAGCATGCGAAAA,.....((((.(((...)))..)))).....,37.40813780920148
GTAAGCGGATCTAGTCAACTGGGGTATCTC,......((((((((....))))...)))).,37.40167342731651
AGCGTATGGGGTTCATGGTTTCAACTAGTA,.((.((((.....))))))...........,37.40016546658059
GCAGTCTAGGTGTCCTGTGGTCTATTCGGA,..((((((((...)))).)).)).......,37.39500706226316
GAAAAGAAAGCATCTCTTGGTCTTCGAAAA,.......(((.(((....))))))......,37.38695238674512
GAAAAGAGTCCGTTTTATGGTTCACGAAAA,.....(((.((((...))))))).......,37.38134003011601
GGTGGATAGGTGTCCTTTGGTCGATCTAGT,(((.((((((...)))...))).)))....,37.37493503306606
GAGGGCCCCATGGGATGCTTGGGTGAGGTG,......((((.(.....).)))).......,37.3679162556425
TCGTGAAAAGTTACATGTACCGAAAAGGGA,.((((........))))..((.....))..,37.36454122194431
GAAAAGTTAGCTGTTCTATAGCCACGAAAA,.........(((((...)))))........,37.362107270986954
CTAGGCTGTCCGATCATCTGATTGGTCTAT,.......(.((((((....)))))).)...,37.35572687614459
GAAAAGAAGGTCAGCCGCTTCGGCCGAAAA,..........((.((((...)))).))...,37.34595176030085
CGAAAAGAATATATGATCTAGATCGAAAAG,(((..(((........)))...))).....,37.34307088981448
AGCGTCTGGGCTTCAGAAACGTGTGTAGTA,.(((((((.....))))..)))........,37.34258861455755
TAAAGGGTCTGTTCACGGGTGTCCGATTGG,....(((((((....))))..)))......,37.31921164295404
TAGGTGTCCGCAGTTGTCATTATGGTCTAG,.....(.(((.(((....))).))).)...,37.275103678394416
GAAAAGAGAATTTGCAACAGTACTCGAAAA,.....(((.(((......))).))).....,37.27065013855788
AGTAAAGAGGTGTCCTCTGGTCTCTTGCTT,((((((((((...)))))......))))).,37.248002099491515
ATAGGCGTCCGATGTGTTGCAATGGTCAAT,......(.(((.(((...))).))).)...,37.24133154511765
GAAAAGTCAATATCTTGGCATTGCCGAAAA,..............(((((...)))))...,37.23458663845735
CTAGGTGTCCGTAGTGTTACCATGGTCGAT,.....((.((((.((...)).)))).))..,37.228628829702735
CGAAAAGGATATCTCTTATGACCGAAAAGG,.....((((....))))....((.....)),37.22754937689922
GAAAAGAATATCTTCGTAAGCATTCGAAAA,............((((........))))..,37.21062255330234
GAAAAGATAATCTTCGGAGATTGGCGAAAA,............((((........))))..,37.20421447305186
ACTAGGTGTCCGCGGTTGAGATGGTCTATT,.......(.((((......).))).)....,37.16715284979174
AAAAGCAATTCATCGTTCTTTTGCGAAAAG,............((((......))))....,37.16708282592109
CTAGGTGTCCGTCGCAATTATACGGTCTAT,......(.((((.........)))).)...,37.148268238505366
GAAAAGTCGAATCCTTTGGATATACGAAAA,......(((.((((...))))...)))...,37.14819070272876
GAGCCTAGGTGTCCTTATGGTCTATGATAC,..(((((((....)))).))).........,37.1414746434655
TGGTCGATGTCGTTTAGGCCTAGGGGTCTG,..............((((((....)))))),37.135292508941156
GAAAAGCTTGTGCTTACTACCCTGCGAAAA,...((((....))))...............,37.134580349359695
GAAAAGCTCCCTCGTTATTGTGTGCGAAAA,...........((((........))))...,37.129954560551155
GAAAAGAATAGAGGCTTCCTCTCTCGAAAA,.....((..(((((...))))).)).....,37.12883264216316
AGAGAAGTCGGTAGGTGCGTGTATTCCTTT,((.(((..((((....)).))..)))))..,37.12781980074308
GAAAAGATTGGTCACTTTGATCATCGAAAA,.....(((.(((((...)))))))).....,37.1257614021349
GAAAAGCACTAAATCTCTTGATAGCGAAAA,............(((....)))........,37.12398707659027
GAAAAGATTACCTTCGTTGTAGATCGAAAA,............((((........))))..,37.11602984261788
GAAAAGATAGTTCTGCTTGCTTATCGAAAA,((.(((..(((...)))..))).)).....,37.11121587810636
TTAGGCGGATCTAGCTGTATGGGGGATCAA,.......(((((..((....)).)))))..,37.11022665009243
GAAAAGCACTCTCGTTTACTGCTGCGAAAA,...........((((........))))...,37.109611275141155
GAAAAGCTCCCTCGTTATTATGTGCGAAAA,...........((((........))))...,37.092533915848946
GAAAAGAGTATTCGTCTCGAGGCTCGAAAA,.....((((..(((...))).)))).....,37.0899761736164
GAAAAGTTGATAGCTTTGCTAGTTCGAAAA,......((((((((...))))..))))...,37.087971329533914
CTCATTAGGTGTCCTATGGTCTATTGTACG,.((((.(((...)))))))...........,37.08548891171078
GAAAAGTTGGTAACTTCGGTAACACGAAAA,..............((((......))))..,37.07787690013393
GCCGTATAGGTGTCCCTAGGTCTATCCAGA,(((...((((....))))))).........,37.07193945960634
GAAAAGCGTTTATTAGAGGCATAGCGAAAA,.....((.(((...))).))..........,37.059802480869564
GCAAAAAGATTATCCGAAATCGAAAGCATA,((.....((((......))))....))...,37.059490510052754
GGAGGTCTAGCTTATTAGTTAGGTGTCCGC,(((.((((((((....)))))))).)))..,37.05600189209051
ACCGAAAAGGATCGTTTTACCCGAAAAGAT,.((.....)).(((.......)))......,37.04833570134827
GAAAAGCCAATTTCCGCTTCTTGGTGAAAA,..............((((....))))....,37.03305707998943
GAAAAGTATATAGCATTGCGTATGCGAAAA,.....((((((.((...)))))))).....,37.01575370156209
GAAAAGTCTTCTTTTGGAAGGTCACGAAAA,.....(((((((...)))))).).......,37.015027540835575
GAAAAGATGGTCTTACCTTGTAATCGAAAA,((......(((...)))......)).....,37.01120831828071
GTGTCGCAGGTGTCCCTTGGTCTCTACATC,(.(.(..(((....)))..).).)......,37.005456615930655
GAAAAGTACTGCTCTTGCCTGTGACGAAAA,......(((.((....))..))).......,36.992026388669004
GAAAAAGATCCTGTTCTCACGTTCTGAAAA,.....(((.(.((....)).).))).....,36.99155031323248
GTAGTCGGGTCCGGCCTTGGAAGTCTCCGC,...((((....))))..((((....)))).,36.98680433982366
GGTCTATTGTGTTGCACATTAGGCGTCCGG,.(((((.((((...)))).)))))......,36.98637582951103
GCAAAAAGATTATCTGAAATCGAAAGCATA,((.....((((......))))....))...,36.97692302204817
GAAAAGTTGCTATACTCGTTTCAACGAAAA,...............((((....))))...,36.97419776001855
TGCGGTGAGTTAGTAAACTACAGGCCCCCG,...(((..((.((....))))..)))....,36.96045314323942
CTAGGTGTCCGGCGTATTAGTTGGTCTATG,......(.(((((......))))).)....,36.95849833417041
GAAAAGTCGTCCTATACATTCGCGAAAAGG,......((((...........)))).....,36.9583307404879
GAAAAGACTCCACATTCGTATTGTCGAAAA,..............((((......))))..,36.94964743336543
GAGGAAAAGAGCCCATTTCGAGGGAATTGG,............(((.(((....))).))),36.935431383394516
GAAAAGATGTGTGCATTGCATTCTCGAAAA,.....((.(.((((...)))).))).....,36.93416711644307
GAAAAGATTTCCCTCTGGGTCAGTCGAAAA,.....((((.(((...)))..)))).....,36.908542759854555
GAAAAGTTGTCATTCGGATCTCAACGAAAA,............((((........))))..,36.90540103994613
GAAAAGATACCATTCGTCCCGGTTCGAAAA,............((((........))))..,36.89806535509503
TGGTCGATGTCGTGTAGGCCTAGGGGTCTG,..............((((((....)))))),36.88571938589402
AGTAAAGGGGTGTCCTCTGGTCTCTTGCAT,.....(((((...)))))............,36.885348195501116
ATGGCCTAGGTGTCCGTAGGTCTATGCCTT,..((((((.(....).))))))........,36.87430103559592
GAAAAGAAACATCAGTATTGGATTCGAAAA,.....(((.((.......))..))).....,36.870814322402026
TGGTCTATGTGTGACTGACATAGGTGTCTG,...(((((((.......)))))))......,36.87016524443384
GAAAAGTGCAGGTCCTCCTGTGTTCGAAAA,(((...((((((....))))))))).....,36.867749741330094
GCGAAAAGGCAAGTTATTAAGCGAAAAGTC,((......))....................,36.86712955471095
GAAAAGATGTTGGTATTACCTGCACGAAAA,.......(((.(((...))).)))......,36.866713453846074
GAAAAGAGTTCTTCTTAGAGATCGCGAAAG,.....((.((((....)))).)).......,36.86666405664408
CCGAAAAGGTCTCGCGTTCAACGAAAAGTG,((.....))..(((.......)))......,36.86611136810112
CGAAAAGAAATCCTTATCCCGTTCGAAAAG,((((..((........))...)))).....,36.858716703831114
CGAAAAGAAGTCCTTATCCCGTTCGAAAAG,((((..((........))...)))).....,36.8522824193545
CTAGGCGTCCGATCATCCGTATTGGTCTAC,..........(((((.......)))))...,36.848270677769904
GAAAAGTATCACATTCGGTGTTCACGAAAA,.............((((.......))))..,36.835406306807485
GAAAAGATATGTCTTCGTAGTTATCGAAAA,.............((((.......))))..,36.83142470948326
GAAAAGCTGGTACTCTTGATCTCGCGAAAA,.....((.(((.(....))))..)).....,36.82462117209643
GAAAAGGATCTTGTATTCACGCACCGAAAA,.....((..(.((....)).)..)).....,36.822687960781764
CGAAAAGAACGGTACAAATCTCTCGAAAAG,(((..(((..........))).))).....,36.80705486062814
GAAAAGTGGTCTTATTAGGACATACGAAAA,.....((((((((...))))).))).....,36.806020726734495
GAAAAGATACACCTTTGGTTGCATCGAAAA,.....(((.((((...)).)).))).....,36.79615495349413
TGAGTGGTCTCTTTAGAGGCGTCCATATCG,......(((((....)))))..........,36.7886972384285
GAAAAGTCGGATCGCTTCGATTCACGAAAA,.....((.((((((...)))))))).....,36.75925824574351
GAAAAGAACTATGCCTTGCAGTTTCGAAAA,.....(((...(((...)))..))).....,36.75577155096492
GAAAAGTGGTCTTCTTAGCATTCACGAAAA,.....((((.((....))...)))).....,36.75083120890283
CAGGTGAGGTGTCCGGTCTTGGTCAATATG,((((...((...))...)))).........,36.74812078144416
GAAAAGATAAGGTTTCTAGCCGTTTGAAAA,..........((((...)))).........,36.733541149793346
TGAAAAAGTCTATGCATAGTCGTCAGGGTA,......(.((((((......))).))).).,36.728875725603686
TAGAGGGTCTATTAATAGGGCTGTCCCCTT,..((.(((((.......))))).)).....,36.722601701070815
AGCGAAAAGCTGCTTCGTATGCGAAAAGAT,(((.....)))..((((....)))).....,36.70983529091259
GAAAAGATTTGTCTTGCGGTAATCGAAAAG,...((((....))))...............,36.70077997741136
CTAGGTGTCCGTAGTGTACCATGGTCTATG,......(.((((........)))).)....,36.69958459165554
CTGAAAAGGAATTCAAGTTAGCCGAAAAGG,.((((......))))......((.....)),36.69238439905545
GAAAAGGGTTCCGGTTTCCAAACTCGAAAA,.....(((((..((...)).))))).....,36.68816631026954
GAAAAGATATGTCCCTTGGATCCTCGAAAA,..........((((...)))).........,36.68747338929007
GAAAAGATATGCTTATTGCACTTCGAAAAG,.....((..(((.....)))..))......,36.67782069605663
GAAAAGATGCGGTTTTAGCTGGATCGAAAA,.....(((.((((....)))).))).....,36.67313719249353
TAGGAGGTGTCCACTTAATGGTGGGCGGCT,....((.((((((((....)))))))).)),36.66870671801941
GGAGGCCTATGCGTCAGATTAGGTGTCCGC,(((.(((((..(....)..))))).)))..,36.666046083774575
CTAGGTGTCCGTGACTCGTAAATGGTCTAT,......(.((((.........)))).)...,36.66398785576669
ATTAGGTGTCCGCGGTTGAGATGGTCTATT,.......(.((((......).))).)....,36.66305473830284
CTAGGTGTCCGATCATCCATATTGGTCTAT,..........(((((.......)))))...,36.653522872862695
GTAGTCGGGTCCGGCCTTGGAAGTCTCCTT,...((((....))))...(((....)))..,36.64741040042972
GAAAAGCATCACTATTTTAGGAAGCGAAAA,.....((.((.(((...))))).)).....,36.639900166865466
TAGGAGTTGTCTAGAGTGCACTAGGCGGTT,......((((((((......))))))))..,36.6367091864271
GGGCCCTAGGTGTCCCCTGGTCTATGATAC,(((((..(((.....)))))))).......,36.62710798798516
TAGGTGTCCGCTATCCTATGCAGGTCTATG,.....(.((((........)).)).)....,36.62604670995806
GAAAAGGCTAATCATCGTGATTTACGAAAA,..............(((((...)))))...,36.625313056190066
GAAAAGAGTTCTTCTCAGAGATCGCGAAAA,.....(((.....)))..............,36.62044040211713
GAAAAGTATTAATTCGTATTATATCGAAAA,............((((........))))..,36.61620571134299
GAAAAGCATTTAGGAGTTCTCCAGCGAAAA,............(((....)))........,36.61603258292331
AAAAGCATTCCTCGTTCACCCTGCGAAAAG,...........((((.......))))....,36.61566900477763
GAAAAGGAGCATTGCTTTATGATCTGAAAA,.....(((((...)))))............,36.6150099908873
CTAGGTGTCCGATCATTCGTATTGGTCTAT,..........(((((.......)))))...,36.607843515216324
GAAAAGAAAATTTAGGTTCGAATGCGAAAA,................((((....))))..,36.60547765962784
GAAAAGATATACTGTATTACAGGTCGAAAA,...........((((...))))........,36.6052681125074
GAAAAGTTATGTCTTCGGCAATCACGAAAA,.............((((.......))))..,36.60040298849928
GGGCCCTAGGTGTCCCCTGGTCTATGAGTC,(((((..(((.....)))))))).......,36.59463566326191
GAAAAGCTAGCTCGTATACTTTAGCGAAAA,...........((((........))))...,36.59389093593559
GAAAAGGTAGCAATTTTTGGATGCCGAAAA,.....((((.(((...)))..)))).....,36.589877014850984
GGGGGAAGTTCATTCATAGTTGTCCGCCGT,((.(((....((........))))).))..,36.58581783428375
TATAGAGGTGTCCGGATTCTGGTCGCTAGA,......((((.((((...)))).))))...,36.58317548324875
GAAAAGACGTTACATTGTTGCGTTCGAAAA,.....(((((.((...)).)))))......,36.577617625580764
GAAAAGATATATGCGAGCCTTGTTCGAAAA,.............(((((...)))))....,36.576042177167885
TGGGCTATACGTTTCAAGTCTAGGCGTCCG,..(.(((.((.......)).))).).....,36.567144192088904
GAAAAGATTAGGGTTTAACCCCCTCGAAAA,..........((((...)))).........,36.56550096074572
GAAAAGATGGGTTTAACCCTTCATCGAAAA,.....((.((((...)))).))........,36.563223749203104
CTAGAGGGTCTATTAATAGGGCTGTCCCCT,...((.(((((.......))))).))....,36.56228999354757
GAAAAGTTACGTTCTTTGAAGGTGCGAAAA,.......(((.(((...))).)))......,36.56181444689135
GAAAAGATAGTTCCTTCGCTACATCGAAAA,..............((((......))))..,36.54467618561513
GAAAAGCCATCTCGTAGTTTAAAGCGAAAA,...........((((........))))...,36.54312589790871
GAAAAGCATTCATTTTGTGCCGTGCGAAAA,.....((((.(((...)))..)))).....,36.53604097703891
GAAAAGAATAAGCTTCGTGAAGTTCGAAAA,.............((((.......))))..,36.530845942423056
GAAAAGATGTACATTGTACAATATCGAAAA,.......(((((...)))))..........,36.517718016007976
GAAAAGAATCGTCGTCTTCACATTCGAAAA,.....((((.((.(....))))))).....,36.51141092203383
GTTGTGGTCTATTCATAGGTGTCTGCATCG,..(((((.....)))))((((....)))).,36.51129546245611
TGCATGGAGGTGTCCCCTGGTCTACTTGTG,.((..((.((...))))..)).........,36.51084815581849
GAAAAGAATCTGACTTCGTTTGTTCGAAAG,..............((((......))))..,36.50613860448992
GAAAAGAAAACTTTTGGTCTTTTTCGAAAA,((((((...(((...))).)))))).....,36.501405957837406
GAAAAGTTGCAAGTATTCTTCCAATGAAAA,.....((((.(((....))).)))).....,36.497636701834594
GAAAAGCGTTATCTCTTCGGCCAGCGAAAA,...............((((.....))))..,36.49077121706894
GAAAAGCGTTCCGGCTCGTTCTCGCGAAAA,.....((......))((((....))))...,36.48091489337331
GAAAAGGGATTCCTTCGGATATAACGAAAA,....(((....)))(((.......)))...,36.47926938703631
GAAAAGTATCTTGCTTTGCACACGAAAAGG,..((((((...)))))).............,36.478647223536896
GAAAAGTTGACCTCTGGTTCAGCACGAAAA,.....(((((((...)).))))).......,36.476953571363694
GAAAAGCTATCGTCGTTAGAGTTGCGAAAA,............((((.......))))...,36.47648942343788
TCTGGGTGTCCATGTAACAAGTGGTCTATA,.......(.((((.......)))).)....,36.46781468487791
AGAGGGCCCCATGAGTTGCTTGGGTGAGGT,.......((((.........))))......,36.459539614719496
GAAAAGATAGCGTGTTTCACTCTACGAAAA,.......(((.(((...))).)))......,36.459073858459945
GAAAAGATCTAGGTTATCTGCCATCGAAAA,...........(((.....)))........,36.45716823732016
TAGATCTAGGTGTCCCTTGGTCTATAGCTA,((((((.(((....))).))))))......,36.455620031614075
GAAAAGCTTCCCATCGTATTCAAGCGAAAA,.............((((......))))...,36.44464832507405
TTAGGTGTCCGCGGTTGAGATGGTCTATTG,......(.((((......).))).).....,36.44340193628338
GAAAAGACCTGCTTCTTAGTATGTTGAAAA,.....(((.((((....)))).))).....,36.4382038521848
GAGTCGATGTTCCCAACCTAGTCGGCTGCG,.(((((((............)))))))...,36.413257880720444
GAAAAGCTTCTTGCATTTTGCTAGCGAAAA,.....(((....(((...))).))).....,36.40508679850089
GGGCACTAGGTGTCCATTGGTCTAGTGATT,((((((...))))))....(((....))).,36.386743460068956
ATGAGCAGGGTGTCCCTTTGGGTCTATCGT,..((.(((((...))))...).))......,36.38315783109361
GCATGAAAAGTGTTGTATATCGAAAAGTGT,((((.....)))).................,36.36574956767813
GAAAAGGATCTATCCATCATACTCCGAAAA,.....(((....)))...............,36.36508724239231
GAAAAGGCAGGTGTTTCATCAACCCGAAAA,.....((..((((...))))..))......,36.36322953447426
CTAGGGGTCCCTGCAGTTGCCGAGGTCTAT,.....((.(((.((....)).).)).))..,36.36174243231705
GAAAAGTCTCGTTCCTACGACGCCGAAAAG,.....((.((((....)))).)).......,36.36169829286741
CTAGGTGTCCGCTATCCTATGCCGGTCTAT,......(.((((........).))).)...,36.36089830445536
TGGTCGATGTCGTGCAGGCCTAGGGGTCTG,..............((((((....)))))),36.35633342098174
GAAAAGATTTATGCCTTGCATGAACGAAAA,.......(((((((...)))))))......,36.34108715007687
TGTGGCATAGGTGTCCCTTGGTCTATCTCG,...(((..(((....)))..))).......,36.337726375072904
GAAAAGAAGATTGCTCTGTAACTTCGAAAA,.....((((.((((...)))))))).....,36.33492088883561
ATGGTCTATCCATTTGGCATAGGTGTCCGA,..(((((((((....)).)))))...))..,36.33151839459389
GAAAAGCTACATCTTCGGATATTGCGAAAA,.............((((.......))))..,36.32924911138018
GAAAAGCATTAGCCCATATCTACGCGAAAA,.....((....)).................,36.32246611037883
GCCTTGAGTCTATTTATAGTCGTCTGAATC,.....(((.(((....))).).))......,36.322245003712766
GGGCCGTAGGTGTCCCCTGGTCTATGATTC,(((((..(((.....)))))))).......,36.31327960911645
GAAAAGCACGTTCTTATGTCTCAGCGAAAA,....((.((((....)))))).........,36.31033988734838
GAAAAGCAATTATACCTCGTAACGCGAAAA,................((((...))))...,36.30939784581596
GGAGGGCCCCATAGTATTTTGGGTGAGGTG,.......((((........)))).......,36.30137862150418
TAGGTGTCCATCGCCGTTCAGATAGGTCTA,..((((.....))))...............,36.29758187733695
GAGAGGGTCTATTAATAGGGCTGTCCCCTG,..((.(((((.......))))).)).....,36.29643200538189
GAAAAGTTAGCCTTTTTAGGCATCGAAAAG,.........((((....)))).........,36.28899183973211
CGAAAAGATGCTTCTTATCTCAGCGAAAAG,.((.((((....)))).))...........,36.28874451463611
GAAAAGTGTGATATACTTGTCATACGAAAA,.....((((((((....)))))))).....,36.263792524768434
TAGAGGGTCTATTAATAGGGCTGTCCCCTC,..((.(((((.......))))).)).....,36.26268200538189
GAAAAGCTTAAACTTCGGTACATGCGAAAA,.............((((.......))))..,36.25920027936084
GAGGGTCTATTAATAGGGCTGTCCCCTGGT,((.(((((.......))))).)).......,36.25901084462271
TAGAGGGTCTATTAATAGGGCTGTCCCCTA,..((.(((((.......))))).)).....,36.257682005381895
GAAAAGTATTCGGTTCTCCTGATTCGAAAA,........(((((.((....)).)))))..,36.25710976179981
GAAAAGCAAGCATTGTTTGTACAGCGAAAA,.....((((((...))))))..........,36.24697095041884
GAAAAGCTATGTTCTTTGAACACACGAAAA,.........(((((...)))))........,36.24573941351071
AATTCGAAAAGCCCCAACGAAGAGATTATT,..((((...........)))).........,36.24116029189237
GAAAAGTGTTTACTTCGAAAGCAACGAAAA,.............((((.......))))..,36.2387067496987
AAGAGGGTCTATTAATAGGGCTGTCCCCTG,..((.(((((.......))))).)).....,36.237334845563794
TGCACTAGGTGTCCTTTGGTCTATTGACTG,.((((...)))).....((((....)))).,36.222221304114626
GAAAAGGTGCTACTCGGTTTGTACCGAAAA,.............(((((....)))))...,36.221336706283914
TAGAGGGTCTATTAATAGGGCTGTCCCCCG,..((.(((((.......))))).)).....,36.2199474322627
GAAAAGAACCAGCTCTTAGCTTATCGAAAA,..........((((...)))).........,36.21974011383398
CTAGGTTGTCCATAGTTTACGGTGGTCTAT,.......(.((((........)))).)...,36.21722296685331
GAAAAGAAAGCATTATTTGCATGTCGAAAA,.........(((.....)))..........,36.212933670395515
TCGGCCTAGGTGTCCCCAGGTCTAAGCCTA,..(((((.((....)).)))))........,36.206018228153795
GAAAAGATGCAGGTTATCCTTCGTCGAAAA,.....((((.(((....))).)))).....,36.20456216359666
GAAAAGTGTATACTCTTGTGGTCATGAAAA,.....(((..(((....)))..))).....,36.193833459589946
GCAAAAAGATCATTCGTGTTCGAAAGCATA,............((((....))))......,36.17709962146784
CACATCTAGGTGTCCCTTGGTCTATAGCTG,...(((.(((....))).))).........,36.17446313810379
GAAAAGCAGTTATCTTCGAATTCGCGAAAA,..............((((......))))..,36.168894793019874
GGGCACTAGGTGTCCATTGGTCTACTGATT,((((((...))))))....(((....))).,36.146311213919695
GAAAAGCTATAACTTCGGTGCTCGCGAAAA,.............((((.......))))..,36.124281753287676
TACAGGAGTGGTCATGTGTATGTCTTCGGA,((((.((....)).))))............,36.119066879742824
TCGAGGGTCTATTAATAGGGCTGTCCCCTG,..((.(((((.......))))).)).....,36.11885657581459
GAAAAGGTCAGATTCTGATTCATCCGAAAA,.....((((((...))))))..........,36.11749870629649
GAAAAGGCTACTACCTCTCGTTACCGAAAA,....(((......))).(((....)))...,36.11443426404081
GAAAAGGTCTATACCATCTGTTACCGAAAA,.....(((....)))...............,36.10934223046444
GAAAAGTTGGAATTTCTAGCCCTACGAAAA,.....((((((...))))))..........,36.10371307359891
GAAAAGATAGAACTTTGTTGGTGTCGAAAA,.....((((.(((...)))..)))).....,36.097278374796495
TAGGTGTCCAGGTTGCCCGTTTGGTCTATG,.....(.(((((.......))))).)....,36.092964948149195
GAAAAGCAACTATTTTAGTGCCAGCGAAAA,.....(((.(((...)))))).........,36.087312224891434
GAAAAGCTCTTTATACTCGTACAGCGAAAA,................((((...))))...,36.08276810198541
CTAGGCTGTCCGATCATCCTATTGGTCTAT,...........(((((......)))))...,36.08017647488046
GGGGGAAGTCCATTCATAGTCGTCTGCCGT,((.(((.(.(........).).))).))..,36.07792981441918
TGGTCTATCAGTTCAGTATAGGCGTCCGTG,..(((((((......).)))))).......,36.071751658799144
TAGTCGTCACTTAACAGGAGGAGTGGTCTG,......((((((........))))))....,36.06938972104375
CGAAAAGTATCTGGTCTTCGCAATACGAAA,................((((.....)))).,36.06185629149313
GAAAAGTATCTGGTCTTCGCAATACGAAAA,...............((((.....))))..,36.06185629149313
CGAAAAGTATTCTCCTGGAACATCGAAAAG,(((...((.(((....))))).))).....,36.058991127985976
GAAAAGAGATTATCTTAATCGCTCGAAAAG,....((.(((((...))))).)).......,36.057116621634435
GAAAAGCTATTAGTTGTTCAAACGCGAAAA,(((.((((...)))).)))...........,36.05707375332836
CTAGGCTGTCCGATCTTCCGATTGGTCTAT,.......(.((((((....)))))).)...,36.05165411627341
GAAAAGGGCCTTACTTCGTTGATCCGAAAA,..............((((......))))..,36.05022831196503
CTAGGCTGTCCGATCACCCGATTGGTCTAT,.......(.((((((....)))))).)...,36.046920048998345
GAAAAGGGGCTTCTTCAGATACAACGAAAA,.....((((...))))..............,36.03910017949838
GAAAAGGATCTGTGATTCACTTTCCGAAAA,.....(((...(((...)))..))).....,36.03003906875301
GAAAAGGGTCAGTGTCTTGCACGCCGAAAA,......(((..((((...))))))).....,36.00992086877223
GAAAAGCCAAATCGTATCCTTTCGCGAAAA,...........((((........))))...,36.00891032518678
CTAGGTGTCCTGGCCGATTGCTTGGTCGAT,..........(((((((....)))))))..,36.00715860443145
GAAAAGCTGCAACCTTTGGTTCATCGAAAA,.......((.((((...)))))).......,36.00558500902774
CAGGAGTGGTCATCAATTCGGATGTCTTCG,.....(.((.((((......)))).)).).,36.002676097140764
GAAAAGATATAAGGTCATCCCAATCGAAAA,............((....))..........,36.00118201110887
GAAAAGCATTCATTCGAAGTACCGCGAAAA,............((((........))))..,36.00067793661832
GAAAAGGTATCATTCGAATTACTCCGAAAA,............((((........))))..,35.99958692383356
TGGGAGTCTTTTTAGAGTTGTCAGGGGCGT,.....((((((...((....))))))))..,35.99946315183715
TGGTCTATGTCGTTTAGGCCCAGGTGTCTG,.((((((.......))))))(((....))),35.98266307671162
GGTCCTAGGTGTCCCTCTGGTCTATGATTA,((.((.(((....)))..)).)).......,35.97841751513042
CTAGGTGTCCGGCGGATTAGTTGGTCTATG,......(.(((((......))))).)....,35.97591109207138
GAAAAGTAGCTTCCCTCGGATCTCCGAAAA,...............((((....))))...,35.97390556434205
GAAAAGCATAGTATCTCGTAACCGCGAAAA,...............((((....))))...,35.97357512810804
CTAGGTGTCCGTAAATTCAGAATGGTCTAT,......(.((((.........)))).)...,35.968820691815864
GAAAAGAAACTTGCTTTTGGCGTTCGAAAA,.....(((...((((...))))))).....,35.94846524154153
GAAAAGATCATGTCTATAGCTTATCGAAAA,....((((...))))...............,35.94678027577259
CAGGAGTGGTCAATCCTATGGTTGTCTTCG,.....(.((.(((((....))))).)).).,35.94330759346624
GCACTAGGTGTCCATTGGTCTATTGACTGT,((((...)))).....((((....))))..,35.94001807786702
GAAAAGATAGTTCGTTACACTGATCGAAAA,..........((((..........))))..,35.938014008325936
TAGGGCTATCGTTAAACTATAGGTGTCCAG,..((((.(((...........)))))))..,35.91914766904369
GAAAAGATGCATCATTTGCTACATCGAAAA,........(((.....)))...........,35.91346029403167
GCGAAAAGGCTTTATCAAATTCCGAAAAGT,((......))....................,35.91292570434016
AAAAGTTCATTGGTTCGCAATATCGAAAAG,.............((((......))))...,35.90851323357714
GAAAAGATATTCGGAGCATGTTATCGAAAA,.........((((...........))))..,35.90127081102634
GGAGGGCCCCAGTTTCTCGCTGGGTGAGGT,.......((((((.....))))))......,35.88995484390934
GAAAAGTGATTCGTATTACGCTCGCGAAAA,.....((((..(((...))).)))).....,35.86074864248759
TAGGAGGTGTCCAGAATTACCTGGTCGTCA,.....((((.((((......)))).)))).,35.85543887341327
AGGTGTCCGCTATCCTATGCAGGTCTATGT,....(.((((........)).)).).....,35.85452959324856
TTGAGGGTCTATTAATAGGGCTGTCCCCTG,..((.(((((.......))))).)).....,35.842606575814585
AGCAGGTGTCCGATACTAGTCTTGGTCGCT,....((((.((((........)))).)))),35.841306596701095
CCGAAAAGGGAATGTATTAGCCGAAAAGCG,((......)).........((......)).,35.837319875828804
GAAAAGGTTGGAATCTTTCTAACACGAAAA,......(((((((...))))))).......,35.8340557050408
GAAAAGGTTTCAGTTTCTGAGTAACGAAAA,......(((((((...))))..))).....,35.826647778237785
GAAAAGCATTTTGGGATCTTCCCGCGAAAA,...........(((((...)))))......,35.825996874839234
GAAAAGGTGTCCGCATTTCGTGGTCTAATC,........(.((((.....)))).).....,35.81649568386615
GCACTAGGTGTCCTTTGGTCTATTGACTGT,((((...)))).....((((....))))..,35.81557923769397
TGGCACTAGGTGTCCATTGGTCTATTGACT,((((((...))).)))..((((....)))),35.81008965063738
GAAAAGAGTTATAGTGTCGATAATCGAAAA,................((((...))))...,35.805659046223795
GAAAAGAATTCGTGCATAAGATATCGAAAA,........((((............))))..,35.800529440715785
TAGGTGTCCTGGCCTATTGCTTGGTCTATG,.(((...)))((((........))))....,35.7824166176737
GAAAAGCAGATCGTATGTTCATAGCGAAAA,..........((((.........))))...,35.77524062363444
GAAAAGAATTCGTAGCTGTCCATTCGAAAA,........((((............))))..,35.77365495246016
TGGTCTATGCTTTTGGGGCCTAGGTGTCCG,.((((((.((((...)))).))))...)).,35.771160175188555
