Sequences,Secondary structure,Scores
GATTGTGGTCTATTCATAGGCGTCCGCTGA,....((((((((....))))...))))...,151.28961249684141
GGTTTGGTCTATTCATAGGCGTCCGGGTGA,((....(((((....)))))..))......,146.80460220565595
GGTTTGGTCTATTCATAGGCGTCCGGGTTA,((....(((((....)))))..))......,120.96375781136058
GTTTGGTCTATTCATAGGCGTCCGGGTGAG,.....(((((....)))))...........,115.94872776423759
GGTTTGGTCTATTCATAGGCGTCCGGGGGA,((....(((((....)))))..))......,115.53259866237025
GGTTTGGTCTATTCATAGGCGTCCGCTGAG,((....(((((....)))))..))......,115.32974200766219
GGTTTGGTCTATTCATAGGCGTCCGGGTGG,((....(((((....)))))..))......,115.19018905327803
GGTTTGGTCTATTCATAGGCGTCCGGGTGT,((....(((((....)))))..))......,115.18694762194484
GGTTTGGTCTATTCATAGGCGTCCGGGTGC,((....(((((....)))))..))......,115.15946483731275
GGTTTGGTCTATTCATAGGCGTCCGGGGTA,((....(((((....)))))..))......,115.09458246010146
GGTTTGGTCTATTCATAGGCGTCCGGGTTG,((....(((((....)))))..))......,115.08225853032911
GGTTTGGTCTATTCATAGGCGTCCGGGTCA,((....(((((....)))))..))......,115.06604814910705
GGTTTGGTCTATTCATAGGCGTCCGGGTAG,((....(((((....)))))..))......,115.04107105957854
GGTTTGGTCTATTCATAGGCGTCCGGGTAA,((....(((((....)))))..))......,115.03930271298259
GGTTTGGTCTATTCATAGGCGTCCGGGCAA,((....(((((....)))))..))......,114.99371703053663
GGTTTGGTCTATTCATAGGCGTCCGGGGAG,((....(((((....)))))..))......,114.99054849735629
GGTTTGGTCTATTCATAGGCGTCCGGGAGA,((....(((((....)))))..))......,114.89342313471363
GGTTTGGTCTATTCATAGGCGTCCGGGATA,((....(((((....)))))..))......,114.89239213662538
GGTTTGGTCTATTCATAGGCGTCCGGTTTA,((....(((((....)))))..))......,114.82807451032178
GTTTGGTCTATTCATAGGCGTCCGGGTTAG,.....(((((....)))))...........,114.69275390293771
AGTTTGGTCTATTCATAGGCGTCCGGGTGA,......(((((....)))))..........,114.66860207963744
TGTTTGGTCTATTCATAGGCGTCCGGGTGA,......(((((....)))))..........,114.65843569898891
GGTTTGGTCTATTCATAGGCGTCCGCGTTA,((....(((((....)))))..))......,114.63903724671312
GGTTGGTCTATTCATAGGCGTCCGGGTGAG,((...(((((....)))))..)).......,114.63832786708664
GTTTGGTCTATTCATAGGCGTCCGGGTGTG,.....(((((....)))))...........,114.56197375821645
GGTTTGGTCTATTCATAGGCGTCCGGTGAG,((....(((((....)))))..))......,114.54869223722847
GGTTTGGTCTATTCATAGGCGTCCGGTGGA,((....(((((....)))))..))......,114.5180430459364
GGTTTGGTCTATTCATAGGCGTCCGGTTGA,((....(((((....)))))..))......,114.51693702317488
GGTTTGGTCTATTCATAGGCGTCCGGTGCG,((....(((((....)))))..))......,114.50080166662605
GGTTTGGTCTATTCATAGGCGTCCGGATGA,((....(((((....)))))..))......,114.47390618115514
CTGTTTGGTCTATTCATAGGCGTCCGCTGA,.......(((((....))))).........,114.46104608605646
GGTTTGGTCTATTCATAGGCGTCCGGATTA,((....(((((....)))))..))......,114.45357180757999
AGTTTGGTCTATTCATAGGCGTCCGGGTTA,......(((((....)))))..........,114.44976919356802
GGTTTGGTCTATTCATAGGCGTCCGGAGGA,((....(((((....)))))..))......,114.449077528695
GATTTGGTCTATTCATAGGCGTCCGGGTGA,......(((((....)))))..........,114.43334162362456
GATTGTGGTCTATTCATAGGCGTCCGGGTG,.......(((((....))))).........,114.41708785142941
GGTTTGGTCTATTCATAGGCGTCCGTGTGA,((....(((((....)))))..))......,114.41007699810147
ATTTGGTCTATTCATAGGCGTCCGGGTGAG,.....(((((....)))))...........,114.40917690727693
GGTTGGTCTATTCATAGGCGTCCGGGCGAG,((...(((((....)))))..)).......,114.39638069299616
GTTTTGGTCTATTCATAGGCGTCCGGGTGA,......(((((....)))))..........,114.37491438584169
ATTGTGGTCTATTCATAGGCGTCCGGGTGA,......(((((....)))))..........,114.32471505435933
GTTGTGGTCTATTCATAGGCGTCCGGGTGA,......(((((....)))))..........,114.27469256834044
GTTTGGTCTATTCATAGGCGTCCGGGAGAG,.....(((((....)))))...........,114.26086038555738
GATTTGGTCTATTCATAGGCGTCCGCTGAG,......(((((....)))))..........,114.25761425649229
GGTTTGGTCTATTCATAGGCGTCCGAGTGA,((....(((((....)))))..))......,114.25048945364065
ATTTGGTCTATTCATAGGCGTCCGCTGAGT,.....(((((....)))))...........,114.22114452636829
GGTGTGGTCTATTCATAGGCGTCCGGGTTA,((....(((((....)))))..))......,114.21706145554407
TTTGGTCTATTCATAGGCGTCCGGGTTAGT,....(((((....)))))............,114.20817108740098
GATTGTGGTCTATTCATAGGCGTCCGGGTT,.......(((((....))))).........,114.18891782134746
TTTGGTCTATTCATAGGCGTCCGCTGAGTC,....(((((....)))))............,114.1879146152994
GATTTGGTCTATTCATAGGCGTCCGCTGAA,......(((((....)))))..........,114.18437792210753
GATTTTGGTCTATTCATAGGCGTCCGCTGA,.......(((((....))))).........,114.18047094238375
GTTTTGGTCTATTCATAGGCGTCCGGGTTA,......(((((....)))))..........,114.16823807648029
GATGGTGGTCTATTCATAGGCGTCCGCTGA,...((..(((((....)))))..)).....,114.16754346525579
GGTTTGGTCTATTCATAGGCGTCCGTGTTA,((....(((((....)))))..))......,114.16127174989987
GGTATGGTCTATTCATAGGCGTCCGGGTGA,((....(((((....)))))..))......,114.14576524034683
GGTTTGGTCTATTCATAGGCGTCCAGAGGG,((....(((((....)))))..))......,114.14291910772076
CTGATTGGTCTATTCATAGGCGTCCGCTGA,.......(((((....))))).........,114.13436887151136
GGTTTGGTCTATTCATAGGCGTCCGAGTTC,((....(((((....)))))..))......,114.10542129404749
GGTTTGGTCTATTCATAGGCGTCCGAGTGG,((....(((((....)))))..))......,114.10085360276736
GGTTTGGTCTATTCATAGGCGTCCGAGTTA,((....(((((....)))))..))......,114.08935934989381
GGTTTGGTCTATTCATAGGCGTCCGTGGTA,((....(((((....)))))..))......,114.04095883037166
GGTTTGGTCTATTCATAGGCGTCCGTGTTG,((....(((((....)))))..))......,114.03786422382879
GGTTTGGTCTATTCATAGGCGTCCGTGGGA,((....(((((....)))))..))......,114.02327536441234
TGCTGGTCTATTCATAGGCGTCCGAGTTCA,.....(((((....)))))...........,114.01418816578627
GGCTTGGTCTATTCATAGGCGTCCGGGGGA,((....(((((....)))))..))......,113.97289232532577
GTTTGGTCTATTCATAGGCGTCCGGCTGAG,.....(((((....)))))...........,113.95415497169006
GGTCTGGTCTATTCATAGGCGTCCGGGTGA,((....(((((....)))))..))......,113.9498930258173
GTTTGGTCTATTCATAGGCGTCCGGATTAG,.....(((((....)))))...........,113.81887203757398
GGCTTGGTCTATTCATAGGCGTCCGGGGTG,((....(((((....)))))..))......,113.81248719128152
GGTCTGGTCTATTCATAGGCGTCCGGGTTG,((....(((((....)))))..))......,113.67256110184798
GTTTGGTCTATTCATAGGCGTCCAGAGGGT,.....(((((....)))))...........,113.61693745252973
ATTATGGTCTATTCATAGGCGTCCGCTGAG,......(((((....)))))..........,113.5929076364641
GGTTTGGTCTATTCATAGGCGTCCTGGTGA,((....(((((....)))))..))......,113.58126719190457
GATTATGGTCTATTCATAGGCGTCCGCTGA,.......(((((....))))).........,113.57809692758414
GGTTTGGTCTATTCATAGGCGTCCAGATGG,((....(((((....)))))..))......,113.56791138420218
GGGTGTGGTCTATTCATAGGCGTCCGGTGA,.((....(((((....)))))..)).....,113.55468773014243
GGTTTGGTCTATTCATAGGCGTCCAGGTGA,((....(((((....)))))..))......,113.53051429328337
GGTTTGGTCTATTCATAGGCGTCCAGGTTA,((....(((((....)))))..))......,113.4814458998024
GTTTGGTCTATTCATAGGCGTCCGAGTGAG,.....(((((....)))))...........,113.47993193127496
TTTGGTCTATTCATAGGCGTCCAGAGGGTC,....(((((....)))))............,113.45363882447856
GTTTGGTCTATTCATAGGCGTCCGTGTTAG,.....(((((....)))))...........,113.40323786621792
TAGTTGGTCTATTCATAGGCGTCCGGTGAG,......(((((....)))))..........,113.37228443491037
TGATTGGTCTATTCATAGGCGTCCAGAGGG,......(((((....)))))..........,113.33139982350647
ACATGGTCTATTCATAGGCGTCCGCGGAAG,.....(((((....)))))...........,113.2879240971942
GATTGTGGTCTATTCATAGGCGTCCGACTT,.......(((((....))))).........,113.27662684809545
ATTGGTCTATTCATAGGCGTCCAGAGGGTC,....(((((....)))))............,113.2691740519945
GATTGGTCTATTCATAGGCGTCCAGAGGGT,.....(((((....)))))...........,113.26314612760636
GATTCTGGTCTATTCATAGGCGTCCGCTGA,.......(((((....))))).........,113.22471293834326
GATTTGGTCTATTCATAGGCGTCCGTGTGA,......(((((....)))))..........,113.16370498078359
GATTGTGGTCTATTCATAGGCGTCCGTTGA,.......(((((....))))).........,113.14187099495322
GATTGTGGTCTATTCATAGGCGTCCAGAGG,.......(((((....))))).........,113.12308452213506
TGGTCTATTCATAGGCGTCCGCTGAGTCGT,..(((((....)))))..............,113.11921065371553
TGTTGGTCTATTCATAGGCGTCCAGAGGGT,.....(((((....)))))...........,113.10256376778139
GGTCTGGTCTATTCATAGGCGTCCGGTTGA,((....(((((....)))))..))......,113.09913521022173
ATTGTGGTCTATTCATAGGCGTCCGTGTTA,......(((((....)))))..........,113.08587442760074
TTATTGGTCTATTCATAGGCGTCCAGAGGG,......(((((....)))))..........,113.05062309447361
TAATTGGTCTATTCATAGGCGTCCAGAGGG,......(((((....)))))..........,113.04797057457971
GGTTTGGTCTATTCATAGGCGTCCCGGTGA,((....(((((....)))))...)).....,113.01006570293353
GGTTTGGTCTATTCATAGGCGTCCCGATGC,((....(((((....)))))...)).....,112.97447853382943
GGTTAGGTCTATTCATAGGCGTCCGGGTTA,((....(((((....)))))..))......,112.93522635001027
CTAATTGGTCTATTCATAGGCGTCCAGAGG,.......(((((....))))).........,112.91550772207536
GGTTAGGTCTATTCATAGGCGTCCGGGGTA,((....(((((....)))))..))......,112.8890512418827
GTTTGGTCTATTCATAGGCGTCCAGGTGAG,.....(((((....)))))...........,112.8675242022986
CGGTTTGGTCTATTCATAGGCGTCCTGGTG,.((....(((((....)))))..)).....,112.838139011283
CGGTTTGGTCTATTCATAGGCGTCCTGGTT,.((....(((((....)))))..)).....,112.83327605814421
GGTTGGGTCTATTCATAGGCGTCCGGGTGA,((....(((((....)))))..))......,112.80135248444898
GGTTGGGTCTATTCATAGGCGTCCGGGGGA,((....(((((....)))))..))......,112.69881162047278
GGTTTGGTCTATTCATAGGCGTCCTGGTTA,((....(((((....)))))..))......,112.68727920488105
TGATTGGTCTATTCATAGGCGTCCAGATGG,......(((((....)))))..........,112.61456537172792
GGTTTGGTCTATTCATAGGCGTCCTGGTTG,((....(((((....)))))..))......,112.61117172569504
GGTTTGGTCTATTCATAGGCGTCCTGGGGA,((....(((((....)))))..))......,112.60542459925827
CCGATTGGTCTATTCATAGGCGTCCAGATG,.......(((((....))))).........,112.60071386081913
GGTTTGGTCTATTCATAGGCGTCCTGGCGA,((....(((((....)))))..))......,112.5992353861725
GGTTTGGTCTATTCATAGGCGTCCTGGAGA,((....(((((....)))))..))......,112.59702495292757
GGTTTGGTCTATTCATAGGCGTCCTGGCTA,((....(((((....)))))..))......,112.59702495292757
TGCTGGTCTATTCATAGGCGTCCGAGGTCA,.....(((((....)))))...........,112.59322865485174
CTATATGGTCTATTCATAGGCGTCCGATTG,.......(((((....))))).........,112.5484397140924
CGTATGGTCTATTCATAGGCGTCCGTTCTG,......(((((....)))))..........,112.49068196254646
CTGTTTGGTCTATTCATAGGCGTCCTGAGG,.......(((((....))))).........,112.4836187544679
GGTTCGGTCTATTCATAGGCGTCCGGGTGA,((....(((((....)))))..))......,112.48026202958673
GATTTAGGTCTATTCATAGGCGTCCGCTGA,.......(((((....))))).........,112.4305900524509
CTGATTGGTCTATTCATAGGCGTCCAAAGG,.......(((((....))))).........,112.35735015093144
GCTGGTCTATTCATAGGCGTCCGAGTTCAG,....(((((....)))))............,112.33871598865409
GATTGTGGTCTATTCATAGGCGTCCCTGAG,.......(((((....))))).........,112.3228327804466
CTGCTGGTCTATTCATAGGCGTCCGAGTTC,......(((((....)))))..........,112.29068020553945
CCTGATTGGTCTATTCATAGGCGTCCAAAG,........(((((....)))))........,112.28890335729034
CTGATTGGTCTATTCATAGGCGTCCAAATG,.......(((((....))))).........,112.28359831750254
TGCTGGTCTATTCATAGGCGTCCGAGTCCA,.....(((((....)))))...........,112.28301790771644
TGCTGGTCTATTCATAGGCGTCCGAGTGCA,.....(((((....)))))...........,112.27822836697277
TGCTGGTCTATTCATAGGCGTCCGAGTTCT,.....(((((....)))))...........,112.27498693563959
TGCTGGTCTATTCATAGGCGTCCGAGTTCG,.....(((((....)))))...........,112.27145024244771
TGCTGGTCTATTCATAGGCGTCCGAGTACA,.....(((((....)))))...........,112.25244051654144
TGCTGGTCTATTCATAGGCGTCCGTGTTCA,.....(((((....)))))...........,112.25215241708526
CTGGTCTATTCATAGGCGTCCGAGTTCAGT,...(((((....))))).............,112.23917791707194
CTGATTGGTCTATTCATAGGCGTCCCGAGG,.......(((((....))))).........,112.23287861758041
GATTGTGGTCTATTCATAGGCGTCCTGGTG,.......(((((....))))).........,112.22328449356954
TTTGGTCTATTCATAGGCGTCCTGGTTAGT,....(((((....)))))............,112.210118609457
GGTTCGGTCTATTCATAGGCGTCCGGGTTA,((....(((((....)))))..))......,112.2006462599773
CTGATTGGTCTATTCATAGGCGTCCTACTG,.......(((((....))))).........,112.1254065630547
GGCTTGGTCTATTCATAGGCGTCCAAAGGG,((....(((((....)))))..))......,112.04576724922288
GGTTTGGTCTATTCATAGGCGTCTTGGTGA,......(((((....)))))..........,111.81291210420437
GGTTTGGTCTATTCATAGGCGTCTGGGTGA,......(((((....)))))..........,111.80976519733386
GTTCGGTCTATTCATAGGCGTCCGGGTTAG,.....(((((....)))))...........,111.78749821547842
GGTTTGGTCTATTCATAGGCGTCAGGGTTA,......(((((....)))))..........,111.67417939426545
GGTTGGGTCTATTCATAGGCGTCCGTGTGA,((....(((((....)))))..))......,111.56008118726001
GGTATGGTCTATTCATAGGCGTCCTGGTGA,((....(((((....)))))..))......,111.49216845497702
CAGTCTGGTCTATTCATAGGCGTCCAATAG,.......(((((....))))).........,111.4168965894029
GGCTTGGTCTATTCATAGGCGTCCTGGTGA,((....(((((....)))))..))......,111.41373201946017
GATTGTGGTCTATTCATAGGCGTCTGCTGA,.......(((((....))))).........,111.40298393393473
GGTCTGGTCTATTCATAGGCGTCCTGGTGA,((....(((((....)))))..))......,111.2152523957275
GGTTTGGTCTATTCATAGGCGTTCGGGTGA,......(((((....)))))..........,110.94628060093348
GGTTTGGTCTATTCATAGGCGTACGGGTGA,......(((((....)))))..........,110.9046510435339
GGTTTAGTCTATTCATAGGCGTCCGGGTGA,((....(((((....)))))..))......,110.67469347823628
GGTTTAGTCTATTCATAGGCGTCCGGGTTA,((....(((((....)))))..))......,110.48017374558286
GATTGTGTCTATTCATAGGCGTCCGCTGAG,......(((((....)))))..........,110.01550162041931
ATTGTGTCTATTCATAGGCGTCCGCTGAGT,.....(((((....)))))...........,109.95972529025228
GGTTTGGTCTATTCATAGGCATCCGGGTGA,((....(((((....)))))..))......,109.9494246518168
GATTGTTGTCTATTCATAGGCGTCCGCTGA,.......(((((....))))).........,109.84090056310768
GGCTTAGTCTATTCATAGGCGTCCGGGTGA,((....(((((....)))))..))......,109.75051524108343
GTTTTGTCTATTCATAGGCGTCCGGGTTAG,.....(((((....)))))...........,109.70053622260914
GATTGTAGTCTATTCATAGGCGTCCGCTGA,.......(((((....))))).........,109.58926943887468
TGCTGGTCTATTCATAGGCGTTCGAGTTTA,.....(((((....)))))...........,109.28193965553717
TGCTGGTCTATTCATAGGCGCCCGAGTTCA,.....(((((....)))))...........,108.36071547330691
CGGTTGGGTCTATTCATAGGGCGTCCCTTA,.((...(.((((....)))).)...))...,107.54828927253064
ATTGTGGTCTATTCATAGGCGTCCGCTGAG,...((((((((....))))...))))....,103.4733004131182
CTGATTGGTCTATTCATAGGCGTCCAGAGG,(((....(((((....)))))...)))...,102.82052510240058
AACGGTGGTCTATTCATAGGTGTCCGACTT,..(((...((((....))))...)))....,102.41235619402067
TGTGTGGTCTATTCATAGGCGTCCGCTTAG,.(((..(((((....)))))...)))....,101.58534859600795
CGATTGTGGTCTATTCATAGGCGTCCGCTG,.....((((((((....))))...))))..,101.41230103916877
TTGTGGTCTATTCATAGGCGTCCGCTGAGT,..((((((((....))))...)))).....,101.35011841373549
GTTGTGGTCTATTCATAGGCGTCCGCTGAG,...((((((((....))))...))))....,101.25940727307548
TATTGTGGTCTATTCATAGGCGTCCGCTGA,....((((((((....))))...))))...,101.24879208806661
AATTGTGGTCTATTCATAGGCGTCCGCTGA,....((((((((....))))...))))...,101.24835000141762
GATTGTGGTCTATTCATAGGCGTCCGCTGG,....((((((((....))))...))))...,101.1797779723063
GATTGTGGTCTATTCATAGGCGTCCGCGTC,....((((((((....))))...))))...,101.16488095100915
GATTGTGGTCTATTCATAGGCGTCCGCTGT,....((((((((....))))...))))...,101.14912878101424
GATTGTGGTCTATTCATAGGCGTCCGCTGC,....((((((((....))))...))))...,101.14058230989326
CAATTGTGGTCTATTCATAGGCGTCCGCTG,.....((((((((....))))...))))..,101.08532147877035
ATTGTGGTCTATTCATAGGCGTCCGCTGGG,...((((((((....))))...))))....,101.0839952188234
GATTGTGGTCTATTCATAGGCGTCCGCTAA,....((((((((....))))...))))...,100.98243778290114
GATTGTGGTCTATTCATAGGCGTCCGCTTA,....((((((((....))))...))))...,100.9689549462462
GATTGTGGTCTATTCATAGGCGTCCGCTTC,....((((((((....))))...))))...,100.96401858071224
GATTGTGGTCTATTCATAGGCGTCCGCTTT,....((((((((....))))...))))...,100.96269232076529
GATTGTGGTCTATTCATAGGCGTCCGCTCA,....((((((((....))))...))))...,100.96092397416936
TGTGGTCTATTCATAGGCGTCCGCTGAGTC,.((((((((....))))...))))......,100.93127849799038
GAATGTGGTCTATTCATAGGCGTCCGCTGA,....((((((((....))))...))))...,100.92081524320508
GATCGTGGTCTATTCATAGGCGTCCGCTGA,....((((((((....))))...))))...,100.89916792776091
ATCGTGGTCTATTCATAGGCGTCCGCTGAG,...((((((((....))))...))))....,100.8594583785818
CGATCGTGGTCTATTCATAGGCGTCCGCTG,.....((((((((....))))...))))..,100.67896662716066
GTGGTCTATTCATAGGCGTCCGCTGAGTCA,((((((((....))))...)))).......,100.64531160581436
CTGTTTGGTCTATTCATAGGCGTCCAGAGG,(((....(((((....)))))...)))...,99.82035249118994
GGTTTGGCCTATTCATAGGCGTCCGGGTGA,((....(((((....)))))..))......,99.80356500526108
GGTTTGGCCTATTCATAGGCGTCCGGGGGA,((....(((((....)))))..))......,99.64834564221688
GGTTTGGCCTATTCATAGGCGTCCGGGTTA,((....(((((....)))))..))......,99.54015800459567
CTGTTGGTCTATTCATAGGCGTCCAGAGGG,(((...(((((....)))))...)))....,99.2381910464415
TAGAGGGTCTATTCATAGGTGTCCGGAATA,....(((((((....))))..)))......,99.08774922646298
CCTGTTTGGTCTATTCATAGGCGTCCAGAG,.(((....(((((....)))))...)))..,98.92537577815659
GCGCGTGGTCTATTCATAGGCGTCCGCTGA,..(((..(((((....)))))...)))...,98.64218234604131
CCTGATTGGTCTATTCATAGGCGTCCAGAG,.(((....(((((....)))))...)))..,98.58926791919257
CTGCTTGGTCTATTCATAGGCGTCCAGAGG,(((....(((((....)))))...)))...,98.58487442165955
CTGTTTGGTCTATTCATAGGCGTCCAGGGG,(((....(((((....)))))...)))...,98.57863968470483
GATTGTGGTCTATTCATAGGCGTCGCTGAG,....((((((((....)))))..)))....,98.5706743887344
CTGTTTGGTCTATTCATAGGCGTCCAGAGC,(((....(((((....)))))...)))...,98.51778689272874
GGACAGGTCTATTCATAGGTGTCCGGCAAG,(((((..((((....)))))))))......,98.51056359272083
GGACAGGTCTATTCATAGGTGTCCGGCATG,(((((..((((....)))))))))......,98.50665822527512
GGGACAGGTCTATTCATAGGTGTCCGGCAA,.(((((..((((....))))))))).....,98.48166129397774
GGGACAGGTCTATTCATAGGTGTCCGGCAT,.(((((..((((....))))))))).....,98.46066298429008
CTGATTGGTCTATTCATAGGCGTCCAGATG,(((....(((((....)))))...)))...,98.45243695279092
GGGACAGGTCTATTCATAGGTGTCCGGCGT,.(((((..((((....))))))))).....,98.398038341759
GGGACAGGTCTATTCATAGGTGTCCGGCTT,.(((((..((((....))))))))).....,98.3905228687263
CTGATTGGTCTATTCATAGGCGTCCAGGGG,(((....(((((....)))))...)))...,98.25196247015971
CTGATTGGTCTATTCATAGGCGTCCAGAAG,(((....(((((....)))))...)))...,98.19305545403651
GGTTTGGTCTATTCATAGACGTCCGGGTTA,((....(((((....)))))..))......,98.18982267288106
CTGATTGGTCTATTCATAGGCGTCCAGAGT,(((....(((((....)))))...)))...,98.1838894670096
CTGATTGGTCTATTCATAGGCGTCCAGAGA,(((....(((((....)))))...)))...,98.18256320706266
GGTTTGGTCTATTCATGGGCGTCCGGGTGA,((....(((((....)))))..))......,98.0894044821502
GGTTTGGTCTATTCATGGGCGTCCGGGGGA,((....(((((....)))))..))......,97.99902019488201
CTGAATGGTCTATTCATAGGCGTCCAGAGG,(((....(((((....)))))...)))...,97.92731035254675
GGTTTGGTCTATTCATGGGCGTCCGGGTTA,((....(((((....)))))..))......,97.89488474949678
CTGTTTGGTCTATTCATAGGCGTCCAGTGG,(((....(((((....)))))...)))...,97.8684716917782
GGAGGTCTATTCATAGGCGTCCGGGTGAGT,(((.(((((....))))).)))........,97.79899246765574
GATTGTGGTCTATTCATAGGCTTCCGCTGA,....(.((((((....)))))).)......,97.79193933718277
CTGACTGGTCTATTCATAGGCGTCCAGAGG,(((....(((((....)))))...)))...,97.6681488734676
CGGGTTGGTCTATTCATAGGCGTCCGGGTG,((((...(((((....))))).))))....,97.61952313128113
CTGAGTGGTCTATTCATAGGCGTCCAGATG,(((....(((((....)))))...)))...,97.54764950435865
CTGATTGGTCTATTCATAGGCGTCCAGTGG,(((....(((((....)))))...)))...,97.5377422849971
CGGGTTGGTCTATTCATAGGCGTCCGGGGT,((((...(((((....))))).))))....,97.46784817063501
GATTGTGGTCTATTCATAGGCGTTCGCTGA,....((((((((....)))))...)))...,97.19933106950216
CGGTTTGGTCTATTCATAGGCGTCCGGGTG,(((....(((((....)))))..)))....,97.16284559535706
ATTGTGGTCTATTCATAGGCGTTCGCTGAG,...((((((((....)))))...)))....,97.16241764045111
AACGGTGGTCTATTCATAGGTGTCCGGCTT,..(((...((((....))))...)))....,97.12041050373071
GATTGGGGTCTATTCATAGGCGTCCGCTGA,...(((((((((....))))).))))....,96.97649742044422
CGGTTTGGTCTATTCATAGGCGTCCGGGTT,(((....(((((....)))))..)))....,96.9589887186911
GATTGTGGTCTATTCATAGGCGCCCGCTGA,....((((((((....))))...))))...,96.81361012872375
GTTTGGTCTATTCATGGGCGTCCGGGTGAG,.....(((((....)))))...........,96.791019495738
ATTGTGGTCTATTCATAGGCGCCCGCTGAG,...((((((((....))))...))))....,96.6916006627167
GGTACAGGTCTATTCATAGGTGTCCGCAAC,((.(((..((((....))))))))).....,96.56246946371931
GAGGGAGGTCTATTCATAGGCGTCCGCCGA,(..(((.(((((....))))).)))..)..,96.51489395329706
ACGGTGGTCTATTCATAGGTGTCCGACTTG,.(((...((((....))))...))).....,96.50757475766149
AACGGTGGTCTATTCATAGGCGTCCGGGTG,..(((..(((((....)))))..)))....,96.50723266352821
GAGGGAGGTCTATTCATAGGCGTCCGCCGT,(..(((.(((((....))))).)))..)..,96.4662644219089
AGCGGTGGTCTATTCATAGGTGTCCGACTT,..(((...((((....))))...)))....,96.39555434321143
ACGTTTGGTCTATTCATAGGCGTCCGGGTG,.((....(((((....)))))...))....,96.23714694261932
CTGAATGGTCTATTCATAGGCGTGCAGAGG,(((....(((((....)))))...)))...,96.22601782025893
CAACGGTGGTCTATTCATAGGTGTCCGACT,...(((...((((....))))...)))...,96.22266684131164
CGGTGGTCTATTCATAGGTGTCCGACTTGT,(((...((((....))))...)))......,96.22156243082821
AACGGTGGTCTATTCATAGGTGTCCGACTC,..(((...((((....))))...)))....,96.20645807236764
GATTGGGGTCTATTCATAGGCGTCCGCCGA,...(((((((((....))))).))))....,96.13060055647031
GATTGTGGTCTATTCATAGGCATCCGCTGA,....((((((((....))))...))))...,96.10597747598457
AACGGTGGTCTATTCATAGGTGTCCGAATT,..(((...((((....))))...)))....,96.0965269338392
GATTGGGGTCTATTCATAGGCGTCCGCGGA,...(((((((((....))))).))))....,96.06022012013815
GATTGCGGTCTATTCATAGGCGTCCGCTGA,....((((((((....))))...))))...,95.9016748032546
GGTTTGGTCTGTTCATAGGCGTCCGGGTGA,((....(((((....)))))..))......,95.88763178473138
CTGATTGGTCTATTCATAGGCGTCCGGGTG,(((....(((((....)))))...)))...,95.80589822881021
GGGTTGGTCTATTCATAGGCGTCCGGGTGA,(((...(((((....))))).)))......,95.7721351889244
ATTGCGGTCTATTCATAGGCGTCCGCTGAG,...((((((((....))))...))))....,95.76721672323703
GATGGAGGTCTATTCATAGGCGTCCGCCGA,(.((((.(((((....))))).)))).)..,95.74229183398504
GGTTTGGCTTATTCATAGGCGTCCGGGTGA,((....(((((....)))))..))......,95.73962024783043
CTGATTGGTCTATTCATAGGCGTCCGGGTT,(((....(((((....)))))...)))...,95.70739835028024
GGTTTGGTCTGTTCATAGGCGTCCGGGTTA,((....(((((....)))))..))......,95.68500766760596
GGGTTGGTCTATTCATAGGCGTCCGGGGGA,(((...(((((....))))).)))......,95.6371767870602
GGGACGGGTCTATTCATAGGTGTCCGGCAA,.(((((..((((....))))))))).....,95.63027883005118
GGGTTGGTCTATTCATAGGCGTCCGGGCTA,(((...(((((....))))).)))......,95.55968598031653
GGGTTGGTCTATTCATAGGCGTCCGCTGAG,(((...(((((....))))).)))......,95.54778151496014
AACGGAGGTCTATTCATAGGTGTCCGACTT,..((((.(((((....))))).))))....,95.52708198025945
GGGTTGGTCTATTCATAGGCGTCCGGGCGA,(((...(((((....))))).)))......,95.51000207832713
CTGTTTGGTCTATTCATAGGCGCCCAGAGG,(((....(((((....)))))...)))...,95.49869118692891
GGGATAGGTCTATTCATAGGTGTCCGGCAA,.(((((..((((....))))))))).....,95.4856782069254
GGTTGGGCTTATTCATAGGCGTCCGGGGGA,((....(((((....)))))..))......,95.28238493264715
AACGGGGGTCTATTCATAGGTGTCCGACTT,..((((.(((((....))))).))))....,95.26988580867092
GGTACAGGTCTATTCATAGGTGTCCGCTGA,((.(((..((((....))))))))).....,95.23963245193153
CGGTTGGTCTATTCATAGGTGTCCGTATAG,(((....((((....))))...))).....,95.23834473098708
GGCTTGGTCTATTCATAGGCGTCCGGGCTA,(((((((((((....))))...))))))).,95.20471195070937
CTGATTGGTCTATTCATAGGCGCCCAGAGG,(((....(((((....)))))...)))...,95.1679617801478
GATTGCGGTCTATTCATAGGCGTCCGCCGA,....((((((((....))))...))))...,95.11772785418465
GGATTGGTCTATTCATAGGCGTCCGGGTGA,((((..(((((....)))))))))......,95.0378159936889
AACGGTGGTCTATTCATAGGCGTCCGACTT,..(((..(((((....)))))..)))....,95.01670277292624
GGTTTGGTTTATTCATAGGCGTCCGGGTGA,((....(((((....)))))..))......,95.00183664089357
TGCTGGTCTATTCATAGACGTCCGAGTTCA,.....(((((....)))))...........,94.93098228064014
GGTTTGGTTTATTCATAGGCGTCCGGGGGA,((....(((((....)))))..))......,94.83040850890538
GGTACAGGTCTATTCATAGGTGTCCGCAGC,((.(((..((((....))))))))).....,94.80632211612098
GGTACAGGTCTATTCATAGGTGTCCGCATC,((.(((..((((....))))))))).....,94.805880029472
GTGACAGGTCTATTCATAGGTGTCCGGCAA,(.((((..((((....))))))))).....,94.77554549328713
GGAACAGGTCTATTCATAGGTGTCCGCAAC,(((.((..((((....))))))))).....,94.77007101090436
CGGGATGGTCTATTCATAGGCGTCCGCCAG,..(((((.((((....))))))))).....,94.76170729364547
GGTTTGGTTTATTCATAGGCGTCCGGGTTA,((....(((((....)))))..))......,94.72627306352015
GTGACAGGTCTATTCATAGGTGTCCGGCTA,(.((((..((((....))))))))).....,94.68344948234255
ACGTTTGGTCTATTCATAGGCGTCCGAAGT,.((....(((((....)))))...))....,94.66652273160008
GGATTGGTCTATTCATAGGCGTCCGGGAGA,((((..(((((....)))))))))......,94.64458813435206
CGGTTGGGTCTATTCATAGGCGTCCGGGTG,(((....(((((....)))))..)))....,94.53675135558385
CGGTTGGGTCTATTCATAGGCGTCCGGGTT,(((....(((((....)))))..)))....,94.43419928481788
CGGACGGTCTATTCATAGGTGTCCGGCTAG,((((((..(((....))).)))))).....,94.42957466224519
TGCTTGGTCTATTCATAGGCGTCCGGGCTT,.((((((((((....))))...))))))..,94.42783566747522
GATTGTGGTCTATTCATAGGCGTCCACTGA,....((((((((....))))...))))...,94.36950080147803
TGGACAGGTCTATTCATAGGTGTCCGGCAA,((((((..((((....))))))))))....,94.34509477248966
AATGGGGGTCTATTCATAGGTGTCCGACTT,...(((.(((((....))))).))).....,94.34080271800883
AAAGGGGGTCTATTCATAGGTGTCCGACTT,...(((.(((((....))))).))).....,94.25133777291119
GAGTGGGGTCTATTCATAGGCGTCCGCCGA,(.((((((((((....))))).))))))..,94.21760781427136
CTGATTAGTCTATTCATAGGCGTCCAGAGG,(((....(((((....)))))...)))...,94.20500235218145
GGTCTGGTCTATTCATAGGCGTCCGGGCTG,(((((((((((....))))...))))))).,94.19544713802398
CGCTGGTCTATTCATAGGCGTCCGAGTTCA,((...(((((....)))))...))......,94.15686483217235
AACGGGGGCCTATTCATAGGTGTCCGACTT,..((((.(((((....))))).))))....,94.14105547592249
CTGGTTGGTCTATTCATAGGCGTCCAGAGG,((((...(((((....)))))..))))...,94.1389944454094
GATTGGGGTCTATTCATAGGCGTCCGTGGA,....((((((((....))))).))).....,94.12911932460494
CGGATGGTCTATTCATAGGTGTCCGGCTAG,((((((..(((....))).)))))).....,94.09500351531179
TGGACAGGTCTATTCATAGGTGTCCGGCTA,((((((..((((....))))))))))....,94.00176284291311
TGCTGGTCTATTCATAGGCGTCCGGGTGAG,..((((((((....))))...)))).....,93.95827988525437
GATTGAGGTCTATTCATAGGCGTCCGCTGA,....((.(((((....))))).))......,93.79622546163577
TGCTGGTCTATTCATAGGCGTCCGGGTTCA,..((((((((....))))...)))).....,93.73517134520736
ATTGAGGTCTATTCATAGGCGTCCGCTGAG,...((.(((((....))))).)).......,93.71746707483393
GGTTTGGTCTATTCATAGGCGTCCGGGCTA,(((((((((((....))))...))))))).,93.54513187880661
GATTGAGGTCTATTCATAGGCGTCCGCTGC,....((.(((((....))))).))......,93.5418382765516
GGTTTGGTCTATTCATAGGCGTCCGGGCTG,(((((((((((....))))...))))))).,93.50635009369535
GATTGAGGTCTATTCATAGGCGTCCGCCGA,....((.(((((....))))).))......,93.49737454952184
GGCTTGGTCTATTCATAGGCGTCCGGGTGA,.((((((((((....))))...))))))..,93.44207403718416
GAATGAGGTCTATTCATAGGCGTCCGCCGA,....((.(((((....))))).))......,93.34014658866451
AACGGTGGTCTATTCATAGGCGTCCGCTGA,..((((((((((....))))...)))))).,93.13138839066737
GCCTTGGTCTATTCATAGGCGTCCGGGTGA,((((..(((((....)))))....))))..,93.0805245934449
GGTTTGGTCTATTCATAGGCGTCCGGGCGA,.((((((((((....))))...))))))..,92.96492905828413
GAGTGAGGTCTATTCATAGGCGTCACCCGA,(.((((.(((((....))))).)))).)..,92.93657420875607
CTGGTAGGTCTATTCATAGGCGTCCAGCGG,((((.(.(((((....))))).)))))...,92.93242473684968
GCGCGAGGTCTATTCATAGGCGTCCAGAGG,....((.(((((....))))).))......,92.90020041047077
GCTTGGTCTATTCATAGGCGTCCGGGTGAG,((((((((((....))))...))))))...,92.87319917296486
GGGACTGGTCTATTCATAGGTGTCCGGCAA,.((((...((((....)))).)))).....,92.74309035966218
GGCTTGGTCTATTCATAGGCGTCCGGGTTG,(((((((((((....))))...))))))).,92.72370775582931
CAGTGAGGTCTATTCATAGGTGTCCGCTGA,((((((.(((((....))))).).))))).,92.69656026224592
GTTTGGTCTATTCATAGGCGTCCGGGCGAG,((((((((((....))))...))))))...,92.68350007658191
GGCTTGGTCTATTCATAGGCGTCCGGGTTA,(((((((((((....))))...))))))).,92.68090198782926
GGACTGGTCTATTCATAGGTGTCCGGCAAG,((((...((((....)))).))))......,92.66928818016316
TGCGTGGTCTATTCATAGGCGTCCGGGCTA,.((.(((((((....))))...))).))..,92.65887191250934
GCGTGGTCTATTCATAGGCGTCCGGGCTAG,((.(((((((....))))...))).))...,92.60884593333525
TGCGTGGTCTATTCATAGGCGTCCGGGCTG,.((.(((((((....))))...))).))..,92.54309847491407
TGCGTGGTCTATTCATAGGCGTCCGGGCTT,.((.(((((((....))))...))).))..,92.53742476087245
AACGGTTGTCTATTCATAGGTGTCCGACTT,..(((...((((....))))...)))....,92.50013586088562
TGCTTGGTCTATTCATAGGCGTCCGGGTTG,.((((((((((....))))...))))))..,92.49907900283321
GCTGTGGTCTATTCATAGGCGTCCGCTGAG,((....(((((....)))))....))....,92.4638515831424
GAGTGTGGTCTATTCATAGGCGTCCGCTGA,.((((..(((((....)))))...))))..,92.44832494908461
GCGCGGGGTCTATTCATAGGTGTCCTGGGT,((.(((((((((....))))..))))).)),92.38602240211812
GGTGAGGTCTATTCATAGGTGTCCGCCAGG,(((((.(((((....))))).).))))...,92.37839833782127
GGTTTGGTCTATTCATAGGCGTCCGAGCGA,.((((((((((....))))...))))))..,92.35615693008904
GGGATGGTCTATTCATAGGTGTCCGGGCGG,.(((((..(((....))).)))))......,92.23740991477393
GTTTGGTCTATTCATAGGCGTCCGGGCTGT,((((((((((....))))...))))))...,92.16581661062258
CGGAGGGTCTATTCATAGGTGTCCGGCTAG,((((.(..(((....))).).)))).....,92.12419938733268
GGCTTGGTCTATTCATAGGCGTCCGGCTGA,((((..(((((....)))))....))))..,92.05769984136228
GGCTTGGTCTATTCATAGGCGTCCGCTGAG,(((...(((((....)))))....)))...,92.04664710478893
TTGTTGGTCTATTCATAGGCGTCCAGTGAG,(((...(((((....)))))...)))....,92.01879193860864
CTGCTGGGTCTATTCATAGGCGTCCAGAGG,((.(((((((((....)))))..)))))).,92.00738669543415
GATTGTGGTCTATTCATAGGCGTCCGCAGA,...(((((((((....))))...)))))..,91.99501664393277
GATTGGGGTCTATTCATAGGCGTCCGGGTG,..((((((((((....))))).)))))...,91.96196964629368
GGTATAGGTCTATTCATAGGTGTCCGCAAC,((.(((..((((....))))))))).....,91.94871807546478
CGGGATGGTCTATTCATAGGTGTCCGCCAG,..(((((..(((....))).))))).....,91.92572032412346
GGTTTGGTCTATTCATAGGCTTCCGGGTGA,((...((((((....)))))).))......,91.89310631700056
GTGGTGGTCTATTCATAGGCGTCCGACTAT,.(((..(((((....)))))..))).....,91.862579355619
TGCTGGTCTGTTCATAGGCGTCCGAGTTCA,.....(((((....)))))...........,91.84321620502865
GGTTTGGTCTATTTATAGGCGTCCGGGTGA,((....(((((....)))))..))......,91.81179127536062
CCTGGTTGGTCTATTCATAGGCGTCCCGAG,..(((...(((((....)))))...)))..,91.79090884664215
GTGATAGGTCTATTCATAGGTGTCCGGCAA,(.((((..((((....))))))))).....,91.77337480542711
GGTTTGGTCTATTCATAGGCCTCCGGGTGA,((...((((((....)))))).))......,91.68180632381473
GGTTTGGTCTATTCATAGGCTTCCGGGTTA,((...((((((....)))))).))......,91.66211685422314
GGTACGGGTCTATTCATAGGTGTCCGCAAC,....((((((((....))))..))))....,91.6432509744609
AACGGATGTCTATTCATAGGTGTCCGACTT,..((((((((((....))))))))))....,91.63687564457524
CAGTGAGGTCTATTCATAGGCGTCCGCCAG,..((((.(((((....))))).).)))...,91.57671549154153
GATTGTGGCCTATTCATAGGCGTCCGCTGA,....((((((((....)))))...)))...,91.55489457020877
GGTTGGGTCTATTCATAGGCGTCCGGGCGA,(.(((((((((....)))))..)))).)..,91.51711771364255
GATTGTGGTCTATTCATAGGCGTCCGCAAC,..((((((((((....))))...)))))).,91.50076729864537
ATTGTGGCCTATTCATAGGCGTCCGCTGAG,...((((((((....)))))...)))....,91.48556360326972
AATTGTGGCCTATTCATAGGCGTCCGCTGA,....((((((((....)))))...)))...,91.44879699900898
GTTGTGGCCTATTCATAGGCGTCCGCTGAG,...((((((((....)))))...)))....,91.43148892501483
GGTTTGGTCTATTTATAGGCGTCCGGGTTA,((....(((((....)))))..))......,91.42681850761522
ATAGTGGTCTATTCATAGGCGTCCGCTGAG,.((((((((((....))))...))))))..,91.42080353424046
GAGTGAGGTCTATTCATAGGCGTCCGCCAA,(.((((.(((((....))))).).))))..,91.40005113219766
GTCATGGTCTATTCATAGGCGTCCGCGGAA,((....(((((....)))))....))....,91.39937396114328
GATAGTGGTCTATTCATAGGCGTCCGCTGA,..((((((((((....))))...)))))).,91.38764703556673
TAATGTGGTCTATTCATAGGCGTCCGCAGA,...(((((((((....))))...)))))..,91.37000419803655
AACGGCGGTCTATTCATAGGTGTCCGACTT,..(((..(((((....)))))..)))....,91.36717883093351
AATGTGGTCTATTCATAGGCGTCCGCAGAG,..(((((((((....))))...)))))...,91.32764051668548
CTGAGTGGTCTATTCATAGGCGTCCGCTGA,...(((((((((....))))...)))))..,91.18623073595367
CGGTACAGGTCTATTCATAGGTGTCCGCAA,(((.(((..((((....))))))))))...,91.0766024935665
AGGAGGTCTATTCATAGGTGTCCTATACTT,((((.(((((....))))).))))......,91.07238351972677
GGTTGGGTCTATTCATAGGCGTCCGGGCTA,(.(((((((((....)))))..)))).)..,91.07085380786793
TGCTGGTCTATTCATAGGCGTCCGCTGAGT,.((..(((((....)))))....)).....,91.03887645439669
GATTGTGGTCTATTCATAGGCGTCCGCGGA,...(((((((((....))))...)))))..,91.03008826783685
GATTGTGGTCTATTCATAGACGTCCGCTGA,....((((((((....))))...))))...,91.01490431904672
GTTTGGTCTATTTATAGGCGTCCGGGTGAG,.....(((((....)))))...........,90.98671349493586
GGTACAGGTCTATTCATAGGCGTCCGGGTG,((.((..(((((....))))))))).....,90.92337181587419
TGCTGGTCTATTCATAGGCGTCCGCGTTCA,.((..(((((....)))))....)).....,90.87863115185546
GAGTGCGGTCTATTCATAGGCGTCCGCAGA,...(((((((((....))))...)))))..,90.87807645926881
GCGAGGGGTCTATTCATAGGTGTCCTGGGT,.(.((((.((((....))))..)))).)..,90.86280403556883
GGTACAGGTCTATTCATAGGCGTCCGGGTT,((.((..(((((....))))))))).....,90.82487193734424
GCGATAGGTCTATTCATAGGTGTCCACTCC,(.((((..((((....))))))))).....,90.82283484907695
CTGATTGGTCTATTCATAGGCGTCAGGGGG,(((((..(((((....))))))))))....,90.76558050127002
TGGACAGGCCTATTCATAGGTGTCCGGCAA,(((((..(((((....))))))))))....,90.73784070861419
CTCATTGGTCTATTCATAGGCGTCCAGAGG,(((....(((((....))))).....))).,90.69821688068676
CTGATAGGTCTATTCATAGGCGTCCAGAGG,(((..(.(((((....))))).).)))...,90.69632264665513
GATTTGGTCTATTCATAGGCGTCCGGGTTA,(((((((((((....))))...))))))).,90.6884970464229
CGGGAGGGTCTATTCATAGGTGTCCGCCAG,..((.(((((((....))))..))).))..,90.68832979006095
GATTTGGTCTATTCATAGGCGTCCGGGTTG,(((((((((((....))))...))))))).,90.68672869982697
GACATGGTCTATTCATAGGCGTCCGGGTGA,(((...(((((....)))))))).......,90.63305810087785
GACTGTGGTCTATTCATAGACGTCCGCTGA,....((((((((....))))...))))...,90.60764713922691
AATGGTGGTCTATTCATAGGTGTCCGACTT,...((...((((....))))...)).....,90.52670124035802
GCTTTGGTCTATTCATAGGCGTCCGGGTGA,((((..(((((....)))))....))))..,90.50608800144366
GACATGGTCTATTCATAGGCGTCCGCTGAG,(((...(((((....)))))))).......,90.46543511821758
GCGCGCGGTCTATTCATAGGTGTCCTGCGT,..((((((((((....))))....)))))),90.45969859264494
CTGATGGGTCTATTCATAGGCGTCCAGAGG,((..((((((((....)))))..)))..)),90.44543608024989
GGTACAGGTCTATTCATAGGCGTCCGCAAC,((.((..(((((....))))))))).....,90.43871931270684
GACATGGTCTATTCATAGGCGTCCGGGTTA,(((...(((((....)))))))).......,90.43853836822443
ATTTGGGGTCTATTCATAGGTGTCCGGGAT,((((.(((((((....))))..))).)))),90.43725365746494
GGTTTGGTCTATTTATAGGCGTCCGAGTGA,((....(((((....)))))..))......,90.41903681818283
GGTTTGGTCTATTTATAGGCGTCCGTGTGA,((....(((((....)))))..))......,90.37601475084367
GTTTGGTCTATTCATAGGCGTCCGGGGGAG,.....(((((....))))).(((...))).,90.35465822544316
GATTGGGGTCTATTCATAGGTGTCCGGACG,...((((.((((....))))..))))....,90.32295922033745
GACATGGTCTATTCATAGGCGTCCGCGGAA,(((...(((((....)))))))).......,90.25666993740583
GATTGCGGTCTATTCATAGGCGTCCGCGGA,...(((((((((....))))...)))))..,90.2051722940004
GATTGTGGTCTATTCATGGGCGTCCGCTGA,....((((((((....))))...))))...,90.2027651742053
CTGTTTGGTCTATTCATAGGCGTCCAGCGG,(((((..(((((....)))))....))))),90.16876612328902
ATTGTGGTCTATTCATGGGCGTCCGCTGAG,...((((((((....))))...))))....,90.16585174515423
GGTTTGTCTATTCATAGGCGTCCGGGTGAG,((..((((((....)))))).)).......,90.14106665246086
GTTGTGGTCTATTCATAGGCGTCTGCATCG,((....(((((....)))))....))....,90.11912268024693
AACGGTAGTCTATTCATAGGTGTCCGACTT,..(((..(((((....)))))..)))....,90.09799468878475
CTGTTTGGCCTATTCATAGGCGTCCAGAGG,(((....(((((....)))))...)))...,90.09391209766757
GGTTGTGGTCTATTCATAGGCTTCGGCTGA,(((((.((((((....)))))).)))))..,90.0681834153188
CTGTTGGGTCTATTCATAGGCGTCCAGAGG,((.(((((((((....)))))..)))))).,90.06640173218442
CTGATGGGTCTATTCATAGGTGTCCAGAGG,((..((((((((....))))..))))..)),90.05001808806429
GCATTCCGGTCTATTCATAGGCGTCCGGGT,....(((((((((....))))...))))).,90.04285478697705
CGGATTGGTCTATTCATAGGTGTCCCACTG,.((((...((((....)))).)))).....,90.02087677265189
CGGTGCGGTCTATTCATAGGTGTCCGGTAG,(((.(((..(((....))).))))))....,89.99420331079929
ACGTTTGGTCTATTCATAGGCGTCCGATGT,(((((..(((((....)))))....))))),89.9821314379585
TTGGTGGTCTATTCATAGGTGTCCGACTTG,((((...((((....))))...))))....,89.97750936664067
GTTTGGTCTATTCATAGGCGTCCGGATGAG,((((((((((....))))...))))))...,89.92180616801522
TGCGGGGTCTATTCATAGGTGTCTGCGGAG,((((((.((((....))))..))))))...,89.91038872191211
CAGTTGGTCTATTTATAGGCGTCCGCACAG,......(((((....)))))..........,89.83581771033451
CTTAATGGTCTATTCATAGGCGTCCGGAGG,(((....(((((....))))).....))).,89.83393350137396
CTTGGTCTATTCATAGGCGTCCGGGTGAGT,(((((((((....))))...))))).....,89.83385932662019
CGTTTGGTCTATTTATAGGCGTCCGTATAG,......(((((....)))))..........,89.7253264490791
AACGGTGGCCTATTCATAGGTGTCCGACTT,..(((..(((((....)))))..)))....,89.6506921107778
ATTTGAGGTCTATTCATAGGTGTCCGGGAT,....((.(((((....))))).))......,89.60958391703939
AACGGTGGTCTATTCATAGGTGTCTGCATC,..(((...((((....))))...)))....,89.6021309993069
TGCTAGGTCTATTCATAGGCGTCCGAGGCG,.((((.(((((....))))).)....))).,89.5908742592101
CAGTGAGGTCTATTCATAGGTGTCCGCTAG,.(((((.(((((....))))).).))))..,89.5897282810052
GTAGGTGGTCTATTCATAGGTGTCTGCTTC,(((((..(((((....))))).)))))...,89.58941711613735
CTGATGGGTCTATTCATAGGCGTCCAGATG,(((..(.(((((....))))).).)))...,89.57647992504003
AGCAGGTCTATTCATAGGTGTCTGCATCGT,.(((((((((....))))..))))).....,89.55296710540995
CTGTTCGGTCTATTCATAGGCGTCCAGAGG,(((..((.((((....))))))..)))...,89.54342991170994
GTCTGGTCTATTCATAGGCGTCCGGGTGAG,.(((((((((....))))...)))))....,89.51680483453384
GATTGTGGTCTATTCATAGGCGTCCGATGA,.((((..(((((....)))))...))))..,89.5163177586497
CTGATCGGTCTATTCATAGGCGTCCAGAGG,(((..((.((((....))))))..)))...,89.51609395186813
TGATTGGTCTATTTATAGGCGTCCAGAGGG,......(((((....)))))..........,89.49589499581266
TGACAGGTCTATTCATAGGTGTCCGGCAAG,.((((..((((....)))))))).......,89.46126283885727
TTGACAGGTCTATTCATAGGTGTCCGGCAA,..((((..((((....))))))))......,89.46082075220829
GACAGGTCTATTCATAGGTGTCCGGCAAGT,((((..((((....))))))))........,89.4603786655593
CGGTGGGGTCTATTCATAGGGTGTCCCCCG,(((.((((((((....))))...))))))),89.44933710478031
GATTGTGGTCTATTCATAGGCGTCCGGTGA,.((((..(((((....)))))...))))..,89.44802264884004
AGTTGGTCTATTTATAGGCGTCCAGAGGGT,.....(((((....)))))...........,89.40696888468325
AACGGTGGTCTATTCATAGGTGTCTGACTT,..(((...((((....))))...)))....,89.29708813123193
TGTTTGGTCTATTCATAGGCGTCCAGAGGG,(.(((((((((....))))...))))).).,89.26943660589849
GTGAATGGTCTATTTATAGGCGTCCGGACC,.......(((((....))))).........,89.26141023971896
CTTATTGGTCTATTCATAGGCGTCCAGAGG,(((....(((((....))))).....))).,89.24242239626855
CGGTTGGTCTATTCATAGGTGTCCTTAAGG,.((....((((....))))...))......,89.20493830436477
GATTGTGGTCTATTCATAGGCCTCCGCTGA,......((((((....))))))........,89.18773630435143
GGTACAGGTCTATTCATAGGTGTCCGCCAC,((((((..((((....)))))))..)))..,89.18728046036931
ATTGTGGTCTATTCATAGGCCTCCGCTGAG,.....((((((....)))))).........,89.16297945200837
GGTTTGGTCTATTCATAGGCGACCGGGTGA,((((..(((((....)))))))))......,89.15237734816203
CTGATTGGTCTATTCATAGGCGCCTAGAGG,(((....(((((....)))))...)))...,89.1397859241974
GGTTTTGTCTATTCATAGGCGTCCGGGTGA,((...((((((....)))))).))......,89.089968533867
GGCTTGGTCTATTCATAGGCGTCAGGGTGA,(.(((((((((....)))))..)))).)..,89.08870848104698
CTGATCGGTCTATTCATAGGCGTCCAGATG,(((..((.((((....))))))..)))...,89.07458007894216
GTTGAGGTCTATTCATAGGTGTCTGCATCG,((.((.(((((....))))).)).))....,89.0609873389449
GATTGTCGTCTATTCATAGGCGTCCGCTGA,....(.((((((....)))))).)......,89.01440992481574
CGTGTGGTCTATTCATAGGCGTCCGTCAGG,......(((((....)))))..((....)),88.98318420843285
GAATGTGGTCTATTCATAGGCGTCCGTTGC,.((((..(((((....)))))...))))..,88.97772377025791
CTAGTTGGTCTATTCATAGGCGTCCGATTG,.(((((((((((....))))...))))))),88.97144127119233
GGTTTGGTCTATTTATAGGCGTCCTGGTGA,((....(((((....)))))..))......,88.94342830148284
TGCGAGGTCTATTCATAGGTGTCTGCGTAG,.((((.(((((....))))).)).))....,88.84038345533816
AGTGAGGCCTATTCATAGGTGTCCGCCAGG,.((((.(((((....))))).).)))....,88.77802141638674
GGTTTGGTCTATTCATAGGCGCCCGGGTGA,(((...(((((....)))))))).......,88.76989915553455
CGTTGGTCTATTTATAGGCGTCCATCCCTG,.....(((((....)))))...........,88.70726116275134
TTGGAAGGTCTATTCATAGGTGTCCAGCAT,(((((..(((((....))))).)))))...,88.68447695335391
CCGATTGGTCTATTCATAGGCGTCCAGAGG,((..((((((((....))))...)))).)),88.6212736804004
TGCTGGTCTATTTATAGGCGTCCGAGTTCA,.....(((((....)))))...........,88.61858932723257
GCTGGTCTATTTATAGGCGTCCGAGTTCAG,....(((((....)))))............,88.58425500568026
GGTTTGGTCTATTCATAGGCGCCCGGGTTA,(((...(((((....)))))))).......,88.55106626946512
CTGTTCGGTCTATTCATAGGCGTCCAGTGG,(((..((.((((....))))))..)))...,88.49113578869012
TGCTGGTCTATTCATAGGCGTCCGAGCTCA,.(((((((((....))))...)).)))...,88.43926523198812
GACAATGGTCTATTCATAGGCGTCTGTTGC,((((...(((((....)))))...))))..,88.37915944517323
GGTTTGGTCTATTCATAGGCGCCCTGGTGA,(((...(((((....)))))))).......,88.33997971661017
CTATGGTCTATTTATAGGCGTCCATCCCTG,.....(((((....)))))...........,88.33029910297941
TGATGGGTCTATTCATAGGCGTCCAGAGGG,...((((((((....)))))..))).....,88.30968249410776
CTGATTGGTCTATTCATAGGCTTTCAGTGT,((((..((((((....)))))).))))...,88.29327226790505
AACGGTGGTCTATTCATAGATGTCCGACTT,..(((..(((((....)))))..)))....,88.24611780542585
AACGGTGGTCTATTCATAGGTGTCCTACTT,...(((((((((....))))....))))).,88.24542836257268
CGGTGGTCTATTCATAGATGTCCGACTTGT,(((..(((((....)))))..)))......,88.21870843318891
TCGGTGGTCTATTCATAGGTGTCCTGAGTA,((((.((((((....))))..))))))...,88.21315764947498
GTTGGGGGTCTATTCATAGGTGTCTGCTTC,...(((.(((((....))))).))).....,88.20899279116875
GTTGGGGTCTATTCATAGGTGTCTGCATCG,((.((.(((((....))))).)).))....,88.16826214863067
CAGTGTGGTCTATTCATAGGCGACCGTTGA,..(.((.(((((....))))).))).....,87.97775922507662
CAGTATGGTCTATTCATAGGCGTCCGATTG,((((...(((((....))))).....)))),87.87082838183886
CTGATTGGTCTATTCATAGGCGTCAAGAGG,.((((..(((((....))))))))).....,87.84303408217187
GAGTGTGGTCTATTCATAGGCGTAAGCTGA,.(((...(((((....)))))....)))..,87.7733125954447
AACGGTGGTCTATTCATAGGTGCCCGACTT,..(((..(((((....)))))..)))....,87.77249267736417
CAACGGTCTATTTATAGGCGTCCGCTATAG,.....(((((....)))))...........,87.76557655682183
GATGGAGGTTTATTCATAGGCGTCCGCCGA,(.((((.(((((....))))).)))).)..,87.74273099574049
CTGATTGGTCTATTCATAGGCGTCCTGAGG,((.(...(((((....)))))....).)).,87.59393569435669
GGATTGGCCTATTCATAGGCGTCCTGGTGA,((((..(((((....)))))))))......,87.55501208263627
AACGGTGGTCTATTCATAGGTTTCCGACTT,..(((.((((((....)))))).)))....,87.54078529400255
AGTGGGGTCTATTCATAGGTGTCTGCCGGG,.(((((.((((....))))..)))))....,87.44132268161377
GATGGAGGGCTATTCATAGGCGTCCGCTGA,...(((.(.(((....))).).))).....,87.43186424938268
AACGGAGGTTTATTCATAGGTGTCCGACTT,..((((.(((((....))))).))))....,87.39557163233019
GACATGGTCTATTCATAGGTGCCCGCGGAA,..(.(((((((....))))...))).)...,87.30023469307373
GATTGGGGTTTATTCATAGGCGTCCGCTGA,...(((((((((....))))).))))....,87.20367228839118
GACATAGTCTATTCATAGGTGTCCGCGGAA,(((((...(((....)))))))).......,87.12507611948624
GATTGGGGTTTATTCATAGGCGTCCGCCGA,...(((((((((....))))).))))....,86.99396960546922
GATTGGGGTTTATTCATAGGCGTCCGCGGA,...(((((((((....))))).))))....,86.92764136137305
CTGATTTGTCTATTCATAGGCGTCCAGATG,(((...((((((....))))))..)))...,86.90299778938362
AATGGGGTCTATTCATAGGGTGTCCTAGGT,..(((((((((....))))...)))))...,86.89246360962579
GCATTCTGGTCTATTCATAGGTGTCTGCAT,(((..(...((((....)))).)..)))..,86.85553456765025
CTGATTGGTCTATTCATAGGCGACCAGATG,(((..(.(((((....))))).).)))...,86.84169223557912
GGTTTGGTCTATCCATAGGCGTCCGGGTGA,((....(((((....)))))..))......,86.75134139408416
GGTTGTGGCCTATTCATAGGCGTCCGCTGA,(((....(((((....)))))....)))..,86.69506824058719
AACGGGGGTTTATTCATAGGTGTCCGACTT,..((((.(((((....))))).))))....,86.62053097404879
GTCAGAGGTCTATTCATAGGTGTCATCGGC,(((.((.(((((....))))).))...))),86.58012743059072
GGTTTGGTCTATCCATAGGCGTCCGGGTTA,((....(((((....)))))..))......,86.55682166143075
GCATTCTGGTCTATTCATAGGTGTCCTTGC,(((......((((....))))......))),86.46751673633102
AGCAGGTCTATTCATAGGCGTCCTATACCT,((.(.(((((....))))).).))......,86.437912466157
GCATTCCGGTCTATTCATAGGTGTCCTGGT,.....((((((((....))))....)))).,86.4305058688774
GGTTTGGTCTATTCTTAGGCGTCCGGGTGA,((....(((((....)))))..))......,86.41813885592993
TACTTGGTCTCTTCAGAGGCGTCCGCTTAG,......(((((....)))))..........,86.39795758116915
ACAATGGTCTATTCATAGGCGTCTGTTGCG,(((...(((((....)))))...)))....,86.34175807091039
TGATTGGTCTATTCATAGGCTTCCAGAGGG,.....((((((....)))))).........,86.29077659506427
GATTGGGCTCTATTCATAGGCGTCCGCTGA,...(((((((((....)))).)))))....,86.27471678904392
CTGAGTGGTCTATTCATAGGTATCCGCCAG,(((.((((((((....))))...))))))),86.27449420558115
GAGATGGTCTATTCATAGGTGTCTAGAGAA,.(((((..(((....))).)))))......,86.25934663756664
CTGATTGGTCTGTTCATAGGCGTCCAGAGG,(((....(((((....)))))...)))...,86.255254576119
GAATTGGTCTCTTCAGAGGCGTCCGGTGCG,......(((((....)))))..........,86.2023469430062
GACATGGTCTATTCATAGGTATCCGCGGAA,..(.(((((((....))))...))).)...,86.16978056120415
GGTTTGGTCTATTCATAGGCGACTGGGTGA,((((..(((((....)))))))))......,86.16894744146227
GATTGTGGTCTATTCATAGGCGTGCGCTGT,...(((.(((((....)))))..)))....,86.14662765854825
GTTTGGTCTATCCATAGGCGTCCGGGTGAG,.....(((((....)))))...........,86.13292541769538
GGTTTGCTCTATTCATAGGCGTCCGGGTGA,((..(((.(((....)))))).))......,86.11022125701749
GGTTTGGTCTATTGATAGGCGTCCGGGTGA,((....(((((....)))))..))......,86.02529023357692
GATTGGGGTCTATTCATAGGCTTTCGCTGA,....((((((((....))))))))......,86.00353614820415
GGTTTGGTCTATTCATAGGTGTCCGTGTTA,.....((.(...........).))......,85.99879186353553
TGGACAGGTCTATTCATAGGTGTTCGGCAA,((((((..((((....))))))))))....,85.9852763461317
CTTATTGGTCTATTCATAGGCTTCCAGAGG,(((...((((((....))))))....))).,85.96024477290788
AACGGAGGTGTATTCATAGGTGTCCGACTT,..((((.((.((....)).)).))))....,85.91400583108674
GGTGTGGTCTATCCATAGGCGTCCGGGTGA,((....(((((....)))))..))......,85.88032378046717
GGTTTGGTCTATTCCTAGGCGTCCGGGTGA,((....(((((....)))))..))......,85.87064679838603
TGCTGGTCTATTCATAGGTGTCTGCTTCGT,.((.((((((....))))..)).)).....,85.83999012013743
GGTACAGGTCTATTCATAGGCGCCCGCAAC,(((....(((((....))))))))......,85.67500147005894
GATTGTGGTCTATTCATAGGCTTTTGCTGT,......((((((....))))))........,85.66668885914521
GGTTGGGGTTTATTCATAGGCGCCCGCCGG,(((.((.(((((....))))).)).)))..,85.39321585866648
GGTTTGGTCTATTCGTAGGCGTCCGGGTGA,((....(((((....)))))..))......,85.29076578682103
GATTGTGGTCTATTCATAGGTGCCTGCATC,...(((((((((....)))..))).)))..,85.281430079125
GTTTGGTCTATTCCTAGGCGTCCGGGTGAG,.....(((((....)))))...........,85.25628301423325
GGTTTGGTCTATTCGTAGGCGTCCGGGGGA,((....(((((....)))))..))......,85.19227711508083
TACGGCGGTCTATTCATAGGTGTCTGACTA,...((((..(((....))).))))......,85.18874485063122
CGGTTGGGTTTATTCATAGGCGTCCGGGTG,(((....(((((....)))))..)))....,85.066188302129
GGTTTGGTCTATACATAGGCGTCCGGGTGA,((....(((((....)))))..))......,85.0612961219943
CTGATTGGTTTATTCATAGGCGTCCAGAGG,(((....(((((....)))))...)))...,84.94524555757499
GGCGGGTCTATTCATAGGGTTGTCCCTGAA,(((((.((((....)))).)))))......,84.86371648229162
TGCTGGTCTATTCATAGGCTTCCGAGTTCA,....((((((....))))))..........,84.79811702803329
AAAGGGGGTTTATTCATAGGTGTCCGACTT,...(((.(((((....))))).))).....,84.66972546199437
TGCTGGTCTATTCATAGACGTCCGCGTTCA,.((..(((((....)))))....)).....,84.65361675472636
CGGTTTGGGCTATTCATAGGCGTCCGGGGT,(((....(.(((....))).)..)))....,84.63521414388991
GGGTTGGTTTATTCATAGGCGTCCGGGTGA,(((...(((((....))))).)))......,84.51332577944203
GGAATGGTCTATTCATAGGAGTCCGGGTGA,(((....((((....))))..)))......,84.45985117900378
ATTGAGGTTTATTCATAGGCGTCCGCTGAG,...((.(((((....))))).)).......,84.44070589620526
GATTGAGGTTTATTCATAGGCGTCCGCTGA,....((.(((((....))))).))......,84.42221166934311
GGTTTGTTCTATTCATAGGCGTCCGGGTGA,((..(((.(((....)))))).))......,84.34145222273122
GGTACAGGTCTGTTCATAGGTGTCCGCAAC,((.(((..((((....))))))))).....,84.3370968221934
GGTTTGATCTATTCATAGGCGTCCGGGTGA,((..((.((((....)))))).))......,84.33452566113779
GGTTGGGGTTTATTCATAGGCTTCAGCTGG,((((((((((((....))))))))))))..,84.31553712294054
GATTGTGGTCTATTCATAGGCGTCCGCCGA,...(((((.....)))))(((....)))..,84.23256696462607
GCGTGGTCTCTTCAGAGGCGTCCGCTTGTC,(((..(((((....)))))...))).....,84.2249607983116
TACAGGTCTATTCATAGGTGTCCGCAACGT,....((.(...........).)).......,84.2041550803728
ACAGGTCTATTCATAGGTGTCCGCAACGTC,...((.(...........).))........,84.1918500665964
GGTTTGGTCTACTCATAGGCGTCCGGGTGA,((....(((((....)))))..))......,84.13018044624344
CTGAATGGTCTATTCATAGGCGACCCGAGG,.((..(.(((((....))))).)..))...,84.03152616075708
GATTGTGGTCTATTCATAGGCGTCCGCCAG,...(((((.....)))))(((....)))..,83.96742435218098
GGTTTGGTCTACTCATAGGCGTCCGGGTTA,((....(((((....)))))..))......,83.88703440675803
AGGTTAGGTCTATTCATAGGTGTCCAGTAT,......((.(...........).)).....,83.53868251639612
GGTTTGGTCTATTCATAGTCGTCCGGGTGA,((..(((.(((....)))))).))......,83.45568550120171
AGAGCAGGTCTATTCATAGGTGTCCAGAAT,......((.(...........).)).....,83.42327888365188
GGATTGGCCTATTCATAGGCGTCTGGGTGA,((((..(((((....)))))))))......,83.30029255820757
GCGTGGTCTCTTCAGAGGTGTCCGCTTGTC,..((((((((....))))...)))).....,83.06539983372912
CTGATAGGTTTATTCATAGGCGTCCAGAGG,(((..(.(((((....))))).).)))...,82.97857800333733
GCATTCCGGTCTATTCATAGGTGTCCTTGT,.......((.(...........).))....,82.92352505855098
GATTGTGGTCTATTCCTAGGCGTCCTCTTA,.......(((((....))))).........,82.81212199987408
TTGTGGCCTATTCATAGGTGTCTGCATCGT,.(((((((((....))))...)))))....,82.64655936494796
AGGTTAGGTCTATTCATAGGGTTCCAGGAT,.((..((.((((....)))).)))).....,82.6465466994386
GGATTGGTGTATTCATAGGCGTCCGGGTGA,((((..((.((....)).))))))......,82.52567452738165
CTGATTGATCTATTCATAGGCGTCCAGAGG,(((..((.((((....))))))..)))...,82.491242918328
GTGAAGGTCTATTCATAGGAGTCCACATGG,(((....((((....))))....)))....,82.47591870810463
GATTGGGGTTTATTCATAGGCGCCCGCCGA,...(((((((((....))))).))))....,82.40739032710384
CTGTTTGTTCTATTCATAGGCGTCCAGAGG,(((..(((.(((....))))))..)))...,82.3673702392829
CTGTTAGGTTTATTCATAGGCGTCCAGAGG,(((..(.(((((....))))).).)))...,82.31177607235213
CTGATGGGTTTATTCATAGGCGTCCAGAGG,((..((((((((....)))))..)))..)),82.28271807096394
GCATTCCGGTCTATTCATAGGTGTCCTCGT,.......((.(...........).))....,82.24383707797767
CTGTTGGGTTTATTCATAGGCGTCCAGAGG,((.(((((((((....)))))..)))))).,81.85683025016974
CTGATGGGTTTATTCATAGGCGTCCAGATG,(((..(.(((((....))))).).)))...,81.61459869345083
CGTGGTCTCTTCAGAGGCGTCCGCTTGTCG,.((((((((....))))...))))......,81.58050756695164
GATTGTGCTCTATTCATAGGCGTCCGTTGA,(((.((((.(((....)))))).).)))..,81.25491208393487
ATATTGGTCTCTTCAGAGGTGTCCGCATCT,....(((((((....))))...))).....,81.13005215444593
CATTGGTCTCTTCAGAGGTGTCCGTTAGGT,....((((((....))))...)).......,80.90772100311064
CATTGGTCTCTTCAGAGGTGTCCGTTAAGG,....((((((....))))...)).......,80.72602805629796
ATATTGGTCTCTTCAGAGGTGTCCGCATTT,....(((((((....))))...))).....,80.66920987458154
ATATTGGTCTCTTCAGAGGTGTCCGCAGTT,....(((((((....))))...))).....,80.65373684186713
ATATTGGTCTCTTCAGAGGTGTCCGCAGCT,....(((((((....))))...))).....,80.64968303735304
TATTGGTCTCTTCAGAGGTGTCCGCATCCG,...(((((((....))))...)))......,80.63384294266288
GTGATGGTCTCTTCAGAGGTGTCCGCTATC,..(((((((((....)))......)))))),80.42744627567431
GCATTCCGGTCTATTCATAGGTATCCTTGT,.......((((((....))))...))....,80.2552141819391
CGGTATGGTCTCTTCAGAGGTGTCCGATTG,(((....(((((....)))))..)))....,80.23419461436887
CTTATAGGTTTATTCATAGGCGTCCAGAGG,(((..(.(((((....))))).)...))).,80.19360015849168
AAATTGGTCTCTTCAGAGGTGTCCGGCATT,...((((((((....))))...))))....,80.14003074799679
GATTGGGGTATATTCATAGGCGTCCGCCGA,..................(((....)))..,80.13911613228456
TACTTGCGGTCTCTTCAGAGGTGTCCGGGT,....(.(((((((....))))...))).).,79.99119007344163
GATTGTGGTCTATCCATAGGCGTCCGCCGA,...(((((.....)))))(((....)))..,79.97675232395568
GCGTGGTCTCTTCAGAGGCGCCCGCTTGTC,(((.((((((....))))).).))).....,79.92709330276548
CAGAGGTCCTATTCATAGGGTCGTCGCCTG,..((.((((((....))))).).)).....,79.8425000157863
AAATTGGTCTCTTCAGAGGTGTCCAGCATT,...((((((((....))))...))))....,79.76611386282323
CAGTTAGGTCTATTCATAGGTGTCCGCCAG,..................(((....)))..,79.52218012147365
CAGTATGGTCTCTTCAGAGGTGTCCGATTG,((((.(((((((....))))...))))))),79.5204733009794
GAAAAAGGTCTATACATAGGCGTCGGTGGA,.......(((((....))))).........,79.16048525474606
GAATTGGTTTCTTCAGAGGCGTCCGGTGTG,......(((((....)))))..........,79.0571732491571
ATATCGGTCTCTTCAGAGGTGTCCGCATCT,....(((((((....))))...))).....,79.00333561129219
GGTTTGTTCTATTCATAGGCGGCCGGGCGA,((((.((.(((....)))))))))......,78.97925123440768
GAAATGGTCTATTCAGAGGTGTCCGCGGAA,.....((.(...........).))......,78.80154951064983
GAAGAGGTTTCTTCAGAGGCGTCCGGTGTG,...((.(((((....))))).)).......,78.7942931786973
GTAATGGTCTATTCAGAGGTGTCCGCGGAA,.....((.(...........).))......,78.79256095287988
TAGTAGGGTCTCTTCAGAGGTGTCCGCCTT,.....(((((((....))))..))).....,78.6425973711263
GCAGAAGGTGTCCATGGTTTATGGTCTATC,......((((.(((((...))))).).))),78.56277167525144
GGTTTGGTCTATTCAGAGGCGTCCGGGGGA,((....((((......))))..))......,78.49745449370859
GCATTCCGGTCTATTCATAGCTGTCCTTGT,(((...(((.(((....))))))....))),78.47567020160196
GTGAAAGGTCTATTTATAGGCGTCCGGGCC,..................(((......))),78.04930163591379
CAGTTGGTCTATTTATAGGTGTCCGTTCCG,.....((.(...........).))......,77.89076686329727
GATTGTGGTCTATTTATAGGCGTCCGCTGA,....((((((((....))))...))))...,77.78233524026359
CAGTGAGGTCTATTCATAGGTGTCCGCCAG,..(((((.....))))).(((....)))..,77.77620875512838
TGGTGGTCTTTTCAAAGGCGTCCGAGTCTA,(((..(((((....)))))..)))......,77.61798752312204
ATTGTGGTCTATTTATAGGCGTCCGCTGAG,...((((((((....))))...))))....,77.59143850624454
GGGGAAAGTCTATTCATAGTTGTCTGCCGT,(((((....(((....)))...))).))..,77.57422975714218
CGATTGTGGTCTATTTATAGGCGTCCGCTG,.....((((((((....))))...))))..,77.47549140557496
GCGTGAAGTCTATTCATAGTTGTCTGCCGG,(((.((...(((....)))...)))))...,77.3759981037381
CTAGGTGTCCGGGCCTATTGCTTGGTCTAT,......(.((((((.....)))))).)...,77.26508430411779
GATTGCTGTTTATCCATAGGCGTCCGCCGA,..................(((....)))..,77.15709356376783
GTTTGCTCTTTATCCATAGGCGTCCGCCGA,..................(((....)))..,77.03578932645904
TGTATAGGTCTATTTATAGGTGTCCATCGG,......((.(...........).)).....,76.91205862944383
GTATAGGTCTATTTATAGGTGTCCATCGGT,.....((.(...........).))......,76.90844852385682
CGGGTAGTCTATTCATAGTTGTCTGTTGAG,(((((((.(((....)))))))))).....,76.8910021739306
GGTTTGGTCTATTCAGAGGCGTCCGGGTGA,((....((((......))))..))......,76.71572596794493
AGTCTAGGTCTATTTATAGGTGTCCAGCAT,......((.(...........).)).....,76.6832784648858
GGTTTGGTCTATTCAGAGGCGTCCGGGGTA,((....((((......))))..))......,76.61280566318793
TGTGATGGTCTATTCATAGGTGTCCGCCCT,(((((........)))))(((....)))..,76.59026397901039
CAATTGGTCTGTTCACAGGTGTCCGTTCCG,.....((((((....))))...))......,76.5888671510032
ATTGGTCTCTTTAGAGGTGTCCGTTAGGTC,...((((((....))))...))........,76.42877272275084
GATAGGGTCTCTTCAGAGGGCTGTCCCGGC,(((((..((((....)))).))))).....,76.28386848840866
CTTGGAAGTCTATTCATAGTTGTCTGCATG,...(((...(((....)))...))).....,76.26788739469956
CTAGGGGTTTGGGCCGATTGCTTGGTCCAT,.........((((((((....)))))))).,76.26701855005899
GATTGTGGTCTATTCATAGGTGTCAGCCAG,...(((((.....)))))(((....)))..,76.20476879784266
CTTGGAAGTCTATTCATAGTTGTCTGCTTG,...(((...(((....)))...))).....,76.19946472902866
CGGGAAAGGCGTCCCGTGGTTTGGGGCCTG,......((((..((((.....)))))))).,76.17856648083541
GATTGTGGTTTATTCATAGGCGTCCGCCGA,...(((((.....)))))(((....)))..,76.14652846929448
GGTTTGGTCTATTCAGAGGCGTCCGGGGCA,((....((((......))))..))......,76.11836157344466
ATAGGAGGTGTCCACTATCGTGGTCGTCTT,....((((((.((((....)))).)))))),76.09329484690765
ATATTGGTCTCTTCAGAGGTGCCCGCATCT,.....((((((....)))..))).......,76.06894230863045
GGTTTGGTCTATTCAGAGGCGTCCGGGAGA,((....((((......))))..))......,76.01453149867211
AGTCAAGGTCTATTTATAGGTGTCCAGTCG,......((.(...........).)).....,75.98482732930414
TAGGAGGTGTCCACTATCGTGGTCGTCTTG,...((((((.((((....)))).)))))).,75.94925284913423
GAATGGGTTTCTTCAGAGGCGTCCGGTGTG,....(((((((....)))))..))......,75.94005279147191
GATTGTGGTCTATTCATAGGCGTCCGAGCT,...(((((.....)))))(((......))),75.86805732963191
TACGCAGGTCTATTTATAGGTGTCCACGAA,......((.(...........).)).....,75.83926611237942
GGTTGGTCTATTCAGAGGCGTCCGGGTGAG,((...((((......))))..)).......,75.75538403880914
AGTGAGGTCTATTCATAGGTGTCCGCCAGG,.(((((.....))))).(((....)))...,75.70612743397183
GGTTTGGTCTATTCAGAGGCGTCCGGTGAG,((....((((......))))..))......,75.65359183224294
GGTTTGGTCTATTCAGAGGCGTCCGGTGGA,((....((((......))))..))......,75.63915140989488
CGGGAAAGGCGTCCTTTGGTTTGGGGCCTG,......((((.(((........))))))).,75.62845482765611
GGTTTGGTCTATTCAGAGGCGTCCGGTTGA,((....((((......))))..))......,75.62588881042538
CCAGTGAGGTCTATTCATAGGTGTCCGCCA,...(((((.....))))).(((....))).,75.61093681648438
CAGTGAGGTCTATTCATAGGTGTCCGCCAA,..(((((.....))))).(((....)))..,75.60961055653743
CATTGGTCTCTTTAGAGGTGTCCGTTATAG,....((((((....))))...)).......,75.571334581411
CTGTTGGTCTATTTATAGGCGTCCAGAGGG,(((...(((((....)))))...)))....,75.56072171595167
CAGTGAGGTCTATTCATAGGTGTCCGCCGG,..(((((.....))))).(((....)))..,75.54158762005453
GGTGTGGTCTATTCAGAGGCGTCCGGGGGA,((....((((......))))..))......,75.44230526488778
GTGAGGTCTATTCATAGGTGTCCGCCAGGT,(((((.....))))).(((....)))....,75.31668394292117
GTTGTGGTCTATTCATAGGTGTCTGCCTCG,..(((((.....)))))(((....)))...,75.3139697453988
GATTGTGGTCTATTCATAGGTGTCCGCTGA,....((((.(...........).))))...,75.31308988698753
GGTTTGGTCTATTCAGAGGCGTCCGAGGGA,((....((((......))))..))......,75.30659234029474
GGTGTGGTCTATTCAGAGGCGTCCGGGGTA,((....((((......))))..))......,75.29604690361099
GATTGTGGTCTATTCATAGGCGTCCGCCTA,................(((((....))))),75.29379958808215
CTGAGGGTCTATTTATAGGTGTCCGGCTTG,....(((((((....))))..)))......,75.26509222269789
CTGTTTGGTCTATTTATAGGCGTCCAGAGG,(((....(((((....)))))...)))...,75.24329648430817
GGTTTGGTCTATTCAGAGGCGTCCGAGAGA,((....((((......))))..))......,75.1786374751255
GGTTTGGTCTATTCAGAGGCGTCCGTGGTA,((....((((......))))..))......,75.16206719433016
GGTTTGGTCTATTCAGAGGCGTCCGTGGGA,((....((((......))))..))......,75.15654030507883
CGATTGTGGTCTATTCATAGGTGTCCGCTG,.....((((.(...........).))))..,75.15212497279488
GTTGTGGTCTATTCATAGGTGTCTGCATCG,..(((((.....)))))((((....)))).,75.06545486539846
CAGTAGGGTCTCTTCAGAGGTGTCGGCGTG,..((.((.((((....))))..)).))...,75.02719555157867
GGTACAGTTCTATTCATAGGTTTCCGCTAC,(((.....((((....)))).....)))..,75.01287059448455
CTGATTGGTCTATTTATAGGCGTCCAGAGG,(((....(((((....)))))...)))...,74.94093242317908
GGGACAGGTCTATTTATAGGTGTCCGGCAT,.(((((..((((....))))))))).....,74.71835857802425
CATTGGTCTCTTTAGAGGTGTCCGTCAGGT,....((((((....))))...)).......,74.71264355035235
GTTGGTGGTCTATTCATAGGTGTCCGCATC,....((((.(...........).))))...,74.62569357497341
CAGAAGGTGTCCATGGTTTATGGTCTATCG,.....((((.(((((...))))).).))).,74.6253017844753
GGTTTGGTCTATTCAGAGGCGTCCAGGTGA,((....((((......))))..))......,74.59894415817388
GGTTTGGTCTATTCAGAGGCGTCCAGGGGA,((....((((......))))..))......,74.58582838349469
GTTGTGGTCTATTCATAGGTGTCTGCACCG,..(((((.....)))))((((....)))).,74.57577710738475
GATTGTGGTCTATTCATAGGTGTCCGCCAG,....((((.(...........).))))...,74.53680201118445
GCTGGTGGTCTATTCATAGGTGTCCGCATC,....((((.(...........).))))...,74.52938671942954
CTAGGGGTCTGGGCCGATTGCTTGGTCCAT,.........((((((((....)))))))).,74.49403732357094
TTGTGGTCTATTCATAGGTGTCCGCCAGGT,..((((.(...........).)))).....,74.3599953204724
GATTGTGGTCTATCCATAGGCGTCCGCTGA,...(((((.....)))))(((....)))..,74.23867969759128
GGTTAGGTCTATTCAGAGGCGTCCGGGGGA,((....((((......))))..))......,74.15641796711797
GATTGTGGTCTATTCATAGGCGTCAGCTGA,...(((((.....)))))(((....)))..,74.13597457853781
GCTTGTGGTCTATTCATAGGCGTCCGCTGA,((((((((.....)))))))).........,74.11550105089928
GTTGTGGTCTATTCATAGGTGTCTGCGCCG,..(((((.....)))))((((....)))).,74.11371693755835
AGAAGGTGTCCATGGTTTATGGTCTATCGT,....((((.(((((...))))).).)))..,74.09656196879702
ATTGGTCTCTTTAGAGGTGTCCGTCAGGTC,...((((((....))))...))........,74.08573678276412
AATTGTGGTCTATTCATAGGCGTCAGCTGA,...(((((.....)))))(((....)))..,74.07850331416999
GATTGTGGTCTATCCATAGGCGTCCGCTTA,...(((((.....)))))(((....)))..,74.06129145569204
GATTGTGGTCTATCCATAGGCGTCCGCTGG,...(((((.....)))))(((....)))..,74.03564475162815
GGTTGGGTCTATTCAGAGGCGTCCGGGGGA,((....((((......))))..))......,73.96174671269127
ATGGGAGGTGTCCACTATCGTGGTCGTCTT,....((((((.((((....)))).)))))),73.92062356614184
GGTTGGGTCTATTCAGAGGCGTCCGGGTGA,((....((((......))))..))......,73.91840865617148
AACGGTGGTCTATTCATAGGTGTCCGCTGA,..((((((.(...........).)))))).,73.9080067874375
GATTGTGGTTTATCCATAGGCGTCCGCCGA,...(((((.....)))))(((....)))..,73.8246365201848
GTCTATGGTCTATTCATAGGTGTCCGGGCC,.(((((((.....)))))))..........,73.81092282950593
GATTGTGGTCTATTCACAGGCGTCCGCTGA,...(((((.....)))))(((....)))..,73.79958048845981
ATTGTGGTCTATTCACAGGCGTCCGCTGAG,..(((((.....)))))(((....)))...,73.77077144388075
GGTTTGGTCTATTCAGAGGCGTCCTGGGGA,((....((((......))))..))......,73.74274173216074
GGTTTGGTCTATTCAGAGGCGTCCTGGTGA,((....((((......))))..))......,73.74200599593115
GAAGGTGTCCATGGTTTATGGTCTATCGTC,...((((.(((((...))))).).)))...,73.7384664044371
GGTTTGTTTTATTCACTGGCGTCCGCCCTA,.................(((....)))...,73.7273541310883
GGTTGGGTCTATTCAGAGGCGTCCGGGGTA,((....((((......))))..))......,73.69797477657048
AACTGTGGTCTATTCATAGGTGTCCGACTT,..((((((.....))))))...........,73.67069222907804
CACTGGGTCTCTTCAGAGGTTGTCCGATTG,...((((((((....))))...))))....,73.56341813557496
GACTGTGGTCTATTCATAGGCGTCCGCTGA,..((((((.....))))))((....))...,73.52554581243744
ACTGTGGTCTATTCATAGGCGTCCGCTGAG,.((((((.....))))))((....))....,73.50285579310516
CGGGTGGTCTATTTATAGGCGTCCGACAGG,((((..(((((....))))).)))).....,73.4947437099755
TGGGTGGTCTATTTATAGGCGTCCGGGCTG,((((..(((((....))))).)))).....,73.49025810330686
GGGGAGGTCTATTCAGAGGCGTCCGGGGGA,..(((.((((......)))).)))......,73.46145162854077
GGTTCGGTCTATTCAGAGGCGTCCGGGGGA,((....((((......))))..))......,73.42994226155702
TATGGTCTATTTATAGGCGTCCATCCCTGG,....(((((....)))))..(((....))),73.41132346531569
CTGATTGGTCTATGCATAGGCGTCCAGAGG,(((....(((((....)))))...)))...,73.40975252717041
CGGTTTGGTCTATTTATAGGCGTCCGGGTG,(((....(((((....)))))..)))....,73.34760172884324
GATTGTGGTTCATTCATAGGCGTCCGCCGA,...(((((.....)))))(((....)))..,73.29910229466873
GGGGGGGTCTATTCAGAGGCGTCCGGGGGA,..(((.((((......)))).)))......,73.23611403841404
GGGACAGGTCTATGCATAGGTGTCCGGCAA,.(((((..((((....))))))))).....,73.20817699170325
GGGACAGGTCTATGCATAGGTGTCCGGCAT,.(((((..((((....))))))))).....,73.20338745095958
GACGTGGTCTATTCATAGGTGTCCGCGGAA,..(((((.(...........).)))))...,73.13326894611276
AGTAAAGAGGTGTCCTCTGGTCTCTTGCAT,.....(((((...)))))............,73.11471520257561
CTAGGAGTTTGGGCCGATTGCTTGGTCCAT,.........((((((((....)))))))).,73.07850192431582
TGAGGTCTATTCATAGGTGTCCGCCAGGTC,((((.....))))..(((....))).....,73.07797338629426
ACAGAAGGTGTCCATGGTTTATGGTCTATC,......((((.(((((...))))).).))),73.07380208903025
GATAGGGTTTCTTCAGAGGGCTGTCCCGGC,(((((..((((....)))).))))).....,73.05463782063141
GTTGTGGTCTATTCATAGGTGTCCGCATCG,(.(((((.(...........).))))).).,73.00470217275962
ACTATGGTCTATTCATAGGTGTCCGGAGGT,.((((((.....))))))............,72.97707814954678
GTAAAGAGGTGTCCTCTGGTCTCTTGCATG,(((((((((...)))))......))))...,72.97220162773162
ACTATGGTCTATTCATAGGTGTCCGGACGT,.((((((.....))))))............,72.96236199769089
GATTCCGGTCTATTCATAGGCGTCCGCCTA,................(((((....))))),72.91124127105104
CGGAGGGTCTATTTATAGGCGTCCGGCTAG,((((..(((((....))))).)))).....,72.84799905150928
ATTGTGGTCTATTCATAGGTGTCCGCGGTA,(((((((.(...........).))))))).,72.83432806215973
GTGAAGGAAGCCCTTCTTTAGCAGTTCCAT,..(((((....)))))..............,72.7745736362139
TGTGGTCTATTCATAGGTGTCTGCTTCGTC,(((((.....)))))...............,72.75376254504329
GTTGTGGTCTATTCATAGGTGTCCGGGTGA,.((((((.....))))))............,72.60341847683407
GATTGTGGTCTATTCATAGGTGTCCGCGGA,...(((((.(...........).)))))..,72.60261158976783
CTATGGTCTATTCATAGGTGTCCGGACGTG,((((((.....)))))).............,72.57232959520093
AACGGTGGTCTATTTATAGGTGTCCGACTT,..(((...((((....))))...)))....,72.55124151139533
GATTGGGGTCTATGCATAGGCGTCCGCTGA,...(((((((((....))))).))))....,72.51345156536965
GATTGTGGTCTATTCTTAGGCGTCCGCTGA,....((((((((....))))...))))...,72.44136131990089
GACATGGTCTATTCATAGGTGTCCGCGGAA,(((((.............))))).......,72.43374693824407
TTGTGGTCTATTCATAGGTGTCTGCATCGT,.(((((.....)))))((((....))))..,72.42506185138986
GCGGAAGGTGTCCATGGTTTATGGTCTATC,......((((.(((((...))))).).))),72.35616252346179
GATTGTGGTCTATTAATAGGCGTCCGCTGA,....((((((((....))))...))))...,72.23561681032999
GATTGGGGTCTATTTATAGGCGTCCGCCGA,...(((((((((....))))).))))....,72.1978431151125
GTTGTGGTCTATTCATAGGTGTCTTCATCG,..(((((.....)))))((((....)))).,72.17315301877754
GATTGGGGTCTATGCATAGGCGTCCGCGGA,...(((((((((....))))).))))....,72.11990706350755
GTTTGTGGTCTATTCATAGGCGTCCGGGTG,((((((((.....)))))))).........,72.07249267826117
GTTTGTGGTCTATTCATAGGCGTCCGCTGA,((((((((.....)))))))).........,72.06822870832588
CGGTTGGTCTATTTATAGGTGTCCGCTCAG,(((....((((....))))...))).....,72.0676705280291
GATGGAGGTTTATCCATAGGCGTCCGCCGA,.(((((......))))).(((....)))..,71.95465315026729
TGTGGTCTATTCATAGGTGTCTGCATCGTC,(((((.....)))))((((....))))...,71.91747288500783
GATTGTGGTCTATTCCTAGGCGTCCGCTGA,....((((((((....))))...))))...,71.885764877885
CAGAGAGGTCTATTCATAGGTGTCCGCCAG,.(((....))).......(((....)))..,71.82113525553456
GGGGGTTTGGCGGGGGTTTGTGCCCATTTA,..((((..(((....)))...)))).....,71.82112585060744
TAGGTGTCCGGGCCTATTGCTTGGTCTATG,.....(.((((((.....)))))).)....,71.8142210462718
ATAGGAGGTGTCCATGGTTTATGGTCTATC,......((((.(((((...))))).).))),71.75799197552156
GAGTGAGGTTTATTCATAGGCGTCCGCCGA,((((((...))))))...(((....)))..,71.7494746792904
GGTTTGGTTTATTTATAGGCGTCCGGGTGA,((....(((((....)))))..))......,71.74582987332862
GATTGTGGTCTATTCCTAGGCGTCCGCTGC,....((((((((....))))...))))...,71.73268249870081
GCAGGAGGTGTCCATGGTTTATGGTCTATC,......((((.(((((...))))).).))),71.69832669988533
GCTGTGGTCTATTCATAGGTGTCTGCATCG,.((((((.....))))))............,71.68769604129915
GTCTGTGGTCTATTCATAGGTGTCCGGGAT,.(((((((.....)))))))..........,71.68667431163428
GACTTTGGTCTATTCATAGGTGTCCGGGGC,..((((((.(...........).)))))).,71.6621914693938
GCTGTGGTCTATTCATAGGTGTCTGCTTCG,.((((((.....))))))............,71.63313149770745
GTTGTGGTCTATTCATAGGTGTCTGCAGCG,(((((((.(...........).))))))).,71.58742589403053
CGGTTGGTCTATTTATAGGTGTCCGTATAG,(((....((((....))))...))).....,71.57303197720525
CGCTGTGGTCTATTCATAGGTGTCTGCTTC,..((((((.....))))))...........,71.57065367996668
CGGTTGGTCTATTTATAGGTGTCCGTATTG,(((....((((....))))...))).....,71.56979054587207
CAGTTGGTTTATTCATAGGCGTCCGCTCAG,.................(((....)))...,71.5645256095925
GCTGTGGTCTATTCATAGGTGTCTGCCTCG,.((((((.....))))))............,71.53440257475006
GGTTTGGCCTACTCATAGGCGTCCGGGTGA,((....(((((....)))))..))......,71.52674008552873
GATTGTGGTCTAGTCATAGGCGTCCGCCGA,(((((.....)))))...(((....)))..,71.50243336254351
CTAGGAGTCTGGGCCGATTGCTTGGTCCAT,.........((((((((....)))))))).,71.49806122693137
GTTGTGGTCTATTCATAGGTGTCTCCATCG,..(((((.....)))))((((....)))).,71.47838069340176
CTGTGGTCTATTCATAGGTGTCTGCTTCGT,((((((.....)))))).............,71.47595871975449
GTTGTGGTCTATTCATAGGTGTCTGCAACG,(((((((.(...........).))))))).,71.444895536062
GGTTTGGTCTATTCACAGGCGTCCGGGTGA,((....((((......))))..))......,71.43165673983239
GGTTTGGTCTATTCAGAGGCATCCGGGGTA,((....((((......))))..))......,71.39591142501234
AGTGAGGTCTATTCACAGGTGTCCGCCAGG,.(((((.....))))).(((....)))...,71.3814077648947
GGTTTGGTCTATTCAAAGGCGTCCGGGGGA,((....((((......))))..))......,71.36238648508443
GATTGTGGTCTATTCGTAGGCGTCCGCTGA,....((((((((....))))...))))...,71.34235359644398
GGGGGGTTGGCGGGGGTTTGTGCCCATGTA,.........(((.((((....)))).))).,71.34196646063951
GGTTTGGTCTATTCACAGGCGTCCGGGGGA,((....((((......))))..))......,71.32506368362019
GAGGGAGGTCTATGCATAGGCGTCCGCCGA,(..(((.(((((....))))).)))..)..,71.32245349574256
CAGAGGGTGTCCATGGTTTATGGTCTATCG,.....((((.(((((...))))).).))).,71.3154388440901
ATTGTGGTCTATTCATAGGTGTCCGAGATG,.((((((.....))))))............,71.2413386098163
GGGGTGGTCTATTCAGAGGCGTCCGGGCTA,.(((..((((......)))).)))......,71.234819170503
GGTTTGGTCTATTCACAGGCGTCCGGGTTA,((....((((......))))..))......,71.18851070034697
GGTTTGGTCTATTCACAGGCGTCCGGGGTA,((....((((......))))..))......,71.16259655339938
CAGTGAGGTCTATTCATAGGTGTCCGCCTG,..(((((.....)))))((((....)))).,71.15783268039196
GGTACAGGTCTATTTATAGGTGTCCGCAAC,((.(((..((((....))))))))).....,71.14660966398561
GTTGTGGTCTATTCATAGGTGTCCGGGATG,(((.(((.(...........).))).))).,71.10798018592865
GATTGTGGTCTATACATAGGCGTCCGCTGA,....((((((((....))))...))))...,71.08046639372927
AACGGTGGTCTATGCATAGGTGTCCGACTT,..(((...((((....))))...)))....,71.03221819209467
GATCGGGGTCTATGCATAGGCGTCCGCTGA,...(((((((((....))))).))))....,71.03070985202137
GATTGTGATCTATTCATAGGCGTCCGCTGA,...(((((.....)))))(((....)))..,71.01871073727064
ATTGTGATCTATTCATAGGCGTCCGCTGAG,..(((((.....)))))(((....)))...,70.98990169269157
CTAGGTGTCCGGGCCCATTGCTTGGTCTAT,......(.((((((.....)))))).)...,70.93978786375433
CATTGGTCTCTTTAGAGGTGCCCGTTAGGT,....((((((....)))..)))........,70.92602255475241
GATTGAGGTTTATTCATAGGCGTCCGCCGA,...((((.....))))..(((....)))..,70.92543510789324
GGGGTTAGGCGTGCTGTGCTAGGAGGTTCT,.......(((.(.(((...))).).)))..,70.89152297112844
CTAGGTGTCCGGGCCTATCGCTTGGTCTAT,......(.((((((.....)))))).)...,70.86245232470684
CAGTGAGGTCTATTCATAGGTGTCCGCCTT,..(((((.....)))))((((....)))).,70.85510674810291
GATGGGGGTTTATCCATAGGCGTCCGCCGA,.(((((......))))).(((....)))..,70.85061155026928
GGGACCGGTCTATTCATAGGTGTCCGGCAA,....((((.(...........).))))...,70.83062167755193
CTAGGTGTCCGGGCCGATTGCTTGGTCTAT,......(.((((((.....)))))).)...,70.81676139557752
GAGTGGGGTTTATCCATAGGCGTCCGCCGA,..(((((.....))))).(((....)))..,70.7938929945293
ATTTGTGGTCTATTCATAGGTGTCCGGGAT,((((((((.....)))))))).........,70.7741054247805
GACTGGGGTCTATGCATAGGCGTCCGCTGA,...(((((((((....))))).))))....,70.75660976969912
GATATGGTCTATTCATAGGTGTCCGCGGAA,..(((((.....))))).............,70.74928594712452
GCGCGTGGTCTATTCATAGGTGTCCTGGGT,((.((.((.(...........).)))).)),70.72624189979851
GGGTTGGTCTATTCAGAGGCGTCCGGGGGA,(((...((((......)))).)))......,70.7160845429668
GCAGAAGGTGTCCATGGTTTATGGTCCATC,......((((.(((((...)))))..)))),70.68725543171217
CTAGGTGTCCGGGCCTACTGCTTGGTCTAT,......(.((((((.....)))))).)...,70.65623343412561
GGGGTGGTCTATTCAGAGGCGTCCGGTTGA,.(((..((((......)))).)))......,70.62892810140329
CGACATGGTCTATTCATAGGTGTCCGCGGA,.(((((.............)))))......,70.62660536324614
ATTGTGGTCTATTCATAGGTGTCCGGGATG,(((.(((.(...........).))).))).,70.62652119046608
GACATGGTCTATTCATAGGTGTCCGCTGAA,(((((.............))))).......,70.5999103579752
CGGATGGTCTATTTATAGGTGTCCGGCTAG,((((((..(((....))).)))))).....,70.59583064320594
GATTGGGGTCTATGCATAGGCGTCCGCAGA,...(((((((((....))))).))))....,70.57795734515987
TAGGTGTCCGGGCCTATCGCTTGGTCTATG,.....(.((((((.....)))))).)....,70.57002978328843
GGGTTGGTCTATTCAGAGGCGTCCGGGCGA,(((...((((......)))).)))......,70.56459668081773
TAGGTGTCCGGGCCGATTGCTTGGTCTATG,.....(.((((((.....)))))).)....,70.56080858428311
CTAGGTGTCCGGGCCTTTTGCTTGGTCTAT,......(.((((((.....)))))).)...,70.55493557771722
GGGTTGGTCTATTCAGAGGCGTCCGGGGTA,(((...((((......)))).)))......,70.545513028274
GACATGGTCTATTCATAGGTGTCCGCGGTA,(((((.............))))).......,70.5150665900006
CTAGGTGTCCGGGCCTGTTGCTTGGTCTAT,......(.((((((.....)))))).)...,70.51400625955822
CTAGGTGTCCGGGCCTAATGCTTGGTCTAT,......(.((((((.....)))))).)...,70.5095768312987
GCAGCAGGTCTATTGCATAGGTGTCCGCCA,...((((.....))))...(((....))).,70.47535426589249
TTGTGGGTCTATTCATAGGTGTCCGACTTG,..((.((.(...........).)).))...,70.4681022459222
CTAGGTGTCCGGGCCTGCTGCTTGGTCTAT,......(.((((((.....)))))).)...,70.44714065389951
GGGACGGGTCTATGCATAGGTGTCCGGCAA,.(((((..((((....))))))))).....,70.42973398802468
CGGATGGTCTATTTATAGGTGTCCGGCTTG,((((((..(((....))).)))))).....,70.42777559014372
AAAGGGGGTCTATTTATAGGTGTCCGAATT,...(((.(((((....))))).))).....,70.42142357319538
CGGATGGTCTATTTATAGGTGTCCGGCCAG,((((((..(((....))).)))))).....,70.40957662514026
AGGTGTCCGGGCCTATTGCTTGGTCTATGT,....(.((((((.....)))))).).....,70.38711835561536
GATTGTGGTTTAACCATAGGCGTCCGCCGA,...((((((...))))))(((....)))..,70.38509687969434
GATTGTGGTCTATTCATAGGTGTCCGGGAT,.(((.(((.(...........).))).))),70.38133993493999
GATTGAGGTCTATTCATAGGCGCCCGCCGA,...((((.....))))..(((....)))..,70.38085092745919
GATTGTGGTTTATTCATAGGCGTCCGCTGA,...(((((.....)))))(((....)))..,70.38009049727808
GGTGTGGTCTATTCAAAGGCGTCCGGGGTA,((....((((......))))..))......,70.35321489466264
TGGACAGGTCTATTTATAGGTGTCCGGCAA,((((((..((((....))))))))))....,70.33534567864785
GATTGAGGTCTATTCATAGGCGCCCGCCGC,...((((.....))))..(((....)))..,70.33177930942205
AACGGAGGTCTATGCATAGGTGTCCGACTT,..((((.(((((....))))).))))....,70.32248494599696
GACATGGTCTATTCATAGGTGTCCGCGGAT,(((((.............))))).......,70.31894306542313
TAGGTGTCCGGGCCTACTGCTTGGTCTATG,.....(.((((((.....)))))).)....,70.31518458587522
ATTGTGGTTTATTCATAGGCGTCCGCTGAG,..(((((.....)))))(((....)))...,70.31481172257503
CAGTGAGGTGTATTCATAGGTGTCCGCCAG,..(((((.....))))).(((....)))..,70.31245590844028
GACATGGTCTATTCATAGGTGTCCGCGGTT,(((((.............))))).......,70.28888117329228
GACATGGTCTATTCATAGGTGTCCGCGGGA,(((((.............))))).......,70.28468054398789
GGGATAGGTCTATGCATAGGTGTCCGGCAA,.(((((..((((....))))))))).....,70.2689245959549
GTGAAGGAAGCCCTTCTTCAGCAGTTCCAT,..(((((....)))))..............,70.22715657670801
GGGTTAGGCGTGCTGTGCTAGGAGGTTCTG,......(((.(.(((...))).).)))...,70.21971225273678
GGTTGGGGTCTATGCATAGGCGTCCGCCGA,(((.((.(((((....))))).)).)))..,70.20313178672458
AACGGTGGTCTATTCATAGGTGTCCGACCT,...(((((.(...........).)).))).,70.20083763918596
TTTGTGGTCTATTCATAGGTGTCCGGGATG,.((.(((.(...........).))).))..,70.19887343270732
AACGGGGGTCTATGCATAGGTGTCCGACTT,..((((.(((((....))))).))))....,70.18280234925241
GGAGTGGTCTATTCAGAGGCGTCCGGGGGA,(((...((((......)))).)))......,70.17140426995829
GACATGGTCTATTCATAGGTGTCCGCGTAA,(((((.............))))).......,70.16758992671507
GGATTGGTCTATTTATAGGCGTCCGAGCTC,((((..(((((....)))))))))......,70.1661480133072
GGTTTGGTCTATTCATAGGTGTCCGGGTGA,..(((((.(...........).)))))...,70.1623782617014
CAAGGTGTCCGGGCCTATTGCTTGGTCTAT,......(.((((((.....)))))).)...,70.16227944449503
GGTTTGGTCTATTCACAGGCGTCCGTGGTA,((....((((......))))..))......,70.14544265379358
GGTTTGGTCTATTTAGAGGCGTCCGGGGGA,((....((((......))))..))......,70.1193402429013
GATTGTGGTCTAATCATAGGCGTCCGCTGA,....((((((((....))))...))))...,70.09935313639551
GATTGGTCTATTCATAGGTGTCCAGTTAGT,((((((.(...........).))))))...,70.0940145996756
CCAGGTGTCCGGGCCTATTGCTTGGTCTAT,......(.((((((.....)))))).)...,70.08929494843449
GATTGAGGTTTATCCATAGGCGTCCGCCGA,......((.....))...(((....)))..,70.08746063049813
GATTGTGGTCTATGCATAGGCGTCCGCTGA,....((((...((((....))))))))...,70.07918530594125
CTGATTGGTCTATCCATAGGCGTCCAGAGG,(((....(((((....)))))...)))...,70.0628311925226
GCTTGGGGTCTATGCATAGGCGTCCGCCGA,......(((..((((....))))..)))..,70.05782325197443
TGCGGTGAGATAGTAAACTAGAGGGCCCCG,...(((....(((....)))....)))...,70.03606121369573
GAGTGAGGTTTATCCATAGGCGTCCGCCGA,......((.....))...(((....)))..,70.02564674886986
CCTAGGTGTCCGGGCCTATTGCTTGGTCTA,.......(.((((((.....)))))).)..,70.02311564604338
TTGTGGTCTATTCATAGGTGTCCGGGATGT,((.(((.(...........).))).))...,69.98737917983375
CCTGACTGGTCTATTCATAGGTGTCCAGAG,.....((((.(...........).))))..,69.98167328226324
GGTTTGGTCTATTCATAGGTGTCCGGGATG,..(((((.(...........).)))))...,69.97305576981026
GAATGAGGTTTATCCATAGGCGTCCGCCGA,......((.....))...(((....)))..,69.9707545920008
GGGTGGGTCTATTTATAGGCGTGCCCGCGA,(((((.(((((....))))).)))))....,69.96107652088308
AAGACAAAGGTGTCCTCTGGTCTATGTTTT,.((((..(((...)))...)))).......,69.95961414315997
TGCGGTGAGATAGGAAACTAGAGGGCCCCG,...(((....(((....)))....)))...,69.94174458034325
CTAGGTGTCCGGGCCTATTGCTTGGTCTAC,......(.((((((.....)))))).)...,69.93035631534117
AACGGGGGTCTATGCATAGGTGTCCGACTC,..((((.(((((....))))).))))....,69.9093136611029
AACGGGGGTCTATGCATAGGTGTCCGACTG,..((((.(((((....))))).))))....,69.90614564216486
CGATTGTGGTCTAGACATAGGCGTCCGCTG,.....((((((((....))))...))))..,69.90373253953457
CTAGGTGTCCGCACGTCCGTGATGGTCTAT,......(.((((((....))).))).)...,69.90142386336058
GAATGGGGTCTATGCATAGGCGTCCGCCGA,......(((..((((....))))..)))..,69.89630493276617
GATTCCGGTTTATCCATAGGCGTCCGCCGA,......((.....))...(((....)))..,69.89286950985738
GACTGGGGTCTATGCATAGGCGTCCGCCGA,......(((..((((....))))..)))..,69.86801138723125
CGATTGTGGTCTATGCATAGGCGTCCGCTG,.....((((...((((....))))))))..,69.84528093150061
GATTGAGGTCTATGCATAGGCGTCCGCCGA,......(((..((((....))))..)))..,69.84113435130764
AGCTTTGGTCTATTCATAGGTGTCCGCGGT,.(((.(((.(...........).))).))),69.82569462354799
GCGTGTGGTCTATTCATAGGTGTCCTGTGT,((.(((((.....))))).)).........,69.81696259457776
CAGTGAGGTTTATTCATAGGTGTCCGCCAG,..(((((.....))))).(((....)))..,69.79913251855335
GTTTGGTCTATTCAGAGGCGTCCGGGTGAG,.....((((......))))...........,69.79528672081989
GATTGAGGTATATTCATAGGCGTCCGCCGA,...((((.....))))..(((....)))..,69.7930604674239
GATGGGGGTTCATCCATAGGCGTCCGCCGA,.(((((......))))).(((....)))..,69.78417570543597
TCTAGGTGTCCACCGCTCGGAAGGTCTGTA,(((.((((.....)))).))).........,69.78043359181189
GGTTGTGGTCTATTCATAGGCGTCCGCTGA,(.((((((.....)))))).).........,69.74088764972738
GATAGGGGTCTATGCATAGGCGTCCGCAGA,....((((((((....))))).))).....,69.73384783036813
GATTGTGGTCTATGCATAGGCGTCCGCGGA,...(((((...((((....)))))))))..,69.73384196531104
GGTACAGGTCTATGCATAGGTGTCCGCAAC,((.(((..((((....))))))))).....,69.71673457387693
GACATGGTCTATTCATAGGTGTCCGCGTTA,(((.(((.(...........).))).))).,69.71384807557524
CTAGGCGTCCGGGCCTATTGCTTGGTCTAT,......(.((((((.....)))))).)...,69.70223095290646
TCTAGGTGTCCACCGCTCGGAAGGTCCATG,(((.((((.....)))).))).........,69.67799998583389
GGTTTGGTCTATTTATAGGCGTCCGGGCTG,(((((((((((....))))...))))))).,69.67084526600152
TAGGTGTCCGCACGTCCGTGATGGTCTATG,.....(.((((((....))).))).)....,69.63736666759418
CTGATTGGTCTATCCATAGGCGTCCAGATG,(((....(((((....)))))...)))...,69.61726512736064
GATCGTGGTCTAATCATAGGCGTCCGCTGA,....((((((((....))))...))))...,69.615708145887
GGTACAGGTCTATGCATAGGTGTCCGCAAT,((.(((..((((....))))))))).....,69.61292407287335
GGTACAGGTCTATGCATAGGTGTCCGCAAA,((.(((..((((....))))))))).....,69.6120398995754
CGTTGTGGTCTATTCATAGGTGTCTGCTTC,..((((((.....))))))...........,69.61145011853624
TTGTGGTCTATTCATAGGTGTCTGCTTCGT,((((((.....)))))).............,69.5890685508421
ACATGGTCTATTCATAGGTGTCCGCGGAAG,.(.(((.(...........).))).)....,69.58771294775781
GTTGTGGTCTATTCATAGGTGTCTGCTAAG,.((((((.....))))))............,69.57822020746735
GGTCTGGTCTATTCATAGGTGTCCGGCATG,.(.((((.(...........).)))))...,69.56840427557822
GTTGTGGTCTATTCATAGGTGTCTGCGTCG,.((((((.....))))))............,69.56805221454074
GAGGAAGGTCTATTTATAGGCGTCCTCCGC,(((((..(((((....))))).)))))...,69.5636563677081
TAGCAGTAGGTGTCCGCTGGTCTAGTACTT,...((((.((...))))))...........,69.55907642731627
GCAGCCGGTGTCCATGGTTTATGGTCTATC,......((((.(((((...))))).).))),69.5164003335999
GGGTAGGTCTATTCAGAGGCGTCCGGGGGA,.((.(.((((......)))).)))......,69.50180066946953
GAATGGGGTCTATGCATAGGCGTCCGCGGA,....((((((((....))))).))).....,69.49761707110773
GATTGCGGTCTATGCATAGGCGTCCGCGGA,...(((((...((((....)))))))))..,69.49573407965029
AACATGGTCTATTCATAGGTGTCCGCGGAA,..(.(((.(...........).))).)...,69.4914913321821
TTGTGGTCTATTCATAGGTGTCTGCGTCGT,((((((.....)))))).............,69.48864469368392
CAGTGAGGTCTATTCATAGGTGTCCACCAG,..(((((.....))))).(((....)))..,69.48174650054213
GGTTTGGTCTATTGAGAGGCGTCCGGGGTA,((....((((......))))..))......,69.4756722482636
ATTGTGGTCTATTCATAGGTGTCTGCTTCG,.((((((.....))))))............,69.4636096254049
GATGGGGGTCTATGCATAGGCGTCCGCGGA,(.((((.(((((....))))).)))))...,69.46028391675188
GACATGGTCTATTCATAGGTGTCCGGGTTA,(((.(((.(...........).))).))).,69.45478551355119
GTTGTGGTCTATTCATAGGTGTCTGTATCG,.((((((.....))))))............,69.4416485767972
GGTGGGTCTATTCAGAGGCGTCCGGGTGAG,((.(.((((......)))).))).......,69.43709520024615
ACATGGTCTATTCATAGGTGTCCGCGGTAG,.(.(((.(...........).))).)....,69.43357798116529
ATTTGGTCTATTCAGAGGCGTCCGGGTGAG,.....((((......))))...........,69.42681942006314
GGTTTGGTCTATTCATAGGTGTCCGAGTGA,..(((((.(...........).)))))...,69.41351781999333
AGTGAGGTCTATTCAGAGGTGTCCGCCAGG,..((((.....))))..(((....)))...,69.41212496435308
GTGAGGTCTATTCAGAGGTGTCCGCCAGGT,.((((.....))))..(((....)))....,69.3956209335504
CATTGGTCTCTTTAGAGGTTTCCGTTAGGT,....((((((....))))...)).......,69.3939262203083
CTGTTCGGTTTATCCATAGGCGTCCGCCCA,......((.....))...(((....)))..,69.38853706069733
GACTTGGTCTATTCATAGGTGTCCGCGGAA,..(.(((.(...........).))).)...,69.38539323638545
GACTTGGTCTATTCATAGGTGTCCGCGGAT,..(.(((.(...........).))).)...,69.35746836510435
TAATGGGGTCTATGCATAGGCGTCCGCAGA,....((((((((....))))).))).....,69.34092657375457
CGGTTGGGTCTATGCATAGGCGTCCGGGTG,(((....(((((....)))))..)))....,69.34025870579335
GATTTGGTCTATTCAGAGGCGTCCGGGGGA,......((((......))))..........,69.32413011901856
GATTGAGGTCCATCCATAGGCGTCCGCCGA,......((.....))...(((....)))..,69.31214369759513
GGGTAAGTTGTGTACCTGATCAGGGTTCTT,(((((.......))))).............,69.29256054938732
GTTTTGGTCTATTCAGAGGCGTCCGGGGGA,......((((......))))..........,69.29001603465171
CATTGGTCTCTTTAGAGGTATCCGTTAGGT,....((((((....))))...)).......,69.26151684941058
GGGTGGGTCTATTCAGAGGCGTCCGGGGGA,.((.(.((((......)))).)))......,69.24317421978608
TCTAGGTGTTCACCGCTCGGAAGGTCTATA,(((.((((.....)))).))).........,69.23280110937019
CATGGTCTATTCATAGGTGTCCGCGGAAGT,(.(((.(...........).))).).....,69.19171156936754
GATTGGGGTTTATCCATAGGCGTCCGCCGA,...((((.....))))..(((....)))..,69.18965771132063
GATTGTGGTCTATGCATAGGCGTCCGCCGA,.....((((..((((....))))..)))).,69.17608211995265
AATGGGGGTCTATGCATAGGTGTCCGACTT,...(((.(((((....))))).))).....,69.14431006821832
AAAGGGGGTCTATGCATAGGTGTCCGACTT,...(((.(((((....))))).))).....,69.13994116007667
GACACGGTCTATTCATAGGTGTCCGCGGAA,(((((.............))))).......,69.13270290114052
GGGTGGGTCTATTCAGAGGCGTCCGGGCGA,.((.(.((((......)))).)))......,69.11599951105302
GGTTTGGTCTATTCATAGGTGTCCGACTTG,...((((.(...........).))))....,69.11208892641766
GACACGGTCTATTCATAGGTGTCCGCGGAG,(((((.............))))).......,69.11015648204238
GATTGCGGTCTATGCATAGGCGTCCGCTGA,....((((...((((....))))))))...,69.09395447676806
GGATTGGTCTATTCAGAGGCGTCCGGGGGA,((((..((((......))))))))......,69.08903765728013
TGGTGGTCTATTTATAGGCGTCCGGGCTGT,(((..(((((....)))))..)))......,69.08637309922912
CTGATTGGTCTATTCATAGGTGTCCAGAGG,((..((((.(...........).)))).)),69.07373640972108
CGTGAATGGTCTATTTATAGGCGTCCGGAC,((.((...(((((....))))).))))...,69.07215950874019
GACACGGTCTATTCATAGGTGTCCGCGGTA,(((((.............))))).......,69.06992659698491
CGGTTGTGGTCTATTCATAGGCGTCCCCCG,((.((((((.....)))))).)).......,69.06263725683883
GTTGTGGTCTATTCAGAGGCGTCCGGGGTA,......((((......))))..........,69.05569243258165
GAGTGGGGTCTATGCATAGGCGTCCGCCGA,(.((((((((((....))))).))))))..,69.02921954895287
GAATGCGGTCTATGCATAGGCGTCCGCTGA,....((((...((((....))))))))...,69.01917003297284
CTGTGGGGTCTATGCATAGGCGTCCAGAGG,((.(((((((((....))))).)))).)).,69.01573446152801
ATCTATGGTCTATTCATAGGCGTCCGTTGG,.(((((((.....)))))))..........,69.0058814346067
GGGGTGAGGCGTGCTGTGCTAGGAGGTTCT,.......(((.(.(((...))).).)))..,68.96762838126963
GGATTGGTCTATTCAGAGGCGTCCGGGGTG,((((..((((......))))))))......,68.92863252323588
GTTGTTGGTCTATTCATAGGTGTCCGCATC,..(((.((.(...........).)))))..,68.92407896926723
GATTGCGGTCTATGCATAGGCGTCCGCCGA,.....((((..((((....))))..)))).,68.8308059062264
CGGTTCGGTCTATGCATAGGCGTCCGGGTT,(((....(((((....)))))..)))....,68.82731951390475
TGGACAGGTCTATGCATAGGTGTCCGGCAA,((((((..((((....))))))))))....,68.82442674381919
CTAGGTGTCCGCACGTTCGTGATGGTCTAT,......(.((((((....))).))).)...,68.81403867252251
GGTTGGGTCTATTCACAGGCGTCCGGGGGA,((....((((......))))..))......,68.8032954438947
CTAGGCGTCCGGGCCCATTGCTTGGTCTAT,......(.((((((.....)))))).)...,68.79471553207456
GACATGGTCTATTCATAGGTGTCCTCGGAA,(((((.............))))).......,68.7580761309599
GCGCGAGGTCTATTCATAGGTGTCCTGTGT,((((.(((.(...........).))))))),68.75735855750207
CTAGGTGTCCCTGCATTTGCCGAGGTCTAT,.(((((.((...((....)).)).))))).,68.74593494163307
GTCTTGGTCTATTCATAGGCGTCCGGGTGA,(((((((.....))).))))..........,68.7405774213484
CTGAGTGGTCTATTGATAGGCGTCCAGAGG,(((....(((((....)))))...)))...,68.73590700128304
GCGCGTGGTCTATTCATAGGTGTCCTGTGT,..............((((((...)))))).,68.73585894905403
GATAGAGGTCTATGCATAGGCGTCCGCGGA,....((.(((((....))))).))......,68.70188072811962
CAGTGAGGTATATTCATAGGTGTCCGCCAG,..(((((.....))))).(((....)))..,68.6910710315
GGTACAGGTCTATGCATAGGTGTCCAGGGA,((.(((..((((....))))))))).....,68.68927555760683
GAGTGTGGTCTATTCATAGGTGTCCTGTGT,..............((((((...)))))).,68.68431445048546
GCGCGGGGTCTATGCATAGGTGTCCTGTGT,((((((((((((....))))..)))))))),68.64054247324701
GGGTAAGTTGTGTAGCTGATCAGGGTTCCT,.(((.((((....)))).))).........,68.63949973479097
AACGGTGGTCTATTCATAGGTGTCCAGAGG,..(..(((.(...........).)))..).,68.63700369552434
AACTTTGGTCTATTCATAGGTGTCCGACTT,....((((.(...........).))))...,68.59832259185202
ATTGTGGTCTATTCAGAGGCGTCCGGTGAG,......((((......))))..........,68.58413784914353
GAAATGGTCTATTCAGAGGCGTCCGGGGGA,......((((......))))..........,68.58067079698695
CGGAGGGTCTATTTATAGGTGTCCGGCTAG,((((.(..(((....))).).)))).....,68.56829582392284
GTTGTGGTCTATTCATAGGTGTCTGCATAG,..(((((.(...........).)))))...,68.55844407402238
CTGGGTGTCCGGGCCTATTGCTTGGTCTAT,......(.((((((.....)))))).)...,68.55647634270693
GTCTTGGTCTATTCATAGGCGTCCGGGTTA,(((((((.....))).))))..........,68.54605768869499
TAAGCGGATCTAACCATAGTTGGGGTATCA,......(((....(((....)))...))).,68.53322690638949
GCAGCAGGTCTATTCATAGGTGTCCGCCAG,...((.((.(...........).))))...,68.53237960765131
GATTGAGGTCTATGCATAGGCGTCCGCTGA,....((.(((((....))))).))......,68.51463677488928
GTACAGGTCTATTCATAGGTGTCCGCAACG,((...((.(...........).))...)).,68.50766688285083
GTTGTGGTCTATCCATAGGTGTCTGCATCG,..(((((.....)))))((((....)))).,68.48368188126426
CTGATTGGTCTATTCATAGGTGTCCGACTT,....((((.(...........).))))...,68.47513400205354
CAGAGGGTCTATTTAGAGGGTCGTCCCCAG,.................(((....)))...,68.46847443215563
CGGAGGGTCTATTTATAGGTGTCCGGCTTG,((((.(..(((....))).).)))).....,68.4569714621646
AAAGGAGGTCTATGCATAGGTGTCCGACTT,...(((.(((((....))))).))).....,68.44052615964874
CGCGTGGTCTATTCATAGGTGTCCTGTGTG,.............((((((...))))))..,68.4282610133719
GTTGTGGTCTATTCATAGGTGCCTGCATCG,..(((((.....)))))((((....)))).,68.40353746608619
GATGGTCTATTCATAGGTGTCCGGGCGGTC,(((.((((...((....))...)))).))),68.37556476239604
GGGTAAGTTGTGTAGCTGATCAGGGTTCTT,.(((.((((....)))).))).........,68.36647359286559
GCTTGGTCTATTTATAGGCGTCCGGGTTGT,((((((((((....))))...))))))...,68.36260335884784
GGTTTGGTCTATTCATAGGTGTCTGCATCG,.................((((....)))).,68.3620523504497
GTTGTGGTCTATTCCTAGGTGTCCGCAACG,(((((((.(...........).))))))).,68.36141776939624
GTTGTGGTCTATTCATAGGTGTCTACATCG,(.(((((.(...........).))))).).,68.35112349405898
CAGGTCTATTCATAGGTGTCCTATACCTGT,(((((......(((((...)))))))))).,68.34085214184009
GACATGGTCTATTCATAGGTGTCTGCATCG,(((((.............))))).......,68.32981603457988
CTAGGTGTCCAGGCCTATTGCTTGGTCTAT,......(.((((((.....)))))).)...,68.30383366481746
AGTGAGGTCCATTCATAGGTGTCCGCCAGG,.(((((.....))))).(((....)))...,68.2793101907345
GTTGCGGTCTATTCATAGGTGTCTGCATCG,(.(((((.(...........).))))).).,68.27813039309159
GGTGCAGGTCTATTCATAGGTGTCCGCAAC,..(((.((.(...........).)))))..,68.27331584128459
CGAAGGGTCTATTTATAGGTCGTCCAACTG,....(((((((....))))...))).....,68.2707977520086
GATTGTGGTCTATTCATAGGTGTCTGCATC,...(((((.(...........).)))))..,68.26748402690633
GATGGAGGTTTATCCATAGGCGTCAGCCGA,.(((((......))))).(((....)))..,68.26690181507138
GCGTTTGGTCTATTCATAGGCGTCCGAAGT,((.(.(((.....))).).)).........,68.24942439404455
CAGTGAGGTCTATGCATAGGTGTCCGCCAG,......(((..((((....))))..)))..,68.23809141046053
CTGAGGGGTCTATGCATAGGCGTCCAGAGG,(((.((.(((((....))))).)))))...,68.22810984023856
TGCATTGGTCTATTCATAGGTGTCCAGCGG,(((..(((.(...........).)))))).,68.22589781668944
GATTGAGGTCTATGCATAGGCGTCCGCGGA,....((.(((((....))))).))......,68.21834488669118
TGATTGGTCTATTCAGAGGCGTCCAGAGGG,......((((......))))..........,68.2031634157967
GGATGGTCTATTTATAGGTGTCCGGCTAGG,(((((..(((....))).))))).......,68.1953231854357
GTTGTGGTCTATTCATAGGTGTCTGCATTG,..(((((.(...........).)))))...,68.18194778417848
ACGTTGGTCTATTCATAGGTGTCTGGCGGG,.((((((.(...........).))))))..,68.17956247438823
CTGATTGGTCTATTCATAGGTGTCCAGATG,.....(((.(...........).)))....,68.1672187931643
GGGGGGGTCTATTCAAAGGCGTCCGGGCGA,..(((.((((......)))).)))......,68.16610732073264
CGTTGTGGTCTATTCATAGGTGTCTGCATC,...(((((.(...........).)))))..,68.14960204640757
GGTTTGGTATATTCATAGGCGTCCGGGGGA,.(((((.........)))))..........,68.10187616523385
GTTGTGGTCTATTCATAGGTGTCTGCTTCG,(..((((.(...........).))))..).,68.03280176133134
ACATGGTCTATTCATAGGTGTCCGCGTTAG,((.(((.(...........).))).))...,68.02994327427089
GTCTGGGGTCTATGCATAGGTGTCCGGGAT,((((.(((((((....))))..))).)))),68.01557498191619
GTCGTGGTCTATTCATAGGTGTCTGCTTCG,...((((.(...........).))))....,68.0039188672562
GTGGATGGTCTATTTATAGGTGTCCCACGC,((((...(((((....)))))...))))..,68.00085719129508
GCAGGTCTATTCATAGGTGTCCTATACCTG,.(((((......(((((...)))))))))),67.9913952323364
TGAGAGGTCTATTTTATAGGTTGTCCGGCG,.((.((..((((...)))).)).)).....,67.99056242930605
GATTGCGGTTTATTCATAGGCGTCCGCCTA,................(((((....))))),67.98903499484022
GGTTTGGTCTATTCAGAGGCGTCCGCTGAG,............((((.((...)).)))).,67.97772597898481
AAGCGGATCTAACCATAGTTGGGGTATCAG,.....(((....(((....)))...)))..,67.9521830616695
CAGAGGGTCTATTTAGAGGGTCGTCCCCGG,.................(((....)))...,67.9054556211571
CGATGGTGGTCTACGCATAGGCGTCCGCTG,....(((((...((((....))))))))).,67.86775191544642
CTGTGAGGTCTATTCATAGGTGTCCGCCAG,(((((((.....)))))))...........,67.86121590339745
GGCATGGTCTATTCATAGGTGTCCGCGGAA,(((((.............))))).......,67.85250235415484
GAGTGAGGTCTATGCATAGGCGTCCGCTGA,.(((((.(((((....))))).).))))..,67.84046571444931
GATTGGGGTCTATGCATAGGCGTCCGCCGA,..((((.(...((((....)))).).)))),67.83579188996248
GATGTTCGGTAATCCACGATTCTCTAGTGA,((...(((........)))...))......,67.82218858902665
CTGCGGTGAGATAGTAAACTAGAGGGCCCC,....(((....(((....)))....)))..,67.8194425944513
CGATGTTCGGTAATCCACGATTCTCTAGTG,.((...(((........)))...)).....,67.819052192236
CGATGTGGTCTATTCATAGGTGTCTGCAAG,...(((((.(...........).)))))..,67.80924005766316
AAAGGTGGTCTATTCATAGGTGTCCGACTT,.(((..((.(...........).))..))),67.7738264823328
GATTGTGGTCTATGCATAGGCGTCCACTGA,....((((...((((....))))))))...,67.7514992825912
AGGGTGTGATACGTCCTAAGTTGTGGTCTG,(((((((...))))))).............,67.73990042004576
CGATGGTCTGAAATGGTCTCAGCGTTCTTG,.((..(.((((.......)))))..))...,67.72846071824978
GATTGTGTTCTATCCATAGGCGTCCGCTGA,..................(((....)))..,67.72284105723301
GCAACTTCATGTCTCCAAATTCGGACTTGG,.......((.((((........)))).)).,67.71979391708057
CTGTTTGGTCTACTCATAGGCGTCCAGAGG,(((....(((((....)))))...)))...,67.71972115239498
AACGGTGGTCTATCCATAGGTGTCCGACTT,..(((...((((....))))...)))....,67.70555781862686
GGTTGGGGTCTATGCATAGGCGTCCGCTGA,(((.((.(((((....))))).)).)))..,67.70351256869995
GATTGGGGTCTATCCATAGGCGTCCGCTGA,...(((((((((....))))).))))....,67.66721910340196
CTGATTGGTCTATTCATAGGTGTCCACTGG,.....(((.(...........).)))....,67.66613592863567
AACGGTGGTCTATCCATAGGTGTCCGACTC,..(((...((((....))))...)))....,67.65899189569332
GTTGTGGTCTATTCACAGGTGTCTGCATCG,..(((((.....)))))((((....)))).,67.6571201426874
GTGGAAGGTCTATTTATAGGTGTCCCACGC,((((.(.(((((....))))).).))))..,67.65126757287906
CGATTGTGGTCTATTCATAGGCGTCCGTGT,((..(((((.....)))))..)).......,67.64768629787513
AGATGGGTTGGTGGGGCTGGTTTGGTGAAT,((((.((((.....)))).)))).......,67.63471938034775
GCGAGGGGTCTATGCATAGGTGTCCCGCGT,(((.(((.((((....))))..))))))..,67.63253289706896
TGATTGGTCTATTCAGAGGCGTCCAGATGG,......((((......))))..........,67.62410350004212
GGTTTGGCCTATTCAGAGGCGTCCGGGGGA,((....((((......))))..))......,67.59410551764307
GAATTGGTCTCTTTAGAGGCGTCCGGTGCG,......(((((....)))))..........,67.56032263984432
ATTGTGGTCTATTCAGAGGCGTCCGCTGAG,............((((.((...)).)))).,67.55271428411746
TTTGGTCTATTCATAGGCGTCCGGGTGAGT,........((((((.((...))..)))))),67.5455169799208
CAGTGAGGTCTGTTCATAGGTGTCCGCCAG,..(((((.....))))).(((....)))..,67.52189130446072
GATTTGGTCTATTCAGAGGCGTCCGCTGAG,............((((.((...)).)))).,67.48304439499869
TTGGTCTATTCATAGGCGTCCGGGTGAGTC,.......((((((.((...))..)))))).,67.41984906700384
GGTTGGGGTCTATGCATAGGCGTCCGCGGA,.((.((.(((((....))))).)).))...,67.41169801833794
TGCTGGTCTATTCATAGGTGTCCGAGTTCA,.(((((.(...........).)).)))...,67.41162622438794
GTAACTTCATGTCTCCAAATTCGGACTTGG,.......((.((((........)))).)).,67.40976647795028
CCTGATTGGTCTATTCATAGGTGTCCTACT,((((..(((.....))))))).........,67.40629422663515
CTTGTGGTCTATTCATAGGCGTCCGTCAGG,(((((((.....)))))))...((....)),67.39802093506333
GGTATTGGTCTATTCATAGGTGTCCGCAAC,.....(((.(...........).)))....,67.3953887988446
CTGATTGGTCTACTCATAGGCGTCCAGAGG,(((....(((((....)))))...)))...,67.38899174561388
CGATGGTCTGAAATGGTCTCAGCGTTCTTT,.((..(.((((.......)))))..))...,67.3812081045858
GATTGGGGTCTATCCATAGGCGTCCGCGGA,...(((((((((....))))).))))....,67.37903159967586
GTTGTGGTCTATTCAGAGGCGTCCGCTGAG,............((((.((...)).)))).,67.36896945431057
GATTGGGGTCTATCCATAGGCGTCCGCCGA,...(((((((((....))))).))))....,67.35215942234402
GATGGTCTGAAATGGTCTCAGCGTTCTTGG,((..(.((((.......)))))..))....,67.35192696348847
CGCGAGGTCTATTCATAGGTGTCCTGTGTG,.............((((((...))))))..,67.35054827133283
GGTTTGGTCTATTCATAGGTGTCCGTGTGA,............(((((.(....).))))),67.31462548303095
TGCTGGTCTATTCAGAGGCGTCCGAGTTCA,.....((((......))))...........,67.30559678603662
GATGGTCTATGTCTGTTCATAGGTGTCCGC,...((((((((......))))))...))..,67.28498206376781
CTGATTGGTCTATTCATAGGTGTCCTACTG,................((((...))))...,67.28347649599522
AACGGTGGTCTATTCCTAGGTGTCCGACTT,..(((...((((....))))...)))....,67.2712207208678
TTGGTGGTCTATTTATAGGCGTCCGACTGG,((((..(((((....)))))..))))....,67.23291205232854
GGTGGGGTCTATTCAGAGGCGTCCGGGGGA,..((((((((......)))).)))).....,67.22382096103357
GTTGGTCTATTCATAGGCGTCCGGGTGAGT,........((((((.((...))..)))))),67.22256698509702
CTAGGGGTTCGGGCCGATTGCTTGGTCCAT,..........(((((((....)))))))..,67.19414708326724
GCGCGGGGTCTATGCATAGGTGTCCTGGGT,((.(((((((((....))))..))))).)),67.1935819445636
ATTGGGGTCTATTCAGAGGCGTCCGCTGAG,..((((((((......)))).)))).....,67.14453329778543
GTGTTGGTCTATTCATAGGTGTCTAGCGTA,..(((((.(...........).)))))...,67.09031635788259
GGGTAAGTTGTGTATCTGATCAGGGCTCCT,(((..((((.((........)).))))))),67.06502431750327
CTATGTGTCCGGGCCTATTGCTTGGTCTAT,......(.((((((.....)))))).)...,67.00983131297423
CTGATTGGTCTATTCATAGGTGTCCCACTG,..................((((...)))).,67.00047974249927
GTTGGTGGTCTATTCATAGGTGTCTGCTTC,...(((((.(...........).)))))..,66.99608354358553
GGTTGGGTCTATTGAGAGGCGTCCGGGGTA,((....((((......))))..))......,66.98632154642613
AACGGAGGTCTATCCATAGGTGTCCGACTT,..((((.(((((....))))).))))....,66.98366799582115
AGATGGGTTGGTGGGGCTGGTTTGTTGAAT,((((.((((.....)))).)))).......,66.94868708934726
GGTTTGGTTTACTCATAGGCGTCCGGGTGA,((....(((((....)))))..))......,66.9466074221838
GTGTGGTCTATTCATAGGTCGTCCAGAATC,.(((((.....)))))((....))......,66.9451944385131
GGTTTGGTCTACTCAGAGGCGTCCGGGGGA,((....((((......))))..))......,66.94166014783593
CAGTGAGGTCTATTGATAGGTGTCCGCCAG,(((((.....)))))...(((....)))..,66.93858091317752
GAATTGGTCTCTTTAGAGGCGTCCGCTTGT,......(((((....)))))..........,66.93037988634022
TGTGGTCTATTCATAGGTCGTCCAGAATCG,(((((.....)))))((....)).......,66.93016349244766
AGGTGTCCACATCGTTCGCGTTGAAGGTCT,.((((....)))).................,66.91782959621247
GCAGGAGGTCTATTTATAGGTGTCCCCTCC,...(((((((((....)))).....))))),66.90134845841186
GAGTGAGGTCTATGCATAGGCGTCCGCGGA,..((((.(((((....))))).).)))...,66.8567555485593
GTTTGGGGTCTATGCATAGGCGTCCGCGGA,.((((.((...((((....)))))).)))),66.85226102417916
TGGAAGGTCCATGTATAGGTTGTCCACCGA,((((....((.......))...))))....,66.84269502774039
GGAGGTCTATTCATCAGATTAGGTGTCCGC,(((.(((((.((....)).))))).)))..,66.80749554792044
GTTGGTGGTCTATTCATAGGTGTCTGCTCC,...(((((.(...........).)))))..,66.80430263626852
CTGTTTGGTCTATGCATAGGCGTCCAGAGG,...(((((...((((....)))))))))..,66.78643762304353
GATTGGGGTCTATGCATAGGCGTCCGGGTG,..((((((((((....))))).)))))...,66.77763357321116
GTTGGCGGTCTATTCATAGGTGTCTGCTTC,...(((((.(...........).)))))..,66.77247070562171
GTTTGTGGTCTATTCATAGGTGTCTGCTTC,.(((((((.....)))))))..........,66.75590487176221
GCAACTTCATGTCTCCAAATTCGGACTTGT,.......((.((((........)))).)).,66.75262362080743
GAAATGGTCTATTCAGAGGCGTCCGCTGAG,............((((.((...)).)))).,66.74363726520306
GAATTGGTCTCTTTAGAGGCGTCCGGCGCG,......(((((....)))))..........,66.73810393427361
TTGGTGGTCTATTCATAGGTGTCTGCTTCG,..(((((.(...........).)))))...,66.72486848578116
CTAGGTGTCCGGGCTTATTGTTTGGTCTAT,......(.((((((.....)))))).)...,66.71562843744772
AATTGGTCTCTTTAGAGGCGTCCGGTGCGT,.....(((((....)))))...........,66.71039326837266
GAAGGTCTATGTCCGTTCATAGGTGTCCGC,...((((((((......))))))...))..,66.69989829098932
TGGTCTATTCATAGGCGTCCGGGTGAGTCG,......((((((.((...))..))))))..,66.698495105906
GAATTGGTCTCTTTAGAGGCGTCCGGTGTG,......(((((....)))))..........,66.68858581006026
AAATTGGTCTCTTTAGAGGCGTCCGGTGCG,......(((((....)))))..........,66.68062825037856
CGAATTGGTCTCTTTAGAGGCGTCCGGTGC,.......(((((....))))).........,66.67885990378262
AATTGGTCTCTTTAGAGGCGTCCGGTTCGT,.....(((((....)))))...........,66.67885990378262
GATTGGGGTCTATGCATAGGCGTCCGGGTT,..((((((((((....))))).)))))...,66.6669771179732
GACAATGGTCTATTCATAGGTGTCTGTTGC,((((((((.....))))...))))......,66.66553293108592
CCTAGGTCTATTCATAGGTGTCCATGCGGT,((((((.....)).))))............,66.6648728865972
GATTGGGGTCTATTGATAGGCGTCCGCGGA,...(((((((((....))))).))))....,66.65703263140462
CGATGGTCTATTTATAGGCGTCCATCCCTG,.(((((((((....))))...)))))....,66.6463204337295
AGGTGTCCACATCGATCACGTTGAAGGTCT,.((((....))))((((........)))).,66.62766868266858
GAGTTGGTCTCTTTAGAGGCGTCCGGTGCG,......(((((....)))))..........,66.6161134863751
GTTGGGGTCTATTCAGAGGCGTCCGCTGAG,((.((.((((......)))).)).))....,66.57531219162253
ATTGGTGGTCTATTTATAGGTGTCCGACTT,.((((...((((....))))...))))...,66.5741976675628
GGTTGGTCTATTTATAGGTGTCCGTATTGG,((....((((....))))...)).......,66.56977114040438
CTAGGGGTTGGGGCCGATTGCTTGGTCCAT,..........(((((((....)))))))..,66.52317571986578
GGTTTGGTCTATTCATAGGTGTCCTGGTGA,............(((((((...))).)))),66.49326420099881
GACATGGTCTATTTATAGGCGTCCGCGGAA,(((...(((((....)))))))).......,66.490052377724
GCACGTGGACTATTCATAGGTGTCCTGTGT,(((((.((((...........))))))))),66.48681704615326
GAATGTGGTTTATTCATAGGCGTCCGCTGA,(((((.....)))))...(((....)))..,66.48223394148128
GGTTGGGTCTATTCAGAGGCGTCCGGGCGA,(.((((((((......))))..)))).)..,66.47257069312977
GTTGCGGTCTATTCATAGGTGTCTGCGCCG,(.(((((.(...........).))))).).,66.44311619719412
GGCTGGGTCTATTCAGAGGCGTCCGGGGTA,..((((((((......))))..))))....,66.44097015359965
GTGGAAGGTCTATTTATAGGAGTCCCACGC,((((....((((....))))....))))..,66.42645589717638
GAAGGTCTATGTCTGTTCATAGGTGTCCGC,...((((((((......))))))...))..,66.41796309591459
CTGATTGGTCTATTCATAGGTGTCCCGCTG,..................((((...)))).,66.39060776200427
GTGATGGTCTATTCATAGGTGTCTAGCCTA,((((........))))((((.....)))).,66.37558032752307
ATTTGTGGTCTATTCATAGGTGGCCGGGAT,..((.(((((...........))))).)).,66.35762036353077
GATTGGGGTCTATGCATAGGCGTCCGACTT,..((((((((((....))))).)))))...,66.34558930773606
CTAGGGGTACGGGCCGATTGCTTGGTCCAT,..........(((((((....)))))))..,66.32149173818463
ATCTAGTCGGTAGGTGCTGTGTATTCGGAT,(((((.....))))).(((......)))..,66.30637675815241
GTTTGTGGTCTATTCATAGGCTTCCGCTGA,((((((((.....)))))))).........,66.2933834621005
GAGTGAGGTCTATGCATAGGCGTCCGCCGA,(.((((.(((((....))))).).))))..,66.27561860619141
AACGGTGGTCTATTCGTAGGTGTCCGACTT,..(((...((((....))))...)))....,66.27558661248648
AGCAGGTCTATTCATAGGTGTCCTATGCCT,...(((......((((((...))))))))),66.27361912579528
TAAGTGGTCTATTCATAGGTGTCCGGTGAC,............((((.((...)).)))).,66.20856736961733
GATTGGGGTCTATTCGTAGGCGTCCGCTGA,...(((((((((....))))).))))....,66.19448691943084
GGTTTGGTCTATTCAGAGGCCTCCGGGGGA,((...(((((......))))).))......,66.19154746258076
CTAGGTGTCCGGCGTATTAGTTGGTCTATG,......(.(((((......))))).)....,66.17150390362298
AACGGCGGTCTATGCATAGGTGTCCGACTT,..(((..(((((....)))))..)))....,66.13016425878301
GGGTTGGTCTATTCCTAGGCGTCCGGGGGG,(((...(((((....))))).)))......,66.12880342215489
AAGGTCTATGTCTGTTCATAGGTGTCCGCG,..((((((((......))))))...))...,66.12703006760304
TTGTGGGTCTATTCATAGGGCGTCCCTTAA,.(((((......)))))(((...)))....,66.12182608525242
GTTGTGGTCTATTCATAGGTGTCCTTGTGT,.............((((((....)))))).,66.11371855625305
GACAATGGTCTATTCATAGGTGTCTGTGGC,(((....)))...((((((....)))))).,66.06814935399655
ATTGGTCTATTCATAGGTGTCCTGTTAGTC,............(((((...))))).....,66.05568465743966
GAATGGGGTTTATGCATAGGCGTCCGCCGA,......(((..((((....))))..)))..,66.04080070622496
CTGTGGTCTCTTTAGAGGCGTCCGATAATG,.....(((((....)))))...........,66.02831808313562
AACGGTGGTCTATACATAGGTGTCCGACTT,..(((...((((....))))...)))....,66.01551254653701
ATGGTGGTCTATGCATAGGTGTCCGGGAAT,..((...((((....))))...))......,66.01395139446876
CTAGGTGTCCGGCGTTTTAGTTGGTCTATG,......(.(((((......))))).)....,65.98675363044933
TGGATGGTCTATTTATAGGTGTCCCACGCG,.(((((..(((....))).)))))......,65.97745817598144
ATTGTGGTTTATTCACAGGCGTCCGCTGAG,..(((((.....)))))(((....)))...,65.97243859730511
CTAGGTGGCCGGGTCTATTGCTTGGTCTAT,......((((((((.....))))))))...,65.97203153003409
CTAGGTGTCCGGCGTATCAGTTGGTCTATG,......(.(((((......))))).)....,65.96553347129814
CTAGGTGTCCGGCGCATTAGTTGGTCTATG,......(.(((((......))))).)....,65.95182878517966
GTTGTGGTCTATTCATAGGTGTCTGGATCG,.....((((((..((....))..)))))).,65.95068352217412
GATTGTGGTCTATTCATAGGTGTCTGCTTC,((((((((.....)))))...)))......,65.93876084402275
GAATGTGGTCTATCCATAGGCGTCCGCTGA,(..(((((.....)))))..).........,65.91876191056747
GGTTTGTTTTATTCACTGGCCTCCCGCCTA,.................(((.....)))..,65.90975011480627
GATTGCGGTTTATGCATAGGCGTCCGCGGA,...(((((...((((....)))))))))..,65.89429316371435
ATGGTCTATTCATAGGTGTCCGCGGAAGTC,........(((...((...))...)))...,65.8875572473464
TGCGCGGTCTATTCAGAGGCGTCCGGGCTA,.((.(((.(...........).))).))..,65.87595802662742
TCTAGGTGTTCACCGCTCGGAAGGACTATA,(((.((((.....)))).))).........,65.87575824090811
TTGTGGTCTATTCATAGGTGTCTGGATCGT,....((((((..((....))..))))))..,65.86899215567723
ACGTTTGGTCTATTTATAGGCGTCCGTCGT,(((....(((((....)))))...)))...,65.85530400225343
CAGTTGGTCTATTTATAGGCGTCCGCTCAG,.(((..(((((....)))))....)))...,65.8383723115029
GGACTGGTCTATTCAGAGGTGTCCGGCAAG,((((...(((....)))...))))......,65.8305431790321
GAAGGTCTATGTCTTTTCATAGGTGTCCGC,...((((((((......))))))...))..,65.82787544265906
GTTTGGTCTATTCAGGGGCGTCCGGGTGAG,.....((((......))))...........,65.82594598853856
TTTGGTCTATTCATAGGCGTCCTGGTGAGT,........(((((((((...))).)))))),65.82366962259707
CTAGGTGTCCGGGCCTATTGTTTGGTCTAT,..........(((((........)))))..,65.81836048500375
TGTTGCGGTCTATTCATAGGTGTCCACAAA,..(((.((.(...........).)).))).,65.8011262833017
GGTTTGTTTTATTCACTGGCCTCCGCCCTA,.................(((....)))...,65.79176076536118
CAGAGGGTTTATTGAGAGGGTCGTCCCCAG,.................(((....)))...,65.79153271784442
GACATGGTCTATTCAGAGGCGTCCGCTGAG,(((...)))...((((.((...)).)))).,65.7881910514927
GGTTTGGTCTATTCAGAGGCGTTCGGGGTA,......((((......))))..........,65.77463500845892
GATTGAGGTTTATGCATAGGCGTCCGCCGA,......(((..((((....))))..)))..,65.77256043689084
AAGGTCTATGTCTTTTCATAGGTGTCCGCG,..((((((((......))))))...))...,65.76791737179948
TTGGTCTATTCATAGGCGTCCTGGTGAGTC,.......(((((((((...))).)))))).,65.76283678545612
GAAGGTCTATGTCAGTTCATAGGTGTCCGC,...((((((((......))))))...))..,65.75496906098297
GATGGTCTATGATACTTCATAGGTGTCCGC,...(((((((((....)))))))...))..,65.75284752928
GCATTCTGGTCTATTCATAGGTGTCCTTGT,(((((.(((.....)))..)))))......,65.75080398469234
CAGTGAGGTCTATTTATAGGTGTCCGCCAG,..((((.(((((....))))).).)))...,65.74857220665068
GTTTGGTCTATTCAGAGGCGTACGGGTGAG,.....((((......))))...........,65.73139263438311
GGTACAGGTCTATGCATAGGCGTCCGGGTG,((.((..(((((....))))))))).....,65.7268791660837
CAGAGGGTTTATTTAGAGGGTCGTCCCCAG,.................(((....)))...,65.71619695168086
GAGTGAGGTTTATGCATAGGCGTCCGCCGA,......(((..((((....))))..)))..,65.69453778631859
GGGGAGGTTTATTCAGAGGCGTCCGGGGGA,..(((.((((......)))).)))......,65.69337227177772
TGCTGGTCTATTCATAGGCGTCCGAGTCTA,..............(((((......))))),65.67102586798
GGGGAAGGTCATTCCATGGTTTTCTGCCTG,(.((((((((((...)))))))))).)...,65.6313484660924
AACGGCGGTCTATGCATAGGTGTCGGCCTC,......((((.((((....)))).))))..,65.62769089785854
GATTGTGGTCTATTCATAGGTGTCCTTGTG,..............((((((....)))))),65.61369683360704
CTAGGCGTCCGCCCGATTGGGGTGGTCTAT,......(.((((((.....)))))).)...,65.61171137257847
GTTTGGTCTATTCATAGGTGTCCGACTTGT,.............((((((.....)))))),65.58715717416004
GGTTCGTTTTATTCACTGGCCTCCGCCCTA,.................(((....)))...,65.56888277990709
TAAGCGGATTTAACCATAGTTGGGGTATCA,......(((....(((....)))...))).,65.55218306166951
CGGGGGGTCTATTGAGAGGCGTCCGACAGG,..(((.((((......)))).)))......,65.54187963311769
GAGTGCGGTTTATGCATAGGCGTCCGCAGA,...(((((...((((....)))))))))..,65.53508723723964
TGGTAAGGTGTATGTATAGGTGTCCAGGCA,(((.....(((....))).....)))....,65.53191041701636
CTAGGTGTCCGCGGTAACAGTGGTCTATTG,......(.((((.......)))).).....,65.5260753075124
CTGTTGGGTCTATGCATAGGCGTCCAGGGG,((.(((((((((....)))))..)))).)),65.5235007888613
GATTGTGGTCTATTCATCGGTGTCCGCTGA,....((((.(...........).))))...,65.5108101205852
TCTAGGTGTCCGCGGTAACAGTGGTCTATT,.......(.((((.......)))).)....,65.50201162468531
TTGTGGTCTATTCAGAGGCGTCCGCTGAGT,.........((((((.((...)).)))))),65.49808539559157
CTGATAGGTCTATGCATAGGCGTCCAGAGG,(((..(.(((((....))))).).)))...,65.48767342015664
GATTGCGGTTTATGCATAGGCGTCCGCTGA,....((((...((((....))))))))...,65.47225259965212
CTAGGTGTCCGGGCCTTGCATTTGGTCTAT,..........(((((........)))))..,65.47143604603276
GTGAATGGTCTATTCATAGGCGTCCGGCGC,(((((((...)))))))..((((...)))),65.44645147416927
CTGATTGGTCTATTCATAGGTGTCCGCCAG,.....((((..((........))..)))).,65.43453072462361
TAGGTGTCCGCACGTTCGTGATGGTCTATG,.....(.((((((....))).))).)....,65.42574126280036
CTAGGTGTCCGCACGGTCGTGATGGTCTAT,......(.((((((....))).))).)...,65.40959100633881
GATGGAGGTTTATCCATAGGCGGCCGCCGA,.(((((......))))).(((....)))..,65.38410918745888
GCATTCTGGTCTATTCATAGGTGTCCTCGT,(((((.(((.....)))..)))))......,65.37908261405502
CTAGGGGTTTGGGCCAATTGCTTGGTCCAT,.........((((((((....)))))))).,65.37541791028936
TGAGTGGTCTCTTTAGAGGCGTCCATATTG,......(((((....)))))..........,65.35691569214458
GAGTGGTCTCTTTAGAGGCGTCCATATCGG,.....(((((....)))))...........,65.35522075794381
TGAGTGGTCTCTTTAGAGGCGTCCATAACG,......(((((....)))))..........,65.35161065235678
GAAGGTCTATGTCTGCTCATAGGTGTCCGC,...((((((((......))))))...))..,65.3488080312083
GATTGGGGTATATGCATAGGCGTCCGCCGT,......(((..((((....))))..)))..,65.3484228371817
ATGCGGTCTATTCATAGGTGTCCACAAAGT,.((.((.(...........).)).))....,65.34737670353186
AAGGGAGGTCTATCCATAGGTGTCCGACTT,...(((.(((((....))))).))).....,65.31939267543225
GAAGGTCTATGTCTGGTCATAGGTGTCCGC,...((((((((......))))))...))..,65.31346625574443
AGTTTGGTCTATTGCATAGGTGTCCGGGCG,.(((((((((((...)))))...)))))).,65.30730525123862
GATTGTGGTCTATTCATAGGCGGCCGCTGA,....((((((...........))))))...,65.30450045475096
CTGATGGGTCTATGCATAGGCGTCCAGAGG,((..((((((((....)))))..)))..)),65.30162192952737
GATTGTGGTCTATCCATAGGCGTCCGGGTG,(..(((((.....)))))..).........,65.3012323245111
GACATGGTCTATTTATAGGTGTCCGCGGAA,(((((.............))))).......,65.2903464139784
GAATTGGTCTCTTTAGAGGCGTCCTGTGCG,......(((((....)))))..........,65.28134581556506
CTAGGTGTCCGGCGTATTGTTGGTCTATGT,......(.(((((.....))))).).....,65.27818424885686
GGGATAGGTCTATTAATAGGTGTCCACACC,.(((((..((((....))))))))).....,65.27119642060072
CTAGGTGTCCGCACATTCGTGATGGTCTAT,......(.((((((....))).))).)...,65.26964026936571
GATTGCGGTTTATGCATAGGCGTCCGCCGA,.....((((..((((....))))..)))).,65.26583472041446
ATTTGGGGTCTATGCATAGGTGTCCGGGAT,((((.(((((((....))))..))).)))),65.25696977661843
GATTGTGGTCTATTCATAGGCGACCGCTGA,....((((((...........))))))...,65.25153197479922
GTTTTGGTCTATTCAGAGGCGTCCGGGCGA,.((((((.....))))))((......))..,65.24509582812728
CAGAGGGTTTATTGAGAGGGTCGTCCCCGG,.................(((....)))...,65.24067048355388
CTAGGTGTCCAGGTTGCCCGCTTGGTCTAT,......(.((((((.....)))))).)...,65.20972625161575
CAGAGGGTCTATATATAGGGTCGTCCCCAG,.................(((....)))...,65.20771615845086
GATTGCGGTATATGCATAGGCGTCCGCGGA,...(((((...((((....)))))))))..,65.203318427607
GAGAGGGTTTATTGAGAGGGTCGTCCCCAG,.................(((....)))...,65.19476178818802
CTAGGTGTCCGTCGGTATTCGATGGTCTAT,......(.((((((.....)))))).)...,65.18880201151777
GAGTGGGGTATATGCATAGGCGTCCGCCGA,......(((..((((....))))..)))..,65.18859170597827
GATTGTGTTCTATTCATAGGCGTCCGCTGA,...((((.......))))(((....)))..,65.17596390838841
GTTTGGTCTATTCATAGGCGTCCTGGTGAG,...........(((((((...))).)))).,65.17570021521914
GGATTGGTCTCTTTAGAGGCGTCCGGTGCG,((((..(((((....)))))))))......,65.1600221894451
TGGTGGTCTATTCAGAGGCGTCCGAGTGTA,(((..((((......))))..)))......,65.15367014877378
GAGGGAGGTTGATGCATAGGCGTCCGCCGA,......(((.(((((....))))).)))..,65.15262897327577
GATTGGGGTCTATGTATAGGCGTCCGCTGA,...(((((((((....))))).))))....,65.15167163239641
GTTTGGTCTATTCATAGGCGTCCGTGTGAG,...........(((((.(....).))))).,65.14300104168879
CTATTGGTCTATTCATAGGTGTCTGATGAG,.((((((.(...........).))))))..,65.13606110610777
TTAGGTGTCCGCACGTTCGTGATGGTCTAT,......(.((((((....))).))).)...,65.13140211380974
GGTACTGGTCTATTCATAGGTGTCCGCAAC,((((((............)))).)).....,65.11702025484848
CGAATGGTCTATTTATAGGCCGTCCAACTG,.(.((((((((....)))))))).).....,65.07494630610508
GAAGGTCTATGTCAAATCATAGGTGTCCGC,...((((((((......))))))...))..,65.0696638828118
TATGGTCTATGAGATTCATAGGTGTCCGCA,...(((((((((...)))))))...))...,65.05999646949077
GAAGGTCTATGTCATATCATAGGTGTCCGC,...((((((((......))))))...))..,65.01562604522493
CTAGGTGTCCAGGTTACCCGCTTGGTCTAT,......(.((((((.....)))))).)...,65.01436106203228
CTAGGCTTTTCTGCACTTGCCGACGTCCAT,...(((............))).........,65.00785319344895
CTGATGGGTCTATGCATAGGCGTCCATAGG,(((.((((((((....)))))..)))))).,65.00406672212156
ATTTTGGGTCTATGCATAGGTGTCCGGGAT,((((((((((((....))))..)))))))),64.99941917406188
CTGAGCGGTCTATGCATAGGCGTCCAGAGG,(((.(..(((((....)))))..))))...,64.9974981621719
GAGGGGGGTTTATGCATAGGCGTCCGCCGA,...((.((...((((....)))))).))..,64.98486634429196
GAAGGTCTATGTCTAATCATAGGTGTCCGC,...((((((((......))))))...))..,64.98412737148489
GATTGTGGTGTATGCATAGGCGTCCGCCGA,.....(((((.((((....)))).))))).,64.97377798101452
GAAGGTCTATGTCAGATCATAGGTGTCCGC,...((((((((......))))))...))..,64.96688599217455
GAAGGTCTATGTCGAATCATAGGTGTCCGC,...((((((((......))))))...))..,64.9588550200977
TGATGCGGTCTATTCATAGGTGTCCACAAA,.(((((.............)))))......,64.9531031453777
GAAGGTCTATGTCAAGTCATAGGTGTCCGC,...((((((((......))))))...))..,64.94993987472289
CTAGGTGTCCGGGCCTTGCATTGGTCTATG,..........(((((.......)))))...,64.93150355361178
GATGGAGGTATATGCATAGGCGTCCGCCGA,......(((..((((....))))..)))..,64.92661118457583
GATGGGGGTTTATGCATAGGCGTCCGCCGA,...((.((...((((....)))))).))..,64.91757914403863
GGTTTGGTCTATTCAGAGGCGTCCGGGCTA,(((((((.(...........).))))))).,64.91694827971216
GTAGTCGGGTCCGTTTTGGAAGTTTCTGCG,((((.....(((.....))).....)))).,64.90971661083825
GTTGTGGTCTATTCAGAGGTGTCTGCAGCG,(((((((.(...........).))))))).,64.90769871213598
CTGTTGGGTCTATGCATAGGCGTCCAGAGG,((.(((((((((....)))))..)))))).,64.90637881251791
AACGTGGTCTATTCATAGGTGTCTGGGTAT,.((.(((.(...........).))).))..,64.90428938445132
CTAGGTGTCCGGGCCTATTGCATGGTCTAT,..........(((((........)))))..,64.89820750501733
GATTGAGGTATATGCATAGGCGTCCGCCGA,......(((..((((....))))..)))..,64.89532242635633
CTGAGAGGTTTATGCATAGGTGGCCCACTG,...((.((.((((......)))).)).)).,64.88480347972464
CGATGGTGGTCTAGGCATAGGCGTCCGCTG,....(((((...(.((....)).)))))).,64.87634020862768
CTAGGTGTCCGCACGCTCGTGATGGTCTAT,......(.((((((....))).))).)...,64.86925739631629
CTAGGTGTCCGGGTGGTATACTTGGTCTAT,((((((((((....)).)))))))).....,64.86521559031058
CTAGGTGTCCGGGTCTTGCATTTGGTCTAT,((((((((.........)))))))).....,64.85643730949793
CTGATGGGTCTATGCATAGGTGTCCAGAGG,((..((((((((....))))..))))..)),64.8535254382738
GGAGGTCTATTCCATTAATAGGTGTCCGCG,(((.(((((((.....))))))).)))...,64.84026191883055
GGTTTGGTCTATTCAGAGGCGTCCGGGCTG,(((((((.(...........).))))))).,64.8295401877689
CTTATGGGTCTATGCATAGGCGTCCAGAGG,(((.((((((((....)))))..)))))).,64.827972815131
GTTGTGGTCTATTCATAGATGTCTGCATCG,..(((((.....)))))((((....)))).,64.82155793550605
CTGAAGGGTCTATGCATAGGCGTCCAGAGG,(((..(.(((((....))))).).)))...,64.81565839924026
GGGATGGTCTATTTCATAGGTGTCCGGGCG,.(((((..((((...)))).))))).....,64.81198356477458
GACATGGTCTATTCAGAGGTGTCCGCGGAA,(((((..(((....))).))))).......,64.81053328360814
GATTGGGGTCTATGGATAGGCGTCCGCCAA,...(((((((((....))))).))))....,64.79143574478746
GGCACAGGTCTATTCATAGGTGTCCGCAAC,(((((..((......))..)))))......,64.78915894694103
CGTTGGGGTCTATGCATAGGTGTCGGCTTC,....((((((.((((....)))).)))))),64.78868927842433
CGGTTGGTCTATTTATAGGTGTCCGGCTAG,.((((((.(...........).))))))..,64.77949568446886
GATTGTGGTTTATGCATAGGCGTCCGCTGA,....((((...((((....))))))))...,64.77891836042005
CAGAAGGTGTCCATGGTTCATGGTCTATCG,.....((((.(((((...))))).).))).,64.76924963830893
GAGGGAGGTTTATGCATAGGCGTCCGCAGA,...(((.(((((....))))).))).....,64.76835452958275
CTAGGTGTCCGCACGTTTGTGATGGTCTAT,......(.((((((....))).))).)...,64.76673040301927
CTAGGCGTTCGGGCCGATTGCTTGGTCCAT,..........(((((((....)))))))..,64.76645494006642
ATGAGAGGTCTATTTATAGGTGTCCAGCTT,.((.((.(((((....))))).))))....,64.75127453870675
GAAGGTCTATGTCTGTCCATAGGTGTCCGC,...((((((((......))))))...))..,64.7487581252512
CAGAGGGTCTATTCATAGGGCCGTCCCCAG,..((.(((((.......))))).)).....,64.74417698229819
GTTTGGTCTATTCAAAGGCGTCCGGGTGAG,.....((((......))))...........,64.73899332926356
GGATTGGTCTCTTTAGAGGCGTCCGATGTG,((((..(((((....)))))))))......,64.72382302036979
GATTGTGGTCTATCATAGGCGTCCGCTGAG,....((((.(..........).))))....,64.71605377581815
CTAGGTGTCCGCACTTTCGTGATGGTCTAT,......(.((((((....))).))).)...,64.71123352363723
GAGCCTAGGTGTCCTTTGGTCTATGATACG,..(((.(((...)))..)))..........,64.69745937245246
GAGTGCGGTTGATGCATAGGCGTCCGCGGA,...(((((...((((....)))))))))..,64.69128627809091
GTTGCGGTCTATTCAGAGGTGTCTGCAGCG,(((((((.(...........).))))))).,64.68413305892363
GTTGTGGTCTATTCAGAGGTGTCTGCAACG,(((((((.(...........).))))))).,64.6760201249755
GATAGAGGTCTATTTATAGGTGTCTGCGGA,(.((((.(((((....))))).)))))...,64.67092937657554
CATTCTGGTCTATTCATAGGTGTCCTTGTG,..............((((((....)))))),64.67085444546595
ATTGTGGTCTATCATAGGCGTCCGCTGAGT,...((((.(..........).)))).....,64.66432963788712
GCGTGGTCTCTTTAGAGGCGTCCGCTTGTC,(((..(((((....)))))...))).....,64.66308885757779
GACATGGTCTATTCAGAGGTGTCCGCGGAG,(((((..(((....))).))))).......,64.66236890519401
GACATGGTCTATTCAGAGGTGTCCGCGGAT,(((((..(((....))).))))).......,64.66104264524706
CGCGAGGTCTATTCAGAGGTGTCCGGTGTG,((.((.((((......)))).)))).....,64.65501173597096
GATTGTGGTCCATGCATAGGCGTCCGCTGA,....((((...((((....))))))))...,64.65361268847599
CTAGGTGTCCGGGTCTTGCACTTGGTCTAT,((((((((.........)))))))).....,64.63512021753795
GTTGTGGTTTATTCATAGGTGTCTGCATCG,..(((((.....)))))((((....)))).,64.62914487318706
GATGGAGGTTGATCCATAGGCGCCCGCCGA,.(((((......))))).(((....)))..,64.62608772877918
GGTGTCCACATCGATCACGTTGAAGGTCTG,((((....))))((((........))))..,64.62578079008829
GAAGGTCTATGATACTTCATAGGTGTCCGC,...(((((((((....)))))))...))..,64.61838387385082
GATTGTGGTCTATTCATAGGCGACCGCCGA,....((((((...........))))))...,64.61030319623066
GTTGGGGGTCTATGCATAGGTGTCGGCGTC,....((.(((.((((....)))).))).)),64.60608147596179
GGGGGGGTTTATTCAGAGGCGTCCGGGGGA,..(((.((((......)))).)))......,64.59663642236715
CTAGGTGTCCATTACCTATTTGTGGTCTAT,.((((((.....))))))............,64.59402076184409
CGGTTGGTCTATTTATAGGTGTCCGGCTTG,.((((((.(...........).))))))..,64.58568489755461
GGATTGGTCTATTGATAGGCGTCCGAGCTC,((((..(((((....)))))))))......,64.58225658332348
CTAGGTGTCCGGGTCCTCGACTTGGTCTAT,......(.(((((((...))))))).)...,64.55735233929248
CAGAGGGTTTATTTATAGGGTCGTCCCCAG,.................(((....)))...,64.53646443738126
GACATGGTCTATTCAAGGTGTCCGCGGAAG,(((((............)))))........,64.52788488060601
GATTGCGGTATATGCATAGGCGTCCGCCGA,.....((((..((((....))))..)))).,64.52623367747512
CAGTGAGGACTATTCATAGGTGTCCGCCAG,......((((...........)))).....,64.52429380854647
GGGTTGGTCTACTCATAGGCGTCCGGGTGA,(((...(((((....))))).)))......,64.52246421968937
GGTTTGGTCTATTCAGAGGCGTCCGGGCGA,.((((((.(...........).))))))..,64.51220724181223
AACAGGGGTCTATGCATAGGTGTCCGACTT,.....(((((.((((....))))..))))),64.50860437784797
GATTGTGGTTTATGCATAGGCGTCCGCGGA,...(((((...((((....)))))))))..,64.50246228780185
CTAGGTGTCCATTACCTATTTATGGTCTAT,.((((((.....))))))............,64.49599443125062
CATTGGTCTATTCATAGGTCGTCCGGCTTG,..............((((((....)))))),64.48883164746772
TGAGAGGTTTATTCACAGGTTGTCCGGCGG,.................((....)).....,64.48041087142413
GTTGTGGTCTATTCACAGGTGTCTGCAGTG,.((((((.....))))))............,64.47046343709381
CAGCAGGTCTATTCATAGGTGTCCTATACC,..............(((((...)))))...,64.45916926532963
GAGCCTAGGTGTCCTTTGGTCTATACTGCG,..(((.(((...)))..)))..........,64.44862197654368
CGTGTGGTCTATTCAGAGGCGTCCGTCAGG,......((((......))))..((....)),64.43727296535732
GATTGCGGTTTATCCATAGGCGTCCGCCTA,......((.....)).(((((....))))),64.43551638237997
CAGGAGTGGTCAAAATGTCGTTTGTCTTCG,.....(.((.((((......)))).)).).,64.42474692125538
GATTGCTGTTTATCCATAGGCGTCCGCCTA,................(((((....))))),64.40768753756305
CTGATGGGTCTATGCATAGGCGTCCAGATG,(((..(.(((((....))))).).)))...,64.38403946748554
CTAGGCTTTTCTTCACTTGCCGCCCTCCTT,...(((............))).........,64.38359162279183
TAGAGGGTCTATTCATAGGGCTGTCCCCTG,..((.(((((.......))))).)).....,64.38322839547655
ACGGTGGTCTATCCATAGGTGTCCGACTTG,...((((.....))))((((.....)))).,64.37797204776031
TGCTGGTCTATTCAGAGGCGTCCGAGTCTA,..((((.....))))((((......)))).,64.36272950827198
CTGTTCGGTCTATGCATAGGCGTCCAGAGG,(((..((.((((....))))))..)))...,64.34693726191944
CTGATCGGTCTATGCATAGGCGTCCAGAGG,(((..((.((((....))))))..)))...,64.32770568654962
TGCGGGGAGATAGGAAACTAGAGGGCCCCG,..(((((...(((....))).....))))),64.31768103802206
TACTGAGGTCTATTTATAGGTGTCCCATTG,....((.(((((....))))).))......,64.30761757562314
GATTGTGGTCTATTCAAAGGCGTCCGCTGA,....((((.(...........).))))...,64.2909012887359
AGGTGTCCACATCCGGTAAAATGAAGGTCT,.((((....)))).................,64.28975942077388
GATTCCTCTTTATCCATAGGCGTCCGCCTA,................(((((....))))),64.28371275374667
GATTGCTCTTTATCCATAGGCGTCCGCCTA,................(((((....))))),64.279459963217
CCTTCCTCTTTATCCATAGGCGTCCGCCTA,................(((((....))))),64.2659558753922
ACTCCCTTGTGGATGCTCTGCACTTTAGCT,.......((((((...))))))........,64.25299874574769
GGTTTGGACTATTCATAGGCGTCCGGGCGA,.((((((((...........))))))))..,64.25191314896216
GATTGTGGTCTATTCATAGCTGTCCGCTGA,....((((.(...........).))))...,64.24314480147257
GTTTGCTCTTTATCCATAGGCGTCCGCCTA,................(((((....))))),64.24180918565827
CTAGGAGTTCGGGCCGATTGCTTGGTCCAT,..........(((((((....)))))))..,64.23041416810784
CAGAGGGTATATTTAGAGGGTCGTCCCCAG,.................(((....)))...,64.22865490788472
CACGGAGGTTTATTTATAGGTGTCCGACTT,..((((.(((((....))))).))))....,64.21662992964437
CGATTGTGGTCTAGGCATAGGCGTCCGCTG,.....((((...(.((....)).)))))..,64.21309415881252
CGGATGGTCTATTTAGAGGTGTCCGGCGAG,((((((.(((....)))..)))))).....,64.21178307641475
GAGTGGGGTTTATCCATAGGCGGCCGCCGA,..(((((.....))))).(((....)))..,64.20714026277687
CTAGGTGTCCGCGGCTTATACGTGGTCTAT,......(.(((((.......))))).)...,64.17610516705508
CCTAGGTCTATCCATAGGTGTCCATGCGGT,((((((.....)).))))............,64.15861547886688
CTAGGTGTCCGCTGCCTATGTGTGGTCTAT,......(.((((.........)))).)...,64.14078501421383
AGCTGGTCTATTCATAGGTGTCCTATACCT,...............((((((...)))))),64.12078722368939
TAGGTGTCCATTACCTATTTGTGGTCTATG,((((((.....)))))).............,64.09754602818968
GGAGGTCTATGCTTCGGATAGGTGTCCGCG,(((.((((((.(...).)))))).)))...,64.08920110240905
GATGGGGGTATATGCATAGGCGTCCGCCGA,...((.((...((((....)))))).))..,64.0364892990958
CTAGGTGTCCGCGATAGGTTTGTGGTCTAT,......(.((((((.....)))))).)...,64.0296745916018
TAGAGGGTCTATTCATAGGGCTGTACCCTG,...(((((.((.((....)).)).))))).,64.02127340814309
GATGGTCTATTCTAGGGAATAGGTGTCCGC,...(((((((((....)))))))...))..,64.0176337562147
CCATAGGTCTATTCATAGGTGTCCAGAGCG,.....(.(((...((....))...))).).,64.01753729371008
TCTAGGTGTTCACCGCTAGGAAGGACTATA,(((.((((.....)))).))).........,64.01314376647746
CAGTGAGGTTTATGCATAGGTGTCCGCCAG,......(((..((((....))))..)))..,64.00337761436774
CAGGGAGGTTTATGCATAGGTGTCCGCCAG,......(((..((((....))))..)))..,64.00335324518267
AGCAGGTCTATTCATAGGTGTCCCTTACCT,...............(((((.....))))),63.990912831472656
GAGGGAGGTTTATGCATAGGCGTCCGCCGA,(..(((.(((((....))))).)))..)..,63.986495676633325
GATTGTGGTTTATGCATAGGCGTCCGCCGA,.....((((..((((....))))..)))).,63.96496340362344
GTTGGGTCTATTCAGAGGCGTCCGGGTGAG,.((((((((......))))..)))).....,63.93172175194324
GCAGAAGGTGTCCATGGTTCATGGTCTATC,......((((.(((((...))))).).))),63.92918488284147
ACTAGGTGTCCGGCGTATGCATGGTCTATT,.......(.(((((....)).))).)....,63.920390652758
TGATGGTCTATTCAGAGGCGTCCGAGTGCA,.((((.(((......)))))))........,63.912667933085515
TGATGGTCTATTCAGAGGCGTCCGAGTGTA,.((((.(((......)))))))........,63.909131239893654
GATGGAGGTTTATGCATAGGCGTCCGCCGA,(.((((.(((((....))))).)))).)..,63.90833800176574
CTAGGTGTCCATTACCTATTAGTGGTCTAT,.((((((.....))))))............,63.87978885520006
GATTGTGGTCTATTCATAAGCGTCCGCTGA,....((((.(...........).))))...,63.864161168217215
CGAATGGTCTATTCATAGGTGTCCCTCTGG,.............((.(((....))).)).,63.86343115312249
CATGATGGTCTATTCATAGGTGTCCGACGT,.((((........)))).............,63.85622741510481
AAAGGTGGTCTATCCATAGGTGTCCGACTT,....((((.....))))((((.....)))),63.8380626186052
GATTGGGGTTTATGCATAGGCGTCCGCCGA,..((((.(...((((....)))).).)))),63.83440874292527
GAGTGGGGTTTATGCATAGGCGTCCGCGGA,..((((((((((....))))).)))))...,63.821204217378536
CTAGGTGTCCGCATGTCCATGATGGTCTAT,......(.((((((....))).))).)...,63.805954068901386
CATTGGTCTCTTTAGAGGTGTCCGTTAGGT,....((((((....))))...)).......,63.789320980684636
GTTTGCTCTTTCTCCATAGGCGTCCGCCTA,................(((((....))))),63.78002979292273
GGGTCAGTTGTGTATCTGATCAGGGTTCCT,.((((((........)))))).........,63.776618520401826
GATTGTGGTCTATTCATAGGGGTCCGCTGA,....(((((((........))).))))...,63.752823350240504
CGCCCTAGGTGTCCTCTGGTCTATGCTGTG,.(((..(((...)))..)))..........,63.72974425625545
CCTAGGTGTCCGCACGTTCGTGATGGTCTA,.......(.((((((....))).))).)..,63.71567970729194
GATGGTCTATCTTCCAAGATAGGTGTCCGC,...(((((((((....)))))))...))..,63.70813876210321
AACGCTGGTCTATTCATAGGTGTCCGACTT,.(((((............))))).......,63.70549268395449
CTAGGTGTCCGGGCTTGTTGCATGGTCTAT,......(.(((.((.....)).))).)...,63.7023009451941
GATTGTGGTATATGCATAGGCGTCCGCGGA,...(((((...((((....)))))))))..,63.69233857050266
CGCCCTAGGTGTCCTCTGGTCTATGTTGTG,.(((..(((...)))..)))..........,63.69119782978203
CTAGGTGTCCGACTCTTACTGTTGGTCTAT,......(.(((((.......))))).)...,63.68635499876473
CTAGGTGTCCGGGCCTATTGCTAGGTCTAT,..........(((((((....)))))))..,63.67815837734323
GATTGCGGTCTAAGCATAGGCGTCCGCTGA,....((((.....((....))..))))...,63.67414575448636
GTGATAGGTCTATGCATAGGCGTCCGAGGC,.......((((((((....))))...)))),63.64708390256497
TGCGGCGAGATAGGAAACTAGAGGGCCCCG,...(((....(((....)))....)))...,63.64402980626087
CTAGGTGTCCGGCCCGTTCTGTTGGTCTAT,......(.(((((.......))))).)...,63.62576862764628
GTGAAGGGTCTATTCATAGGCGTCCGGACC,......(((((...(......)...))))),63.6056062346742
TGACGGTCTATTCAGAGGCGTCCGAGTGCA,.((((.(((......)))))))........,63.58959772263061
CTGATTGGTCTATTCATAGGCGACCAGAGG,((..((((((...........)))))).)),63.58100576812092
GATTGCGGTTTATCCATAGGCGCCCGCCGA,......((.....))...(((....)))..,63.56838307033614
AACGGAGGTTTATGCATAGGTGTCCGACTT,..((((.(((((....))))).))))....,63.56117863835543
AGTGAGGTTTATTCAGAGGTGTCCGCCAGG,..((((.....))))..(((....)))...,63.54624088273387
CTAGGTGTCCGGGTCTCGCATTTGGTCTAT,((((((((.........)))))))).....,63.53503287159103
CTAGGTGTCCAGCACGGTTGGCTGGTCTAT,......(.(((((.......))))).)...,63.52794695359168
GAGTGCGGTTTATCCATAGGCGCCCGCCGA,......((.....))...(((....)))..,63.52498516634064
CTAGGTGTCCAGCACATTTAGCTGGTCTAT,......(.(((((.......))))).)...,63.52317670338482
GATTGTGGGCTATTCATAGGCGTCCGCTGA,....((((((...........))))))...,63.52051740388833
GATTGGTCTATTCAGAGGTGTCCGGTTAGT,((((((.(...........).))))))...,63.51982810440127
CGGGTGGGTTTATGCATAGGCGTCCGGGTG,((((...(((((....))))).))))....,63.51018865151945
GATGGTCTATTCTTGGGAATAGGTGTCCGC,...(((((((((....)))))))...))..,63.498420411854696
GAGAGGTCTATTTTATATAGGTGTCCGGCG,(.((.((((((.....)))))).)))....,63.49316910861983
ACTCCCCTGTGGATGCTCTGCACTTTAGCT,.......((((((...))))))........,63.46045404016087
GGCTTGGATTATTCATAGGCGTCCGGGCGA,.((((((((...........))))))))..,63.45373054710225
GGTGGTCTATTCGTCAGATTAGGTGTCCGC,.((((((((.((....)).))))...)))),63.44617695530921
GATTGAGGTTTATCCATAGGCGGCCGCCGA,......((.....))...(((....)))..,63.443977207441705
GCTGCGGTCTATTCATAGGTGTCCTCTGAG,............(((.(((...))).))).,63.443571188656506
TGAGAGGTCTATTTATAGGTCGTCCGGCGG,((.((.(((((....)))).).))))....,63.42672611546496
TTTGTGGTCTATTCAGAGGTGTCCGGGATG,.((.(((.(...........).))).))..,63.425945829384794
GCGCGAGGTCTATGCATAGGTGTCCTGTGT,.............(((((((...))))))),63.416131731522256
CGGTTGGGTCTATTCATAGGGTGTCCCCCG,(((..(((.(.((((...))))).)))))),63.41075145795838
CAGAGGGTTTATTTACAGGGTCGTCCCCAG,.................(((....)))...,63.40308149928667
CTAGGCGTCCGCAGTTTTCTGTGGTCTATG,......(.((((((....)))))).)....,63.40198248717798
ATTTGGGGTCTATTCATAGGTGGCCGGGAT,......((((...........)))).....,63.397064795853694
TGGGGGGTCTATTGAGAGGCGTCCGGGCTG,(.(((.((((......)))).))).)....,63.38759652562501
TGCGGTGAGATAGTAAACTAGGGGGCCCCG,...(((....(((....)))....)))...,63.378568139784356
GCCATGGTCTATTTATAGGCGTCCGTTTGA,(((((((.....)))).)))..........,63.376591984745
CGATTGTGGGCTATTCATAGGCGTCCGCTG,.....((((((...........))))))..,63.367656874167665
GAATGTGGTCTATTTATAGGCGGGCGCTGA,....((.(((((....)))))..)).....,63.3497650089489
GATGGGGGTTTATGCATAGGCGTCCGCGGA,(.((((.(((((....))))).)))))...,63.33626117169214
GATGGTCTATAGGTTCCTATAGGTGTCCGC,...(((((((((....)))))))...))..,63.33572283954059
CTAGGTGTCCGGGTCCTGCATTTGGTCTAT,((((((((.........)))))))).....,63.32242563717948
GACATGGTTTATTCATAGGTGTCCGCGGAA,(((((.............))))).......,63.321906006423745
ATCTACGGTCTATTCATAGGTGTCTGGAGT,(((((.((.....)).))))).........,63.3185414907727
CATTGGTCTATTCATAGGTCGTCCGGCGTG,..............((.(((....))).)),63.31330986522306
GGTGGTCTATTGTTAGAATAGGTGTCCGTA,((...((((((.....))))))...))...,63.3003775647758
GGGATTGGTCTATTCTATAGGTGTCCGCTC,.((((...(((((...))))).))))....,63.29963465279981
TGATGGTCTATTCATAGGTGTCCGACGTGT,.............(((.((.....)).))),63.29684382179208
CTAGGTGTCCAGGTCGCCCGTTTGGTCTAT,...((((.......))))............,63.29249638670364
GATGGTCTATCTTCTTAGATAGGTGTCCGC,...(((((((((....)))))))...))..,63.29153840843389
CTAGGGGTTTGGGCCGATTGCTCGGTCCAT,.........((((((((....)))))))).,63.28515270544947
GAAAGTGGTTTATGCATAGGCGTCCGCCGA,.....((((..((((....))))..)))).,63.284191170194276
GGTATGGTCTATTCAGAGGCGGCCGGGGGA,(((...((((......)))).)))......,63.28009740966219
CTAGGTGTCCGGGCCTATTGCTTGGACGAT,.....(((((((((.....)))))))))..,63.27435100620235
CATTCCGGTCTATTCATAGGTGTCCTTGTG,..............((((((....)))))),63.2581041898858
CTAGGTGTCCATTACCTGTTTGTGGTCTAT,.((((((.....))))))............,63.25720283768925
CTAGGTGTCCATGTCGCCCGTTTGGTCTAT,...((((.......))))............,63.25601198401882
GGTTTGGTTTATTCATAGGTGTCTGCACCG,.................((((....)))).,63.246592148248254
GACACGGTCTATTCGTAGGTGTCCGCGGTA,(((((.............))))).......,63.23775017535023
TGCTGGTCTATTCAGAGGCGTGCGAGTCTA,(((..((((......))))..)))......,63.23619787109696
GATTGGGGTCTAATTATAGGCGTCCGCTGA,...(((((((((....))))).))))....,63.235200026221875
CTAGGTGTCCGCGCGTTCGTGATGGTCTAT,......(.((((((....))).))).)...,63.2319762208145
GACATGGTTTATTCATAGGTGTCCGCGGTA,(((((.............))))).......,63.23076435661615
GATTGTGGACTATTCATAGGCGTCCGCTGA,....((((((...........))))))...,63.22875240893051
TGCTGGTCTATTCAGAGGCGTGCGAGTGCA,(((..((((......))))..)))......,63.22426153157441
GTGATGGTCTATTCATAGGTGTCTAGCTTA,((((........))))((((.....)))).,63.213770124649905
CTAGGTGTCCGGCGGGTTCTGTTGGTCTAT,......(.(((((((...))))))).)...,63.20790451904349
CAGTGAGGTATATGCATAGGTGTCCGCCAG,......(((..((((....))))..)))..,63.20718344855323
GGGAGAGGTCGATCCATAGGCGTGCGCCAT,.(((........)))...(((....)))..,63.20482410725745
GATTGGGGACTATGCATAGGCGTCCGCGGA,...((.((((...((....)))))).))..,63.19502013434787
GCCCTAGGTGTCCTCTGGTCTATGTTGTGG,(((..(((...)))..)))...........,63.179196923370164
TGATTGGTCTATTCACAGGCGTCCAGAGGG,......((((......))))..........,63.17438229855213
GAAGGTCTATTCTCTTGGATAGGTGTCCGC,...(((((((((....)))))))...))..,63.15882879173885
CTAGGTGTCCATGCATTTGCCGAGGTCTAT,.(((((.((...((....)).)).))))).,63.1456910562893
TGCGGTGAGATAGTAAACTAGTGGGCCCCG,...(((....(((....)))....)))...,63.14533794979864
CTGATTGGTCTATTCATAGGCGGCCAGAGG,((..((((((...........)))))).)),63.14394552433781
TGGTAAGGTCTATTTATAGGTGTCCAGGCA,(((....(((((....)))))..)))....,63.14241281568495
CTGATTGGTCTATTCATAGGTGTCCCTCTG,..............((.(((....))).)),63.14015554429173
CGGTTGGGTCTATGCATAGGCGTCCTGGTG,(((..(.(((((....))))).).)))...,63.13642193407678
TGTGGGCTATTCATAGGCGTCCGCTGAGTC,.((((((...........))))))......,63.13381805938528
GAGAAGGTCTATGCACATAGGTGTCCACTT,.....((.....((((....))))))....,63.13302184293194
GATGGTCTATCTTCTGAGATAGGTGTCCGC,...(((((((((....)))))))...))..,63.12259499552496
GAAAGGGGGAGATGCATAGGCGTCCGCGGA,......(.(.(((((....)))))).)...,63.11635160974925
GATTGGGGTTTATGCATAGGCGTCCGCAGA,...((.((...((((....)))))).))..,63.11323653749414
GTTGTGGTCTATTCAGAGGCGTCTGCATCG,((....((((......))))....))....,63.106506748673446
GAATGTGGTCTATCCATAGGCGTCTGCTGA,(..(((((.....)))))..).........,63.09937499810009
GGCTTGGTCTATTCAGAGGCGTCCGGGGGA,..(((((.(...........).)))))...,63.05920748863978
GGGGTTAGGCGTGCTGTGCTAGGAGGTCCT,.......(((.(.(((...))).).)))..,63.05281471756009
CATTGGTCTCTTTAGAGGTGTTCGTTAGGT,......((((....))))............,63.050776236897796
CAGAGGGTATATTTATAGGGTCGTCCCCAG,.................(((....)))...,63.04892239358512
CTAGGTGTCCGCATGCTCATGGTGGTCTAT,......(.((((.........)))).)...,63.035534856918844
CTAGGTGTCCACACGTTCGTGATGGTCTAT,......(.((((((....))).))).)...,63.023960135878156
GGTTTGGTCTATTGATAGGCGTCCGAGCTC,(((((((((((....))))...))))))).,63.00553154469479
GGCTGGGGCTATTCATAGGCGTCCGGGTGA,.(((.((((...........)))).)))..,62.989802269396975
CATTGGTCTCTTTAGAGGTGTACGTTAGGT,......((((....))))............,62.967442903564454
AACGGGGGTCTACGCATAGGTGTCCGACTT,..((((.(((((....))))).))))....,62.962530205050854
GGGCACTAGGTGTCCTTTGGTCTATTGACT,((((((...))))))...((((....)))),62.9570501883618
GGTGTCCACATCTGGTAAAATGAAGGTCTG,((((....))))..................,62.956359122087136
GGAGGTCTATTCATCGAATCAGGTGTCCGC,(((.((((((((...)))).)))).)))..,62.95369460218543
GAGAGGTCTATTTGTTTATAGGTGTCCGGC,(.((.((((((......)))))).)))...,62.931849855632436
GGAGGTCTATATTCTCATATAGGTGTCCGC,(((.((((((((....)))))))).)))..,62.927524547551954
CTAGGTGTCCGAAGTTAGGCTTGGGTCTAT,......(.((.((((...)))).)).)...,62.920399061811985
GATGGTCTATCTTCTATGATAGGTGTCCGC,...((((((((......))))))...))..,62.91896520741554
CCGGTTGGGTCTATTCATAGGGTGTCCCTA,((.....))........(((((...))))),62.907939898080535
GATGGTCTATTCTTGGAATAGGTGTCCGCG,(.((((((((((...)))))))...)))).,62.90673932259133
CTAGGTGTCCGGCCTATTGCTTGGTCTATG,..........((((........))))....,62.87398148713807
GGTTTGGTCTAGTCATAGGCGTCCGGGCGA,.((((((....(((...)))..))))))..,62.865154499021685
GGCTTGGTCTATTCAGAGGCGTCCGGGGTA,(.(((((.(...........).))))).).,62.86333036801784
GGCTTGGTCTATTCAGAGGCGTCCGGGGTG,(.(((((.(...........).))))).).,62.853235787486376
GTGAATGGTCTATTAATAGGCGTCCGGCGC,((.....(((((....))))).....))..,62.8295011149597
ATTTGTGGTCTATTTATAGGTGTCCGGGAT,..((.(((.(...........).))).)).,62.82058624191686
CCGGAGGGTCTATGGATAGGTGTCCGGCTA,(((((.(..(((....))).).)))))...,62.81820695264946
GATTGTGGTCTATTCCTCGGCGTCCGCTGC,......((......)).((((....)))).,62.81609266529949
ACGGTGGTCTACTCCTAGGTGTCCGACTTG,.(((...((((....))))...))).....,62.815137904552195
CGGTTGGTCTATTGATAGGTGTCCGGCGAG,..(((((.(...........).)))))...,62.80396296438514
CGGTGGGGTCTATTCATAGGGTGTCCCTCG,....((((.(.((((...))))).))))..,62.80370868684517
CTAGGTGACCGGGCCTATTGCTTGGTCTAT,......((((((((.....))))))))...,62.79964389547249
AGTGGGGTCTATTCACAGACGTCCGCTGAG,((((((((((......)))).))))))...,62.79470685983939
AACGGGGGTTTATGCATAGGTGTCCGACTT,..((((.(((((....))))).))))....,62.790190172310034
GGTTTGGTCTATTCAGAGGCGCCCGGGGGA,(((...((((......))))))).......,62.78937477410257
GTTGTGGTCTGTTCATAGGTGTCTGCATCG,..(((((.....)))))((((....)))).,62.77116557746685
CTAGGTGTCCGGGTACCTGAGCTGGTCTAT,.((((((......))))))...........,62.77043255185832
CTAGGCGTCCGCACTATCGGTGTGGTCTAT,......(.(((((((...))))))).)...,62.76824559187454
AACGATGGTCTATTCATAGGTGTCCGACTT,......((((...............)))).,62.763497581802355
GGTAGGTCTATTTTCATAGGTGTCCAGTCG,((.(.((((((....)))))).))).....,62.76260174980163
GAATGTGGTCTATTCATAAGCGTCCGCCGA,....((((.(...........).))))...,62.760043272342934
CGGATGGTCTATTGAGAGGTGTCCGGCGAG,((((((.(((....)))..)))))).....,62.7517589686232
GGGTAAGTTGTGTATCTGATCAGGGTTCTT,(((((.......))))).............,62.74690837547428
CTGATGGGTCTATGCATAGGCGTCCAAAGG,((..((((((((....)))))..))).)).,62.739781041529696
CTAGGTGTCCGGGTACCTGAACTGGTCTAT,.((((((......))))))...........,62.73801340169224
GTGTTGGTCTATTTAGAGGCGTCCGGGGTA,......((((......))))..........,62.734467499001795
CTAGGTGTCCGCGACTAATACGTGGTCTAT,......(.(((((.......))))).)...,62.72646745460217
CATTGGTCTCTTTAGAGGTGTCCGATAGGT,.(((((((((....))))...)))))....,62.721211235662416
GGTAGGTCTATTCTCATAGGTGTCCAGTCG,((.(.((((((....)))))).))).....,62.69501017408875
GATGGAGGTTTATGCATAGGCGTTCGCCGA,......(((..((((....))))..)))..,62.69280951528022
CTTGGACTATTCATAGGCGTCCGGGTTAGT,(((((((...........))))))).....,62.68689603349958
TGCGGGGAGATAGTAAACTAGAGGGCCCCG,..(((((...(((....))).....))))),62.68576377883868
GATGGTCTATTCTAGGGATAGGTGTCCGCG,(.((((((((((...)))))))...)))).,62.678753322582224
GCTGTGGTCTATTTATAGGTGTCTGCTTCG,.((((((.....))))))............,62.67202016092892
CTAGGTGTCCGCGACCAATACGTGGTCTAT,......(.(((((.......))))).)...,62.67117112649026
GGAGTGGGTCTATTAATAGGTGTCCACTGT,..((((((((((....))))..))))))..,62.67030375717056
GATGGTCTATCTGTTTTGATAGGTGTCCGC,...((((((((......))))))...))..,62.668443459397785
GGTTTGGCCTATTCACAGGCGTCCGGGTGA,((....((((......))))..))......,62.6678652643747
GTGGTGGTCTATTCAGAGGTGTCTGCTGCG,(((((((.(...........).))))))).,62.66245632407215
GAGGGAGGTTTATCCATAGGCGACCGCCGA,...(((......)))...(((....)))..,62.662244757993996
CACGCAGGTCTATTCATAGGGGTCCACTTG,....(((((..((((....))))..))))),62.656564190268156
CTAGGTGTCCGACTACATTAGTTGGTCTAT,......(.(((((((...))))))).)...,62.655454246090805
CTAGGCGTCCGTCGGCATTCGATGGTCTAT,......(.((((((.....)))))).)...,62.653368781063904
GGTTGGGTTTATTCAGAGGCGTCCGGGGGA,((....((((......))))..))......,62.649715549989324
CTGGTAGGTTTATGCATAGGCGTCCAGAGG,((((.(.(((((....))))).)))))...,62.6442223002408
CTAGGTGTCCGGCGTATTAGCTAGGTCTAT,......(.(((((......))).)).)...,62.63516758984349
ACGGTGGTCTATTCAGAGGTGTCCGACGTG,(((..((.(...........).))..))).,62.6295602239733
GATTGGGGTGTATGCATAGGCGTCCGCTGA,......((((.((((....)))).))))..,62.615694234157786
TGTGGCGAGATAGGAAACTAGAGGGCCCTG,...(((....(((....)))....)))...,62.61188694911801
CGGTTGGGTCTATTCATAGGGTGTCCCTCG,.....(((.(.((((...))))).)))...,62.61020908776774
CTAGGTGTCCCTGCATTTGCCGGGGTCTAT,.((((..((((.((....)).)))))))).,62.601048037699655
CAGAAGGTGTCCATAGTTTATGGTCTATCG,.....((((.(((((...))))).).))).,62.60022516551297
GTTTGGTCTATTCACAGGCGTCCGGGTGAG,...........((((.((...))..)))).,62.59917164494039
CGGAGGGTCTATTTAGAGGTGTCCGGCGAG,((((.(.(((....)))..).)))).....,62.5871393289997
GAGTGGGGTTTATGCATAGGCGTCCGCCGA,(.((((((((((....))))).))))))..,62.586339927322896
GAGAGGTCTATCTCTGGATAGGTGTCCGGC,((((......))))(((((....)))))..,62.57768223283156
CTAGGTGTCCGGGCCTATTGCTTGGTCCAT,..........(((((........)))))..,62.576108529738335
GGTGGGGTCTATTCAGAGGTGTCTGCTGCG,((((((.(((......)))..))))))...,62.574128302207015
GGAGTGGTCAAAATGTCGTTTGTCTTCGGT,...(.((.((((......)))).)).)...,62.57306764209968
GAGTGGGGTATATGCATAGGCGTCCGCGGA,..((((.....((((....))))))))...,62.572973431985105
CTAGGTGTCCGGGCCTATTGCTGGGTCTAT,..........(((((((....)))))))..,62.571952059287895
GTTTGGTCTATTCAGAGGCGTCCGGTGAGT,.........(((((..((...))..))))),62.55966055792568
GACATGGTCTATTTATAGGCTGTCCAAGAC,((((..(((((....)))))))))......,62.548315269936026
GGTGGGGTTTATTCAGAGGCGTCCGCTGAG,((((((((((......)))).))))))...,62.54047984318902
GATTGGGGTATATGCATAGGCGTCCGCCGA,..((((.(...((((....)))).).)))),62.53999528991048
GATTGGGGTTTATGCATAGGCGTCCGCGGA,...((.((...((((....)))))).))..,62.535701456767356
GGGGGAAGTTCATGCATAGTTGTCTGCCGT,((.(((....((........))))).))..,62.512470164751214
GGTTAGGTTTATTCAGAGGCGTCCGGGCGA,((....((((......))))..))......,62.50826293956666
GGTTGGGTCTATTCATAGGGTGTCCCTCGG,....(((.(.((((...))))).)))....,62.50558782586134
CTAGGTGTCCGTGCCCATTGCTTGGTCTAT,......(.(((.((.....)).))).)...,62.49248504127087
GAGAGGTCTATTTTTATATAGGTGTCCGGC,(.((.((((((......)))))).)))...,62.4900081890796
GATGGTCTATCTTCTAAGATAGGTGTCCGC,...(((((((((....)))))))...))..,62.48959307132481
CTAGGTGTCCGCACGTTCGTGGTGGTCTAT,.((((...((((......))))...)))).,62.48733084145604
CTAGGTGTCCGCACGTTCGTTTGGTCTATG,......(.(((.((....)).))).)....,62.48569613430467
GCGCGTGGTCTATGCATAGGTGTCCTGGGT,..(((((...))))).((((...))))...,62.48251428568589
GGTTGGGTTTATTCAGAGGCGTCCGGGGTA,((....((((......))))..))......,62.47914403529653
GAGAGGTCTATTTGTATATAGGTGTCCGGC,(.((.((((((......)))))).)))...,62.46791622657879
GCTTGTGGTCTATTCCTAGGCGTCCGCTGA,(((((.((......))))))).........,62.465552310043236
GATGGTCTATCTCCTAAGATAGGTGTCCGC,...(((((((((....)))))))...))..,62.457328001200395
GTTGGGGGTCTATGCATAGGTGTCTGCTTC,....(((((..((((....))))..))))),62.45601865989676
GATTGTGGTTTGTCCATAGGCGTCCGCCTG,....((((.....))))((((....)))).,62.45579930075509
GGATGGTCTATTTAGAGGTGTCCGGCTAGG,(((((.(((....)))..))))).......,62.448305179395255
CTAGGCGTCCGTGTCGTGGACATGGTCTAT,......(.(((((((...))))))).)...,62.445395815891395
CTAGGTGTCCAGGCTGCCCGTTTGGTCTAT,......(.((((((.....)))))).)...,62.442571284629935
ACGTGGTCTATGCAGAGGTGTCCGCGGAAG,.(((((.(...........).)))))....,62.433672963192016
GGTTTGGTCTATTCACAGGCGTCCGGGCGA,.((((((.(...........).))))))..,62.431663420945014
CTAGGTGTCCCCGCATTTGCCGAGGTCTAT,.(((((.((...((....)).)).))))).,62.43162482605764
CTAGGTGTCCTGGCCTATTGCTTGGTCTAT,..(((...)))((((........))))...,62.42336423721145
ACGGTGGTCTATTCAGAGGTGTCCGACCTG,.....((((....((....))...))))..,62.41795080607663
CTAGGCGTCCCTGCATTTGCCGAGGTCTAT,.(((((.((...((....)).)).))))).,62.41446534478355
GAATGGGGTTGATGCATAGGCGTCCGCGGA,.......((.(((((....))))).))...,62.41279379586428
CTAGGTGTCCCTGCATTTGCTGAGGTCTAT,.(((((.((...((....)).)).))))).,62.41097109521504
TAGGTGTCCCTGCATTTGCCGAGGTCTATG,(((((.((...((....)).)).)))))..,62.406199003667126
CTAGGTGTCTGCCGTGTGACGGTGGTCTAT,......(.(((((((...))))))).)...,62.39341100014219
CTAGGTGTCCGTGCCTATTGCTTGGTCTAT,.(((((......))))).............,62.391763288798366
TAGGTGTCCGCACGTTCATTGTGGTCTATG,.....(.(((((.......))))).)....,62.39000991444676
TAGGTGTCCGGCGTATTAGCTAGGTCTATG,.....(.(((((......))).)).)....,62.38731916302108
GACATGGTCTATTCGTAGGTGTCCGCGGAA,(((...)))..(((((.((...))))))).,62.385906906931396
ACTAGGTGTCCGCGGTTGAGATGGTCTATT,.......(.((((......).))).)....,62.381920621112684
CTAGGTGTCCGGCCAGTTCTGTTGGTCTAT,..........((((((.....))))))...,62.37603651800301
CTAGGTGTCCGAGGTGTATGTTTGGTCTAT,......(.(((((.......))))).)...,62.370986429193685
CTAGGTGTCCGCTTGCAATAGTGGTCTATG,......(.(((((......))))).)....,62.36779625874628
CTAGGTGTCCGTGCATGTTGCGTGGTCTAT,......(.(((((((...))))))).)...,62.351609845174984
TGCTGGTCTATTCAAAGGCGTCCGAGTGTA,.....((((......))))...........,62.341397793146776
CTGATTGGTCTATTTATAGGTGTCCCACTG,..................((((...)))).,62.33569377370811
GAGAGGTCTATTTGTGTATAGGTGTCCGGC,(.((.((((((......)))))).)))...,62.33496430987037
CTAGGTGTCCCTGCAGTTGCCGAGGTCTAT,.(((((.((...((....)).)).))))).,62.33320803767775
CTAGGTGTCCGGCCGTTCTGTTGGTCTATG,..........(((((......)))))....,62.320120694858794
CTAGGTGTCCGCTGCCTATGAGTGGTCTAT,......(.(((((.......))))).)...,62.316309634334445
GTTCTGGTCTATTTATAGGCTGTCCGGCGC,(((.(((((((....)))))))...)))..,62.31481112779619
CTAGGCGTCCGTGTCGTTGACATGGTCTAT,......(.(((((((...))))))).)...,62.307870564929566
TGCCGGTCTATTCATAGGCGTCCGAGTTCA,.(((............)))...........,62.29731456069348
GATTGGGGTCTATGCATAGGCGGCCGCTGA,....(.((((...((....)))))).)...,62.291631922035734
GGTAAGGTTTATTCAGAGGCGTCCGGGGTA,((....((((......))))..))......,62.28715035435701
GTGATAGGTCTATTCATAGGGGTCCACCCC,((((.........)))).((((....)))),62.28477743929486
CTAGGTGTCCGTGTCTTGCATTTGGTCTAT,((((((((.........)))))))).....,62.28053451468773
CATTGGTCTCTTTAGAGGTGTCCGGTAGGT,.(((((((((....))))...)))))....,62.27588119456978
CTAGGTGTCCGCTGCCTTTGAGTGGTCTAT,......(.(((((.......))))).)...,62.26303899927102
GATTGGGGTATATGCATAGGCGTCCGCAGA,...((.((...((((....)))))).))..,62.260512038203316
GGGCACTAGGTGTCCGTTGGTCTATTGACT,((((((...))))))...((((....)))),62.25928023593899
CTAGGTGTCCGGCCATTTCTGTTGGTCTAT,..........(((((.......)))))...,62.25470446399213
GGGGGAAGTTCATGCATAGTTGTCTGCCGG,((.(((....((........))))).))..,62.23974289202394
GGGTAAGTTGTGTAACTGATCAGGGTTCTT,.(((.((((....)))).))).........,62.21153449907671
CTAGGTGTCCGTCTTAGCATGATGGTCTAT,......(.(((((.......))))).)...,62.21037708395741
CTAGGAGTTTGGGCCAATTGCTTGGTCCAT,.........((((((((....)))))))).,62.203110053490164
GAGAGGTCTATTTCTGGATAGGTGTCCGGC,.............((((((....)))))).,62.19510632961891
GATTGGGGTGTATGCATAGGCGTCCGCAGA,...((.((...((((....)))))).))..,62.195083214153804
CTAGGTGTCCGGCAGATCTTGTTGGTCTAT,......(.((((((.....)))))).)...,62.19480397294705
CTAGGTGTCCGGCGTATCGTTGGTCTATGT,......(.((((((...)))))).).....,62.19437581716042
GATTGTGGTCTATGCATAGGCTTCCGCTGA,....((((.....((....))..))))...,62.1894311894299
CTAGGTGTCCCCGCATTTGCTGAGGTCTAT,.(((((.((...((....)).)).))))).,62.187105910347135
GGGACCGGTTTATTCATAGGTGTCCGGCAA,....((((..((((....)))).))))...,62.186809734520324
TGGAGAGGTCTATTGATAGGTGTCCCTATA,.((.((.(((((....))))).))))....,62.184805090730045
GGTTTGGTCTATTCAGAGTCGTCCGGGGGA,((...(.(((....))).)...))......,62.15975380846237
GATTGGGGTTTATGCATAGGCGTCCGCTGA,....(.((...((((....)))))).)...,62.14835778872587
GTTTGGGGTATATGCATAGGCGTCCGCGGA,.((((.((...((((....)))))).)))),62.148084490583116
ATACCCTAGGTGTCCTTTGGTCTATTGTCT,..(((..(((...)))..))).........,62.143947061872396
GCATTCCGGTCTATGCATAGGTGTCCTGGT,((((........)))).((((...))))..,62.14377791497546
TAGGTGTCCAGGCTGCCCGTTTGGTCTATG,.....(.((((((.....)))))).)....,62.14204435873953
ATTGGGGTCTATTCACAGGCGTCCGCTGAG,..((((((((......)))).)))).....,62.11980437277686
CATTGGTCTCTTTAGAGGTGTCCGGTAAGG,.(((((((((....))))...)))))....,62.119539019288496
GAGGGAGGTCGATTCATAGGCGTCCGCCGA,(..(((.(((........))).)))..)..,62.11423019876315
CTAGGCGTACGGGCCTATTGCTTGGTCTAT,.(((((......))))).............,62.11218551643819
GTGGAGGGTCTATTGATAGGTGTCCCACGC,((((.((.((((....))))..))))))..,62.110424349700295
GTTTGCGGTCTATTCGTAGGCGTCGGCTGT,((((((((.....)))))))).........,62.087482687221765
TGCGGCGAGATAGTAAACTAGAGGGCCCCG,...(((....(((....)))....)))...,62.08505200732548
GCTGGGCTATTCATAGGCGTCCGGGTGAGT,.((((((...........))))))......,62.08211645104998
GGGGAGGTCTAGTCAGAGGCGTCCAGGGGA,..(((.((((......)))).)))......,62.075211444913435
CCTAGGTGTCCGGGTCTTGCATTTGGTCTA,.((((((((.........))))))))....,62.0707130796592
CAGAGGGTATATTGATAGGGTCGTCCCCAG,.................(((....)))...,62.06332546976066
TGGACAGGTCTATTGATAGGTGTCCCTATA,.(((((.(((....)))...))))).....,62.059434699994995
GGAACGGTCTATTAATAGGCGTCCGGCACG,(((.((.((((....)))))))))......,62.05641757190933
TGCGAAGGTCTATTTATAGGTGTCCCCTCT,...((.((((((....))))....)).)).,62.05005438327828
CATTGGTCTCTTTAGAGGCGTCCGTTAGGT,.....(((((....)))))..((....)).,62.04837720568924
CAGTAAGGTCTATTTATAGGCGTCCTTAAG,...(((((((((....))))...)))))..,62.043499043222454
GGTAGGTCTATTCCCATAGGTGTCCAGGCG,((.(.((((((....)))))).))).....,62.03972003590361
GAAGGTCTATGTCTGTGCATAGGTGTCCGC,...(((((((((....)))))))...))..,62.037290551623165
AGAGGGCCCCATGGGGTGCTTGGGTGAGGT,.(((.((((....)))).))).........,62.034940823588016
TGGAGAGGTCTATTAATAGGTGTCCCTATA,.((.((.(((((....))))).))))....,62.031525055688164
CGCGTGGTCTATTCAGAGGTGTCCGGTGTG,(((.(((.(...........).))))))..,62.018138612056546
GGTAGGTCTATTCCCATAGGTGTCCAGTCG,((.(.((((((....)))))).))).....,62.009216057123766
CATTGGTCTATTTAGAGGTGTCCGCTAGGT,.........((((((.((...)).)))))),61.98736338665247
ACTATGGTCTATTCAGAGGTGTCCGGACGT,......((((...((....))...))))..,61.98469853410282
GGGTTGGTTTATTCATAGGCGTCCTGGCTA,((((......))))...(((......))).,61.982042179790966
CATCTAGTCGGTAGGTGCTGTGTATTCGGA,((((((.....))))))(((......))).,61.97036492575109
CGGGTGGTCTATTGAGAGGCGTCCGACAGG,((((..((((......)))).)))).....,61.97014143464361
CTAGGTGTCCCTGCATTTGCCGAGGCCTAT,.(((((.((...((....)).)).))))).,61.96757093753013
GAGAGGTCTATTTCTTGATAGGTGTCCGGC,(.((.(((((((....))))))).)))...,61.96496475939571
TAGGTGTCCGGGCCTATTGCTTGGGCTATG,.....((((((((.....))))))))....,61.96462310095716
GCAGCAGGTCTATACCATAGGTGTCCGCAA,...((.((...(((((...)))))))))..,61.96437336767093
ATTAGGTGTCCGCGGTTGAGATGGTCTATT,.......(.((((......).))).)....,61.96358265801971
CTAGGTGTCTGTCGTTATTCGATGGTCTAT,......(.((((((.....)))))).)...,61.95958392387113
CTAGGTGTCTGTCGTTTTCGATGGTCTATG,......(.((((((....)))))).)....,61.95833208550642
CTGAGGGGTTTATGCATAGGCGTCCAGAGG,(((.((.(((((....))))).)))))...,61.95187662431408
CGGAGGGTCTATTGATAGGTGTCCGGCGAG,((((.((((....)))...).)))).....,61.95058061912408
GCGCGGGGTTTATGCATAGGTGTCCTGCGT,((((((((..(((......))))))))))),61.94569661331954
GATTGCTCTTTATCCCTAGGCGTCCGCCTA,................(((((....))))),61.94449175301035
CTAGGTGTCCGATCATCTGTATTGGTCTAT,.((((((......))))))...........,61.94231595277432
GTTTCCTCTTTATCCCTAGGCGTCCGCCTA,................(((((....))))),61.94159774476114
CTAGGTGTCCCTGCTTTTGCCGAGGTCTAT,.(((((.((...((....)).)).))))).,61.94094697245208
GAATGGGGTTTATGCATAGGCGTCCGCGGA,....(.((...((((....)))))).)...,61.934985354420036
GTTGGGGTCTATTCAGAGGTGTCTGCAGCG,((((.((.(...........).)).)))).,61.934373342580116
CTAGGTGTCTGCCGTTTGACGGTGGTCTAT,......(.(((((((...))))))).)...,61.92956770647734
GCAGAAGGTGTCCATGGTTTATGGTCTACC,......((((.(((((...))))).).))),61.91552234507745
TAGGTGTCCGGCCAGTTCTGTTGGTCTATG,.........((((((.....))))))....,61.913421902672624
CTAGGTGTCCATCCACTCCGTTTGGTCTAT,...((((......)))).............,61.89624975425255
TAGGTGTCTGCCGTGTGACGGTGGTCTATG,.....(.(((((((...))))))).)....,61.89432665468781
GGGACAGGTTGATGCATAGGCGTCCGCAAG,.......((.(((((....))))).))...,61.89405923240242
GGCTTGATCTATTCATAGGCGTCCGGGTGA,.((((((.....)))..)))..........,61.87997257119176
CTAGGTGTCCGGCCAGTACTGTTGGTCTAT,..........((((((.....))))))...,61.86249397331658
CTTATAGTCTCTTCAGAGTTGTCTGCAATG,.............((((....)))).....,61.86096502574728
TGGAGAGGTCTATTGATAGGTGTCCCTGTA,.((.((.(((((....))))).))))....,61.85576837098934
GGAGAGGTCTATTGATAGGTGTCCCTATAG,((.((.(((((....))))).)))).....,61.8528940016319
GTTGTGGTCTATTCAGAGGTGTCTGCATCG,(.(((((.(...........).))))).).,61.840456991486164
GTTTGGTCTATTCACAGGCGTCCGTGTGAG,...........(((((.(....).))))).,61.816334064821326
GCGCGGGGTATATACATAGGTGTCCTGCGT,(((((((((((........))))))))))),61.81507826253176
GGTTTGGTGTATTCATAGGCGTCCGGGCGA,.(((((((((........))).))))))..,61.81241223629477
GATTGGGGTCCATGCATAGGCGTCCGCTGA,....(.((...((((....)))))).)...,61.791945132168706
GGGTAGGTTTATTCAGAGGCGTCCGGGGGA,.((.(.((((......)))).)))......,61.788108218387734
GGATTGGTCTATTTAGAGGCGTCCGAGCTC,((((..((((......))))))))......,61.78718846681699
GGAGTGGTCTCTTCATAGGCGTCCGGGTGA,(((...((((......)))).)))......,61.77693695557642
GGTTTGGTCTACTCATAGGCGTCCGGGCGA,.((((((.(..((...))..).))))))..,61.7709519210177
GATTGGGGTGTATGCATAGGCGTCCGCGGA,.......(((.((((....)))).)))...,61.7690211053048
TAGGAGTCCGGGCCTATTGCCTGGTCTATG,....((.((((((.....)))))).))...,61.75400920800117
TAGGTGTCTGCCGTGTTACGGTGGTCTATG,.....(.(((((((...))))))).)....,61.7512011020795
GGTTTGGTCTATTCATTGGCGTCCGGGTGT,((....(((........)))..))......,61.74225642830633
TATGGTCTATCATCTGGATAGGTGTCCGCA,...((((((((.....))))))...))...,61.7398242147941
GACAGGGTCTATTCAGAGGTGTCCGCGGAA,((((...(((....)))..)))).......,61.738689348954026
GGTGAGGTTTATTCAGAGGCGTCCGGGCGA,.(.((.((((......)))).)))......,61.73078320019401
GGCTTGGTCTAATCATAGGCGTCCGGGTGA,.((((((((((....))))...))))))..,61.7169253015863
TATGGTCTATCATCCGGATAGGTGTCCGCA,...((((((((.....))))))...))...,61.703020501266245
TAGATGGTCTATTTATAGGTTGTCCGCGAA,..(((((((((....)))))))))......,61.700227553802776
TAGGTGTCCACTACCTAGGTTGAAGGTCTA,((((((.....)))))).............,61.69702842239483
GGCTTGGTGTATTCATAGGCGTCCGGGTTA,((((((((((........))).))))))).,61.693814055070796
CTAGGTGTCTGTCGGTATTCGATGGTCTAT,......(.((((((.....)))))).)...,61.68846566618595
CTAGGTGTCCGGCAGATCTTGGTGGTCTAT,......(.(((.((.....)).))).)...,61.68238487731603
CTAGGTGTCCGCACGTTCGTGATGGTCTGT,......(.((((((....))).))).)...,61.68215837527541
GATGTGGTTTATTCATAGGTGTGTGTATCG,..(((((.....))))).............,61.66728019810826
ATGGTCTATCATCTGGATAGGTGTCCGCAG,..((((((((.....))))))...))....,61.661061677064055
GAGAGGTCTATCCCTTGATAGGTGTCCGGC,(.((.(((((((....))))))).)))...,61.658765813796514
GCAGAAGGTGTCCATAGTTTATGGTCTATC,......((((.(((((...))))).).))),61.6507512196735
GATTGGGGTATATGCATAGGCGTCCGCGGA,...((.((...((((....)))))).))..,61.65055941958854
CTAGGTGTCTGTCGGTATCGATGGTCTATG,......(.((((((....)))))).)....,61.64719940748889
CTAGGTGTCCGTCACTTAAGAATGGTCTAT,.((((((.....))))))............,61.61845397222732
GATTGTGGTCTATTCATCGTGGTCCGCTGA,....((((.((((.....)))).))))...,61.61813166518451
CTAGGTGTCCGGCTATAGTTGGTCTATGGT,...........(((((((.....))))))),61.61365821450484
TGGGGGTCTATTCAGAGGCGTGCGAGTCTA,((.(.((((......)))).).))......,61.60916715491084
CTAGGTGTCCAACTCATACGGTTGGTCTAT,......(.((((((.....)))))).)...,61.60577695597526
ATTGGGGTCTATTCATAGGGTGTCCTGGGT,(((.(((.(.((((...))))).))).))),61.60463196626294
CTAGGTGTCCATAGCTTTGTGTGGTCTATG,......(.(((((......))))).)....,61.58293864732384
CTAGGTGTCCAACTCTTACGGTTGGTCTAT,......(.((((((.....)))))).)...,61.57969384368525
GGGTTAGTTGTGTATCTGATCAGGGTTCCT,.((((((........)))))).........,61.57661852040182
GATGGTCTATCCTCTAAGATAGGTGTCCGC,...((((((((......))))))...))..,61.56606495019271
CTAGGTGTCCGCACGTTCGTATGGTCTATG,......(.(((.((....)).))).)....,61.56348773675073
CTAGGTGTCCGGGCCGATTGCTTGGTCCAT,..........(((((((....)))))))..,61.553610744195105
TCTGAGGGTCTATTAATAGGTGTCCGCAAA,..((.(((((((....))))..))).))..,61.54679346596657
AAGGGAGGTTTATGCATAGGTGTCCGACTT,...(((.(((((....))))).))).....,61.545628903508316
GGAGAGGGTCTATTAATAGGTGTCCACTTT,(((.(...((((....))))).))).....,61.54483529091431
GTTTGGTCTATTCAGAGGCGTGCGGGTGAG,((...((((......))))..)).......,61.5444142926993
GACTGGGGTCTTTGCATAGGCGTCCGCGGA,..(((.((.(...((....))).)).))).,61.53235064514037
CAGAGGGTCTATTTATAGGGTCGTCCCCAG,.................(((....)))...,61.53177529309869
CTAGGTGTCCGATCGTTGTGTTGGTCTATG,......(.(((((......))))).)....,61.52668969000993
GGAGAAGGTCTATTAATAGGTGTCCACTTT,(((.(...((((....))))).))).....,61.51836068234065
GGTTTGGACTATTCATAGGCGTCCGGGTGA,..(((((((...........)))))))...,61.510748462836716
GGTTTGGTCTATTCGGAGGCGTCCGGGGTA,...........((((((....))))))...,61.51007472119802
CTGAGGGGTTTATGCATAGGCGTCCAGATG,(((.((.(((((....))))).)))))...,61.506310559152126
CAGTGAGGTCTATTCATTGGTGTCCGCCAG,(((((((.....)))))))...........,61.50609566681078
TGCGGGGAGGTAGGAAACTAGAGGGCCCCG,..(((((...(((....))).....))))),61.505878808137524
CTAGGTGTCCGTGCATTGTGTGCGGTCTAT,......(.(((((((...))))))).)...,61.499958428555786
CTAGGTGTCCGGCCGTTTCTGTTGGTCTAT,..........(((((.......)))))...,61.49814983882851
GTTGTGGTCTATTCAGAGGTGTCTGCTCTG,.............(((((.......))))),61.486161180481616
TAGGTGTCCCTGCTTTTGCCGAGGTCTATG,(((((.((...((....)).)).)))))..,61.48094196892168
TTTGGTCTTTTCATAGGCGTCCGGGTGAGT,....((((......))))............,61.48074278171092
GGAGAGGGTCTATTAATAGGTGTCCACTGT,(((.(...((((....))))).))).....,61.465117706141264
TATGGTCTATCATCTTGATAGGTGTCCGCA,...(((((((((...)))))))...))...,61.46259746805612
CTAGGTGTCCGCTATCCTATGCAGGTCTAT,......(.((((........)).)).)...,61.45904512860525
TGGGTGGTCTATTGAGAGGCGTCCGGGCTG,((((..((((......)))).)))).....,61.450014365944
TAGGTGTCTGTCGTTATTCGATGGTCTATG,.....(.((((((.....)))))).)....,61.44834300170874
CTAGGTGTCCGGTTAAGTAAACTGGTCTAT,......(.((((((.....)))))).)...,61.44579479417587
ACTAGGTGTCCAAGGATCCTTAGGTCTATT,.(((((.(((....))).))))).......,61.43864611005738
GGTTTGGGCTATTCATAGGCGTCCGGGTGA,..(((((((...........)))))))...,61.438198293330345
TGCGGCGAGATAGTAAACTAGAGGGCCCTG,...(((....(((....)))....)))...,61.424337721611195
TGAGTGGTCTCTTTAGAGGCGTCCACATCG,.((((((((((....))))...)))).)).,61.422064777946424
GGGCACTAGGTGTCCCTTGGTCTATTGACT,((((((...))))))...((((....)))),61.41395792131509
GGCTGGGTCTATTCACAGGCGTCCGGGGTG,..((((((((......))))..))))....,61.41019884029561
GGACTAGGTCTATTTATAGGTGTCCAGCAC,((((.................)))).....,61.3997317234296
GAGGTGTGTCTATTCTTAGGCGTCCGCTTA,.(((((((((((....))))))..))))).,61.39308088898309
GGAGAGGGTCTATTAATAGGTGTCCACGTT,(((.(...((((....))))).))).....,61.38466277286055
GGAGAGGGTCTATTAATAGGTGTCCACTAA,(((.(...((((....))))).))).....,61.384589360465405
TAGGTGTCCTGGCCTATTGCGTGGTCTATG,.(((...)))((((........))))....,61.38438431559949
TAGGTGTCCACTACCTAGGTTGATGGTCTA,((((((.....)))))).............,61.383070200161306
CTAGGTGTCTGTCGGGATTCGATGGTCTAT,......(.((((((.....)))))).)...,61.37706321105188
GATTGTGGTCTATTCATAGGAGTCCGCTGA,....((((.((.........)).))))...,61.37653514361514
TAGGTGTCCGGTCCTTTTGATTGGTCTATG,.....(.((((((.....)))))).)....,61.37617713175856
CTAGGTGTCCGCTATCCTTTGCTGGTCTAT,......(.((((........)).)).)...,61.37434824012411
CTGATTGGTCTATGCATAGGTGTCCAGAGG,((..((((.(...........).)))).)),61.37433631200124
GGAGAGGGTCTATTAATAGGTGTCCACCGT,(((.(...((((....))))).))).....,61.37397928088981
GGTTTGGTCTATTCATAGGGGTCCGGGTGA,..((((((((........))).)))))...,61.36415705225628
AATGAAGGTCTATTAATAGGCGTCCGCGCT,...(.(.(((((....))))).).).....,61.36386992253939
ATTGGTCTCTTTAGAGGTGTCCGGGTGAGT,.((((((((....))))...))))......,61.36075905927083
GAGAGGTCTATTCGCATCTAGGTGTCCGGC,(.((.(((((........))))).)))...,61.35997963150564
CTAGGTGTCCCTGCAATTGCCGAGGTCTAT,.(((((.((...((....)).)).))))).,61.35494692042924
GGTACAGGTGTATTCATAGGTGTCCGCAAC,(((((..(((....)))..))).)).....,61.34951095960714
CAGTGGGTCTATTTATAGGGCGTCCCTACG,..(((((((((....)))).....))))).,61.32842640553937
CTAGGTGTCCGCATATTCATGATGGTCTAT,......(.((((((....))).))).)...,61.32323391818747
TGCTGGTCTATTCAGAGGCGTACGAGTCTA,..((((.....))))((((......)))).,61.317036807673475
GATTGGGGTATATGCATAGGCGTCCGCTGA,....(.((...((((....)))))).)...,61.315894250615045
GGTTTGGACTACTCATAGGCGTCCGGGCGA,.((((((((..((...))..))))))))..,61.31152063649684
TTGTGGTCTATTCAGAGGTGTCTGCATCGT,.(((((.(...........).)))))....,61.31148710739083
GGTTTGGACTATTCATAGGCGTCCGGGTTA,..(((((((...........)))))))...,61.3081243457113
CCTAGGTGTCCGATCGTTGTGTTGGTCTAT,.......(.(((((......))))).)...,61.30674310453422
TGTTTGGTCTATTCAGAGGCGTCCAGAGGG,(.(((((.(...........).))))).).,61.30591941472524
CTAGGGGTCCGGGCCTATTGCTTGGTCGAT,......(.((((((.....)))))).)...,61.301645250641315
CTAGGTGTCCGCACGTTCGTGAGGGTCTAT,.((((..(((.(((....))).))))))).,61.30033204922604
TGTGATTGGTCTCTTTAGAGGTGTCCGCCA,......(((((((....))))...)))...,61.295865109434374
CATTGGTCTCTTTAGAGGTGTCCGTTAGGC,....((((((....))))...)).......,61.294400821189015
TAGGTGTCTGTCGGTATTCGATGGTCTATG,.....(.((((((.....)))))).)....,61.28663393439555
GGATTGGTCTATTGAGAGGCGTCCGAGCTC,((((..((((......))))))))......,61.28572664122011
TAGGTGTCCACTACCGAGGTTGAAGGTCTA,..((((.....))))...............,61.28407476782508
GAATTGGTCTCTTGAGAGGCGTCCGGTGCG,......(((((....)))))..........,61.28346127873631
CTAGGTGTCCGATCGCTAGTTGGTCTATGT,......(.(((((.....))))).).....,61.27695489497578
AACGGCGGTCTATCCATAGGTGTCCGACTT,...(((((.(.(((....)))).))).)).,61.270535416575456
GATTGTGGTCTATGCATTGGCGTCCGCTGA,....((((...((((....))))))))...,61.26725701456638
GAATTGGTCTCTTGAGAGGCGTCCGGTGAG,......(((((....)))))..........,61.26651677356273
TGAGAGGTCTATAGCCATAGGTGTCCGGCG,......(((....(((...)))....))).,61.25674014354108
CATTGGTCTCTTTAGAGGTGTCCGTTCGGT,....((((((....))))...)).......,61.254927478839846
GTTGTGGTCTATTCAGAGGTGTCTGCAGAG,.......(((...((((....)))).))).,61.231554633547326
CATTGGTCTCTTTAGAGGTGTCCGTTTAGG,....((((((....))))...)).......,61.231201624585054
CATTGGTCTATTCACAGGTCGTCCGGCGTG,..............((.(((....))).)),61.22797436266057
GATGGTCTATGCGTCAGCCTAGGTGTCCGC,...((((((.((....)).))))...))..,61.224549415023134
CTAGGGGTCCGGGCCTATTGCTTGGTCTAT,.....((.((((((.....)))))).))..,61.218202659335184
CATTGGTCTCTTTAGAGGTGTCCGTTACGG,....((((((....))))...)).......,61.214697593782375
GCATTCAGGTCTACACATAGGTGTCCTAGT,......(((...((((....)))))))...,61.21243207693862
CTAGGTGTCCCTGCATATGCCGAGGTCTAT,.(((((.((...((....)).)).))))).,61.209279725859915
GACATGGTCTATTCACAGGTGTCCGCGGAA,(((((.((......))..))))).......,61.205995783261486
CTAGGTGTCCTAAGTGTATGTTTGGTCTAT,.((((...))))..................,61.20320886010966
GGTTTGGTTTATTCATAGGCGTCCGGGCTA,(((((((...............))))))).,61.20190703337155
CTAGGTGTCCAAGGATCCTTAGGTCTATTG,(((((.(((....))).)))))........,61.20125026130417
GTAGGTGTCCGCACGTTCGTGATGGTCTAT,(((((...((((((....))).)))))))),61.19599231281817
GCATTCTGGTCTATGCATAGGTGTCCTTGT,((((........))))(((((....))))),61.19248366422834
CTAGGTGTCCATAGGATCTTATGGTCTATG,......(.((((((....)))))).)....,61.192451834602096
CTAGGTGTCTGTCGTTACTCGATGGTCTAT,......(.((((((.....)))))).)...,61.19228519057251
GCAGCAGGTCTATTTATAGGTGTCCGCCAG,...((.((.(...........).))))...,61.18709886618812
CTAGGTGTCCAATATTGCCTAATGGTCTAT,.((((((........)))))).........,61.17301051409577
TGCTGGTCTATTCAGAGGCGTCCGAGTGCA,..((((.....))))..(((......))).,61.17146069678578
CTAGGTGTCCATTGCGAATGCCTGGTCTAT,((((((((.(.....).)))))))).....,61.16498255932332
CTAGGTGTCCGCACGTTCAGTATGGTCTAT,......(.(((.((.....)).))).)...,61.15859643030585
TAGGTGTCCGTCACTTAAGAATGGTCTATG,((((((.....)))))).............,61.158448968696916
GATGGTCTATTATGCGTTATAGGTGTCCGC,...((.(..(((((...)))))..).))..,61.157795972775986
CGTGTTGGTCTATTAATAGGCGTCCGGCTG,...(((((((((....))))...)))))..,61.156057935467885
GTTGTGGTCTATTTATAGGTGTCTGCATCG,(.(((((.(...........).))))).).,61.15464247073752
GTTTGGTCTACTCATAGGCGTCCGGGTGAG,..........(((((.((...))..))))),61.1518911361793
CTAGGTGTCCGTCCTACTATGATGGTCTAT,......(.(((((.......))))).)...,61.15082463192967
CCTAGGTGTCCGGCTATAGTTTGGTCTATG,...........(((((.....)))))....,61.143766614986035
ATAGAAGGTGTCCACTATCGTGGTCGTCTT,....((((((.((((....)))).)))))),61.13950998811923
TTTGGGTTATTCATAGGTGTCCGGGTGAGT,........((((((.((...))..)))))),61.13244565969955
CTAGGTGTCCGGTCGTTAGTGTTGGTCTAT,......(.((((.(......))))).)...,61.13183610284537
CGGAGGGTCTATTGAGAGGTGTCCGGCGAG,((((.(.(((....)))..).)))).....,61.12711522120814
GCATTCTGGTCTACACATAGGTGTCCTTGT,.......((...((((....))))))....,61.12455501978722
GGGTGGGTTTATTCAGAGGCGTCCGGGCTA,(((((....)))))...(((......))).,61.12351016709729
GGGACTGGTCTATTCATTGGTGTCCGGCAA,.((((................)))).....,61.122617722929796
GTGAAGGTCTATTTATAGGGGTCCGCAGTG,(((....((((....))))....)))....,61.118668106454564
GATTGAGGTATATGCATAGGCGTCCGCTGA,......(((..((((....))))..)))..,61.11145203486889
CTAGGTGTCCAGGATGCTCACTTGGTCTAT,(((((((..((...))..))))))).....,61.10846253792746
CTAGGTGTCTGTCGGTACTCGATGGTCTAT,......(.((((((.....)))))).)...,61.09935857695624
CGGTGGTCTATTTATAGGTGTCCTGTTAAG,.............(((((...)))))....,61.09860268113203
CTAGGTGTCTGTCGGTAATCGATGGTCTAT,......(.((((((.....)))))).)...,61.09037001918628
CGATTGTGGTCTAGTCATAGGCGTCCGCTG,.....((((....(((...)))..))))..,61.08703778180505
GAAGGGGGTTTATCCATAGGCGTCCGCCGA,...(((.(((((....))))).))).....,61.0841068451695
GATCGTGATCTCATCATAGGCGTCCGCTGA,....(((((...))))).(((....)))..,61.075496990915795
CTAGGTGTTCGGGCCTATTGCTTGGTCTAT,..........(((((........)))))..,61.0707186496218
CTAGGTGTCCGGGCCTATTGCTTGGTCTGT,.........((((((........)))))).,61.06208714090306
TCTAGGTGTCCGCCCATTGGCAGGTCTATT,.......(.(((((....))).)).)....,61.05534249455002
GTTAGGTCTATTCGTAATAGGTGTCCAGTT,....((((((((...))))))...))....,61.05422164947965
CTAGGCGTCCGCGTTTAATTCGTGGTCTAT,......(.(((((.......))))).)...,61.053728404232906
CTAGGTGTCCGTCCTACTAAGATGGTCTAT,......(.(((((.......))))).)...,61.049299999604756
CTAGGTGTCCGGGCCTATTGCTTGGCCTAT,.((((...((((((.....)))))))))).,61.02318837578445
GGTACAGGTCTATGCATGGGTGTCCGCAAC,((.(((..((((....))))))))).....,61.02107431067304
CTAGGTGTCCGGGTCTCACTTTGGTCTATG,......(.(((((......))))).)....,61.01644083382399
CTAGGTGTCCCTGCGTTTGCCGAGGTCTAT,.(((((.((...((....)).)).))))).,61.015866460659126
AGTGAAGGTCTATTTATAGGGGTCCGCAGT,.(((....((((....))))....)))...,61.009658094637636
TCGATGGTCTATTGATAGGCGTCCGTGGAG,((.((((((((....))))...)))).)).,61.00043451006281
CCTAGGTGTCCGTGCTTGTCATGGTCTATT,.......(.(((((.....))))).)....,61.00034244400926
CTAGGTGTCCGAAGTGTATGTTTGGTCTAT,......(.(((((.......))))).)...,60.99985035617763
GTTGTGGTCTATTCAGAGGTGTCTGCAGTG,.........((((((((....)))).)))),60.997786581675825
GTTTGTGGTCTACTCATAGGCGTCCGCTGA,((((((((.....)))))))).........,60.994702483397525
CTAGGTGTCCCTGCATTAGCCGAGGTCTAT,.(((((.((...((....)).)).))))).,60.988750738002764
GCGATAGGTCTATGCATAGGTGTCCTCGCC,((((..((.(...........).)))))).,60.97636247367021
CTAGGTGTCTGCCGTGTGTCGGTGGTCTAT,......(.((((((.....)))))).)...,60.97261247857969
CTAGGTGTCCGTCCTGCTATGATGGTCTAT,......(.(((((.......))))).)...,60.97131162912195
CTAGGTGTCCCTGCATTTGCCTAGGTCTAT,(((((((..........)))))))......,60.96813006403592
TTTGGGCTATTCATAGGCGTCCGGGTGAGT,(((((((...........))))))).....,60.96215614871859
CTAGGTGTCCGGTTCATTTAGCTGGTCTAT,......(.((((((.....)))))).)...,60.959831045281085
GTGAATGGTCTATTAATAGGCGTCCGACGC,((.....(((((....))))).....))..,60.95969449804965
CTAGGTGTCCGAAGTGCATGTTTGGTCTAT,......(.(((((.......))))).)...,60.957706912012
TAGGTGTCCACTACCCAGGTTGAAGGTCTA,..((((.....))))...............,60.954974654582976
GGTTTGGTTTATTCATAGGCGTCCGGGCGA,.((((((...............))))))..,60.947408457836424
GGAAGGTCTATTTTATAGGTGTCCAGCAGT,(((..((((((...)))))).)))......,60.94274261084875
CTAGGTGTCCGAAGTGTTTGTTTGGTCTAT,......(.(((((.......))))).)...,60.94212335763535
CTAGGTGTCCGTCCTACCATGATGGTCTAT,......(.(((((.......))))).)...,60.93727095715025
AATGGGGGTTTATGCATAGGTGTCCGACTT,...(((.(((((....))))).))).....,60.936953989825255
GCATCCCGGTCTATTCATAGGTGTCCTTGT,(((((...(......)...)))))......,60.93366555493782
GAGGGAGGTTTATCCATAGGCGTCCGCCGA,(..(((.(((((....))))).)))..)..,60.9277439212105
GATTGCGGTCTATCCATAGGCGTCCGCCGA,....((((.(...((...)).).))))...,60.92098086728008
CAGTGGTCTCTTTAGAGGTGTCCGTTAGGT,....((((((....))))...)).......,60.91965841403373
GGTGGTCTATGCGTCAGATTAGGTGTCCGC,.((((((((..(....)..))))...)))),60.913950057316455
TGGAGAGGTCTATTTATAGGTGTCCCTATA,((((....))))..((((((....)))))),60.90986948909699
CTAGGTGTCTATCTCAAGGGGATGGTCTAT,......(.(((((((...))))))).)...,60.907186961922434
AGTGAAGGTCTATTTATAGGGGTCCGCAGC,.(((....((((....))))....)))...,60.90349033559883
GCAGCAGGTCTATCGGATAGGTGTCCGCTA,..(((.((.(.(((.....)))).))))).,60.90221021517224
TAGGTGTCCGCTATCCTATGCAGGTCTATG,.....(.((((........)).)).)....,60.89917789961087
ACATGGTCTATTCACAGGTGTCCGCGGAAG,.(.(((.(...........).))).)....,60.89831397066128
ATTGTGGTTTATTCAGAGGCGTCCGCTGAG,............((((.((...)).)))).,60.894399875016504
TAGAGGGTCTATTAATAGGGCTGTCCCCTG,..((.(((((.......))))).)).....,60.89285212707029
CTAGGTGTCCGGGCCCATTGCTTGGTCCAT,...((...((((((.....)))))).))..,60.88876728253804
GCGCGGGGTCTGTGCATAGGTGTCCTGGGT,((((((...)))))).((((...))))...,60.882262596957744
CTAGGTGTCCGCTATCCTGCAGGTCTATGT,......(.((((......)).)).).....,60.880421099110904
GCATTCTGGTCTACGCATAGGTGTCCTCGT,.......((...((((....))))))....,60.877628693842006
GATTGTGGTCTACTCATAGGCGTCCGCTGA,....((((.(..((...))..).))))...,60.8753528920353
CTAGGTGTCCGGCCTGTTCTGTTGGTCTAT,.(((((.....)))))..............,60.86730076144196
GATTGTGGTCTATTCATTGGCGTCCGCTGA,....((((.(((.....)))...))))...,60.86708467569751
GGAGAGGGTCTATTGATAGGTGTCCACTGT,(((.(..(((....)))...).))).....,60.86581106702179
TCGTTGGTCTATTCATAGGTCGTCCGTCGG,.((.(((.(.(((....))).).))).)).,60.85943391825751
GGAGAGGGTCTATTGATAGGTGTCCACGTT,(((.(..(((....)))...).))).....,60.85829559398907
ACATGGTCTATTCAGAGGTGTCCGCGGAAG,((((..(((....))).)))).........,60.85788394059233
GGAGAGGGTCTATTAATAGGCGTCCACTGT,(((....(((((....))))).))).....,60.85035911940316
CTAGGTGTCCGTGCCTATCGCTTGGTCTAT,(((((((...........))))))).....,60.849769801049945
TAGGTGTCCGCACGTTCGTGAGGGTCTATG,((((..(((.(((....))).)))))))..,60.848431430167636
GAATGTGGTCTAGTCATAGGCGTCCGCTGA,....((((....(((...)))..))))...,60.83868352000136
TGAAAGGTCTATTGATAGGTGTCCATCTGT,..............((((((....)))))),60.83315706005588
GAGAGGTCTATTTGGATATAGGTGTCCGGC,...........(((((((....))))))).,60.83007175076997
